crash_row_id,site_id,site_name,site_gemeente,site_lat,site_long,distance_km,crash_lat,crash_long,DT_YEAR_COLLISION,DT_MONTH_COLLISION,DT_TIME,CD_NIS,TX_MUNTY_COLLISION_NL,TX_WEATHER_NL,TX_ROAD_CONDITION_NL,TX_LIGHT_CONDITION_NL,TX_CLASS_ACCIDENTS_NL,CD_ROAD_USR_TYPE1,TX_ROAD_USR_TYPE1_NL,CD_ROAD_USR_TYPE2,TX_ROAD_USR_TYPE2_NL,TX_CROSSWAY_NL,CD_ROAD_TYPE_NL,TX_BUILD_UP_AREA_NL,TX_COLLISION_TYPE_NL,TX_OBSTACLES_NL
52,3,Brasschaat 1,Brasschaat,51.27503,4.47222,0.3993145607615659,51.278005023489335,4.475435212618602,2017,1,15,11008,Brasschaat,Regenval,"Nat, plassen",Dag,met lichtgewonden,9,personenauto,3,Fiets,Buiten Kruispunt,Gewestweg,buiten bebouwde kom,Tss. 2 best.: langs opzij (voor-/achterkant-flank),Geen hindernis
52,2,Brasschaat 2,Brasschaat,51.27512,4.47169,0.4132558135332935,51.278005023489335,4.475435212618602,2017,1,15,11008,Brasschaat,Regenval,"Nat, plassen",Dag,met lichtgewonden,9,personenauto,3,Fiets,Buiten Kruispunt,Gewestweg,buiten bebouwde kom,Tss. 2 best.: langs opzij (voor-/achterkant-flank),Geen hindernis
92,110,Herentals totem,Herentals,51.1739426,4.811783,0.7027206034614598,51.18017619547184,4.813441551292066,2017,1,12,13011,Herentals,Normaal,Droog,Dag,met lichtgewonden,5,Lichte vrachtauto,3,Fiets,Op Kruispunt,Gemeenteweg,binnen bebouwde kom,Tss. 2 best.: langs opzij (voor-/achterkant-flank),Geen hindernis
92,94,Herentals teller 2,Herentals,51.17345,4.81283,0.74913282137624,51.18017619547184,4.813441551292066,2017,1,12,13011,Herentals,Normaal,Droog,Dag,met lichtgewonden,5,Lichte vrachtauto,3,Fiets,Op Kruispunt,Gemeenteweg,binnen bebouwde kom,Tss. 2 best.: langs opzij (voor-/achterkant-flank),Geen hindernis
96,45,Pelt teller 1,Pelt,51.23127,5.44377,0.971682172016907,51.232667426635,5.42999402108764,2017,1,10,72043,Pelt,Normaal,Droog,Dag,met lichtgewonden,3,Fiets,9,personenauto,Buiten Kruispunt,Gemeenteweg,binnen bebouwde kom,Tss. 2 best.: langs opzij (voor-/achterkant-flank),Geen hindernis
96,46,Pelt teller 2,Pelt,51.231,5.44375,0.9755684412131677,51.232667426635,5.42999402108764,2017,1,10,72043,Pelt,Normaal,Droog,Dag,met lichtgewonden,3,Fiets,9,personenauto,Buiten Kruispunt,Gemeenteweg,binnen bebouwde kom,Tss. 2 best.: langs opzij (voor-/achterkant-flank),Geen hindernis
109,25,Bree,Bree,51.13679500160176,5.597669323604317,0.28594037088357077,51.13907135257048,5.5957628264363555,2017,1,10,72004,Bree,Sneeuwval,"Ijzel, sneeuw",Dag,met lichtgewonden,3,Fiets,11,een weggebruiker tegen een hindernis,Buiten Kruispunt,Gewestweg,binnen bebouwde kom,Weggebruiker tegen hindernis buiten rijbaan,Andere hindernis
110,151,Leuven,District Leuven,50.8690262,4.6854839,0.9945394233734225,50.8629816031238,4.695929211003067,2017,1,17,24062,Leuven,Regenval,"Nat, plassen","Nacht, openbare verlichting aanwezig en ontstoken",met lichtgewonden,3,Fiets,6,Bromfiets,Buiten Kruispunt,Gewestweg,binnen bebouwde kom,Tussen 2 bestuurders: Frontale botsing,Geen hindernis
114,69,Leuven teller 1,Leuven,50.87549,4.71526,0.9740730149182517,50.87220435054805,4.702391312392832,2017,1,15,24062,Leuven,Normaal,Droog,Dag,met lichtgewonden,3,Fiets,9,personenauto,Buiten Kruispunt,Gemeenteweg,binnen bebouwde kom,Tussen 2 bestuurders: Langs achteren,Geen hindernis
115,69,Leuven teller 1,Leuven,50.87549,4.71526,0.5181277321978882,50.87250373304537,4.720928412543435,2017,1,12,24062,Leuven,Normaal,Droog,Dag,met lichtgewonden,3,Fiets,3,Fiets,Buiten Kruispunt,Gemeenteweg,binnen bebouwde kom,Tussen 2 bestuurders: Langs achteren,Geen hindernis
118,69,Leuven teller 1,Leuven,50.87549,4.71526,0.7210048640821133,50.87319276484092,4.70565088503165,2017,1,7,24062,Leuven,Regenval,"Nat, plassen",Dageraad - schemering,met lichtgewonden,8,Voetganger,3,Fiets,Buiten Kruispunt,Gemeenteweg,binnen bebouwde kom,Met een voetganger,Geen hindernis
119,77,Leuven teller 2,Leuven,50.88672,4.70796,0.45790435732223544,50.88278071837383,4.706057733914377,2017,1,10,24062,Leuven,Regenval,"Nat, plassen",Dag,met lichtgewonden,6,Bromfiets,3,Fiets,Buiten Kruispunt,Gemeenteweg,binnen bebouwde kom,Tss. 2 best.: langs opzij (voor-/achterkant-flank),Geen hindernis
119,107,leuven totem,Leuven,50.8870744,4.7087919,0.5145224546372916,50.88278071837383,4.706057733914377,2017,1,10,24062,Leuven,Regenval,"Nat, plassen",Dag,met lichtgewonden,6,Bromfiets,3,Fiets,Buiten Kruispunt,Gemeenteweg,binnen bebouwde kom,Tss. 2 best.: langs opzij (voor-/achterkant-flank),Geen hindernis
129,47,Vilvoorde,Vilvoorde,50.91372,4.41497,0.9524695712098704,50.919147389317665,4.425481323406649,2017,1,12,23088,Vilvoorde,Normaal,Droog,Dag,met lichtgewonden,9,personenauto,3,Fiets,Buiten Kruispunt,Gewestweg,binnen bebouwde kom,Tss. 2 best.: langs opzij (voor-/achterkant-flank),Geen hindernis
158,118,Gent teller 1,Gent,51.028049,3.7681359,0.7985253140743857,51.02227410400099,3.7749226125197644,2017,1,17,44040,Melle,Normaal,Droog,Dageraad - schemering,met lichtgewonden,3,Fiets,8,Voetganger,Buiten Kruispunt,Gewestweg,buiten bebouwde kom,Met een voetganger,Geen hindernis
158,119,Gent teller 2,Gent,51.0281795,3.7683918,0.7998866920397462,51.02227410400099,3.7749226125197644,2017,1,17,44040,Melle,Normaal,Droog,Dageraad - schemering,met lichtgewonden,3,Fiets,8,Voetganger,Buiten Kruispunt,Gewestweg,buiten bebouwde kom,Met een voetganger,Geen hindernis
160,116,Melle teller 2,Melle,50.9986113,3.8040599,0.751088224448884,51.00492837245404,3.800259199454601,2017,1,11,44040,Melle,Normaal,Droog,Dag,met lichtgewonden,3,Fiets,9,personenauto,Buiten Kruispunt,Gemeenteweg,binnen bebouwde kom,Tss. 2 best.: langs opzij (voor-/achterkant-flank),Geen hindernis
160,117,Melle teller 1,Melle,50.9986113,3.8040599,0.751088224448884,51.00492837245404,3.800259199454601,2017,1,11,44040,Melle,Normaal,Droog,Dag,met lichtgewonden,3,Fiets,9,personenauto,Buiten Kruispunt,Gemeenteweg,binnen bebouwde kom,Tss. 2 best.: langs opzij (voor-/achterkant-flank),Geen hindernis
170,115,Aalter,Aalter,51.1058367,3.4350591,0.8221221091627279,51.099391799715605,3.440829158623603,2017,1,7,44084,Aalter,Regenval,"Nat, plassen","Nacht, openbare verlichting aanwezig en ontstoken",met zwaargewonden,3,Fiets,11,een weggebruiker tegen een hindernis,Buiten Kruispunt,Gewestweg,binnen bebouwde kom,Weggebruiker tegen hindernis op de rijbaan,"Verkeersdrempel,ezelsrug,put,uitholling,straatgoot"
211,125,Dendermonde totem,Dendermonde,51.0372706,4.1025998,0.8294468500252276,51.030099441882186,4.105865292071189,2017,1,8,42006,Dendermonde,Normaal,Droog,Dag,met lichtgewonden,3,Fiets,3,Fiets,Buiten Kruispunt,Gewestweg,binnen bebouwde kom,Tussen 2 bestuurders: Langs achteren,Geen hindernis
211,122,Dendermonde teller 2,Dendermonde,51.0373918,4.1019222,0.8564696051206327,51.030099441882186,4.105865292071189,2017,1,8,42006,Dendermonde,Normaal,Droog,Dag,met lichtgewonden,3,Fiets,3,Fiets,Buiten Kruispunt,Gewestweg,binnen bebouwde kom,Tussen 2 bestuurders: Langs achteren,Geen hindernis
212,122,Dendermonde teller 2,Dendermonde,51.0373918,4.1019222,0.8725645811433446,51.03172880604304,4.09328396376825,2017,1,12,42006,Dendermonde,Normaal,Droog,Dag,met lichtgewonden,3,Fiets,9,personenauto,Op Kruispunt,Gemeenteweg,binnen bebouwde kom,Tss. 2 best.: langs opzij (voor-/achterkant-flank),Geen hindernis
212,125,Dendermonde totem,Dendermonde,51.0372706,4.1025998,0.8966958211260307,51.03172880604304,4.09328396376825,2017,1,12,42006,Dendermonde,Normaal,Droog,Dag,met lichtgewonden,3,Fiets,9,personenauto,Op Kruispunt,Gemeenteweg,binnen bebouwde kom,Tss. 2 best.: langs opzij (voor-/achterkant-flank),Geen hindernis
215,125,Dendermonde totem,Dendermonde,51.0372706,4.1025998,0.5347351655222893,51.03248794877589,4.103399063283876,2017,1,7,42006,Dendermonde,Onbekend,Onbekend,Onbekend,met lichtgewonden,5,Lichte vrachtauto,3,Fiets,Buiten Kruispunt,Gemeenteweg,onbekend,Tss. 2 best.: langs opzij (voor-/achterkant-flank),Geen hindernis
215,122,Dendermonde teller 2,Dendermonde,51.0373918,4.1019222,0.5549760716401666,51.03248794877589,4.103399063283876,2017,1,7,42006,Dendermonde,Onbekend,Onbekend,Onbekend,met lichtgewonden,5,Lichte vrachtauto,3,Fiets,Buiten Kruispunt,Gemeenteweg,onbekend,Tss. 2 best.: langs opzij (voor-/achterkant-flank),Geen hindernis
216,142,TEST Validatie BRUGGE Y2H22022134,Brugge,51.22632,3.24095,0.6787335939772439,51.22237060045816,3.2335185054162183,2017,1,20,31005,Brugge,Normaal,Droog+Proper,"Nacht, openbare verlichting aanwezig en ontstoken",met zwaargewonden,9,personenauto,3,Fiets,Op Kruispunt,Gewestweg,binnen bebouwde kom,Tussen 2 bestuurders: Frontale botsing,Geen hindernis
216,52,Brugge,Brugge,51.22632,3.24095,0.6787335939772439,51.22237060045816,3.2335185054162183,2017,1,20,31005,Brugge,Normaal,Droog+Proper,"Nacht, openbare verlichting aanwezig en ontstoken",met zwaargewonden,9,personenauto,3,Fiets,Op Kruispunt,Gewestweg,binnen bebouwde kom,Tussen 2 bestuurders: Frontale botsing,Geen hindernis
216,54,Brugge teller 2,Brugge,51.23015,3.22818,0.9415274466733234,51.22237060045816,3.2335185054162183,2017,1,20,31005,Brugge,Normaal,Droog+Proper,"Nacht, openbare verlichting aanwezig en ontstoken",met zwaargewonden,9,personenauto,3,Fiets,Op Kruispunt,Gewestweg,binnen bebouwde kom,Tussen 2 bestuurders: Frontale botsing,Geen hindernis
216,53,Brugge teller 1,Brugge,51.23023,3.228,0.9546827303882395,51.22237060045816,3.2335185054162183,2017,1,20,31005,Brugge,Normaal,Droog+Proper,"Nacht, openbare verlichting aanwezig en ontstoken",met zwaargewonden,9,personenauto,3,Fiets,Op Kruispunt,Gewestweg,binnen bebouwde kom,Tussen 2 bestuurders: Frontale botsing,Geen hindernis
237,55,Torhout teller 1,Torhout,51.07161,3.08261,0.4165801406463716,51.06981215682168,3.08784079698561,2017,1,10,31033,Torhout,Normaal,"Ijzel, sneeuw",Dag,met lichtgewonden,3,Fiets,10,"één bestuurder, geen hindernis",Buiten Kruispunt,Gewestweg,binnen bebouwde kom,"Eén bestuurder, geen hindernis (incl. val)",Geen hindernis
237,56,Torhout teller 2,Torhout,51.07147,3.08244,0.4199774132028807,51.06981215682168,3.08784079698561,2017,1,10,31033,Torhout,Normaal,"Ijzel, sneeuw",Dag,met lichtgewonden,3,Fiets,10,"één bestuurder, geen hindernis",Buiten Kruispunt,Gewestweg,binnen bebouwde kom,"Eén bestuurder, geen hindernis (incl. val)",Geen hindernis
241,55,Torhout teller 1,Torhout,51.07161,3.08261,0.720593815506179,51.06846148031487,3.0916241121334225,2017,1,7,31033,Torhout,Normaal,Droog,"Nacht, openbare verlichting aanwezig en ontstoken",met lichtgewonden,5,Lichte vrachtauto,3,Fiets,Op Kruispunt,Gewestweg,buiten bebouwde kom,Tss. 2 best.: langs opzij (voor-/achterkant-flank),Geen hindernis
241,56,Torhout teller 2,Torhout,51.07147,3.08244,0.7236728364789035,51.06846148031487,3.0916241121334225,2017,1,7,31033,Torhout,Normaal,Droog,"Nacht, openbare verlichting aanwezig en ontstoken",met lichtgewonden,5,Lichte vrachtauto,3,Fiets,Op Kruispunt,Gewestweg,buiten bebouwde kom,Tss. 2 best.: langs opzij (voor-/achterkant-flank),Geen hindernis
263,143,Eco Display Classic Budastraat,Kortrijk,50.83066,3.26286,0.6835737675718426,50.832919192737876,3.2538078144383125,2017,1,11,34022,Kortrijk,Normaal,Droog,Dag,met lichtgewonden,9,personenauto,3,Fiets,Buiten Kruispunt,Gemeenteweg,binnen bebouwde kom,Tussen 2 bestuurders: Langs achteren,Geen hindernis
264,143,Eco Display Classic Budastraat,Kortrijk,50.83066,3.26286,0.8475273326047826,50.82469554561511,3.270372862361726,2017,1,12,34022,Kortrijk,Normaal,Droog,Dag,met lichtgewonden,3,Fiets,5,Lichte vrachtauto,Op Kruispunt,Gemeenteweg,binnen bebouwde kom,Tss. 2 best.: langs opzij (voor-/achterkant-flank),Geen hindernis
285,35,Lanaken teller 1,Lanaken,50.88112,5.6314,0.23383814701900316,50.88227089154238,5.634189685350802,2017,1,10,73042,Lanaken,Onbekend,Droog,Dag,met lichtgewonden,5,Lichte vrachtauto,3,Fiets,Buiten Kruispunt,Gemeenteweg,buiten bebouwde kom,Tss. 2 best.: langs opzij (voor-/achterkant-flank),Geen hindernis
285,36,Lanaken teller 2,Lanaken,50.88131,5.63012,0.30484791162588665,50.88227089154238,5.634189685350802,2017,1,10,73042,Lanaken,Onbekend,Droog,Dag,met lichtgewonden,5,Lichte vrachtauto,3,Fiets,Buiten Kruispunt,Gemeenteweg,buiten bebouwde kom,Tss. 2 best.: langs opzij (voor-/achterkant-flank),Geen hindernis
295,99,Mechelen teller 1,Mechelen,51.04564,4.46882,0.4981345312115828,51.04144013068556,4.471299351503357,2017,1,16,12025,Mechelen,Regenval,"Nat, plassen",Dag,met lichtgewonden,3,Fiets,6,Bromfiets,Buiten Kruispunt,Gewestweg,binnen bebouwde kom,Tussen 2 bestuurders: Frontale botsing,Geen hindernis
295,100,Mechelen teller 2,Mechelen,51.0457,4.46883,0.5041547672046742,51.04144013068556,4.471299351503357,2017,1,16,12025,Mechelen,Regenval,"Nat, plassen",Dag,met lichtgewonden,3,Fiets,6,Bromfiets,Buiten Kruispunt,Gewestweg,binnen bebouwde kom,Tussen 2 bestuurders: Frontale botsing,Geen hindernis
296,99,Mechelen teller 1,Mechelen,51.04564,4.46882,0.6165650018928265,51.04043691322523,4.471868532623651,2017,1,16,12025,Mechelen,Normaal,Droog,Dageraad - schemering,met lichtgewonden,9,personenauto,3,Fiets,Buiten Kruispunt,Gewestweg,binnen bebouwde kom,Tss. 2 best.: langs opzij (voor-/achterkant-flank),Geen hindernis
296,100,Mechelen teller 2,Mechelen,51.0457,4.46883,0.6225907529960342,51.04043691322523,4.471868532623651,2017,1,16,12025,Mechelen,Normaal,Droog,Dageraad - schemering,met lichtgewonden,9,personenauto,3,Fiets,Buiten Kruispunt,Gewestweg,binnen bebouwde kom,Tss. 2 best.: langs opzij (voor-/achterkant-flank),Geen hindernis
298,100,Mechelen teller 2,Mechelen,51.0457,4.46883,0.19962810189358912,51.047399028365824,4.467907445179255,2017,1,7,12025,Mechelen,Normaal,Droog,Dageraad - schemering,met lichtgewonden,9,personenauto,3,Fiets,Op Kruispunt,Gewestweg,buiten bebouwde kom,Tussen 2 bestuurders: Frontale botsing,Geen hindernis
298,99,Mechelen teller 1,Mechelen,51.04564,4.46882,0.20573549087624338,51.047399028365824,4.467907445179255,2017,1,7,12025,Mechelen,Normaal,Droog,Dageraad - schemering,met lichtgewonden,9,personenauto,3,Fiets,Op Kruispunt,Gewestweg,buiten bebouwde kom,Tussen 2 bestuurders: Frontale botsing,Geen hindernis
301,140,Hasselt ring,Hasselt,50.9300038,5.3438616,0.795207671817856,50.923289596764036,5.339955094381133,2017,1,10,71022,Hasselt,Normaal,Droog+Proper,Dag,met zwaargewonden,9,personenauto,3,Fiets,Op Kruispunt,Gewestweg,binnen bebouwde kom,Tss. 2 best.: langs opzij (voor-/achterkant-flank),Geen hindernis
412,69,Leuven teller 1,Leuven,50.87549,4.71526,0.439194109024113,50.8725285820257,4.719401742376419,2017,2,14,24062,Leuven,Normaal,Droog,Dag,met lichtgewonden,3,Fiets,9,personenauto,Op Kruispunt,Gewestweg,binnen bebouwde kom,Tss. 2 best.: langs opzij (voor-/achterkant-flank),Geen hindernis
413,151,Leuven,District Leuven,50.8690262,4.6854839,0.6877474487571766,50.87409309166783,4.691104679154386,2017,2,13,24062,Leuven,Normaal,Droog,Dag,met lichtgewonden,9,personenauto,3,Fiets,Op Kruispunt,Gemeenteweg,binnen bebouwde kom,Tss. 2 best.: langs opzij (voor-/achterkant-flank),Geen hindernis
414,69,Leuven teller 1,Leuven,50.87549,4.71526,0.4654848715540379,50.87890996197309,4.719086024727672,2017,2,16,24062,Leuven,Onbekend,Onbekend,Dag,met lichtgewonden,3,Fiets,9,personenauto,Buiten Kruispunt,Gewestweg,binnen bebouwde kom,Tss. 2 best.: langs opzij (voor-/achterkant-flank),Geen hindernis
415,77,Leuven teller 2,Leuven,50.88672,4.70796,0.4194991113712179,50.88676277894048,4.701980176792318,2017,2,22,24062,Leuven,Normaal,Droog,"Nacht, openbare verlichting aanwezig en ontstoken",met lichtgewonden,9,personenauto,3,Fiets,Op Kruispunt,Gemeenteweg,binnen bebouwde kom,Tussen 2 bestuurders: Frontale botsing,Geen hindernis
415,107,leuven totem,Leuven,50.8870744,4.7087919,0.4790811152442494,50.88676277894048,4.701980176792318,2017,2,22,24062,Leuven,Normaal,Droog,"Nacht, openbare verlichting aanwezig en ontstoken",met lichtgewonden,9,personenauto,3,Fiets,Op Kruispunt,Gemeenteweg,binnen bebouwde kom,Tussen 2 bestuurders: Frontale botsing,Geen hindernis
416,151,Leuven,District Leuven,50.8690262,4.6854839,0.7260881918515228,50.86669839205215,4.6951507564917305,2017,2,14,24062,Leuven,Normaal,Droog,Dag,met lichtgewonden,9,personenauto,3,Fiets,Buiten Kruispunt,Gemeenteweg,binnen bebouwde kom,Tss. 2 best.: langs opzij (voor-/achterkant-flank),Geen hindernis
418,151,Leuven,District Leuven,50.8690262,4.6854839,0.9383305999639739,50.86850488148202,4.698829658031773,2017,2,10,24062,Leuven,Normaal,Droog,Dag,met lichtgewonden,3,Fiets,9,personenauto,Op Kruispunt,Gewestweg,binnen bebouwde kom,Tss. 2 best.: langs opzij (voor-/achterkant-flank),Geen hindernis
422,23,Tienen 3,Tienen,50.81324,4.93447,0.45173793630825954,50.80919498332195,4.9338728580358895,2017,2,18,24107,Tienen,Normaal,Droog,"Nacht, openbare verlichting aanwezig en ontstoken",met lichtgewonden,9,personenauto,3,Fiets,Buiten Kruispunt,Gemeenteweg,binnen bebouwde kom,Tss. 2 best.: langs opzij (voor-/achterkant-flank),Geen hindernis
422,24,Tienen 1,Tienen,50.8133795491886,4.935044252605416,0.4725254967877279,50.80919498332195,4.9338728580358895,2017,2,18,24107,Tienen,Normaal,Droog,"Nacht, openbare verlichting aanwezig en ontstoken",met lichtgewonden,9,personenauto,3,Fiets,Buiten Kruispunt,Gemeenteweg,binnen bebouwde kom,Tss. 2 best.: langs opzij (voor-/achterkant-flank),Geen hindernis
422,22,Tienen 2,Tienen,50.81330800184882,4.935984252796022,0.4808053240656536,50.80919498332195,4.9338728580358895,2017,2,18,24107,Tienen,Normaal,Droog,"Nacht, openbare verlichting aanwezig en ontstoken",met lichtgewonden,9,personenauto,3,Fiets,Buiten Kruispunt,Gemeenteweg,binnen bebouwde kom,Tss. 2 best.: langs opzij (voor-/achterkant-flank),Geen hindernis
433,27,Grimbergen,Meise,50.92127,4.34013,0.3687714128294511,50.923665697299136,4.3364919203466,2017,2,7,23050,Meise,Normaal,Droog,Dageraad - schemering,met lichtgewonden,3,Fiets,9,personenauto,Op Kruispunt,Gewestweg,binnen bebouwde kom,Tss. 2 best.: langs opzij (voor-/achterkant-flank),Geen hindernis
441,13,Gent,Gent,51.03018,3.70146,0.75844458163773,51.025848365529534,3.7098373807539122,2017,2,9,44021,Gent,Normaal,"Nat, plassen+Proper",Dag,met zwaargewonden,9,personenauto,3,Fiets,Buiten Kruispunt,Gewestweg,binnen bebouwde kom,Tss. 2 best.: langs opzij (voor-/achterkant-flank),Geen hindernis
495,116,Melle teller 2,Melle,50.9986113,3.8040599,0.7443189176916304,51.0037379284291,3.810899289612013,2017,2,18,44013,Destelbergen,Normaal,Droog,"Nacht, openbare verlichting aanwezig en ontstoken",met zwaargewonden,9,personenauto,3,Fiets,Op Kruispunt,Gemeenteweg,binnen bebouwde kom,Tss. 2 best.: langs opzij (voor-/achterkant-flank),Geen hindernis
495,117,Melle teller 1,Melle,50.9986113,3.8040599,0.7443189176916304,51.0037379284291,3.810899289612013,2017,2,18,44013,Destelbergen,Normaal,Droog,"Nacht, openbare verlichting aanwezig en ontstoken",met zwaargewonden,9,personenauto,3,Fiets,Op Kruispunt,Gemeenteweg,binnen bebouwde kom,Tss. 2 best.: langs opzij (voor-/achterkant-flank),Geen hindernis
498,114,Deinze teller 1,Nazareth,50.9598305,3.555502,0.29450029775731296,50.959475002783165,3.5513351903633463,2017,2,4,44083,Deinze,Normaal,"Nat, plassen","Nacht, openbare verlichting aanwezig en ontstoken",met lichtgewonden,4,Vrachtwagen,3,Fiets,Op Kruispunt,Gemeenteweg,binnen bebouwde kom,Tss. 2 best.: langs opzij (voor-/achterkant-flank),Geen hindernis
498,113,Deinze teller 2,Deinze,50.96018,3.55578,0.3210232865314918,50.959475002783165,3.5513351903633463,2017,2,4,44083,Deinze,Normaal,"Nat, plassen","Nacht, openbare verlichting aanwezig en ontstoken",met lichtgewonden,4,Vrachtwagen,3,Fiets,Op Kruispunt,Gemeenteweg,binnen bebouwde kom,Tss. 2 best.: langs opzij (voor-/achterkant-flank),Geen hindernis
531,126,Hamme totem,Hamme,51.1017709,4.1469307,0.7724041368292942,51.09520889474282,4.14330208488714,2017,2,8,42008,Hamme,Normaal,Droog,Dag,met lichtgewonden,3,Fiets,9,personenauto,Op Kruispunt,Gewestweg,binnen bebouwde kom,Tss. 2 best.: langs opzij (voor-/achterkant-flank),Geen hindernis
542,10,Aalst 2,Aalst,50.93549,4.01571,0.9221202636529083,50.94367804211279,4.017795461512846,2017,2,15,41002,Aalst,Normaal,Droog,Dag,met zwaargewonden,3,Fiets,9,personenauto,Op Kruispunt,Gemeenteweg,binnen bebouwde kom,Tss. 2 best.: langs opzij (voor-/achterkant-flank),Geen hindernis
556,125,Dendermonde totem,Dendermonde,51.0372706,4.1025998,0.6059838894987786,51.03256325550723,4.106966553789455,2017,2,20,42006,Dendermonde,Normaal,Droog,"Nacht, openbare verlichting aanwezig en ontstoken",met lichtgewonden,9,personenauto,3,Fiets,Op Kruispunt,Gewestweg,binnen bebouwde kom,Tussen 2 bestuurders: Frontale botsing,Geen hindernis
556,122,Dendermonde teller 2,Dendermonde,51.0373918,4.1019222,0.6424064285288023,51.03256325550723,4.106966553789455,2017,2,20,42006,Dendermonde,Normaal,Droog,"Nacht, openbare verlichting aanwezig en ontstoken",met lichtgewonden,9,personenauto,3,Fiets,Op Kruispunt,Gewestweg,binnen bebouwde kom,Tussen 2 bestuurders: Frontale botsing,Geen hindernis
581,15,Oostende 2,Oostende,51.21371,2.92743,0.843018685212302,51.2143314743866,2.9153677771720328,2017,2,18,35013,Oostende,Normaal,Droog,Dag,met lichtgewonden,9,personenauto,3,Fiets,Op Kruispunt,Gewestweg,binnen bebouwde kom,Tss. 2 best.: langs opzij (voor-/achterkant-flank),Geen hindernis
581,18,Oostende 1,Oostende,51.21378,2.92765,0.8576996496154057,51.2143314743866,2.9153677771720328,2017,2,18,35013,Oostende,Normaal,Droog,Dag,met lichtgewonden,9,personenauto,3,Fiets,Op Kruispunt,Gewestweg,binnen bebouwde kom,Tss. 2 best.: langs opzij (voor-/achterkant-flank),Geen hindernis
588,51,"Brugge, Sint-Andries",Brugge,51.19281,3.16252,0.7409484312315366,51.19129835781976,3.1521647091165166,2017,2,12,31012,Jabbeke,Sneeuwval,"Nat, plassen",Dag,met lichtgewonden,9,personenauto,3,Fiets,Buiten Kruispunt,Gewestweg,binnen bebouwde kom,Tussen 2 bestuurders: Frontale botsing,Geen hindernis
588,50,"Brugge, Sint-Andries",Brugge,51.19291,3.16252,0.7435490392436334,51.19129835781976,3.1521647091165166,2017,2,12,31012,Jabbeke,Sneeuwval,"Nat, plassen",Dag,met lichtgewonden,9,personenauto,3,Fiets,Buiten Kruispunt,Gewestweg,binnen bebouwde kom,Tussen 2 bestuurders: Frontale botsing,Geen hindernis
611,16,Kortrijk 1,Kortrijk,50.83332,3.27777,0.6023945975790037,50.829351636832186,3.27193098095588,2017,2,14,34022,Kortrijk,Normaal,Droog,Dag,met lichtgewonden,9,personenauto,3,Fiets,Op Kruispunt,Gewestweg,binnen bebouwde kom,Tss. 2 best.: langs opzij (voor-/achterkant-flank),Geen hindernis
611,17,Kortrijk 2,Kortrijk,50.83339,3.27773,0.6062282431947021,50.829351636832186,3.27193098095588,2017,2,14,34022,Kortrijk,Normaal,Droog,Dag,met lichtgewonden,9,personenauto,3,Fiets,Op Kruispunt,Gewestweg,binnen bebouwde kom,Tss. 2 best.: langs opzij (voor-/achterkant-flank),Geen hindernis
611,143,Eco Display Classic Budastraat,Kortrijk,50.83066,3.26286,0.6534851046825225,50.829351636832186,3.27193098095588,2017,2,14,34022,Kortrijk,Normaal,Droog,Dag,met lichtgewonden,9,personenauto,3,Fiets,Op Kruispunt,Gewestweg,binnen bebouwde kom,Tss. 2 best.: langs opzij (voor-/achterkant-flank),Geen hindernis
612,143,Eco Display Classic Budastraat,Kortrijk,50.83066,3.26286,0.16094096296481988,50.829311978473925,3.2620256292858083,2017,2,8,34022,Kortrijk,Normaal,Droog,Dag,met lichtgewonden,3,Fiets,9,personenauto,Op Kruispunt,Gemeenteweg,binnen bebouwde kom,Tss. 2 best.: langs opzij (voor-/achterkant-flank),Geen hindernis
613,143,Eco Display Classic Budastraat,Kortrijk,50.83066,3.26286,0.6246396613688285,50.83187253614309,3.2541756406972424,2017,2,10,34022,Kortrijk,Normaal,"Nat, plassen",Dag,met lichtgewonden,5,Lichte vrachtauto,3,Fiets,Op Kruispunt,Gewestweg,binnen bebouwde kom,Tss. 2 best.: langs opzij (voor-/achterkant-flank),Geen hindernis
614,75,Kortrijk teller 2,Kortrijk,50.81925,3.25731,0.2883644082214217,50.82174464602702,3.2584315908331276,2017,2,8,34022,Kortrijk,Regenval,"Nat, plassen",Dag,met lichtgewonden,9,personenauto,3,Fiets,Op Kruispunt,Gewestweg,binnen bebouwde kom,Tss. 2 best.: langs opzij (voor-/achterkant-flank),Geen hindernis
614,74,Kortrijk teller 1,Kortrijk,50.81909,3.25728,0.30606759496688396,50.82174464602702,3.2584315908331276,2017,2,8,34022,Kortrijk,Regenval,"Nat, plassen",Dag,met lichtgewonden,9,personenauto,3,Fiets,Op Kruispunt,Gewestweg,binnen bebouwde kom,Tss. 2 best.: langs opzij (voor-/achterkant-flank),Geen hindernis
615,16,Kortrijk 1,Kortrijk,50.83332,3.27777,0.6311029379283433,50.828571696887956,3.272847489742647,2017,2,16,34022,Kortrijk,Normaal,Droog,Dag,met lichtgewonden,3,Fiets,8,Voetganger,Op Kruispunt,Gewestweg,binnen bebouwde kom,Met een voetganger,Geen hindernis