crash_row_id,site_id,site_name,site_gemeente,site_lat,site_long,distance_km,crash_lat,crash_long,DT_YEAR_COLLISION,DT_MONTH_COLLISION,DT_TIME,CD_NIS,TX_MUNTY_COLLISION_NL,TX_WEATHER_NL,TX_ROAD_CONDITION_NL,TX_LIGHT_CONDITION_NL,TX_CLASS_ACCIDENTS_NL,CD_ROAD_USR_TYPE1,TX_ROAD_USR_TYPE1_NL,CD_ROAD_USR_TYPE2,TX_ROAD_USR_TYPE2_NL,TX_CROSSWAY_NL,CD_ROAD_TYPE_NL,TX_BUILD_UP_AREA_NL,TX_COLLISION_TYPE_NL,TX_OBSTACLES_NL
1266,38,Lommel teller 2,Lommel,51.23277,5.29189,0.01368120758983138,51.2328913354185,5.2918574234743465,2017,4,17,72020,Lommel,Normaal,Droog,Dag,met lichtgewonden,9,personenauto,3,Fiets,Buiten Kruispunt,Gewestweg,buiten bebouwde kom,Tss. 2 best.: langs opzij (voor-/achterkant-flank),Geen hindernis
1266,37,Lommel teller 1,Lommel,51.23299,5.29211,0.020727290223475005,51.2328913354185,5.2918574234743465,2017,4,17,72020,Lommel,Normaal,Droog,Dag,met lichtgewonden,9,personenauto,3,Fiets,Buiten Kruispunt,Gewestweg,buiten bebouwde kom,Tss. 2 best.: langs opzij (voor-/achterkant-flank),Geen hindernis
1284,21,Bilzen,Bilzen,50.86015,5.50161,0.70612881189004,50.85765452274682,5.510860955119434,2017,4,10,73006,Bilzen,Normaal,Droog,Dag,met zwaargewonden,3,Fiets,10,"één bestuurder, geen hindernis",Buiten Kruispunt,Gemeenteweg,binnen bebouwde kom,"Eén bestuurder, geen hindernis (incl. val)",Geen hindernis
1292,151,Leuven,District Leuven,50.8690262,4.6854839,0.9673779619247628,50.8618959000613,4.693381594194123,2017,4,13,24062,Leuven,Onbekend,Onbekend,Dag,met lichtgewonden,9,personenauto,3,Fiets,Buiten Kruispunt,Gemeenteweg,onbekend,Tussen 2 bestuurders: Frontale botsing,Geen hindernis
1293,69,Leuven teller 1,Leuven,50.87549,4.71526,0.439194109024113,50.8725285820257,4.719401742376419,2017,4,14,24062,Leuven,Normaal,Droog,Dag,met zwaargewonden,4,Vrachtwagen,3,Fiets,Op Kruispunt,Gewestweg,binnen bebouwde kom,Tussen 2 bestuurders: Frontale botsing,Geen hindernis
1294,77,Leuven teller 2,Leuven,50.88672,4.70796,0.7961552997267166,50.879696481774914,4.705754733106582,2017,4,16,24062,Leuven,Normaal,Droog,Dag,met lichtgewonden,3,Fiets,9,personenauto,Op Kruispunt,Gemeenteweg,binnen bebouwde kom,Tss. 2 best.: langs opzij (voor-/achterkant-flank),Geen hindernis
1294,69,Leuven teller 1,Leuven,50.87549,4.71526,0.8145816449538172,50.879696481774914,4.705754733106582,2017,4,16,24062,Leuven,Normaal,Droog,Dag,met lichtgewonden,3,Fiets,9,personenauto,Op Kruispunt,Gemeenteweg,binnen bebouwde kom,Tss. 2 best.: langs opzij (voor-/achterkant-flank),Geen hindernis
1294,107,leuven totem,Leuven,50.8870744,4.7087919,0.8476037947344048,50.879696481774914,4.705754733106582,2017,4,16,24062,Leuven,Normaal,Droog,Dag,met lichtgewonden,3,Fiets,9,personenauto,Op Kruispunt,Gemeenteweg,binnen bebouwde kom,Tss. 2 best.: langs opzij (voor-/achterkant-flank),Geen hindernis
1297,73,Herent teller 2,Herent,50.89128,4.64685,0.2452240019374092,50.8893578516412,4.64856394498921,2017,4,14,24038,Herent,Normaal,Droog,Dag,met lichtgewonden,3,Fiets,8,Voetganger,Buiten Kruispunt,Gemeenteweg,binnen bebouwde kom,Met een voetganger,Geen hindernis
1297,72,Herent teller 1,Herent,50.89135,4.64689,0.25071076572875217,50.8893578516412,4.64856394498921,2017,4,14,24038,Herent,Normaal,Droog,Dag,met lichtgewonden,3,Fiets,8,Voetganger,Buiten Kruispunt,Gemeenteweg,binnen bebouwde kom,Met een voetganger,Geen hindernis
1299,101,Diest teller 1,Diest,50.97799,5.04481,0.4388330332248166,50.97986480052137,5.039294215447558,2017,4,13,24020,Diest,Normaal,Droog,Dag,met lichtgewonden,3,Fiets,3,Fiets,Op Kruispunt,Gewestweg,binnen bebouwde kom,Tussen 2 bestuurders: Frontale botsing,Geen hindernis
1299,102,Diest teller 2,Diest,50.9779,5.04474,0.4394161906273593,50.97986480052137,5.039294215447558,2017,4,13,24020,Diest,Normaal,Droog,Dag,met lichtgewonden,3,Fiets,3,Fiets,Op Kruispunt,Gewestweg,binnen bebouwde kom,Tussen 2 bestuurders: Frontale botsing,Geen hindernis
1300,101,Diest teller 1,Diest,50.97799,5.04481,0.951198467332149,50.978133599039744,5.0583946326090174,2017,4,8,24020,Diest,Normaal,Droog,Dag,met lichtgewonden,3,Fiets,8,Voetganger,Buiten Kruispunt,Gewestweg,binnen bebouwde kom,Met een voetganger,Geen hindernis
1300,102,Diest teller 2,Diest,50.9779,5.04474,0.9563189108930975,50.978133599039744,5.0583946326090174,2017,4,8,24020,Diest,Normaal,Droog,Dag,met lichtgewonden,3,Fiets,8,Voetganger,Buiten Kruispunt,Gewestweg,binnen bebouwde kom,Met een voetganger,Geen hindernis
1324,13,Gent,Gent,51.03018,3.70146,0.7887020629371433,51.02309009694388,3.7011285064339163,2017,4,18,44021,Gent,Normaal,Droog+Proper,Dag,met lichtgewonden,9,personenauto,3,Fiets,Op Kruispunt,Gewestweg,buiten bebouwde kom,Tss. 2 best.: langs opzij (voor-/achterkant-flank),Geen hindernis
1406,11,Aalst 3,Aalst,50.93385,4.01647,0.629101499755234,50.934950614852106,4.02527589146844,2017,4,12,41002,Aalst,Normaal,Droog,Dag,met lichtgewonden,9,personenauto,3,Fiets,Buiten Kruispunt,Gemeenteweg,binnen bebouwde kom,Tss. 2 best.: langs opzij (voor-/achterkant-flank),Geen hindernis
1406,10,Aalst 2,Aalst,50.93549,4.01571,0.6730066442340795,50.934950614852106,4.02527589146844,2017,4,12,41002,Aalst,Normaal,Droog,Dag,met lichtgewonden,9,personenauto,3,Fiets,Buiten Kruispunt,Gemeenteweg,binnen bebouwde kom,Tss. 2 best.: langs opzij (voor-/achterkant-flank),Geen hindernis
1406,19,Aalst 1,Aalst,50.93433,4.01471,0.7436219409685496,50.934950614852106,4.02527589146844,2017,4,12,41002,Aalst,Normaal,Droog,Dag,met lichtgewonden,9,personenauto,3,Fiets,Buiten Kruispunt,Gemeenteweg,binnen bebouwde kom,Tss. 2 best.: langs opzij (voor-/achterkant-flank),Geen hindernis
1421,125,Dendermonde totem,Dendermonde,51.0372706,4.1025998,0.6533961422277966,51.03289030099231,4.108828487845802,2017,4,9,42006,Dendermonde,Onbekend,"Nat, plassen",Dag,met lichtgewonden,9,personenauto,3,Fiets,Op Kruispunt,Gewestweg,binnen bebouwde kom,Tss. 2 best.: langs opzij (voor-/achterkant-flank),Geen hindernis
1421,122,Dendermonde teller 2,Dendermonde,51.0373918,4.1019222,0.6955233863418621,51.03289030099231,4.108828487845802,2017,4,9,42006,Dendermonde,Onbekend,"Nat, plassen",Dag,met lichtgewonden,9,personenauto,3,Fiets,Op Kruispunt,Gewestweg,binnen bebouwde kom,Tss. 2 best.: langs opzij (voor-/achterkant-flank),Geen hindernis
1452,18,Oostende 1,Oostende,51.21378,2.92765,0.22243308362198785,51.215617830505806,2.926389000225458,2017,4,19,35013,Oostende,Normaal,Droog,Dag,met lichtgewonden,3,Fiets,3,Fiets,Buiten Kruispunt,Gemeenteweg,binnen bebouwde kom,Tss. 2 best.: langs opzij (voor-/achterkant-flank),Geen hindernis
1452,15,Oostende 2,Oostende,51.21371,2.92743,0.22419043767230035,51.215617830505806,2.926389000225458,2017,4,19,35013,Oostende,Normaal,Droog,Dag,met lichtgewonden,3,Fiets,3,Fiets,Buiten Kruispunt,Gemeenteweg,binnen bebouwde kom,Tss. 2 best.: langs opzij (voor-/achterkant-flank),Geen hindernis
1454,15,Oostende 2,Oostende,51.21371,2.92743,0.843018685212302,51.2143314743866,2.9153677771720328,2017,4,9,35013,Oostende,Normaal,"Nat, plassen",Dag,met lichtgewonden,4,Vrachtwagen,3,Fiets,Op Kruispunt,Gewestweg,buiten bebouwde kom,Tss. 2 best.: langs opzij (voor-/achterkant-flank),Geen hindernis
1454,18,Oostende 1,Oostende,51.21378,2.92765,0.8576996496154057,51.2143314743866,2.9153677771720328,2017,4,9,35013,Oostende,Normaal,"Nat, plassen",Dag,met lichtgewonden,4,Vrachtwagen,3,Fiets,Op Kruispunt,Gewestweg,buiten bebouwde kom,Tss. 2 best.: langs opzij (voor-/achterkant-flank),Geen hindernis
1467,51,"Brugge, Sint-Andries",Brugge,51.19281,3.16252,0.9374647811015321,51.18717679681134,3.1525116643934425,2017,4,17,31012,Jabbeke,Normaal,Droog,Dag,met lichtgewonden,3,Fiets,11,een weggebruiker tegen een hindernis,Buiten Kruispunt,Gemeenteweg,binnen bebouwde kom,Weggebruiker tegen hindernis op de rijbaan,"Buiten de rijbaan: Verkeerseiland, middenberm"
1467,50,"Brugge, Sint-Andries",Brugge,51.19291,3.16252,0.944930123986881,51.18717679681134,3.1525116643934425,2017,4,17,31012,Jabbeke,Normaal,Droog,Dag,met lichtgewonden,3,Fiets,11,een weggebruiker tegen een hindernis,Buiten Kruispunt,Gemeenteweg,binnen bebouwde kom,Weggebruiker tegen hindernis op de rijbaan,"Buiten de rijbaan: Verkeerseiland, middenberm"
1491,61,Wervik teller 2,Wervik,50.80555,3.0921,0.3175621201664098,50.80423407017911,3.0961107779836086,2017,4,17,34027,Menen,Normaal,Droog,Dag,met lichtgewonden,9,personenauto,3,Fiets,Buiten Kruispunt,Gewestweg,binnen bebouwde kom,Tss. 2 best.: langs opzij (voor-/achterkant-flank),Geen hindernis
1491,62,Wervik teller 1,Wervik,50.8058,3.09154,0.3653542585241202,50.80423407017911,3.0961107779836086,2017,4,17,34027,Menen,Normaal,Droog,Dag,met lichtgewonden,9,personenauto,3,Fiets,Buiten Kruispunt,Gewestweg,binnen bebouwde kom,Tss. 2 best.: langs opzij (voor-/achterkant-flank),Geen hindernis
1495,16,Kortrijk 1,Kortrijk,50.83332,3.27777,0.5628227988275759,50.8299798759973,3.2837912938536293,2017,3,15,34022,Kortrijk,Onbekend,Onbekend,Dag,met lichtgewonden,3,Fiets,3,Fiets,Buiten Kruispunt,Gemeenteweg,binnen bebouwde kom,Tussen 2 bestuurders: Langs achteren,Geen hindernis
1495,17,Kortrijk 2,Kortrijk,50.83339,3.27773,0.570083691470283,50.8299798759973,3.2837912938536293,2017,3,15,34022,Kortrijk,Onbekend,Onbekend,Dag,met lichtgewonden,3,Fiets,3,Fiets,Buiten Kruispunt,Gemeenteweg,binnen bebouwde kom,Tussen 2 bestuurders: Langs achteren,Geen hindernis
1499,75,Kortrijk teller 2,Kortrijk,50.81925,3.25731,0.4342312287979598,50.8207158890414,3.2630393446694668,2017,4,11,34022,Kortrijk,Normaal,Droog,Dag,met lichtgewonden,5,Lichte vrachtauto,3,Fiets,Op Kruispunt,Gemeenteweg,binnen bebouwde kom,Tss. 2 best.: langs opzij (voor-/achterkant-flank),Geen hindernis
1499,74,Kortrijk teller 1,Kortrijk,50.81909,3.25728,0.4431417362817073,50.8207158890414,3.2630393446694668,2017,4,11,34022,Kortrijk,Normaal,Droog,Dag,met lichtgewonden,5,Lichte vrachtauto,3,Fiets,Op Kruispunt,Gemeenteweg,binnen bebouwde kom,Tss. 2 best.: langs opzij (voor-/achterkant-flank),Geen hindernis
1518,64,Nieuwpoort teller 1,Nieuwpoort,51.13359,2.75737,0.6242106925621144,51.128108341646886,2.755441506762429,2017,4,10,38016,Nieuwpoort,Normaal,Droog,Dag,met lichtgewonden,9,personenauto,3,Fiets,Buiten Kruispunt,Gemeenteweg,binnen bebouwde kom,Tss. 2 best.: langs opzij (voor-/achterkant-flank),Geen hindernis
1518,65,Nieuwpoort teller 2,Nieuwpoort,51.13435,2.75511,0.6944261326280244,51.128108341646886,2.755441506762429,2017,4,10,38016,Nieuwpoort,Normaal,Droog,Dag,met lichtgewonden,9,personenauto,3,Fiets,Buiten Kruispunt,Gemeenteweg,binnen bebouwde kom,Tss. 2 best.: langs opzij (voor-/achterkant-flank),Geen hindernis
1543,99,Mechelen teller 1,Mechelen,51.04564,4.46882,0.9568913248122535,51.03764453731867,4.4738814429050295,2017,4,8,12025,Mechelen,Normaal,Droog,Dag,met lichtgewonden,5,Lichte vrachtauto,3,Fiets,Buiten Kruispunt,Gemeenteweg,binnen bebouwde kom,Tss. 2 best.: langs opzij (voor-/achterkant-flank),Geen hindernis
1543,100,Mechelen teller 2,Mechelen,51.0457,4.46883,0.9628364576883037,51.03764453731867,4.4738814429050295,2017,4,8,12025,Mechelen,Normaal,Droog,Dag,met lichtgewonden,5,Lichte vrachtauto,3,Fiets,Buiten Kruispunt,Gemeenteweg,binnen bebouwde kom,Tss. 2 best.: langs opzij (voor-/achterkant-flank),Geen hindernis
1676,91,Brecht teller 2,Brecht,51.35739,4.62422,0.842132275172144,51.35367083036477,4.634784486407805,2017,5,14,11009,Brecht,Normaal,Droog,Dag,met lichtgewonden,9,personenauto,3,Fiets,Buiten Kruispunt,Gemeenteweg,buiten bebouwde kom,Tss. 2 best.: langs opzij (voor-/achterkant-flank),Geen hindernis
1676,90,Brecht teller 1,Brecht,51.35752,4.6243,0.8445298602309728,51.35367083036477,4.634784486407805,2017,5,14,11009,Brecht,Normaal,Droog,Dag,met lichtgewonden,9,personenauto,3,Fiets,Buiten Kruispunt,Gemeenteweg,buiten bebouwde kom,Tss. 2 best.: langs opzij (voor-/achterkant-flank),Geen hindernis
1709,88,Westerlo teller 1,Westerlo,51.082,4.91325,0.6818212233825439,51.08737656641809,4.917943091790548,2017,5,12,13049,Westerlo,Normaal,Droog,Dag,met lichtgewonden,8,Voetganger,3,Fiets,Op Kruispunt,Gemeenteweg,binnen bebouwde kom,Met een voetganger,Geen hindernis
1709,89,Westerlo teller 2,Westerlo,51.08191,4.91334,0.6876514314284347,51.08737656641809,4.917943091790548,2017,5,12,13049,Westerlo,Normaal,Droog,Dag,met lichtgewonden,8,Voetganger,3,Fiets,Op Kruispunt,Gemeenteweg,binnen bebouwde kom,Met een voetganger,Geen hindernis
1754,21,Bilzen,Bilzen,50.86015,5.50161,0.19893914016359154,50.86169923270364,5.503027694140075,2017,5,17,73006,Bilzen,Normaal,Droog,Dag,met lichtgewonden,3,Fiets,10,"één bestuurder, geen hindernis",Buiten Kruispunt,Gewestweg,binnen bebouwde kom,"Eén bestuurder, geen hindernis (incl. val)",Geen hindernis
1766,49,Bokrijk,Genk,50.95264,5.41001,0.7269586856770051,50.95899496705539,5.407573364413141,2017,5,17,71016,Genk,Normaal,Droog,Dag,met lichtgewonden,9,personenauto,3,Fiets,Op Kruispunt,Gewestweg,buiten bebouwde kom,Tss. 2 best.: langs opzij (voor-/achterkant-flank),Geen hindernis
1770,25,Bree,Bree,51.13679500160176,5.597669323604317,0.48811255596430336,51.140463200983305,5.601512221580173,2017,5,13,72004,Bree,Normaal,Droog,Dag,met lichtgewonden,6,Bromfiets,3,Fiets,Op Kruispunt,Gewestweg,binnen bebouwde kom,Tussen 2 bestuurders: Frontale botsing,Geen hindernis
1776,14,Genk,Genk,50.97172,5.48927,0.4944469367133339,50.97585671415436,5.486679636001186,2017,5,14,71016,Genk,Normaal,Droog,Dag,met lichtgewonden,9,personenauto,3,Fiets,Buiten Kruispunt,Gemeenteweg,buiten bebouwde kom,Tss. 2 best.: langs opzij (voor-/achterkant-flank),Geen hindernis
1790,77,Leuven teller 2,Leuven,50.88672,4.70796,0.1514767017270262,50.88691777942181,4.7058234861662775,2017,5,16,24062,Leuven,Normaal,Droog,Dag,met lichtgewonden,9,personenauto,3,Fiets,Buiten Kruispunt,Gemeenteweg,binnen bebouwde kom,Tss. 2 best.: langs opzij (voor-/achterkant-flank),Geen hindernis
1790,107,leuven totem,Leuven,50.8870744,4.7087919,0.2089539231919342,50.88691777942181,4.7058234861662775,2017,5,16,24062,Leuven,Normaal,Droog,Dag,met lichtgewonden,9,personenauto,3,Fiets,Buiten Kruispunt,Gemeenteweg,binnen bebouwde kom,Tss. 2 best.: langs opzij (voor-/achterkant-flank),Geen hindernis
1792,77,Leuven teller 2,Leuven,50.88672,4.70796,0.4984876894625004,50.8824195067976,4.705953070074601,2017,4,18,24062,Leuven,Onbekend,Onbekend,Onbekend,met lichtgewonden,3,Fiets,11,een weggebruiker tegen een hindernis,Buiten Kruispunt,Gemeenteweg,binnen bebouwde kom,Weggebruiker tegen hindernis buiten rijbaan,Buiten de rijbaan: Andere paal
1792,107,leuven totem,Leuven,50.8870744,4.7087919,0.5545896021639716,50.8824195067976,4.705953070074601,2017,4,18,24062,Leuven,Onbekend,Onbekend,Onbekend,met lichtgewonden,3,Fiets,11,een weggebruiker tegen een hindernis,Buiten Kruispunt,Gemeenteweg,binnen bebouwde kom,Weggebruiker tegen hindernis buiten rijbaan,Buiten de rijbaan: Andere paal
1794,69,Leuven teller 1,Leuven,50.87549,4.71526,0.8497004895794099,50.8702138821904,4.706500345601573,2017,5,21,24062,Leuven,Normaal,"Nat, plassen",Dageraad - schemering,met lichtgewonden,6,Bromfiets,3,Fiets,Op Kruispunt,Gemeenteweg,binnen bebouwde kom,Tss. 2 best.: langs opzij (voor-/achterkant-flank),Geen hindernis
1796,151,Leuven,District Leuven,50.8690262,4.6854839,0.6583145351731802,50.86982937021951,4.6947783488327,2017,5,8,24062,Leuven,Normaal,Onbekend,Dag,met lichtgewonden,1,Autobus,3,Fiets,Op Kruispunt,Gewestweg,binnen bebouwde kom,Tss. 2 best.: langs opzij (voor-/achterkant-flank),Geen hindernis
1799,69,Leuven teller 1,Leuven,50.87549,4.71526,0.7393558385141157,50.87333138413801,4.705293565110104,2017,5,10,24062,Leuven,Onbekend,Onbekend,Dag,met lichtgewonden,3,Fiets,9,personenauto,Buiten Kruispunt,Gemeenteweg,binnen bebouwde kom,Tss. 2 best.: langs opzij (voor-/achterkant-flank),Geen hindernis
1800,151,Leuven,District Leuven,50.8690262,4.6854839,0.9007672967569016,50.87706619026788,4.6839139953329205,2017,5,8,24062,Leuven,Normaal,Droog,Dag,met lichtgewonden,9,personenauto,3,Fiets,Op Kruispunt,Gewestweg,binnen bebouwde kom,Tss. 2 best.: langs opzij (voor-/achterkant-flank),Geen hindernis
1808,87,Aarschot,Aarschot,50.99084,4.81259,0.8661128274606698,50.98314710266959,4.8106508835624355,2017,5,15,24001,Aarschot,Normaal,Droog,Dag,met zwaargewonden,4,Vrachtwagen,3,Fiets,Op Kruispunt,Gemeenteweg,buiten bebouwde kom,Tss. 2 best.: langs opzij (voor-/achterkant-flank),Geen hindernis
1813,101,Diest teller 1,Diest,50.97799,5.04481,0.7551083084109683,50.98267027085246,5.052625345059963,2017,5,16,24020,Diest,Normaal,Droog,Dag,met lichtgewonden,3,Fiets,5,Lichte vrachtauto,Op Kruispunt,Gemeenteweg,binnen bebouwde kom,Tussen 2 bestuurders: Frontale botsing,Geen hindernis
1813,102,Diest teller 2,Diest,50.9779,5.04474,0.765566454320458,50.98267027085246,5.052625345059963,2017,5,16,24020,Diest,Normaal,Droog,Dag,met lichtgewonden,3,Fiets,5,Lichte vrachtauto,Op Kruispunt,Gemeenteweg,binnen bebouwde kom,Tussen 2 bestuurders: Frontale botsing,Geen hindernis
1818,26,Zaventem,Zaventem,50.86995,4.45444,0.5391468866411625,50.868817703242314,4.446969438311837,2017,5,15,23094,Zaventem,Normaal,Droog,Dag,met zwaargewonden,3,Fiets,10,"één bestuurder, geen hindernis",Buiten Kruispunt,Gemeenteweg,binnen bebouwde kom,"Eén bestuurder, geen hindernis (incl. val)",Geen hindernis
1829,152,Opwijk,District Vilvoorde-gewestwegen,50.968901168564656,4.149169474840164,0.9173448755202461,50.96219230113609,4.156793015309267,2017,5,16,23060,Opwijk,Normaal,Droog,Dag,met lichtgewonden,5,Lichte vrachtauto,3,Fiets,Op Kruispunt,Gewestweg,binnen bebouwde kom,Tss. 2 best.: langs opzij (voor-/achterkant-flank),Geen hindernis
1830,80,Wemmel teller 1,Wemmel,50.91418,4.29571,0.9134269482667551,50.90614245277667,4.298400619383503,2017,5,19,23102,Wemmel,Normaal,Droog,Dag,met lichtgewonden,3,Fiets,9,personenauto,Buiten Kruispunt,Gemeenteweg,binnen bebouwde kom,Tss. 2 best.: langs opzij (voor-/achterkant-flank),Geen hindernis
1830,81,Wemmel teller 2,Wemmel,50.91439,4.29568,0.9367128570410019,50.90614245277667,4.298400619383503,2017,5,19,23102,Wemmel,Normaal,Droog,Dag,met lichtgewonden,3,Fiets,9,personenauto,Buiten Kruispunt,Gemeenteweg,binnen bebouwde kom,Tss. 2 best.: langs opzij (voor-/achterkant-flank),Geen hindernis
1846,109,Zemst,Zemst,50.9903936,4.4707023,0.45128315616341447,50.98643584001912,4.469274793306057,2017,5,11,23096,Zemst,Normaal,Droog,Dag,met lichtgewonden,9,personenauto,3,Fiets,Op Kruispunt,Gewestweg,binnen bebouwde kom,Tss. 2 best.: langs opzij (voor-/achterkant-flank),Geen hindernis
1861,136,Gent R4,Gent,51.0876313,3.7587918,0.8473598249225808,51.08005823054401,3.757440576610302,2017,5,10,44021,Gent,Normaal,Droog,Dag,met lichtgewonden,4,Vrachtwagen,3,Fiets,Op Kruispunt,Gemeenteweg,binnen bebouwde kom,Tss. 2 best.: langs opzij (voor-/achterkant-flank),Geen hindernis
1905,116,Melle teller 2,Melle,50.9986113,3.8040599,0.8014010863673867,51.0048057948418,3.798205810408859,2017,5,8,44040,Melle,Normaal,Droog,Dag,met lichtgewonden,3,Fiets,5,Lichte vrachtauto,Op Kruispunt,Gewestweg,binnen bebouwde kom,Tussen 2 bestuurders: Frontale botsing,Geen hindernis
1905,117,Melle teller 1,Melle,50.9986113,3.8040599,0.8014010863673867,51.0048057948418,3.798205810408859,2017,5,8,44040,Melle,Normaal,Droog,Dag,met lichtgewonden,3,Fiets,5,Lichte vrachtauto,Op Kruispunt,Gewestweg,binnen bebouwde kom,Tussen 2 bestuurders: Frontale botsing,Geen hindernis
1979,126,Hamme totem,Hamme,51.1017709,4.1469307,0.6755126718880046,51.10638524206332,4.140637677665163,2017,5,13,42023,Waasmunster,Normaal,Droog,Dag,met lichtgewonden,3,Fiets,3,Fiets,Buiten Kruispunt,Gewestweg,buiten bebouwde kom,Tussen 2 bestuurders: Frontale botsing,Geen hindernis
1981,126,Hamme totem,Hamme,51.1017709,4.1469307,0.8587353645414633,51.09450649937138,4.142756943472156,2017,5,16,42008,Hamme,Normaal,Droog,Dag,met lichtgewonden,5,Lichte vrachtauto,3,Fiets,Op Kruispunt,Gewestweg,binnen bebouwde kom,Tss. 2 best.: langs opzij (voor-/achterkant-flank),Geen hindernis
1996,10,Aalst 2,Aalst,50.93549,4.01571,0.769918169404957,50.937943963547,4.025984228423688,2017,5,8,41002,Aalst,Normaal,Droog,Dag,met lichtgewonden,9,personenauto,3,Fiets,Op Kruispunt,Gewestweg,binnen bebouwde kom,Tss. 2 best.: langs opzij (voor-/achterkant-flank),Geen hindernis
1996,11,Aalst 3,Aalst,50.93385,4.01647,0.8072916677635681,50.937943963547,4.025984228423688,2017,5,8,41002,Aalst,Normaal,Droog,Dag,met lichtgewonden,9,personenauto,3,Fiets,Op Kruispunt,Gewestweg,binnen bebouwde kom,Tss. 2 best.: langs opzij (voor-/achterkant-flank),Geen hindernis
1996,19,Aalst 1,Aalst,50.93433,4.01471,0.8863555143656494,50.937943963547,4.025984228423688,2017,5,8,41002,Aalst,Normaal,Droog,Dag,met lichtgewonden,9,personenauto,3,Fiets,Op Kruispunt,Gewestweg,binnen bebouwde kom,Tss. 2 best.: langs opzij (voor-/achterkant-flank),Geen hindernis
2012,125,Dendermonde totem,Dendermonde,51.0372706,4.1025998,0.8061765556892547,51.03032241729146,4.099307334066113,2017,5,11,42006,Dendermonde,Normaal,Droog,Dag,met lichtgewonden,6,Bromfiets,3,Fiets,Op Kruispunt,Gemeenteweg,binnen bebouwde kom,Tss. 2 best.: langs opzij (voor-/achterkant-flank),Geen hindernis
2012,122,Dendermonde teller 2,Dendermonde,51.0373918,4.1019222,0.8070651684788109,51.03032241729146,4.099307334066113,2017,5,11,42006,Dendermonde,Normaal,Droog,Dag,met lichtgewonden,6,Bromfiets,3,Fiets,Op Kruispunt,Gemeenteweg,binnen bebouwde kom,Tss. 2 best.: langs opzij (voor-/achterkant-flank),Geen hindernis
2019,142,TEST Validatie BRUGGE Y2H22022134,Brugge,51.22632,3.24095,0.9112734476073647,51.21843186084865,3.237401251154384,2017,5,16,31005,Brugge,Normaal,Droog,Dag,met lichtgewonden,9,personenauto,3,Fiets,Op Kruispunt,Gemeenteweg,binnen bebouwde kom,Tss. 2 best.: langs opzij (voor-/achterkant-flank),Geen hindernis
2019,52,Brugge,Brugge,51.22632,3.24095,0.9112734476073647,51.21843186084865,3.237401251154384,2017,5,16,31005,Brugge,Normaal,Droog,Dag,met lichtgewonden,9,personenauto,3,Fiets,Op Kruispunt,Gemeenteweg,binnen bebouwde kom,Tss. 2 best.: langs opzij (voor-/achterkant-flank),Geen hindernis
2028,142,TEST Validatie BRUGGE Y2H22022134,Brugge,51.22632,3.24095,0.6564714655027142,51.22073779148044,3.2440187293185456,2017,5,8,31005,Brugge,Normaal,Droog,Dag,met lichtgewonden,3,Fiets,9,personenauto,Buiten Kruispunt,Gemeenteweg,binnen bebouwde kom,Tss. 2 best.: langs opzij (voor-/achterkant-flank),Geen hindernis
2028,52,Brugge,Brugge,51.22632,3.24095,0.6564714655027142,51.22073779148044,3.2440187293185456,2017,5,8,31005,Brugge,Normaal,Droog,Dag,met lichtgewonden,3,Fiets,9,personenauto,Buiten Kruispunt,Gemeenteweg,binnen bebouwde kom,Tss. 2 best.: langs opzij (voor-/achterkant-flank),Geen hindernis
2060,15,Oostende 2,Oostende,51.21371,2.92743,0.41989604979428097,51.21681629276849,2.9240020319162894,2017,5,12,35013,Oostende,Normaal,Proper,Dag,met lichtgewonden,3,Fiets,3,Fiets,Op Kruispunt,Gemeenteweg,binnen bebouwde kom,Tussen 2 bestuurders: Langs achteren,Geen hindernis
2060,18,Oostende 1,Oostende,51.21378,2.92765,0.42254987546496453,51.21681629276849,2.9240020319162894,2017,5,12,35013,Oostende,Normaal,Proper,Dag,met lichtgewonden,3,Fiets,3,Fiets,Op Kruispunt,Gemeenteweg,binnen bebouwde kom,Tussen 2 bestuurders: Langs achteren,Geen hindernis
2079,84,Roeselare totem,Izegem,50.91717,3.18772,0.5373874197373787,50.9130135337155,3.1916310330230586,2017,5,18,36008,Izegem,Normaal,Droog,Dag,met lichtgewonden,9,personenauto,3,Fiets,Op Kruispunt,Gemeenteweg,binnen bebouwde kom,Tussen 2 bestuurders: Frontale botsing,Geen hindernis
2094,143,Eco Display Classic Budastraat,Kortrijk,50.83066,3.26286,0.7748485440437747,50.83083700245395,3.2518308913619127,2017,5,15,34022,Kortrijk,Normaal,Droog,Dag,met lichtgewonden,3,Fiets,9,personenauto,Op Kruispunt,Gewestweg,binnen bebouwde kom,Tss. 2 best.: langs opzij (voor-/achterkant-flank),Geen hindernis
2097,16,Kortrijk 1,Kortrijk,50.83332,3.27777,0.23196666107456096,50.831256587233185,3.2772839227076767,2017,5,19,34022,Kortrijk,Normaal,Droog,Dag,met lichtgewonden,9,personenauto,3,Fiets,Buiten Kruispunt,Gemeenteweg,binnen bebouwde kom,Tss. 2 best.: langs opzij (voor-/achterkant-flank),Geen hindernis
2097,17,Kortrijk 2,Kortrijk,50.83339,3.27773,0.2392843209503697,50.831256587233185,3.2772839227076767,2017,5,19,34022,Kortrijk,Normaal,Droog,Dag,met lichtgewonden,9,personenauto,3,Fiets,Buiten Kruispunt,Gemeenteweg,binnen bebouwde kom,Tss. 2 best.: langs opzij (voor-/achterkant-flank),Geen hindernis