crash_row_id,site_id,site_name,site_gemeente,site_lat,site_long,distance_km,crash_lat,crash_long,DT_YEAR_COLLISION,DT_MONTH_COLLISION,DT_TIME,CD_NIS,TX_MUNTY_COLLISION_NL,TX_WEATHER_NL,TX_ROAD_CONDITION_NL,TX_LIGHT_CONDITION_NL,TX_CLASS_ACCIDENTS_NL,CD_ROAD_USR_TYPE1,TX_ROAD_USR_TYPE1_NL,CD_ROAD_USR_TYPE2,TX_ROAD_USR_TYPE2_NL,TX_CROSSWAY_NL,CD_ROAD_TYPE_NL,TX_BUILD_UP_AREA_NL,TX_COLLISION_TYPE_NL,TX_OBSTACLES_NL
2099,143,Eco Display Classic Budastraat,Kortrijk,50.83066,3.26286,0.3158592475760789,50.83308195689341,3.2652100342359396,2017,5,16,34022,Kortrijk,Normaal,Droog,Dag,met lichtgewonden,3,Fiets,3,Fiets,Buiten Kruispunt,Gemeenteweg,binnen bebouwde kom,Tussen 2 bestuurders: Frontale botsing,Geen hindernis
2099,17,Kortrijk 2,Kortrijk,50.83339,3.27773,0.8799247830127317,50.83308195689341,3.2652100342359396,2017,5,16,34022,Kortrijk,Normaal,Droog,Dag,met lichtgewonden,3,Fiets,3,Fiets,Buiten Kruispunt,Gemeenteweg,binnen bebouwde kom,Tussen 2 bestuurders: Frontale botsing,Geen hindernis
2099,16,Kortrijk 1,Kortrijk,50.83332,3.27777,0.8824647057519932,50.83308195689341,3.2652100342359396,2017,5,16,34022,Kortrijk,Normaal,Droog,Dag,met lichtgewonden,3,Fiets,3,Fiets,Buiten Kruispunt,Gemeenteweg,binnen bebouwde kom,Tussen 2 bestuurders: Frontale botsing,Geen hindernis
2100,74,Kortrijk teller 1,Kortrijk,50.81909,3.25728,0.5010814717707371,50.814608344758355,3.256534561511007,2017,5,19,34022,Kortrijk,Normaal,Droog,Dag,met lichtgewonden,3,Fiets,9,personenauto,Op Kruispunt,Gemeenteweg,binnen bebouwde kom,Tss. 2 best.: langs opzij (voor-/achterkant-flank),Geen hindernis
2100,75,Kortrijk teller 2,Kortrijk,50.81925,3.25731,0.5189955419309273,50.814608344758355,3.256534561511007,2017,5,19,34022,Kortrijk,Normaal,Droog,Dag,met lichtgewonden,3,Fiets,9,personenauto,Op Kruispunt,Gemeenteweg,binnen bebouwde kom,Tss. 2 best.: langs opzij (voor-/achterkant-flank),Geen hindernis
2101,75,Kortrijk teller 2,Kortrijk,50.81925,3.25731,0.23888332966564954,50.821309108652265,3.2582798244199904,2017,5,17,34022,Kortrijk,Normaal,Droog,Dag,met lichtgewonden,9,personenauto,3,Fiets,Buiten Kruispunt,Gewestweg,binnen bebouwde kom,Tss. 2 best.: langs opzij (voor-/achterkant-flank),Geen hindernis
2101,74,Kortrijk teller 1,Kortrijk,50.81909,3.25728,0.25655488542457416,50.821309108652265,3.2582798244199904,2017,5,17,34022,Kortrijk,Normaal,Droog,Dag,met lichtgewonden,9,personenauto,3,Fiets,Buiten Kruispunt,Gewestweg,binnen bebouwde kom,Tss. 2 best.: langs opzij (voor-/achterkant-flank),Geen hindernis
2102,143,Eco Display Classic Budastraat,Kortrijk,50.83066,3.26286,0.48909914817342803,50.83459815060108,3.259757992886863,2017,5,17,34022,Kortrijk,Normaal,Droog+Proper,Dag,met zwaargewonden,9,personenauto,3,Fiets,Buiten Kruispunt,Gewestweg,binnen bebouwde kom,Tss. 2 best.: langs opzij (voor-/achterkant-flank),Geen hindernis
2104,143,Eco Display Classic Budastraat,Kortrijk,50.83066,3.26286,0.5052888842221024,50.82780504774013,3.257262838195258,2017,5,14,34022,Kortrijk,Normaal,Droog,Dag,met lichtgewonden,9,personenauto,3,Fiets,Op Kruispunt,Gewestweg,binnen bebouwde kom,Tss. 2 best.: langs opzij (voor-/achterkant-flank),Geen hindernis
2104,75,Kortrijk teller 2,Kortrijk,50.81925,3.25731,0.9512836742195345,50.82780504774013,3.257262838195258,2017,5,14,34022,Kortrijk,Normaal,Droog,Dag,met lichtgewonden,9,personenauto,3,Fiets,Op Kruispunt,Gewestweg,binnen bebouwde kom,Tss. 2 best.: langs opzij (voor-/achterkant-flank),Geen hindernis
2104,74,Kortrijk teller 1,Kortrijk,50.81909,3.25728,0.9690698439739948,50.82780504774013,3.257262838195258,2017,5,14,34022,Kortrijk,Normaal,Droog,Dag,met lichtgewonden,9,personenauto,3,Fiets,Op Kruispunt,Gewestweg,binnen bebouwde kom,Tss. 2 best.: langs opzij (voor-/achterkant-flank),Geen hindernis
2107,143,Eco Display Classic Budastraat,Kortrijk,50.83066,3.26286,0.5951184145113566,50.826016555427344,3.267073311908113,2017,5,18,34022,Kortrijk,Normaal,Droog,Dag,met lichtgewonden,3,Fiets,8,Voetganger,Op Kruispunt,Gewestweg,binnen bebouwde kom,Met een voetganger,Geen hindernis
2108,143,Eco Display Classic Budastraat,Kortrijk,50.83066,3.26286,0.6029032829250102,50.825524972906166,3.265615788980852,2017,5,17,34022,Kortrijk,Normaal,Droog,Dag,met zwaargewonden,9,personenauto,3,Fiets,Op Kruispunt,Gemeenteweg,binnen bebouwde kom,Tss. 2 best.: langs opzij (voor-/achterkant-flank),Geen hindernis
2108,75,Kortrijk teller 2,Kortrijk,50.81925,3.25731,0.9095320435830481,50.825524972906166,3.265615788980852,2017,5,17,34022,Kortrijk,Normaal,Droog,Dag,met zwaargewonden,9,personenauto,3,Fiets,Op Kruispunt,Gemeenteweg,binnen bebouwde kom,Tss. 2 best.: langs opzij (voor-/achterkant-flank),Geen hindernis
2108,74,Kortrijk teller 1,Kortrijk,50.81909,3.25728,0.9245848369115991,50.825524972906166,3.265615788980852,2017,5,17,34022,Kortrijk,Normaal,Droog,Dag,met zwaargewonden,9,personenauto,3,Fiets,Op Kruispunt,Gemeenteweg,binnen bebouwde kom,Tss. 2 best.: langs opzij (voor-/achterkant-flank),Geen hindernis
2141,99,Mechelen teller 1,Mechelen,51.04564,4.46882,0.26074081098261387,51.043745950306445,4.471018828520913,2017,5,8,12025,Mechelen,Normaal,Droog,Dag,met lichtgewonden,3,Fiets,9,personenauto,Buiten Kruispunt,Gemeenteweg,binnen bebouwde kom,Tss. 2 best.: langs opzij (voor-/achterkant-flank),Geen hindernis
2141,100,Mechelen teller 2,Mechelen,51.0457,4.46883,0.2657556108212765,51.043745950306445,4.471018828520913,2017,5,8,12025,Mechelen,Normaal,Droog,Dag,met lichtgewonden,3,Fiets,9,personenauto,Buiten Kruispunt,Gemeenteweg,binnen bebouwde kom,Tss. 2 best.: langs opzij (voor-/achterkant-flank),Geen hindernis
2145,109,Zemst,Zemst,50.9903936,4.4707023,0.6875391745921813,50.99615073154631,4.474285796308687,2017,5,10,12025,Mechelen,Normaal,Droog,Dag,met lichtgewonden,3,Fiets,3,Fiets,Buiten Kruispunt,Gewestweg,binnen bebouwde kom,Tussen 2 bestuurders: Langs achteren,Geen hindernis
2290,2,Brasschaat 2,Brasschaat,51.27512,4.47169,0.2513456970542899,51.27319198308799,4.4698039389246516,2017,6,0,11008,Brasschaat,Normaal,Droog,"Nacht, geen openbare verlichting aanwezig",met lichtgewonden,3,Fiets,11,een weggebruiker tegen een hindernis,Buiten Kruispunt,Gewestweg,buiten bebouwde kom,Weggebruiker tegen hindernis op de rijbaan,Op de rijbaan: Container
2290,3,Brasschaat 1,Brasschaat,51.27503,4.47222,0.264608105046415,51.27319198308799,4.4698039389246516,2017,6,0,11008,Brasschaat,Normaal,Droog,"Nacht, geen openbare verlichting aanwezig",met lichtgewonden,3,Fiets,11,een weggebruiker tegen een hindernis,Buiten Kruispunt,Gewestweg,buiten bebouwde kom,Weggebruiker tegen hindernis op de rijbaan,Op de rijbaan: Container
2317,95,Lier teller 1,Lier,51.11687,4.58437,0.10165803320881307,51.116270385745324,4.585469397255261,2017,6,17,12021,Lier,Normaal,Droog,Dag,met lichtgewonden,9,personenauto,3,Fiets,Buiten Kruispunt,Gewestweg,buiten bebouwde kom,Tss. 2 best.: langs opzij (voor-/achterkant-flank),Geen hindernis
2317,96,Lier teller 2,Lier,51.11705,4.58444,0.11259607909317647,51.116270385745324,4.585469397255261,2017,6,17,12021,Lier,Normaal,Droog,Dag,met lichtgewonden,9,personenauto,3,Fiets,Buiten Kruispunt,Gewestweg,buiten bebouwde kom,Tss. 2 best.: langs opzij (voor-/achterkant-flank),Geen hindernis
2326,9,Heist op den Berg 2,Heist-op-den-Berg,51.06904,4.69524,0.06452259779731256,51.06913315192366,4.696151450496053,2017,6,20,12014,Heist-op-den-Berg,Normaal,Droog,Dag,met lichtgewonden,9,personenauto,3,Fiets,Op Kruispunt,Gewestweg,buiten bebouwde kom,Tussen 2 bestuurders: Frontale botsing,Geen hindernis
2326,8,Heist op den Berg 1,Heist-op-den-Berg,51.06759,4.68823,0.5794912524970697,51.06913315192366,4.696151450496053,2017,6,20,12014,Heist-op-den-Berg,Normaal,Droog,Dag,met lichtgewonden,9,personenauto,3,Fiets,Op Kruispunt,Gewestweg,buiten bebouwde kom,Tussen 2 bestuurders: Frontale botsing,Geen hindernis
2379,39,Peer teller 1,Peer,51.13425,5.47817,0.19687785503830854,51.13448385392586,5.47537308466733,2017,6,15,72030,Peer,Normaal,Droog,Dag,met lichtgewonden,9,personenauto,3,Fiets,Op Kruispunt,Gewestweg,buiten bebouwde kom,Tss. 2 best.: langs opzij (voor-/achterkant-flank),Geen hindernis
2379,40,Peer teller 2,Peer,51.13438,5.47892,0.2477527759015075,51.13448385392586,5.47537308466733,2017,6,15,72030,Peer,Normaal,Droog,Dag,met lichtgewonden,9,personenauto,3,Fiets,Op Kruispunt,Gewestweg,buiten bebouwde kom,Tss. 2 best.: langs opzij (voor-/achterkant-flank),Geen hindernis
2406,14,Genk,Genk,50.97172,5.48927,0.9000752886583641,50.97691920815085,5.479417108334857,2017,6,8,71016,Genk,Normaal,Droog,Dag,met lichtgewonden,5,Lichte vrachtauto,3,Fiets,Buiten Kruispunt,Gemeenteweg,buiten bebouwde kom,Tss. 2 best.: langs opzij (voor-/achterkant-flank),Geen hindernis
2407,107,leuven totem,Leuven,50.8870744,4.7087919,0.36298835363328785,50.88438295988388,4.711720148689893,2017,6,11,24062,Leuven,Normaal,Droog,Dag,met lichtgewonden,3,Fiets,9,personenauto,Buiten Kruispunt,Gewestweg,binnen bebouwde kom,Tss. 2 best.: langs opzij (voor-/achterkant-flank),Geen hindernis
2407,77,Leuven teller 2,Leuven,50.88672,4.70796,0.3702799375101162,50.88438295988388,4.711720148689893,2017,6,11,24062,Leuven,Normaal,Droog,Dag,met lichtgewonden,3,Fiets,9,personenauto,Buiten Kruispunt,Gewestweg,binnen bebouwde kom,Tss. 2 best.: langs opzij (voor-/achterkant-flank),Geen hindernis
2410,69,Leuven teller 1,Leuven,50.87549,4.71526,0.8661909989461402,50.86933465240985,4.707694446697958,2017,6,10,24062,Leuven,Normaal,Droog,Dag,met lichtgewonden,9,personenauto,3,Fiets,Op Kruispunt,Gewestweg,binnen bebouwde kom,Tss. 2 best.: langs opzij (voor-/achterkant-flank),Geen hindernis
2411,69,Leuven teller 1,Leuven,50.87549,4.71526,0.8690234256514203,50.88263934235191,4.720263344062255,2017,6,12,24062,Leuven,Onbekend,Onbekend,Dag,met lichtgewonden,3,Fiets,10,"één bestuurder, geen hindernis",Op Kruispunt,Gemeenteweg,binnen bebouwde kom,"Eén bestuurder, geen hindernis (incl. val)",Geen hindernis
2411,107,leuven totem,Leuven,50.8870744,4.7087919,0.943818762560579,50.88263934235191,4.720263344062255,2017,6,12,24062,Leuven,Onbekend,Onbekend,Dag,met lichtgewonden,3,Fiets,10,"één bestuurder, geen hindernis",Op Kruispunt,Gemeenteweg,binnen bebouwde kom,"Eén bestuurder, geen hindernis (incl. val)",Geen hindernis
2411,77,Leuven teller 2,Leuven,50.88672,4.70796,0.975097787828946,50.88263934235191,4.720263344062255,2017,6,12,24062,Leuven,Onbekend,Onbekend,Dag,met lichtgewonden,3,Fiets,10,"één bestuurder, geen hindernis",Op Kruispunt,Gemeenteweg,binnen bebouwde kom,"Eén bestuurder, geen hindernis (incl. val)",Geen hindernis
2412,69,Leuven teller 1,Leuven,50.87549,4.71526,0.42428647845039363,50.87644982045099,4.7094073832029535,2017,6,6,24062,Leuven,Normaal,Droog,Dageraad - schemering,met lichtgewonden,3,Fiets,3,Fiets,Op Kruispunt,Gemeenteweg,binnen bebouwde kom,Tss. 2 best.: langs opzij (voor-/achterkant-flank),Geen hindernis
2420,77,Leuven teller 2,Leuven,50.88672,4.70796,0.8092583201394945,50.887043869377926,4.696434938335538,2017,6,23,24062,Leuven,Normaal,"Nat, plassen","Nacht, openbare verlichting aanwezig en ontstoken",met lichtgewonden,3,Fiets,9,personenauto,Buiten Kruispunt,Gemeenteweg,binnen bebouwde kom,Tss. 2 best.: langs opzij (voor-/achterkant-flank),Geen hindernis
2420,107,leuven totem,Leuven,50.8870744,4.7087919,0.8668158543628993,50.887043869377926,4.696434938335538,2017,6,23,24062,Leuven,Normaal,"Nat, plassen","Nacht, openbare verlichting aanwezig en ontstoken",met lichtgewonden,3,Fiets,9,personenauto,Buiten Kruispunt,Gemeenteweg,binnen bebouwde kom,Tss. 2 best.: langs opzij (voor-/achterkant-flank),Geen hindernis
2422,77,Leuven teller 2,Leuven,50.88672,4.70796,0.6656375645015591,50.881420257766486,4.703548069686005,2017,6,8,24062,Leuven,Normaal,Droog,Dag,met lichtgewonden,3,Fiets,9,personenauto,Buiten Kruispunt,Gemeenteweg,binnen bebouwde kom,Tss. 2 best.: langs opzij (voor-/achterkant-flank),Geen hindernis
2422,107,leuven totem,Leuven,50.8870744,4.7087919,0.7284244786997893,50.881420257766486,4.703548069686005,2017,6,8,24062,Leuven,Normaal,Droog,Dag,met lichtgewonden,3,Fiets,9,personenauto,Buiten Kruispunt,Gemeenteweg,binnen bebouwde kom,Tss. 2 best.: langs opzij (voor-/achterkant-flank),Geen hindernis
2433,101,Diest teller 1,Diest,50.97799,5.04481,0.7915495183803125,50.98363451102983,5.051699454028137,2017,6,8,24020,Diest,Normaal,Droog,Dag,met lichtgewonden,3,Fiets,9,personenauto,Buiten Kruispunt,Gemeenteweg,binnen bebouwde kom,Tussen 2 bestuurders: Frontale botsing,Geen hindernis
2433,102,Diest teller 2,Diest,50.9779,5.04474,0.8024740200368556,50.98363451102983,5.051699454028137,2017,6,8,24020,Diest,Normaal,Droog,Dag,met lichtgewonden,3,Fiets,9,personenauto,Buiten Kruispunt,Gemeenteweg,binnen bebouwde kom,Tussen 2 bestuurders: Frontale botsing,Geen hindernis
2436,101,Diest teller 1,Diest,50.97799,5.04481,0.7048518947112151,50.98094911529914,5.05371378080649,2017,6,8,24020,Diest,Normaal,Droog,Dag,met lichtgewonden,3,Fiets,8,Voetganger,Buiten Kruispunt,Gemeenteweg,binnen bebouwde kom,Met een voetganger,Geen hindernis
2436,102,Diest teller 2,Diest,50.9779,5.04474,0.7138881460841372,50.98094911529914,5.05371378080649,2017,6,8,24020,Diest,Normaal,Droog,Dag,met lichtgewonden,3,Fiets,8,Voetganger,Buiten Kruispunt,Gemeenteweg,binnen bebouwde kom,Met een voetganger,Geen hindernis
2438,101,Diest teller 1,Diest,50.97799,5.04481,0.02284171269759095,50.97815901657834,5.044995432680816,2017,6,16,24020,Diest,Normaal,Droog,Dag,met lichtgewonden,6,Bromfiets,3,Fiets,Buiten Kruispunt,Gewestweg,binnen bebouwde kom,Tss. 2 best.: langs opzij (voor-/achterkant-flank),Geen hindernis
2438,102,Diest teller 2,Diest,50.9779,5.04474,0.03390156275509915,50.97815901657834,5.044995432680816,2017,6,16,24020,Diest,Normaal,Droog,Dag,met lichtgewonden,6,Bromfiets,3,Fiets,Buiten Kruispunt,Gewestweg,binnen bebouwde kom,Tss. 2 best.: langs opzij (voor-/achterkant-flank),Geen hindernis
2445,111,Zaventem totem,Zaventem,50.8871216,4.4597084,0.9380228864481257,50.88122720766232,4.469274033045406,2017,6,15,23094,Zaventem,Normaal,Droog,Dag,met lichtgewonden,9,personenauto,3,Fiets,Op Kruispunt,Gemeenteweg,binnen bebouwde kom,Tussen 2 bestuurders: Frontale botsing,Geen hindernis
2448,145,Overijse,District Vilvoorde-gewestwegen,50.7885856,4.4908759,0.7143157279689406,50.793026737254216,4.483533454525573,2017,6,15,23062,Overijse,Normaal,Droog,Dag,met lichtgewonden,9,personenauto,3,Fiets,Op Kruispunt,Gewestweg,binnen bebouwde kom,Tss. 2 best.: langs opzij (voor-/achterkant-flank),Geen hindernis
2448,146,Overijse 2,District Vilvoorde-gewestwegen,50.7881478,4.4902818,0.7206501922839926,50.793026737254216,4.483533454525573,2017,6,15,23062,Overijse,Normaal,Droog,Dag,met lichtgewonden,9,personenauto,3,Fiets,Op Kruispunt,Gewestweg,binnen bebouwde kom,Tss. 2 best.: langs opzij (voor-/achterkant-flank),Geen hindernis
2456,85,Asse teller 1,Asse,50.89621,4.17294,0.9079345611456944,50.90291740784109,4.1655568858941825,2017,6,14,23002,Asse,Normaal,Droog,Dag,met lichtgewonden,2,Andere weggebruiker,3,Fiets,Buiten Kruispunt,Gemeenteweg,binnen bebouwde kom,Tussen 2 bestuurders: Langs achteren,Geen hindernis
2466,27,Grimbergen,Meise,50.92127,4.34013,0.2669602568320882,50.923657302752865,4.340533749186966,2017,6,17,23050,Meise,Normaal,Droog,Dag,met lichtgewonden,9,personenauto,3,Fiets,Buiten Kruispunt,Gemeenteweg,binnen bebouwde kom,Tussen 2 bestuurders: Langs achteren,Geen hindernis
2476,13,Gent,Gent,51.03018,3.70146,0.6384190554602123,51.02546446431698,3.6962523073284865,2017,6,17,44021,Gent,Normaal,Droog,Dag,met lichtgewonden,3,Fiets,9,personenauto,Op Kruispunt,Gemeenteweg,binnen bebouwde kom,Tss. 2 best.: langs opzij (voor-/achterkant-flank),Geen hindernis
2478,13,Gent,Gent,51.03018,3.70146,0.9162719379969877,51.03792632421501,3.7059283513399124,2017,6,13,44021,Gent,Normaal,Droog,Dag,met lichtgewonden,3,Fiets,3,Fiets,Op Kruispunt,Gemeenteweg,binnen bebouwde kom,Tss. 2 best.: langs opzij (voor-/achterkant-flank),Geen hindernis
2492,13,Gent,Gent,51.03018,3.70146,0.8585845816707478,51.022663465252705,3.6986506089018096,2017,6,7,44021,Gent,Normaal,Droog,Dag,met lichtgewonden,9,personenauto,3,Fiets,Op Kruispunt,Gewestweg,binnen bebouwde kom,Tss. 2 best.: langs opzij (voor-/achterkant-flank),Geen hindernis
2540,116,Melle teller 2,Melle,50.9986113,3.8040599,0.3615599521309045,50.998864618604436,3.8092108788723658,2017,6,7,44040,Melle,Regenval,"Nat, plassen",Dag,met lichtgewonden,9,personenauto,3,Fiets,Buiten Kruispunt,Gewestweg,binnen bebouwde kom,Tss. 2 best.: langs opzij (voor-/achterkant-flank),Geen hindernis
2540,117,Melle teller 1,Melle,50.9986113,3.8040599,0.3615599521309045,50.998864618604436,3.8092108788723658,2017,6,7,44040,Melle,Regenval,"Nat, plassen",Dag,met lichtgewonden,9,personenauto,3,Fiets,Buiten Kruispunt,Gewestweg,binnen bebouwde kom,Tss. 2 best.: langs opzij (voor-/achterkant-flank),Geen hindernis
2545,6,Evergem 2,Evergem,51.10894,3.70298,0.5254975920021572,51.10998007814601,3.6956372330463663,2017,6,14,44019,Evergem,Normaal,Droog,Dag,met lichtgewonden,3,Fiets,4,Vrachtwagen,Buiten Kruispunt,Gemeenteweg,binnen bebouwde kom,Tussen 2 bestuurders: Langs achteren,Geen hindernis
2545,7,Evergem 1,Evergem,51.1089,3.70317,0.5394176198786687,51.10998007814601,3.6956372330463663,2017,6,14,44019,Evergem,Normaal,Droog,Dag,met lichtgewonden,3,Fiets,4,Vrachtwagen,Buiten Kruispunt,Gemeenteweg,binnen bebouwde kom,Tussen 2 bestuurders: Langs achteren,Geen hindernis
2604,126,Hamme totem,Hamme,51.1017709,4.1469307,0.9182165213386694,51.093528677125214,4.14612549858828,2017,6,10,42008,Hamme,Normaal,Droog,Dag,met lichtgewonden,5,Lichte vrachtauto,3,Fiets,Buiten Kruispunt,Gemeenteweg,binnen bebouwde kom,Tss. 2 best.: langs opzij (voor-/achterkant-flank),Geen hindernis
2635,125,Dendermonde totem,Dendermonde,51.0372706,4.1025998,0.9544727794837392,51.02881245841065,4.100273005464527,2017,6,17,42006,Dendermonde,Normaal,Droog,Dag,met lichtgewonden,9,personenauto,3,Fiets,Buiten Kruispunt,Gemeenteweg,binnen bebouwde kom,Tss. 2 best.: langs opzij (voor-/achterkant-flank),Geen hindernis
2635,122,Dendermonde teller 2,Dendermonde,51.0373918,4.1019222,0.9609245473157447,51.02881245841065,4.100273005464527,2017,6,17,42006,Dendermonde,Normaal,Droog,Dag,met lichtgewonden,9,personenauto,3,Fiets,Buiten Kruispunt,Gemeenteweg,binnen bebouwde kom,Tss. 2 best.: langs opzij (voor-/achterkant-flank),Geen hindernis
2640,122,Dendermonde teller 2,Dendermonde,51.0373918,4.1019222,0.6392985380269955,51.042965414956385,4.10416563592096,2017,6,18,42006,Dendermonde,Normaal,Droog,Dag,met lichtgewonden,9,personenauto,3,Fiets,Op Kruispunt,Gewestweg,binnen bebouwde kom,Tss. 2 best.: langs opzij (voor-/achterkant-flank),Geen hindernis
2640,125,Dendermonde totem,Dendermonde,51.0372706,4.1025998,0.6426285282912432,51.042965414956385,4.10416563592096,2017,6,18,42006,Dendermonde,Normaal,Droog,Dag,met lichtgewonden,9,personenauto,3,Fiets,Op Kruispunt,Gewestweg,binnen bebouwde kom,Tss. 2 best.: langs opzij (voor-/achterkant-flank),Geen hindernis
2732,16,Kortrijk 1,Kortrijk,50.83332,3.27777,0.8176911745876969,50.82639847295903,3.273837696948725,2017,6,22,34022,Kortrijk,Normaal,Droog,"Nacht, openbare verlichting aanwezig en ontstoken",met lichtgewonden,3,Fiets,9,personenauto,Op Kruispunt,Gemeenteweg,binnen bebouwde kom,Tss. 2 best.: langs opzij (voor-/achterkant-flank),Geen hindernis
2732,17,Kortrijk 2,Kortrijk,50.83339,3.27773,0.8240853388314388,50.82639847295903,3.273837696948725,2017,6,22,34022,Kortrijk,Normaal,Droog,"Nacht, openbare verlichting aanwezig en ontstoken",met lichtgewonden,3,Fiets,9,personenauto,Op Kruispunt,Gemeenteweg,binnen bebouwde kom,Tss. 2 best.: langs opzij (voor-/achterkant-flank),Geen hindernis
2732,143,Eco Display Classic Budastraat,Kortrijk,50.83066,3.26286,0.9049984292315372,50.82639847295903,3.273837696948725,2017,6,22,34022,Kortrijk,Normaal,Droog,"Nacht, openbare verlichting aanwezig en ontstoken",met lichtgewonden,3,Fiets,9,personenauto,Op Kruispunt,Gemeenteweg,binnen bebouwde kom,Tss. 2 best.: langs opzij (voor-/achterkant-flank),Geen hindernis
2733,75,Kortrijk teller 2,Kortrijk,50.81925,3.25731,0.5101856176602927,50.822642957125986,3.25242099449034,2017,6,10,34022,Kortrijk,Normaal,Droog,Dag,met lichtgewonden,9,personenauto,3,Fiets,Op Kruispunt,Gemeenteweg,binnen bebouwde kom,Tussen 2 bestuurders: Langs achteren,Geen hindernis
2733,74,Kortrijk teller 1,Kortrijk,50.81909,3.25728,0.5220993293554868,50.822642957125986,3.25242099449034,2017,6,10,34022,Kortrijk,Normaal,Droog,Dag,met lichtgewonden,9,personenauto,3,Fiets,Op Kruispunt,Gemeenteweg,binnen bebouwde kom,Tussen 2 bestuurders: Langs achteren,Geen hindernis
2734,143,Eco Display Classic Budastraat,Kortrijk,50.83066,3.26286,0.6572480698610224,50.83170394627107,3.253648813828144,2017,6,4,34022,Kortrijk,Normaal,Droog,"Nacht, openbare verlichting aanwezig en ontstoken",met lichtgewonden,3,Fiets,5,Lichte vrachtauto,Op Kruispunt,Gewestweg,binnen bebouwde kom,Tss. 2 best.: langs opzij (voor-/achterkant-flank),Geen hindernis
2735,143,Eco Display Classic Budastraat,Kortrijk,50.83066,3.26286,0.6029032829250102,50.825524972906166,3.265615788980852,2017,6,8,34022,Kortrijk,Normaal,Droog,Dag,met lichtgewonden,9,personenauto,3,Fiets,Op Kruispunt,Gemeenteweg,binnen bebouwde kom,Tss. 2 best.: langs opzij (voor-/achterkant-flank),Geen hindernis
2735,75,Kortrijk teller 2,Kortrijk,50.81925,3.25731,0.9095320435830481,50.825524972906166,3.265615788980852,2017,6,8,34022,Kortrijk,Normaal,Droog,Dag,met lichtgewonden,9,personenauto,3,Fiets,Op Kruispunt,Gemeenteweg,binnen bebouwde kom,Tss. 2 best.: langs opzij (voor-/achterkant-flank),Geen hindernis
2735,74,Kortrijk teller 1,Kortrijk,50.81909,3.25728,0.9245848369115991,50.825524972906166,3.265615788980852,2017,6,8,34022,Kortrijk,Normaal,Droog,Dag,met lichtgewonden,9,personenauto,3,Fiets,Op Kruispunt,Gemeenteweg,binnen bebouwde kom,Tss. 2 best.: langs opzij (voor-/achterkant-flank),Geen hindernis
2738,143,Eco Display Classic Budastraat,Kortrijk,50.83066,3.26286,0.49918979076782644,50.82990333951439,3.2698659503982985,2017,6,12,34022,Kortrijk,Normaal,Droog,Dag,met lichtgewonden,3,Fiets,8,Voetganger,Op Kruispunt,Gewestweg,binnen bebouwde kom,Met een voetganger,Geen hindernis
2738,16,Kortrijk 1,Kortrijk,50.83332,3.27777,0.672667153961853,50.82990333951439,3.2698659503982985,2017,6,12,34022,Kortrijk,Normaal,Droog,Dag,met lichtgewonden,3,Fiets,8,Voetganger,Op Kruispunt,Gewestweg,binnen bebouwde kom,Met een voetganger,Geen hindernis
2738,17,Kortrijk 2,Kortrijk,50.83339,3.27773,0.6747921973910064,50.82990333951439,3.2698659503982985,2017,6,12,34022,Kortrijk,Normaal,Droog,Dag,met lichtgewonden,3,Fiets,8,Voetganger,Op Kruispunt,Gewestweg,binnen bebouwde kom,Met een voetganger,Geen hindernis
2743,143,Eco Display Classic Budastraat,Kortrijk,50.83066,3.26286,0.5484761110223572,50.82637406846922,3.266725331925976,2017,6,20,34022,Kortrijk,Normaal,Droog,Dag,met lichtgewonden,3,Fiets,9,personenauto,Op Kruispunt,Gewestweg,binnen bebouwde kom,Tss. 2 best.: langs opzij (voor-/achterkant-flank),Geen hindernis
2745,143,Eco Display Classic Budastraat,Kortrijk,50.83066,3.26286,0.21399616139248018,50.83254390879479,3.263482613522432,2017,6,9,34022,Kortrijk,Normaal,Droog,Dag,met lichtgewonden,3,Fiets,9,personenauto,Op Kruispunt,Gemeenteweg,binnen bebouwde kom,Tss. 2 best.: langs opzij (voor-/achterkant-flank),Geen hindernis
2755,66,Nieuwpoort totem,Nieuwpoort,51.1347,2.74369,0.38232323912928196,51.13234607366906,2.747683897641286,2017,6,12,38016,Nieuwpoort,Normaal,Droog,Dag,met lichtgewonden,3,Fiets,9,personenauto,Op Kruispunt,Gewestweg,binnen bebouwde kom,Tss. 2 best.: langs opzij (voor-/achterkant-flank),Geen hindernis
2755,63,Nieuwpoort teller 3,Nieuwpoort,51.13529,2.74289,0.46802230564023073,51.13234607366906,2.747683897641286,2017,6,12,38016,Nieuwpoort,Normaal,Droog,Dag,met lichtgewonden,3,Fiets,9,personenauto,Op Kruispunt,Gewestweg,binnen bebouwde kom,Tss. 2 best.: langs opzij (voor-/achterkant-flank),Geen hindernis
2755,65,Nieuwpoort teller 2,Nieuwpoort,51.13435,2.75511,0.5640431724196924,51.13234607366906,2.747683897641286,2017,6,12,38016,Nieuwpoort,Normaal,Droog,Dag,met lichtgewonden,3,Fiets,9,personenauto,Op Kruispunt,Gewestweg,binnen bebouwde kom,Tss. 2 best.: langs opzij (voor-/achterkant-flank),Geen hindernis
2755,64,Nieuwpoort teller 1,Nieuwpoort,51.13359,2.75737,0.6898708899275291,51.13234607366906,2.747683897641286,2017,6,12,38016,Nieuwpoort,Normaal,Droog,Dag,met lichtgewonden,3,Fiets,9,personenauto,Op Kruispunt,Gewestweg,binnen bebouwde kom,Tss. 2 best.: langs opzij (voor-/achterkant-flank),Geen hindernis