crash_row_id,site_id,site_name,site_gemeente,site_lat,site_long,distance_km,crash_lat,crash_long,DT_YEAR_COLLISION,DT_MONTH_COLLISION,DT_TIME,CD_NIS,TX_MUNTY_COLLISION_NL,TX_WEATHER_NL,TX_ROAD_CONDITION_NL,TX_LIGHT_CONDITION_NL,TX_CLASS_ACCIDENTS_NL,CD_ROAD_USR_TYPE1,TX_ROAD_USR_TYPE1_NL,CD_ROAD_USR_TYPE2,TX_ROAD_USR_TYPE2_NL,TX_CROSSWAY_NL,CD_ROAD_TYPE_NL,TX_BUILD_UP_AREA_NL,TX_COLLISION_TYPE_NL,TX_OBSTACLES_NL
2759,68,Ieper,Ieper,50.85032,2.85608,0.4313440610562812,50.8540541770932,2.857744217036697,2017,6,3,33011,Ieper,Normaal,Droog,"Nacht, openbare verlichting aanwezig en ontstoken",met zwaargewonden,3,Fiets,10,"één bestuurder, geen hindernis",Buiten Kruispunt,Gemeenteweg,binnen bebouwde kom,"Eén bestuurder, geen hindernis (incl. val)",Geen hindernis
2759,67,Ieper totem,Ieper,50.85018,2.85624,0.44354205960608367,50.8540541770932,2.857744217036697,2017,6,3,33011,Ieper,Normaal,Droog,"Nacht, openbare verlichting aanwezig en ontstoken",met zwaargewonden,3,Fiets,10,"één bestuurder, geen hindernis",Buiten Kruispunt,Gemeenteweg,binnen bebouwde kom,"Eén bestuurder, geen hindernis (incl. val)",Geen hindernis
2763,41,Maasmechelen teller 1,Maasmechelen,50.97025,5.69799,0.7471161218535065,50.96358780016292,5.69660595058668,2017,6,12,73107,Maasmechelen,Normaal,Droog,Dag,met lichtgewonden,9,personenauto,3,Fiets,Op Kruispunt,Gewestweg,binnen bebouwde kom,Tss. 2 best.: langs opzij (voor-/achterkant-flank),Geen hindernis
2763,42,Maasmechelen teller 2,Maasmechelen,50.97043,5.6981,0.7679778797313328,50.96358780016292,5.69660595058668,2017,6,12,73107,Maasmechelen,Normaal,Droog,Dag,met lichtgewonden,9,personenauto,3,Fiets,Op Kruispunt,Gewestweg,binnen bebouwde kom,Tss. 2 best.: langs opzij (voor-/achterkant-flank),Geen hindernis
2766,35,Lanaken teller 1,Lanaken,50.88112,5.6314,0.7298402834511651,50.88493694234736,5.6398634806653964,2017,6,12,73042,Lanaken,Normaal,Droog,Dag,met zwaargewonden,3,Fiets,6,Bromfiets,Buiten Kruispunt,Gewestweg,buiten bebouwde kom,Tss. 2 best.: langs opzij (voor-/achterkant-flank),Geen hindernis
2766,36,Lanaken teller 2,Lanaken,50.88131,5.63012,0.7936454338636033,50.88493694234736,5.6398634806653964,2017,6,12,73042,Lanaken,Normaal,Droog,Dag,met zwaargewonden,3,Fiets,6,Bromfiets,Buiten Kruispunt,Gewestweg,buiten bebouwde kom,Tss. 2 best.: langs opzij (voor-/achterkant-flank),Geen hindernis
2781,99,Mechelen teller 1,Mechelen,51.04564,4.46882,0.9002842867432842,51.03802313722359,4.473186045373242,2017,6,22,12025,Mechelen,Regenval,"Nat, plassen","Nacht, openbare verlichting aanwezig en ontstoken",met lichtgewonden,9,personenauto,3,Fiets,Op Kruispunt,Gewestweg,binnen bebouwde kom,Tss. 2 best.: langs opzij (voor-/achterkant-flank),Geen hindernis
2781,100,Mechelen teller 2,Mechelen,51.0457,4.46883,0.9063283763352662,51.03802313722359,4.473186045373242,2017,6,22,12025,Mechelen,Regenval,"Nat, plassen","Nacht, openbare verlichting aanwezig en ontstoken",met lichtgewonden,9,personenauto,3,Fiets,Op Kruispunt,Gewestweg,binnen bebouwde kom,Tss. 2 best.: langs opzij (voor-/achterkant-flank),Geen hindernis
2793,140,Hasselt ring,Hasselt,50.9300038,5.3438616,0.7034138010488055,50.92882470289595,5.353722489040944,2017,6,13,71022,Hasselt,Normaal,Droog,Dag,met lichtgewonden,9,personenauto,3,Fiets,Op Kruispunt,Gewestweg,binnen bebouwde kom,Tussen 2 bestuurders: Frontale botsing,Geen hindernis
2794,137,Hasselt-Kempische brug,Hasselt,50.9411605,5.3417576,0.5769231961074035,50.94265418867256,5.333872069713431,2017,6,17,71022,Hasselt,Normaal,Droog,Dag,met lichtgewonden,5,Lichte vrachtauto,3,Fiets,Op Kruispunt,Gewestweg,buiten bebouwde kom,Tss. 2 best.: langs opzij (voor-/achterkant-flank),Geen hindernis
2794,138,Hasselt-Kempische brug,Hasselt,50.9405318,5.3422472,0.6324845060207079,50.94265418867256,5.333872069713431,2017,6,17,71022,Hasselt,Normaal,Droog,Dag,met lichtgewonden,5,Lichte vrachtauto,3,Fiets,Op Kruispunt,Gewestweg,buiten bebouwde kom,Tss. 2 best.: langs opzij (voor-/achterkant-flank),Geen hindernis
2795,140,Hasselt ring,Hasselt,50.9300038,5.3438616,0.8004018884694643,50.92322399743891,5.340024948464302,2017,6,11,71022,Hasselt,Normaal,Droog,Dag,met lichtgewonden,9,personenauto,3,Fiets,Buiten Kruispunt,Gewestweg,binnen bebouwde kom,Tussen 2 bestuurders: Frontale botsing,Geen hindernis
2883,2,Brasschaat 2,Brasschaat,51.27512,4.47169,0.21759953543805907,51.276728318606956,4.469907898963832,2017,7,8,11008,Brasschaat,Normaal,Droog,Dag,met lichtgewonden,9,personenauto,3,Fiets,Buiten Kruispunt,Gewestweg,buiten bebouwde kom,Tss. 2 best.: langs opzij (voor-/achterkant-flank),Geen hindernis
2883,3,Brasschaat 1,Brasschaat,51.27503,4.47222,0.2480497366510082,51.276728318606956,4.469907898963832,2017,7,8,11008,Brasschaat,Normaal,Droog,Dag,met lichtgewonden,9,personenauto,3,Fiets,Buiten Kruispunt,Gewestweg,buiten bebouwde kom,Tss. 2 best.: langs opzij (voor-/achterkant-flank),Geen hindernis
2922,98,Geel teller 2,Geel,51.1481,4.99643,0.2676919747493336,51.15016892618068,4.994467727155527,2017,7,5,13008,Geel,Normaal,Droog,Dageraad - schemering,met lichtgewonden,9,personenauto,3,Fiets,Op Kruispunt,Gewestweg,buiten bebouwde kom,Tussen 2 bestuurders: Frontale botsing,Geen hindernis
2922,97,Geel teller 1,Geel,51.14813,4.99698,0.2865464718675906,51.15016892618068,4.994467727155527,2017,7,5,13008,Geel,Normaal,Droog,Dageraad - schemering,met lichtgewonden,9,personenauto,3,Fiets,Op Kruispunt,Gewestweg,buiten bebouwde kom,Tussen 2 bestuurders: Frontale botsing,Geen hindernis
2924,98,Geel teller 2,Geel,51.1481,4.99643,0.24277332502614,51.1499670921796,4.994625855324165,2017,7,10,13008,Geel,Normaal,Droog,Dag,met zwaargewonden,9,personenauto,3,Fiets,Op Kruispunt,Gewestweg,buiten bebouwde kom,Tss. 2 best.: langs opzij (voor-/achterkant-flank),Geen hindernis
2924,97,Geel teller 1,Geel,51.14813,4.99698,0.2620921096652089,51.1499670921796,4.994625855324165,2017,7,10,13008,Geel,Normaal,Droog,Dag,met zwaargewonden,9,personenauto,3,Fiets,Op Kruispunt,Gewestweg,buiten bebouwde kom,Tss. 2 best.: langs opzij (voor-/achterkant-flank),Geen hindernis
2958,139,Houthalen-Helchteren,Houthalen-Helchteren,51.0644267,5.3819796,0.8690673238070759,51.068212700053955,5.392860069134121,2017,7,15,72039,Houthalen-Helchteren,Normaal,Droog,Dag,met lichtgewonden,3,Fiets,3,Fiets,Buiten Kruispunt,Gemeenteweg,buiten bebouwde kom,Tussen 2 bestuurders: Frontale botsing,Geen hindernis
2963,49,Bokrijk,Genk,50.95264,5.41001,0.7956432159624844,50.95961809249665,5.407496982896151,2017,8,11,71016,Genk,Normaal,Droog,Dag,met lichtgewonden,3,Fiets,8,Voetganger,Buiten Kruispunt,Gemeenteweg,buiten bebouwde kom,Met een voetganger,Geen hindernis
2966,69,Leuven teller 1,Leuven,50.87549,4.71526,0.875688409448164,50.86907239933669,4.708026937583895,2017,7,7,24062,Leuven,Normaal,"Nat, plassen",Dag,met lichtgewonden,9,personenauto,3,Fiets,Op Kruispunt,Gewestweg,binnen bebouwde kom,Tussen 2 bestuurders: Frontale botsing,Geen hindernis
2967,77,Leuven teller 2,Leuven,50.88672,4.70796,0.5579540785423536,50.8820915862769,4.704888022016499,2017,7,13,24062,Leuven,Regenval,"Nat, plassen+Proper",Dag,met lichtgewonden,9,personenauto,3,Fiets,Op Kruispunt,Gemeenteweg,binnen bebouwde kom,Tss. 2 best.: langs opzij (voor-/achterkant-flank),Geen hindernis
2967,107,leuven totem,Leuven,50.8870744,4.7087919,0.6180506885016925,50.8820915862769,4.704888022016499,2017,7,13,24062,Leuven,Regenval,"Nat, plassen+Proper",Dag,met lichtgewonden,9,personenauto,3,Fiets,Op Kruispunt,Gemeenteweg,binnen bebouwde kom,Tss. 2 best.: langs opzij (voor-/achterkant-flank),Geen hindernis
2970,77,Leuven teller 2,Leuven,50.88672,4.70796,0.8589743852733082,50.88320017922377,4.697060212916211,2017,8,16,24062,Leuven,Normaal,Droog,Dag,met lichtgewonden,3,Fiets,5,Lichte vrachtauto,Buiten Kruispunt,Gemeenteweg,binnen bebouwde kom,Tussen 2 bestuurders: Frontale botsing,Geen hindernis
2970,107,leuven totem,Leuven,50.8870744,4.7087919,0.9289145071822659,50.88320017922377,4.697060212916211,2017,8,16,24062,Leuven,Normaal,Droog,Dag,met lichtgewonden,3,Fiets,5,Lichte vrachtauto,Buiten Kruispunt,Gemeenteweg,binnen bebouwde kom,Tussen 2 bestuurders: Frontale botsing,Geen hindernis
2972,69,Leuven teller 1,Leuven,50.87549,4.71526,0.4816146842514026,50.875690451300294,4.7084032958802196,2017,7,8,24062,Leuven,Normaal,Droog+Proper,Dag,met lichtgewonden,9,personenauto,3,Fiets,Op Kruispunt,Gemeenteweg,binnen bebouwde kom,Tss. 2 best.: langs opzij (voor-/achterkant-flank),Geen hindernis
2973,107,leuven totem,Leuven,50.8870744,4.7087919,0.26941895330372523,50.88506956085931,4.710948646404899,2017,8,17,24062,Leuven,Normaal,Droog,Dag,met lichtgewonden,3,Fiets,8,Voetganger,Buiten Kruispunt,Gewestweg,binnen bebouwde kom,Met een voetganger,Geen hindernis
2973,77,Leuven teller 2,Leuven,50.88672,4.70796,0.27862762794763546,50.88506956085931,4.710948646404899,2017,8,17,24062,Leuven,Normaal,Droog,Dag,met lichtgewonden,3,Fiets,8,Voetganger,Buiten Kruispunt,Gewestweg,binnen bebouwde kom,Met een voetganger,Geen hindernis
2980,22,Tienen 2,Tienen,50.81330800184882,4.935984252796022,0.9222729301685988,50.80602828967548,4.942274603740922,2017,7,15,24107,Tienen,Normaal,Droog,Dag,met lichtgewonden,9,personenauto,3,Fiets,Op Kruispunt,Gemeenteweg,binnen bebouwde kom,Tss. 2 best.: langs opzij (voor-/achterkant-flank),Geen hindernis
2980,24,Tienen 1,Tienen,50.8133795491886,4.935044252605416,0.9624327744477456,50.80602828967548,4.942274603740922,2017,7,15,24107,Tienen,Normaal,Droog,Dag,met lichtgewonden,9,personenauto,3,Fiets,Op Kruispunt,Gemeenteweg,binnen bebouwde kom,Tss. 2 best.: langs opzij (voor-/achterkant-flank),Geen hindernis
2980,23,Tienen 3,Tienen,50.81324,4.93447,0.9714812517567294,50.80602828967548,4.942274603740922,2017,7,15,24107,Tienen,Normaal,Droog,Dag,met lichtgewonden,9,personenauto,3,Fiets,Op Kruispunt,Gemeenteweg,binnen bebouwde kom,Tss. 2 best.: langs opzij (voor-/achterkant-flank),Geen hindernis
2984,22,Tienen 2,Tienen,50.81330800184882,4.935984252796022,0.6021229458585153,50.80806524222332,4.938128576883174,2017,7,22,24107,Tienen,Regenval,"Nat, plassen","Nacht, openbare verlichting aanwezig en ontstoken",met lichtgewonden,9,personenauto,3,Fiets,Buiten Kruispunt,Gemeenteweg,binnen bebouwde kom,Tss. 2 best.: langs opzij (voor-/achterkant-flank),Geen hindernis
2984,24,Tienen 1,Tienen,50.8133795491886,4.935044252605416,0.629408566513219,50.80806524222332,4.938128576883174,2017,7,22,24107,Tienen,Regenval,"Nat, plassen","Nacht, openbare verlichting aanwezig en ontstoken",met lichtgewonden,9,personenauto,3,Fiets,Buiten Kruispunt,Gemeenteweg,binnen bebouwde kom,Tss. 2 best.: langs opzij (voor-/achterkant-flank),Geen hindernis
2984,23,Tienen 3,Tienen,50.81324,4.93447,0.630216708443076,50.80806524222332,4.938128576883174,2017,7,22,24107,Tienen,Regenval,"Nat, plassen","Nacht, openbare verlichting aanwezig en ontstoken",met lichtgewonden,9,personenauto,3,Fiets,Buiten Kruispunt,Gemeenteweg,binnen bebouwde kom,Tss. 2 best.: langs opzij (voor-/achterkant-flank),Geen hindernis
2994,101,Diest teller 1,Diest,50.97799,5.04481,0.0350949406238372,50.978280315801484,5.045006653137968,2017,7,17,24020,Diest,Normaal,Droog,Dag,met lichtgewonden,9,personenauto,3,Fiets,Op Kruispunt,Gewestweg,binnen bebouwde kom,Tss. 2 best.: langs opzij (voor-/achterkant-flank),Geen hindernis
2994,102,Diest teller 2,Diest,50.9779,5.04474,0.046226472584104075,50.978280315801484,5.045006653137968,2017,7,17,24020,Diest,Normaal,Droog,Dag,met lichtgewonden,9,personenauto,3,Fiets,Op Kruispunt,Gewestweg,binnen bebouwde kom,Tss. 2 best.: langs opzij (voor-/achterkant-flank),Geen hindernis
2999,111,Zaventem totem,Zaventem,50.8871216,4.4597084,0.9810108415355789,50.88014324251474,4.4682644086448065,2017,7,9,23094,Zaventem,Normaal,Droog,Dag,met lichtgewonden,9,personenauto,3,Fiets,Buiten Kruispunt,Gewestweg,binnen bebouwde kom,Tussen 2 bestuurders: Frontale botsing,Geen hindernis
3002,111,Zaventem totem,Zaventem,50.8871216,4.4597084,0.8179585846249661,50.88505040294461,4.470896975474746,2017,7,18,23094,Zaventem,Normaal,Droog,Dag,met lichtgewonden,3,Fiets,9,personenauto,Op Kruispunt,Gemeenteweg,binnen bebouwde kom,Tss. 2 best.: langs opzij (voor-/achterkant-flank),Geen hindernis
3007,80,Wemmel teller 1,Wemmel,50.91418,4.29571,0.9964943503533052,50.90522115645288,4.296068125345042,2017,7,11,23102,Wemmel,Normaal,Droog,Dag,met zwaargewonden,3,Fiets,8,Voetganger,Buiten Kruispunt,Gemeenteweg,binnen bebouwde kom,Met een voetganger,Geen hindernis
3019,149,Machelen,,50.88297881,4.43356644,0.905900894229212,50.885737073050834,4.445717307383995,2017,7,16,23047,Machelen,Normaal,Droog,Dag,met lichtgewonden,9,personenauto,3,Fiets,Op Kruispunt,Gemeenteweg,binnen bebouwde kom,Tss. 2 best.: langs opzij (voor-/achterkant-flank),Geen hindernis
3019,111,Zaventem totem,Zaventem,50.8871216,4.4597084,0.9934538183878086,50.885737073050834,4.445717307383995,2017,7,16,23047,Machelen,Normaal,Droog,Dag,met lichtgewonden,9,personenauto,3,Fiets,Op Kruispunt,Gemeenteweg,binnen bebouwde kom,Tss. 2 best.: langs opzij (voor-/achterkant-flank),Geen hindernis
3024,118,Gent teller 1,Gent,51.028049,3.7681359,0.3210690891666237,51.02982420602987,3.7645150178815046,2017,7,14,44021,Gent,Normaal,Droog,Dag,met lichtgewonden,9,personenauto,3,Fiets,Buiten Kruispunt,Gewestweg,buiten bebouwde kom,Tss. 2 best.: langs opzij (voor-/achterkant-flank),Geen hindernis
3024,119,Gent teller 2,Gent,51.0281795,3.7683918,0.3270329391114074,51.02982420602987,3.7645150178815046,2017,7,14,44021,Gent,Normaal,Droog,Dag,met lichtgewonden,9,personenauto,3,Fiets,Buiten Kruispunt,Gewestweg,buiten bebouwde kom,Tss. 2 best.: langs opzij (voor-/achterkant-flank),Geen hindernis
3027,13,Gent,Gent,51.03018,3.70146,0.7976130952916236,51.030361420413804,3.7128619740904276,2017,7,9,44021,Gent,Normaal,Droog,Dag,met lichtgewonden,3,Fiets,9,personenauto,Buiten Kruispunt,Gewestweg,binnen bebouwde kom,Tussen 2 bestuurders: Frontale botsing,Geen hindernis
3069,116,Melle teller 2,Melle,50.9986113,3.8040599,0.8456746140134409,51.00098624040421,3.792579295053359,2017,8,10,44040,Melle,Normaal,Droog,Dag,met lichtgewonden,3,Fiets,9,personenauto,Buiten Kruispunt,Gemeenteweg,binnen bebouwde kom,Tussen 2 bestuurders: Langs achteren,Geen hindernis
3069,117,Melle teller 1,Melle,50.9986113,3.8040599,0.8456746140134409,51.00098624040421,3.792579295053359,2017,8,10,44040,Melle,Normaal,Droog,Dag,met lichtgewonden,3,Fiets,9,personenauto,Buiten Kruispunt,Gemeenteweg,binnen bebouwde kom,Tussen 2 bestuurders: Langs achteren,Geen hindernis
3070,113,Deinze teller 2,Deinze,50.96018,3.55578,0.5783550942085725,50.96385788183496,3.5616193477393514,2017,7,13,44048,Nazareth,Normaal,Droog,Dag,met zwaargewonden,9,personenauto,3,Fiets,Buiten Kruispunt,Gewestweg,buiten bebouwde kom,Tussen 2 bestuurders: Frontale botsing,Geen hindernis
3070,114,Deinze teller 1,Nazareth,50.9598305,3.555502,0.6197551370347509,50.96385788183496,3.5616193477393514,2017,7,13,44048,Nazareth,Normaal,Droog,Dag,met zwaargewonden,9,personenauto,3,Fiets,Buiten Kruispunt,Gewestweg,buiten bebouwde kom,Tussen 2 bestuurders: Frontale botsing,Geen hindernis
3077,113,Deinze teller 2,Deinze,50.96018,3.55578,0.15507235690539714,50.96102853737939,3.554022851494733,2017,7,14,44083,Deinze,Normaal,Droog,Dag,met lichtgewonden,3,Fiets,9,personenauto,Op Kruispunt,Gewestweg,buiten bebouwde kom,Tss. 2 best.: langs opzij (voor-/achterkant-flank),Geen hindernis
3077,114,Deinze teller 1,Nazareth,50.9598305,3.555502,0.1687552539956328,50.96102853737939,3.554022851494733,2017,7,14,44083,Deinze,Normaal,Droog,Dag,met lichtgewonden,3,Fiets,9,personenauto,Op Kruispunt,Gewestweg,buiten bebouwde kom,Tss. 2 best.: langs opzij (voor-/achterkant-flank),Geen hindernis
3139,141,Test site A support,Lokeren,51.08342085,3.9961071208376326,0.9268720953039248,51.090956576487706,4.001779323500296,2017,7,17,46014,Lokeren,Normaal,Droog,Dag,met lichtgewonden,3,Fiets,8,Voetganger,Buiten Kruispunt,Gemeenteweg,binnen bebouwde kom,Met een voetganger,Geen hindernis
3144,126,Hamme totem,Hamme,51.1017709,4.1469307,0.7007683197699321,51.095527040354675,4.145568800096356,2017,7,4,42008,Hamme,Regenval,"Nat, plassen","Nacht, openbare verlichting aanwezig en ontstoken",met lichtgewonden,9,personenauto,3,Fiets,Buiten Kruispunt,Gemeenteweg,binnen bebouwde kom,Tussen 2 bestuurders: Langs achteren,Geen hindernis
3145,126,Hamme totem,Hamme,51.1017709,4.1469307,0.7225667144052214,51.09835333843871,4.155732059489705,2017,7,12,42008,Hamme,Normaal,"Nat, plassen",Dag,met lichtgewonden,3,Fiets,8,Voetganger,Buiten Kruispunt,Gemeenteweg,binnen bebouwde kom,Met een voetganger,Geen hindernis
3164,19,Aalst 1,Aalst,50.93433,4.01471,0.7729764685354564,50.93310763425585,4.003851505251989,2017,8,18,41002,Aalst,Normaal,Droog,Dag,met zwaargewonden,3,Fiets,9,personenauto,Buiten Kruispunt,Gemeenteweg,binnen bebouwde kom,Tss. 2 best.: langs opzij (voor-/achterkant-flank),Geen hindernis
3164,10,Aalst 2,Aalst,50.93549,4.01571,0.8722014602919925,50.93310763425585,4.003851505251989,2017,8,18,41002,Aalst,Normaal,Droog,Dag,met zwaargewonden,3,Fiets,9,personenauto,Buiten Kruispunt,Gemeenteweg,binnen bebouwde kom,Tss. 2 best.: langs opzij (voor-/achterkant-flank),Geen hindernis
3164,11,Aalst 3,Aalst,50.93385,4.01647,0.8881173271311761,50.93310763425585,4.003851505251989,2017,8,18,41002,Aalst,Normaal,Droog,Dag,met zwaargewonden,3,Fiets,9,personenauto,Buiten Kruispunt,Gemeenteweg,binnen bebouwde kom,Tss. 2 best.: langs opzij (voor-/achterkant-flank),Geen hindernis
3182,122,Dendermonde teller 2,Dendermonde,51.0373918,4.1019222,0.061820587917849106,51.03784872163625,4.102425904532823,2017,7,16,42006,Dendermonde,Normaal,Droog,Dag,met lichtgewonden,9,personenauto,3,Fiets,Buiten Kruispunt,Gewestweg,binnen bebouwde kom,Tussen 2 bestuurders: Langs achteren,Geen hindernis
3182,125,Dendermonde totem,Dendermonde,51.0372706,4.1025998,0.06542396801974093,51.03784872163625,4.102425904532823,2017,7,16,42006,Dendermonde,Normaal,Droog,Dag,met lichtgewonden,9,personenauto,3,Fiets,Buiten Kruispunt,Gewestweg,binnen bebouwde kom,Tussen 2 bestuurders: Langs achteren,Geen hindernis
3194,54,Brugge teller 2,Brugge,51.23015,3.22818,0.7775137483492872,51.22318263716222,3.2272369220245167,2017,7,17,31005,Brugge,Normaal,Droog,Dag,met lichtgewonden,9,personenauto,3,Fiets,Buiten Kruispunt,Gewestweg,binnen bebouwde kom,Tss. 2 best.: langs opzij (voor-/achterkant-flank),Geen hindernis
3194,53,Brugge teller 1,Brugge,51.23023,3.228,0.7854304865202691,51.22318263716222,3.2272369220245167,2017,7,17,31005,Brugge,Normaal,Droog,Dag,met lichtgewonden,9,personenauto,3,Fiets,Buiten Kruispunt,Gewestweg,binnen bebouwde kom,Tss. 2 best.: langs opzij (voor-/achterkant-flank),Geen hindernis
3198,50,"Brugge, Sint-Andries",Brugge,51.19291,3.16252,0.939647410382474,51.19605605006472,3.1750351682005293,2017,7,15,31005,Brugge,Normaal,Droog,Dag,met lichtgewonden,9,personenauto,3,Fiets,Op Kruispunt,Gewestweg,binnen bebouwde kom,Tss. 2 best.: langs opzij (voor-/achterkant-flank),Geen hindernis
3198,51,"Brugge, Sint-Andries",Brugge,51.19281,3.16252,0.9438444248283877,51.19605605006472,3.1750351682005293,2017,7,15,31005,Brugge,Normaal,Droog,Dag,met lichtgewonden,9,personenauto,3,Fiets,Op Kruispunt,Gewestweg,binnen bebouwde kom,Tss. 2 best.: langs opzij (voor-/achterkant-flank),Geen hindernis
3274,84,Roeselare totem,Izegem,50.91717,3.18772,0.7478248601335922,50.9169055083934,3.1983793715831843,2017,8,10,36008,Izegem,Normaal,Droog,Dag,met lichtgewonden,9,personenauto,3,Fiets,Buiten Kruispunt,Gemeenteweg,binnen bebouwde kom,Tss. 2 best.: langs opzij (voor-/achterkant-flank),Geen hindernis
3287,143,Eco Display Classic Budastraat,Kortrijk,50.83066,3.26286,0.5696356026634196,50.83488818391721,3.267439620316915,2017,7,14,34022,Kortrijk,Normaal,Droog,Dag,met lichtgewonden,3,Fiets,9,personenauto,Op Kruispunt,Gewestweg,binnen bebouwde kom,Tss. 2 best.: langs opzij (voor-/achterkant-flank),Geen hindernis
3287,17,Kortrijk 2,Kortrijk,50.83339,3.27773,0.7416164008117851,50.83488818391721,3.267439620316915,2017,7,14,34022,Kortrijk,Normaal,Droog,Dag,met lichtgewonden,3,Fiets,9,personenauto,Op Kruispunt,Gewestweg,binnen bebouwde kom,Tss. 2 best.: langs opzij (voor-/achterkant-flank),Geen hindernis
3287,16,Kortrijk 1,Kortrijk,50.83332,3.27777,0.7461350801331028,50.83488818391721,3.267439620316915,2017,7,14,34022,Kortrijk,Normaal,Droog,Dag,met lichtgewonden,3,Fiets,9,personenauto,Op Kruispunt,Gewestweg,binnen bebouwde kom,Tss. 2 best.: langs opzij (voor-/achterkant-flank),Geen hindernis
3345,138,Hasselt-Kempische brug,Hasselt,50.9405318,5.3422472,0.19033788304560756,50.93902709409728,5.340952154535162,2017,7,17,71022,Hasselt,Normaal,Droog,Dag,met lichtgewonden,6,Bromfiets,3,Fiets,Buiten Kruispunt,Gewestweg,binnen bebouwde kom,Tussen 2 bestuurders: Frontale botsing,Geen hindernis
3345,137,Hasselt-Kempische brug,Hasselt,50.9411605,5.3417576,0.24384454172697873,50.93902709409728,5.340952154535162,2017,7,17,71022,Hasselt,Normaal,Droog,Dag,met lichtgewonden,6,Bromfiets,3,Fiets,Buiten Kruispunt,Gewestweg,binnen bebouwde kom,Tussen 2 bestuurders: Frontale botsing,Geen hindernis
3347,137,Hasselt-Kempische brug,Hasselt,50.9411605,5.3417576,0.8900265512854161,50.94174326702855,5.329088534592117,2017,7,14,71022,Hasselt,Normaal,Droog,Dag,met lichtgewonden,3,Fiets,3,Fiets,Buiten Kruispunt,Gewestweg,buiten bebouwde kom,Tss. 2 best.: langs opzij (voor-/achterkant-flank),Geen hindernis
3347,138,Hasselt-Kempische brug,Hasselt,50.9405318,5.3422472,0.9317638676128804,50.94174326702855,5.329088534592117,2017,7,14,71022,Hasselt,Normaal,Droog,Dag,met lichtgewonden,3,Fiets,3,Fiets,Buiten Kruispunt,Gewestweg,buiten bebouwde kom,Tss. 2 best.: langs opzij (voor-/achterkant-flank),Geen hindernis
3348,138,Hasselt-Kempische brug,Hasselt,50.9405318,5.3422472,0.573023336493958,50.938492717539845,5.349757819237051,2017,7,0,71022,Hasselt,Normaal,Droog,"Nacht, openbare verlichting aanwezig en ontstoken",met lichtgewonden,9,personenauto,3,Fiets,Op Kruispunt,Gewestweg,buiten bebouwde kom,Tussen 2 bestuurders: Frontale botsing,Geen hindernis
3348,137,Hasselt-Kempische brug,Hasselt,50.9411605,5.3417576,0.6342112779381861,50.938492717539845,5.349757819237051,2017,7,0,71022,Hasselt,Normaal,Droog,"Nacht, openbare verlichting aanwezig en ontstoken",met lichtgewonden,9,personenauto,3,Fiets,Op Kruispunt,Gewestweg,buiten bebouwde kom,Tussen 2 bestuurders: Frontale botsing,Geen hindernis
3460,42,Maasmechelen teller 2,Maasmechelen,50.97043,5.6981,0.12747036712563858,50.971541823973936,5.698543534276606,2017,8,12,73107,Maasmechelen,Normaal,Droog,Dag,met lichtgewonden,3,Fiets,5,Lichte vrachtauto,Buiten Kruispunt,Gewestweg,buiten bebouwde kom,Tss. 2 best.: langs opzij (voor-/achterkant-flank),Geen hindernis
3460,41,Maasmechelen teller 1,Maasmechelen,50.97025,5.69799,0.14878153107228786,50.971541823973936,5.698543534276606,2017,8,12,73107,Maasmechelen,Normaal,Droog,Dag,met lichtgewonden,3,Fiets,5,Lichte vrachtauto,Buiten Kruispunt,Gewestweg,buiten bebouwde kom,Tss. 2 best.: langs opzij (voor-/achterkant-flank),Geen hindernis
3462,14,Genk,Genk,50.97172,5.48927,0.7262214969584732,50.9782311071117,5.48845969923138,2017,8,15,71016,Genk,Normaal,Droog,Dag,met lichtgewonden,9,personenauto,3,Fiets,Op Kruispunt,Gemeenteweg,buiten bebouwde kom,Tussen 2 bestuurders: Langs achteren,Geen hindernis
3469,107,leuven totem,Leuven,50.8870744,4.7087919,0.7741755626243656,50.88251839333672,4.71713684985843,2017,8,18,24062,Leuven,Normaal,Proper,Dag,met lichtgewonden,3,Fiets,9,personenauto,Buiten Kruispunt,Gewestweg,binnen bebouwde kom,Tss. 2 best.: langs opzij (voor-/achterkant-flank),Geen hindernis
3469,69,Leuven teller 1,Leuven,50.87549,4.71526,0.7925373748571893,50.88251839333672,4.71713684985843,2017,8,18,24062,Leuven,Normaal,Proper,Dag,met lichtgewonden,3,Fiets,9,personenauto,Buiten Kruispunt,Gewestweg,binnen bebouwde kom,Tss. 2 best.: langs opzij (voor-/achterkant-flank),Geen hindernis
3469,77,Leuven teller 2,Leuven,50.88672,4.70796,0.7954296395411002,50.88251839333672,4.71713684985843,2017,8,18,24062,Leuven,Normaal,Proper,Dag,met lichtgewonden,3,Fiets,9,personenauto,Buiten Kruispunt,Gewestweg,binnen bebouwde kom,Tss. 2 best.: langs opzij (voor-/achterkant-flank),Geen hindernis
3470,69,Leuven teller 1,Leuven,50.87549,4.71526,0.3966929411369908,50.87230794722024,4.71270378459339,2017,8,15,24062,Leuven,Normaal,Droog,Dag,met lichtgewonden,9,personenauto,3,Fiets,Op Kruispunt,Gewestweg,binnen bebouwde kom,Tussen 2 bestuurders: Frontale botsing,Geen hindernis