crash_row_id,site_id,site_name,site_gemeente,site_lat,site_long,distance_km,crash_lat,crash_long,DT_YEAR_COLLISION,DT_MONTH_COLLISION,DT_TIME,CD_NIS,TX_MUNTY_COLLISION_NL,TX_WEATHER_NL,TX_ROAD_CONDITION_NL,TX_LIGHT_CONDITION_NL,TX_CLASS_ACCIDENTS_NL,CD_ROAD_USR_TYPE1,TX_ROAD_USR_TYPE1_NL,CD_ROAD_USR_TYPE2,TX_ROAD_USR_TYPE2_NL,TX_CROSSWAY_NL,CD_ROAD_TYPE_NL,TX_BUILD_UP_AREA_NL,TX_COLLISION_TYPE_NL,TX_OBSTACLES_NL
3471,151,Leuven,District Leuven,50.8690262,4.6854839,0.9383305999639739,50.86850488148202,4.698829658031773,2017,8,16,24062,Leuven,Onbekend,Droog,Dag,met lichtgewonden,9,personenauto,3,Fiets,Op Kruispunt,Gewestweg,binnen bebouwde kom,Tss. 2 best.: langs opzij (voor-/achterkant-flank),Geen hindernis
3473,69,Leuven teller 1,Leuven,50.87549,4.71526,0.21051247759175987,50.87366810902584,4.714444423409694,2017,8,14,24062,Leuven,Normaal,Droog,Dag,met lichtgewonden,6,Bromfiets,3,Fiets,Op Kruispunt,Gewestweg,binnen bebouwde kom,Tussen 2 bestuurders: Frontale botsing,Geen hindernis
3475,151,Leuven,District Leuven,50.8690262,4.6854839,0.8027584101988843,50.875397845442855,4.690862766774313,2017,8,19,24062,Leuven,Normaal,Droog,Dag,met lichtgewonden,3,Fiets,9,personenauto,Buiten Kruispunt,Gemeenteweg,binnen bebouwde kom,Tss. 2 best.: langs opzij (voor-/achterkant-flank),Geen hindernis
3486,101,Diest teller 1,Diest,50.97799,5.04481,0.7468025923042615,50.982522228115286,5.052682411639142,2017,8,17,24020,Diest,Normaal,Droog,Dag,met lichtgewonden,3,Fiets,8,Voetganger,Buiten Kruispunt,Gemeenteweg,binnen bebouwde kom,Met een voetganger,Geen hindernis
3486,102,Diest teller 2,Diest,50.9779,5.04474,0.7571837632392877,50.982522228115286,5.052682411639142,2017,8,17,24020,Diest,Normaal,Droog,Dag,met lichtgewonden,3,Fiets,8,Voetganger,Buiten Kruispunt,Gemeenteweg,binnen bebouwde kom,Met een voetganger,Geen hindernis
3489,101,Diest teller 1,Diest,50.97799,5.04481,0.04771157508636574,50.978340211118756,5.045203756850664,2017,8,10,24020,Diest,Normaal,Droog,Dag,met lichtgewonden,9,personenauto,3,Fiets,Buiten Kruispunt,Gewestweg,binnen bebouwde kom,Tss. 2 best.: langs opzij (voor-/achterkant-flank),Geen hindernis
3489,102,Diest teller 2,Diest,50.9779,5.04474,0.058738245318281895,50.978340211118756,5.045203756850664,2017,8,10,24020,Diest,Normaal,Droog,Dag,met lichtgewonden,9,personenauto,3,Fiets,Buiten Kruispunt,Gewestweg,binnen bebouwde kom,Tss. 2 best.: langs opzij (voor-/achterkant-flank),Geen hindernis
3493,86,Asse teller 2,Asse,50.89132,4.1709,0.9843075556410743,50.88283099032761,4.16692247147479,2017,8,7,23086,Ternat,Normaal,"Nat, plassen",Dageraad - schemering,met lichtgewonden,9,personenauto,3,Fiets,Op Kruispunt,Gewestweg,binnen bebouwde kom,Tss. 2 best.: langs opzij (voor-/achterkant-flank),Geen hindernis
3501,71,Kampenhout teller 2,Kampenhout,50.95589,4.59164,0.15716749015911824,50.95512349266718,4.593525233359327,2017,8,7,23038,Kampenhout,Normaal,Droog,Dag,met lichtgewonden,6,Bromfiets,3,Fiets,Op Kruispunt,Gewestweg,buiten bebouwde kom,Tussen 2 bestuurders: Frontale botsing,Geen hindernis
3501,70,Kampenhout teller 1,Kampenhout,50.95682,4.59318,0.1901865516471831,50.95512349266718,4.593525233359327,2017,8,7,23038,Kampenhout,Normaal,Droog,Dag,met lichtgewonden,6,Bromfiets,3,Fiets,Op Kruispunt,Gewestweg,buiten bebouwde kom,Tussen 2 bestuurders: Frontale botsing,Geen hindernis
3581,128,Lokeren teller 1,Lokeren,51.09644,3.97023,0.5096794072399505,51.09998072770806,3.9748652351774916,2017,8,15,46014,Lokeren,Normaal,Droog,Dag,met lichtgewonden,9,personenauto,3,Fiets,Buiten Kruispunt,Gewestweg,binnen bebouwde kom,Tss. 2 best.: langs opzij (voor-/achterkant-flank),Geen hindernis
3581,129,Lokeren teller 2,Lokeren,51.09612,3.97025,0.5368017725144867,51.09998072770806,3.9748652351774916,2017,8,15,46014,Lokeren,Normaal,Droog,Dag,met lichtgewonden,9,personenauto,3,Fiets,Buiten Kruispunt,Gewestweg,binnen bebouwde kom,Tss. 2 best.: langs opzij (voor-/achterkant-flank),Geen hindernis
3592,11,Aalst 3,Aalst,50.93385,4.01647,0.9195586951171293,50.934946790935776,4.029476360695604,2017,8,11,41002,Aalst,Regenval,"Nat, plassen",Dag,met lichtgewonden,9,personenauto,3,Fiets,Op Kruispunt,Gewestweg,binnen bebouwde kom,Tss. 2 best.: langs opzij (voor-/achterkant-flank),Geen hindernis
3592,10,Aalst 2,Aalst,50.93549,4.01571,0.9665654318158146,50.934946790935776,4.029476360695604,2017,8,11,41002,Aalst,Regenval,"Nat, plassen",Dag,met lichtgewonden,9,personenauto,3,Fiets,Op Kruispunt,Gewestweg,binnen bebouwde kom,Tss. 2 best.: langs opzij (voor-/achterkant-flank),Geen hindernis
3599,142,TEST Validatie BRUGGE Y2H22022134,Brugge,51.22632,3.24095,0.6402742225096466,51.22179553901255,3.2352629980347145,2017,8,14,31005,Brugge,Normaal,Droog,Dag,met lichtgewonden,7,Motorfiets,3,Fiets,Buiten Kruispunt,Gemeenteweg,binnen bebouwde kom,Tss. 2 best.: langs opzij (voor-/achterkant-flank),Geen hindernis
3599,52,Brugge,Brugge,51.22632,3.24095,0.6402742225096466,51.22179553901255,3.2352629980347145,2017,8,14,31005,Brugge,Normaal,Droog,Dag,met lichtgewonden,7,Motorfiets,3,Fiets,Buiten Kruispunt,Gemeenteweg,binnen bebouwde kom,Tss. 2 best.: langs opzij (voor-/achterkant-flank),Geen hindernis
3603,54,Brugge teller 2,Brugge,51.23015,3.22818,0.8145679316442742,51.22284043796439,3.2289532720846497,2017,8,14,31005,Brugge,Normaal,Droog,Dag,met lichtgewonden,3,Fiets,11,een weggebruiker tegen een hindernis,Buiten Kruispunt,Gewestweg,binnen bebouwde kom,Weggebruiker tegen hindernis op de rijbaan,Op de rijbaan: Lading
3603,53,Brugge teller 1,Brugge,51.23023,3.228,0.824358810220436,51.22284043796439,3.2289532720846497,2017,8,14,31005,Brugge,Normaal,Droog,Dag,met lichtgewonden,3,Fiets,11,een weggebruiker tegen een hindernis,Buiten Kruispunt,Gewestweg,binnen bebouwde kom,Weggebruiker tegen hindernis op de rijbaan,Op de rijbaan: Lading
3603,52,Brugge,Brugge,51.22632,3.24095,0.920673054920633,51.22284043796439,3.2289532720846497,2017,8,14,31005,Brugge,Normaal,Droog,Dag,met lichtgewonden,3,Fiets,11,een weggebruiker tegen een hindernis,Buiten Kruispunt,Gewestweg,binnen bebouwde kom,Weggebruiker tegen hindernis op de rijbaan,Op de rijbaan: Lading
3603,142,TEST Validatie BRUGGE Y2H22022134,Brugge,51.22632,3.24095,0.920673054920633,51.22284043796439,3.2289532720846497,2017,8,14,31005,Brugge,Normaal,Droog,Dag,met lichtgewonden,3,Fiets,11,een weggebruiker tegen een hindernis,Buiten Kruispunt,Gewestweg,binnen bebouwde kom,Weggebruiker tegen hindernis op de rijbaan,Op de rijbaan: Lading
3631,18,Oostende 1,Oostende,51.21378,2.92765,0.7981347319949149,51.216127741758804,2.9384785144383896,2017,8,12,35013,Oostende,Normaal,Droog,Dag,met lichtgewonden,3,Fiets,8,Voetganger,Buiten Kruispunt,Gemeenteweg,binnen bebouwde kom,Met een voetganger,Geen hindernis
3631,15,Oostende 2,Oostende,51.21371,2.92743,0.8151652495302107,51.216127741758804,2.9384785144383896,2017,8,12,35013,Oostende,Normaal,Droog,Dag,met lichtgewonden,3,Fiets,8,Voetganger,Buiten Kruispunt,Gemeenteweg,binnen bebouwde kom,Met een voetganger,Geen hindernis
3634,15,Oostende 2,Oostende,51.21371,2.92743,0.4613069526188462,51.20995905830287,2.9302593945806117,2017,8,10,35013,Oostende,Normaal,Droog,Dag,met lichtgewonden,9,personenauto,3,Fiets,Op Kruispunt,Gemeenteweg,binnen bebouwde kom,Tss. 2 best.: langs opzij (voor-/achterkant-flank),Geen hindernis
3634,18,Oostende 1,Oostende,51.21378,2.92765,0.4621166424629185,51.20995905830287,2.9302593945806117,2017,8,10,35013,Oostende,Normaal,Droog,Dag,met lichtgewonden,9,personenauto,3,Fiets,Op Kruispunt,Gemeenteweg,binnen bebouwde kom,Tss. 2 best.: langs opzij (voor-/achterkant-flank),Geen hindernis
3656,16,Kortrijk 1,Kortrijk,50.83332,3.27777,0.08611113940163467,50.83284625815824,3.276800041135042,2017,8,17,34022,Kortrijk,Normaal,Droog,Dag,met lichtgewonden,9,personenauto,3,Fiets,Op Kruispunt,Gewestweg,binnen bebouwde kom,Tussen 2 bestuurders: Frontale botsing,Geen hindernis
3656,17,Kortrijk 2,Kortrijk,50.83339,3.27773,0.0889996346065085,50.83284625815824,3.276800041135042,2017,8,17,34022,Kortrijk,Normaal,Droog,Dag,met lichtgewonden,9,personenauto,3,Fiets,Op Kruispunt,Gewestweg,binnen bebouwde kom,Tussen 2 bestuurders: Frontale botsing,Geen hindernis
3665,65,Nieuwpoort teller 2,Nieuwpoort,51.13435,2.75511,0.30044696296408263,51.13359682755818,2.7509747278253784,2017,8,13,38016,Nieuwpoort,Normaal,Droog,Dag,met lichtgewonden,3,Fiets,5,Lichte vrachtauto,Op Kruispunt,Gewestweg,binnen bebouwde kom,Tss. 2 best.: langs opzij (voor-/achterkant-flank),Geen hindernis
3665,64,Nieuwpoort teller 1,Nieuwpoort,51.13359,2.75737,0.4462343194372577,51.13359682755818,2.7509747278253784,2017,8,13,38016,Nieuwpoort,Normaal,Droog,Dag,met lichtgewonden,3,Fiets,5,Lichte vrachtauto,Op Kruispunt,Gewestweg,binnen bebouwde kom,Tss. 2 best.: langs opzij (voor-/achterkant-flank),Geen hindernis
3665,66,Nieuwpoort totem,Nieuwpoort,51.1347,2.74369,0.5228821904019134,51.13359682755818,2.7509747278253784,2017,8,13,38016,Nieuwpoort,Normaal,Droog,Dag,met lichtgewonden,3,Fiets,5,Lichte vrachtauto,Op Kruispunt,Gewestweg,binnen bebouwde kom,Tss. 2 best.: langs opzij (voor-/achterkant-flank),Geen hindernis
3665,63,Nieuwpoort teller 3,Nieuwpoort,51.13529,2.74289,0.5946948728771685,51.13359682755818,2.7509747278253784,2017,8,13,38016,Nieuwpoort,Normaal,Droog,Dag,met lichtgewonden,3,Fiets,5,Lichte vrachtauto,Op Kruispunt,Gewestweg,binnen bebouwde kom,Tss. 2 best.: langs opzij (voor-/achterkant-flank),Geen hindernis
3671,68,Ieper,Ieper,50.85032,2.85608,0.16627114411565205,50.85074996755613,2.853811572529685,2017,8,17,33011,Ieper,Normaal,Droog,Dag,met lichtgewonden,3,Fiets,10,"één bestuurder, geen hindernis",Buiten Kruispunt,Gewestweg,buiten bebouwde kom,"Eén bestuurder, geen hindernis (incl. val)",Geen hindernis
3671,67,Ieper totem,Ieper,50.85018,2.85624,0.18188109789932067,50.85074996755613,2.853811572529685,2017,8,17,33011,Ieper,Normaal,Droog,Dag,met lichtgewonden,3,Fiets,10,"één bestuurder, geen hindernis",Buiten Kruispunt,Gewestweg,buiten bebouwde kom,"Eén bestuurder, geen hindernis (incl. val)",Geen hindernis
3689,100,Mechelen teller 2,Mechelen,51.0457,4.46883,0.4757951904949246,51.049725243708544,4.466521281574903,2017,8,22,12025,Mechelen,Normaal,Droog,"Nacht, openbare verlichting aanwezig en ontstoken",met lichtgewonden,9,personenauto,3,Fiets,Op Kruispunt,Gewestweg,binnen bebouwde kom,Tss. 2 best.: langs opzij (voor-/achterkant-flank),Geen hindernis
3689,99,Mechelen teller 1,Mechelen,51.04564,4.46882,0.4818431059813998,51.049725243708544,4.466521281574903,2017,8,22,12025,Mechelen,Normaal,Droog,"Nacht, openbare verlichting aanwezig en ontstoken",met lichtgewonden,9,personenauto,3,Fiets,Op Kruispunt,Gewestweg,binnen bebouwde kom,Tss. 2 best.: langs opzij (voor-/achterkant-flank),Geen hindernis
3696,140,Hasselt ring,Hasselt,50.9300038,5.3438616,0.8699850391392043,50.92828914618276,5.3559732858719995,2017,8,8,71022,Hasselt,Normaal,Proper,Dag,met lichtgewonden,9,personenauto,3,Fiets,Op Kruispunt,Gewestweg,binnen bebouwde kom,Tussen 2 bestuurders: Frontale botsing,Geen hindernis
3702,140,Hasselt ring,Hasselt,50.9300038,5.3438616,0.4628051819644861,50.931966766693485,5.338038354278031,2017,8,6,71022,Hasselt,Normaal,Droog+Proper,Dageraad - schemering,met lichtgewonden,3,Fiets,3,Fiets,Op Kruispunt,Gemeenteweg,binnen bebouwde kom,Tss. 2 best.: langs opzij (voor-/achterkant-flank),Geen hindernis
3702,138,Hasselt-Kempische brug,Hasselt,50.9405318,5.3422472,0.9970084427278707,50.931966766693485,5.338038354278031,2017,8,6,71022,Hasselt,Normaal,Droog+Proper,Dageraad - schemering,met lichtgewonden,3,Fiets,3,Fiets,Op Kruispunt,Gemeenteweg,binnen bebouwde kom,Tss. 2 best.: langs opzij (voor-/achterkant-flank),Geen hindernis
4028,89,Westerlo teller 2,Westerlo,51.08191,4.91334,0.09574496504636476,51.0810894983241,4.913755682766724,2017,10,8,13013,Herselt,Onbekend,Droog,Dag,met zwaargewonden,3,Fiets,5,Lichte vrachtauto,Op Kruispunt,Gewestweg,buiten bebouwde kom,Tss. 2 best.: langs opzij (voor-/achterkant-flank),Geen hindernis
4028,88,Westerlo teller 1,Westerlo,51.082,4.91325,0.10722857646286305,51.0810894983241,4.913755682766724,2017,10,8,13013,Herselt,Onbekend,Droog,Dag,met zwaargewonden,3,Fiets,5,Lichte vrachtauto,Op Kruispunt,Gewestweg,buiten bebouwde kom,Tss. 2 best.: langs opzij (voor-/achterkant-flank),Geen hindernis
4029,127,Geel totem,Westerlo,51.1342966,4.9400421,0.9338076438221508,51.125950150505496,4.941521622104209,2017,9,5,13008,Geel,Onbekend,Onbekend,"Nacht, openbare verlichting aanwezig en ontstoken",met lichtgewonden,9,personenauto,3,Fiets,Op Kruispunt,Gewestweg,buiten bebouwde kom,Tss. 2 best.: langs opzij (voor-/achterkant-flank),Geen hindernis
4032,88,Westerlo teller 1,Westerlo,51.082,4.91325,0.6397379451659878,51.08754008383771,4.910779717604742,2017,9,11,13049,Westerlo,Normaal,Droog,Dag,met lichtgewonden,9,personenauto,3,Fiets,Op Kruispunt,Gewestweg,binnen bebouwde kom,Tussen 2 bestuurders: Frontale botsing,Geen hindernis
4032,89,Westerlo teller 2,Westerlo,51.08191,4.91334,0.6510788488802134,51.08754008383771,4.910779717604742,2017,9,11,13049,Westerlo,Normaal,Droog,Dag,met lichtgewonden,9,personenauto,3,Fiets,Op Kruispunt,Gewestweg,binnen bebouwde kom,Tussen 2 bestuurders: Frontale botsing,Geen hindernis
4050,94,Herentals teller 2,Herentals,51.17345,4.81283,0.6886712358036718,51.17502054341481,4.822385606744172,2017,9,10,13011,Herentals,Normaal,Droog,Dag,met lichtgewonden,9,personenauto,3,Fiets,Op Kruispunt,Gewestweg,binnen bebouwde kom,Tss. 2 best.: langs opzij (voor-/achterkant-flank),Geen hindernis
4050,110,Herentals totem,Herentals,51.1739426,4.811783,0.7488029859909221,51.17502054341481,4.822385606744172,2017,9,10,13011,Herentals,Normaal,Droog,Dag,met lichtgewonden,9,personenauto,3,Fiets,Op Kruispunt,Gewestweg,binnen bebouwde kom,Tss. 2 best.: langs opzij (voor-/achterkant-flank),Geen hindernis
4055,94,Herentals teller 2,Herentals,51.17345,4.81283,0.8481902213548889,51.17516863021234,4.824683878511434,2017,10,17,13011,Herentals,Normaal,Droog,Dag,met lichtgewonden,9,personenauto,3,Fiets,Buiten Kruispunt,Gemeenteweg,binnen bebouwde kom,Tss. 2 best.: langs opzij (voor-/achterkant-flank),Geen hindernis
4055,110,Herentals totem,Herentals,51.1739426,4.811783,0.9096410392422039,51.17516863021234,4.824683878511434,2017,10,17,13011,Herentals,Normaal,Droog,Dag,met lichtgewonden,9,personenauto,3,Fiets,Buiten Kruispunt,Gemeenteweg,binnen bebouwde kom,Tss. 2 best.: langs opzij (voor-/achterkant-flank),Geen hindernis
4065,46,Pelt teller 2,Pelt,51.231,5.44375,0.9347587083042297,51.227196489138194,5.431778223751652,2017,10,14,72043,Pelt,Normaal,Droog,Dag,met zwaargewonden,9,personenauto,3,Fiets,Buiten Kruispunt,Gewestweg,binnen bebouwde kom,Tss. 2 best.: langs opzij (voor-/achterkant-flank),Geen hindernis
4065,45,Pelt teller 1,Pelt,51.23127,5.44377,0.9499420312850853,51.227196489138194,5.431778223751652,2017,10,14,72043,Pelt,Normaal,Droog,Dag,met zwaargewonden,9,personenauto,3,Fiets,Buiten Kruispunt,Gewestweg,binnen bebouwde kom,Tss. 2 best.: langs opzij (voor-/achterkant-flank),Geen hindernis
4066,46,Pelt teller 2,Pelt,51.231,5.44375,0.9692528665791204,51.228832319739325,5.430267228354143,2017,9,8,72043,Pelt,Normaal,Droog,Dag,met lichtgewonden,9,personenauto,3,Fiets,Op Kruispunt,Gemeenteweg,binnen bebouwde kom,Tss. 2 best.: langs opzij (voor-/achterkant-flank),Geen hindernis
4066,45,Pelt teller 1,Pelt,51.23127,5.44377,0.9784870956662088,51.228832319739325,5.430267228354143,2017,9,8,72043,Pelt,Normaal,Droog,Dag,met lichtgewonden,9,personenauto,3,Fiets,Op Kruispunt,Gemeenteweg,binnen bebouwde kom,Tss. 2 best.: langs opzij (voor-/achterkant-flank),Geen hindernis
4105,25,Bree,Bree,51.13679500160176,5.597669323604317,0.6244296092179106,51.1421947946012,5.595211780673086,2017,9,14,72004,Bree,Normaal,Droog,Dag,dodelijk gewonden,9,personenauto,3,Fiets,Op Kruispunt,Gewestweg,binnen bebouwde kom,Tss. 2 best.: langs opzij (voor-/achterkant-flank),Geen hindernis
4117,14,Genk,Genk,50.97172,5.48927,0.8978697763568689,50.96438405431888,5.494627980409244,2017,10,15,71016,Genk,Normaal,Droog,Dag,met lichtgewonden,9,personenauto,3,Fiets,Op Kruispunt,Gemeenteweg,binnen bebouwde kom,Tss. 2 best.: langs opzij (voor-/achterkant-flank),Geen hindernis
4120,69,Leuven teller 1,Leuven,50.87549,4.71526,0.05879151349908873,50.87497526773162,4.71545149088372,2017,10,18,24062,Leuven,Onbekend,Onbekend,Dag,met lichtgewonden,3,Fiets,3,Fiets,Buiten Kruispunt,Gewestweg,binnen bebouwde kom,Tussen 2 bestuurders: Frontale botsing,Geen hindernis
4122,151,Leuven,District Leuven,50.8690262,4.6854839,0.5462545288713648,50.86503516634147,4.680945220172746,2017,11,12,24062,Leuven,Normaal,Droog,Dag,met lichtgewonden,9,personenauto,3,Fiets,Op Kruispunt,Gemeenteweg,binnen bebouwde kom,Tussen 2 bestuurders: Frontale botsing,Geen hindernis
4123,151,Leuven,District Leuven,50.8690262,4.6854839,0.5233005704346624,50.873343753356295,4.6884512590896055,2017,10,13,24062,Leuven,Normaal,Droog,Dag,met lichtgewonden,9,personenauto,3,Fiets,Op Kruispunt,Gewestweg,binnen bebouwde kom,Tussen 2 bestuurders: Frontale botsing,Geen hindernis
4124,69,Leuven teller 1,Leuven,50.87549,4.71526,0.3286838791984537,50.875264095423276,4.710589259962661,2017,9,15,24062,Leuven,Normaal,Droog,Dag,met lichtgewonden,9,personenauto,3,Fiets,Buiten Kruispunt,Gemeenteweg,binnen bebouwde kom,Tussen 2 bestuurders: Langs achteren,Geen hindernis
4127,108,Heverlee teller 1,Leuven,50.8471728,4.6954674,0.9698175780972481,50.85589296442163,4.695733210153806,2017,10,8,24062,Leuven,Normaal,Droog,Dageraad - schemering,met lichtgewonden,3,Fiets,8,Voetganger,Buiten Kruispunt,Gewestweg,binnen bebouwde kom,Met een voetganger,Geen hindernis
4132,151,Leuven,District Leuven,50.8690262,4.6854839,0.9685496915386986,50.875098496289525,4.67558803236258,2017,10,15,24062,Leuven,Normaal,Droog,Dag,met lichtgewonden,9,personenauto,3,Fiets,Buiten Kruispunt,Gewestweg,binnen bebouwde kom,Tss. 2 best.: langs opzij (voor-/achterkant-flank),Geen hindernis
4138,77,Leuven teller 2,Leuven,50.88672,4.70796,0.3401408856663086,50.888825294272934,4.704442113423112,2017,10,18,24062,Leuven,Normaal,Proper,Dag,met lichtgewonden,9,personenauto,3,Fiets,Buiten Kruispunt,Gemeenteweg,binnen bebouwde kom,Tss. 2 best.: langs opzij (voor-/achterkant-flank),Geen hindernis
4138,107,leuven totem,Leuven,50.8870744,4.7087919,0.3619433178920711,50.888825294272934,4.704442113423112,2017,10,18,24062,Leuven,Normaal,Proper,Dag,met lichtgewonden,9,personenauto,3,Fiets,Buiten Kruispunt,Gemeenteweg,binnen bebouwde kom,Tss. 2 best.: langs opzij (voor-/achterkant-flank),Geen hindernis
4141,77,Leuven teller 2,Leuven,50.88672,4.70796,0.7961552997267166,50.879696481774914,4.705754733106582,2017,10,13,24062,Leuven,Normaal,Droog,Dag,met lichtgewonden,3,Fiets,3,Fiets,Op Kruispunt,Gemeenteweg,binnen bebouwde kom,Tss. 2 best.: langs opzij (voor-/achterkant-flank),Geen hindernis
4141,69,Leuven teller 1,Leuven,50.87549,4.71526,0.8145816449538172,50.879696481774914,4.705754733106582,2017,10,13,24062,Leuven,Normaal,Droog,Dag,met lichtgewonden,3,Fiets,3,Fiets,Op Kruispunt,Gemeenteweg,binnen bebouwde kom,Tss. 2 best.: langs opzij (voor-/achterkant-flank),Geen hindernis
4141,107,leuven totem,Leuven,50.8870744,4.7087919,0.8476037947344048,50.879696481774914,4.705754733106582,2017,10,13,24062,Leuven,Normaal,Droog,Dag,met lichtgewonden,3,Fiets,3,Fiets,Op Kruispunt,Gemeenteweg,binnen bebouwde kom,Tss. 2 best.: langs opzij (voor-/achterkant-flank),Geen hindernis
4143,69,Leuven teller 1,Leuven,50.87549,4.71526,0.19381385485082925,50.87453081617732,4.712953630226136,2017,9,8,24062,Leuven,Normaal,Droog,Dag,met lichtgewonden,9,personenauto,3,Fiets,Buiten Kruispunt,Gemeenteweg,binnen bebouwde kom,Tussen 2 bestuurders: Langs achteren,Geen hindernis
4144,151,Leuven,District Leuven,50.8690262,4.6854839,0.6842770516307788,50.86606168459805,4.694028661574515,2017,9,13,24062,Leuven,Normaal,Droog,Dag,met lichtgewonden,3,Fiets,3,Fiets,Buiten Kruispunt,Gemeenteweg,binnen bebouwde kom,Tss. 2 best.: langs opzij (voor-/achterkant-flank),Geen hindernis
4145,69,Leuven teller 1,Leuven,50.87549,4.71526,0.5816727305646862,50.872016673659616,4.721458719172592,2017,9,15,24062,Leuven,Normaal,Droog,Dag,met lichtgewonden,9,personenauto,3,Fiets,Buiten Kruispunt,Gewestweg,binnen bebouwde kom,Tss. 2 best.: langs opzij (voor-/achterkant-flank),Geen hindernis
4150,77,Leuven teller 2,Leuven,50.88672,4.70796,0.6172727158383382,50.88749593679769,4.699246729051823,2017,9,12,24062,Leuven,Normaal,Droog,Dag,met lichtgewonden,3,Fiets,9,personenauto,Op Kruispunt,Gemeenteweg,binnen bebouwde kom,Tss. 2 best.: langs opzij (voor-/achterkant-flank),Geen hindernis
4150,107,leuven totem,Leuven,50.8870744,4.7087919,0.6712046927836404,50.88749593679769,4.699246729051823,2017,9,12,24062,Leuven,Normaal,Droog,Dag,met lichtgewonden,3,Fiets,9,personenauto,Op Kruispunt,Gemeenteweg,binnen bebouwde kom,Tss. 2 best.: langs opzij (voor-/achterkant-flank),Geen hindernis
4151,77,Leuven teller 2,Leuven,50.88672,4.70796,0.9020897696209627,50.879629129741154,4.701712642881052,2017,9,19,24062,Leuven,Normaal,Droog,Dag,met lichtgewonden,3,Fiets,8,Voetganger,Buiten Kruispunt,Gemeenteweg,binnen bebouwde kom,Met een voetganger,Geen hindernis
4151,107,leuven totem,Leuven,50.8870744,4.7087919,0.9654127376885906,50.879629129741154,4.701712642881052,2017,9,19,24062,Leuven,Normaal,Droog,Dag,met lichtgewonden,3,Fiets,8,Voetganger,Buiten Kruispunt,Gemeenteweg,binnen bebouwde kom,Met een voetganger,Geen hindernis
4153,69,Leuven teller 1,Leuven,50.87549,4.71526,0.22307699810233445,50.87348393017765,4.715293265151324,2017,9,13,24062,Leuven,Normaal,Droog,Dag,met lichtgewonden,9,personenauto,3,Fiets,Buiten Kruispunt,Gewestweg,binnen bebouwde kom,Tss. 2 best.: langs opzij (voor-/achterkant-flank),Geen hindernis
4166,24,Tienen 1,Tienen,50.8133795491886,4.935044252605416,0.03425028673718129,50.813071821087966,4.935065478891149,2017,9,8,24107,Tienen,Regenval,"Nat, plassen",Dageraad - schemering,met lichtgewonden,9,personenauto,3,Fiets,Op Kruispunt,Gewestweg,binnen bebouwde kom,Tss. 2 best.: langs opzij (voor-/achterkant-flank),Geen hindernis
4166,23,Tienen 3,Tienen,50.81324,4.93447,0.04582679040519459,50.813071821087966,4.935065478891149,2017,9,8,24107,Tienen,Regenval,"Nat, plassen",Dageraad - schemering,met lichtgewonden,9,personenauto,3,Fiets,Op Kruispunt,Gewestweg,binnen bebouwde kom,Tss. 2 best.: langs opzij (voor-/achterkant-flank),Geen hindernis
4166,22,Tienen 2,Tienen,50.81330800184882,4.935984252796022,0.06968952838735547,50.813071821087966,4.935065478891149,2017,9,8,24107,Tienen,Regenval,"Nat, plassen",Dageraad - schemering,met lichtgewonden,9,personenauto,3,Fiets,Op Kruispunt,Gewestweg,binnen bebouwde kom,Tss. 2 best.: langs opzij (voor-/achterkant-flank),Geen hindernis
4167,22,Tienen 2,Tienen,50.81330800184882,4.935984252796022,0.42806058880597386,50.809528774541874,4.937144174498935,2017,9,13,24107,Tienen,Normaal,Droog,Dag,met lichtgewonden,9,personenauto,3,Fiets,Buiten Kruispunt,Gemeenteweg,binnen bebouwde kom,Tss. 2 best.: langs opzij (voor-/achterkant-flank),Geen hindernis
4167,24,Tienen 1,Tienen,50.8133795491886,4.935044252605416,0.45289372855685156,50.809528774541874,4.937144174498935,2017,9,13,24107,Tienen,Normaal,Droog,Dag,met lichtgewonden,9,personenauto,3,Fiets,Buiten Kruispunt,Gemeenteweg,binnen bebouwde kom,Tss. 2 best.: langs opzij (voor-/achterkant-flank),Geen hindernis
4167,23,Tienen 3,Tienen,50.81324,4.93447,0.4534303883403569,50.809528774541874,4.937144174498935,2017,9,13,24107,Tienen,Normaal,Droog,Dag,met lichtgewonden,9,personenauto,3,Fiets,Buiten Kruispunt,Gemeenteweg,binnen bebouwde kom,Tss. 2 best.: langs opzij (voor-/achterkant-flank),Geen hindernis
4171,73,Herent teller 2,Herent,50.89128,4.64685,0.5923880294447134,50.893046550768496,4.638882017733279,2017,9,14,24038,Herent,Normaal,Droog,Dag,met lichtgewonden,3,Fiets,11,een weggebruiker tegen een hindernis,Op Kruispunt,Gewestweg,buiten bebouwde kom,Weggebruiker tegen hindernis buiten rijbaan,Buiten de rijbaan: Omheining
4171,72,Herent teller 1,Herent,50.89135,4.64689,0.5925112548543344,50.893046550768496,4.638882017733279,2017,9,14,24038,Herent,Normaal,Droog,Dag,met lichtgewonden,3,Fiets,11,een weggebruiker tegen een hindernis,Op Kruispunt,Gewestweg,buiten bebouwde kom,Weggebruiker tegen hindernis buiten rijbaan,Buiten de rijbaan: Omheining
4186,101,Diest teller 1,Diest,50.97799,5.04481,0.35792842605581776,50.9804223977403,5.048158624228712,2017,10,10,24020,Diest,Normaal,Droog,Dag,met lichtgewonden,9,personenauto,3,Fiets,Buiten Kruispunt,Gewestweg,binnen bebouwde kom,Tss. 2 best.: langs opzij (voor-/achterkant-flank),Geen hindernis