crash_row_id,site_id,site_name,site_gemeente,site_lat,site_long,distance_km,crash_lat,crash_long,DT_YEAR_COLLISION,DT_MONTH_COLLISION,DT_TIME,CD_NIS,TX_MUNTY_COLLISION_NL,TX_WEATHER_NL,TX_ROAD_CONDITION_NL,TX_LIGHT_CONDITION_NL,TX_CLASS_ACCIDENTS_NL,CD_ROAD_USR_TYPE1,TX_ROAD_USR_TYPE1_NL,CD_ROAD_USR_TYPE2,TX_ROAD_USR_TYPE2_NL,TX_CROSSWAY_NL,CD_ROAD_TYPE_NL,TX_BUILD_UP_AREA_NL,TX_COLLISION_TYPE_NL,TX_OBSTACLES_NL
4186,102,Diest teller 2,Diest,50.9779,5.04474,0.3687115979657192,50.9804223977403,5.048158624228712,2017,10,10,24020,Diest,Normaal,Droog,Dag,met lichtgewonden,9,personenauto,3,Fiets,Buiten Kruispunt,Gewestweg,binnen bebouwde kom,Tss. 2 best.: langs opzij (voor-/achterkant-flank),Geen hindernis
4188,101,Diest teller 1,Diest,50.97799,5.04481,0.7896521790480232,50.98364124677097,5.051640847432813,2017,9,11,24020,Diest,Normaal,"Nat, plassen",Dag,met zwaargewonden,5,Lichte vrachtauto,3,Fiets,Op Kruispunt,Gemeenteweg,binnen bebouwde kom,Tss. 2 best.: langs opzij (voor-/achterkant-flank),Geen hindernis
4188,102,Diest teller 2,Diest,50.9779,5.04474,0.8005868147515476,50.98364124677097,5.051640847432813,2017,9,11,24020,Diest,Normaal,"Nat, plassen",Dag,met zwaargewonden,5,Lichte vrachtauto,3,Fiets,Op Kruispunt,Gemeenteweg,binnen bebouwde kom,Tss. 2 best.: langs opzij (voor-/achterkant-flank),Geen hindernis
4192,87,Aarschot,Aarschot,50.99084,4.81259,0.2017743783785737,50.990622607807076,4.8097279097598316,2017,9,18,24007,Begijnendijk,Normaal,Droog+Proper,Dag,met lichtgewonden,3,Fiets,9,personenauto,Op Kruispunt,Gewestweg,buiten bebouwde kom,Tussen 2 bestuurders: Langs achteren,Geen hindernis
4195,87,Aarschot,Aarschot,50.99084,4.81259,0.18575958792082087,50.99024294480608,4.810111258986263,2017,10,13,24007,Begijnendijk,Normaal,Droog,Dag,met zwaargewonden,9,personenauto,3,Fiets,Buiten Kruispunt,Gewestweg,buiten bebouwde kom,Tss. 2 best.: langs opzij (voor-/achterkant-flank),Geen hindernis
4200,111,Zaventem totem,Zaventem,50.8871216,4.4597084,0.8179585846249661,50.88505040294461,4.470896975474746,2017,10,19,23094,Zaventem,Regenval,"Nat, plassen","Nacht, openbare verlichting aanwezig en ontstoken",met zwaargewonden,9,personenauto,3,Fiets,Op Kruispunt,Gemeenteweg,binnen bebouwde kom,Tussen 2 bestuurders: Frontale botsing,Geen hindernis
4203,111,Zaventem totem,Zaventem,50.8871216,4.4597084,0.9575029216019896,50.88877523638242,4.473104463212727,2017,11,7,23094,Zaventem,Normaal,Droog,Dag,met lichtgewonden,9,personenauto,3,Fiets,Op Kruispunt,Gewestweg,binnen bebouwde kom,Tss. 2 best.: langs opzij (voor-/achterkant-flank),Geen hindernis
4205,111,Zaventem totem,Zaventem,50.8871216,4.4597084,0.8986328622310915,50.89073237498684,4.471169749085022,2017,10,6,23094,Zaventem,Normaal,Droog,Dag,met lichtgewonden,9,personenauto,3,Fiets,Buiten Kruispunt,Gewestweg,binnen bebouwde kom,Tss. 2 best.: langs opzij (voor-/achterkant-flank),Geen hindernis
4208,26,Zaventem,Zaventem,50.86995,4.45444,0.4703357863231983,50.866077089503335,4.451745379430401,2017,9,13,23099,Kraainem,Normaal,Droog,Dag,met zwaargewonden,9,personenauto,3,Fiets,Op Kruispunt,Gewestweg,buiten bebouwde kom,Tss. 2 best.: langs opzij (voor-/achterkant-flank),Geen hindernis
4248,47,Vilvoorde,Vilvoorde,50.91372,4.41497,0.8235416914771616,50.92050253584118,4.4102511862355005,2017,10,8,23088,Vilvoorde,Normaal,Droog,Dag,met lichtgewonden,9,personenauto,3,Fiets,Buiten Kruispunt,Gemeenteweg,binnen bebouwde kom,Tussen 2 bestuurders: Langs achteren,Geen hindernis
4255,119,Gent teller 2,Gent,51.0281795,3.7683918,0.028015317256526118,51.02796631451085,3.7686052934955527,2017,10,15,44021,Gent,Normaal,Droog,Dag,met lichtgewonden,3,Fiets,9,personenauto,Buiten Kruispunt,Gewestweg,onbekend,Tss. 2 best.: langs opzij (voor-/achterkant-flank),Geen hindernis
4255,118,Gent teller 1,Gent,51.028049,3.7681359,0.03409027919138015,51.02796631451085,3.7686052934955527,2017,10,15,44021,Gent,Normaal,Droog,Dag,met lichtgewonden,3,Fiets,9,personenauto,Buiten Kruispunt,Gewestweg,onbekend,Tss. 2 best.: langs opzij (voor-/achterkant-flank),Geen hindernis
4303,13,Gent,Gent,51.03018,3.70146,0.6484062670893685,51.03161663555853,3.692473664854198,2017,9,10,44021,Gent,Normaal,Droog+Proper,Dag,met lichtgewonden,6,Bromfiets,3,Fiets,Op Kruispunt,Autosnelweg,buiten bebouwde kom,Tussen 2 bestuurders: Frontale botsing,Geen hindernis
4326,13,Gent,Gent,51.03018,3.70146,0.6912316378433583,51.024955355816516,3.7068157524870613,2017,10,17,44021,Gent,Onbekend,Onbekend,Onbekend,met lichtgewonden,3,Fiets,11,een weggebruiker tegen een hindernis,Op Kruispunt,Gewestweg,binnen bebouwde kom,Weggebruiker tegen hindernis op de rijbaan,Op de rijbaan: Dier (huisdier)
4330,118,Gent teller 1,Gent,51.028049,3.7681359,0.6201204396289989,51.03146664461777,3.7611286820174574,2017,9,17,44021,Gent,Normaal,Droog,Dag,met lichtgewonden,9,personenauto,3,Fiets,Op Kruispunt,Gewestweg,binnen bebouwde kom,Tss. 2 best.: langs opzij (voor-/achterkant-flank),Geen hindernis
4330,119,Gent teller 2,Gent,51.0281795,3.7683918,0.6257709758406658,51.03146664461777,3.7611286820174574,2017,9,17,44021,Gent,Normaal,Droog,Dag,met lichtgewonden,9,personenauto,3,Fiets,Op Kruispunt,Gewestweg,binnen bebouwde kom,Tss. 2 best.: langs opzij (voor-/achterkant-flank),Geen hindernis
4342,7,Evergem 1,Evergem,51.1089,3.70317,0.6086672294543868,51.10520964129701,3.709609007568309,2017,10,7,44019,Evergem,Normaal,Droog,Dageraad - schemering,met lichtgewonden,3,Fiets,9,personenauto,Op Kruispunt,Gewestweg,buiten bebouwde kom,Tss. 2 best.: langs opzij (voor-/achterkant-flank),Geen hindernis
4342,6,Evergem 2,Evergem,51.10894,3.70298,0.6214885503063148,51.10520964129701,3.709609007568309,2017,10,7,44019,Evergem,Normaal,Droog,Dageraad - schemering,met lichtgewonden,3,Fiets,9,personenauto,Op Kruispunt,Gewestweg,buiten bebouwde kom,Tss. 2 best.: langs opzij (voor-/achterkant-flank),Geen hindernis
4373,116,Melle teller 2,Melle,50.9986113,3.8040599,0.6867546202523567,51.004062855773995,3.7994474714647497,2017,10,16,44040,Melle,Normaal,Droog,Dag,met lichtgewonden,3,Fiets,3,Fiets,Buiten Kruispunt,Gewestweg,binnen bebouwde kom,Tussen 2 bestuurders: Langs achteren,Geen hindernis
4373,117,Melle teller 1,Melle,50.9986113,3.8040599,0.6867546202523567,51.004062855773995,3.7994474714647497,2017,10,16,44040,Melle,Normaal,Droog,Dag,met lichtgewonden,3,Fiets,3,Fiets,Buiten Kruispunt,Gewestweg,binnen bebouwde kom,Tussen 2 bestuurders: Langs achteren,Geen hindernis
4379,119,Gent teller 2,Gent,51.0281795,3.7683918,0.5031631588526944,51.02517665304083,3.773773903125158,2017,10,8,44040,Melle,Normaal,Droog,Dag,met lichtgewonden,3,Fiets,9,personenauto,Buiten Kruispunt,Gewestweg,binnen bebouwde kom,Tss. 2 best.: langs opzij (voor-/achterkant-flank),Geen hindernis
4379,118,Gent teller 1,Gent,51.028049,3.7681359,0.5074318497672526,51.02517665304083,3.773773903125158,2017,10,8,44040,Melle,Normaal,Droog,Dag,met lichtgewonden,3,Fiets,9,personenauto,Buiten Kruispunt,Gewestweg,binnen bebouwde kom,Tss. 2 best.: langs opzij (voor-/achterkant-flank),Geen hindernis
4380,116,Melle teller 2,Melle,50.9986113,3.8040599,0.8700484394315777,50.99139843613125,3.7992412400508098,2017,10,17,44040,Melle,Normaal,Droog,Dag,met lichtgewonden,3,Fiets,8,Voetganger,Buiten Kruispunt,Gewestweg,buiten bebouwde kom,Met een voetganger,Geen hindernis
4380,117,Melle teller 1,Melle,50.9986113,3.8040599,0.8700484394315777,50.99139843613125,3.7992412400508098,2017,10,17,44040,Melle,Normaal,Droog,Dag,met lichtgewonden,3,Fiets,8,Voetganger,Buiten Kruispunt,Gewestweg,buiten bebouwde kom,Met een voetganger,Geen hindernis
4385,119,Gent teller 2,Gent,51.0281795,3.7683918,0.3586923139596996,51.025618587990785,3.7715104695696784,2017,10,7,44040,Melle,Normaal,Droog,"Nacht, openbare verlichting aanwezig en ontstoken",met lichtgewonden,3,Fiets,6,Bromfiets,Buiten Kruispunt,Gewestweg,buiten bebouwde kom,Tussen 2 bestuurders: Frontale botsing,Geen hindernis
4385,118,Gent teller 1,Gent,51.028049,3.7681359,0.35879496585976745,51.025618587990785,3.7715104695696784,2017,10,7,44040,Melle,Normaal,Droog,"Nacht, openbare verlichting aanwezig en ontstoken",met lichtgewonden,3,Fiets,6,Bromfiets,Buiten Kruispunt,Gewestweg,buiten bebouwde kom,Tussen 2 bestuurders: Frontale botsing,Geen hindernis
4405,6,Evergem 2,Evergem,51.10894,3.70298,0.3597275958153735,51.11058186915694,3.6985400976807337,2017,10,14,44019,Evergem,Normaal,Droog,Dag,met lichtgewonden,9,personenauto,3,Fiets,Buiten Kruispunt,Gemeenteweg,binnen bebouwde kom,Tussen 2 bestuurders: Frontale botsing,Geen hindernis
4405,7,Evergem 1,Evergem,51.1089,3.70317,0.37342529452290735,51.11058186915694,3.6985400976807337,2017,10,14,44019,Evergem,Normaal,Droog,Dag,met lichtgewonden,9,personenauto,3,Fiets,Buiten Kruispunt,Gemeenteweg,binnen bebouwde kom,Tussen 2 bestuurders: Frontale botsing,Geen hindernis
4471,126,Hamme totem,Hamme,51.1017709,4.1469307,0.9547293027102571,51.10986589991462,4.142372305038349,2017,10,6,46025,Temse,Normaal,Droog,"Nacht, geen openbare verlichting aanwezig",met lichtgewonden,3,Fiets,4,Vrachtwagen,Op Kruispunt,Gewestweg,buiten bebouwde kom,Tussen 2 bestuurders: Langs achteren,Geen hindernis
4484,128,Lokeren teller 1,Lokeren,51.09644,3.97023,0.672446631278271,51.10230767938298,3.972560657068043,2017,9,15,46014,Lokeren,Normaal,Droog,Dag,met lichtgewonden,1,Autobus,3,Fiets,Buiten Kruispunt,Gemeenteweg,binnen bebouwde kom,Tss. 2 best.: langs opzij (voor-/achterkant-flank),Geen hindernis
4484,129,Lokeren teller 2,Lokeren,51.09612,3.97025,0.7067036393428899,51.10230767938298,3.972560657068043,2017,9,15,46014,Lokeren,Normaal,Droog,Dag,met lichtgewonden,1,Autobus,3,Fiets,Buiten Kruispunt,Gemeenteweg,binnen bebouwde kom,Tss. 2 best.: langs opzij (voor-/achterkant-flank),Geen hindernis
4508,126,Hamme totem,Hamme,51.1017709,4.1469307,0.7960910254738673,51.098692318480275,4.157223896746183,2017,9,7,42008,Hamme,Normaal,"Nat, plassen",Dageraad - schemering,met zwaargewonden,3,Fiets,5,Lichte vrachtauto,Op Kruispunt,Gemeenteweg,binnen bebouwde kom,Tss. 2 best.: langs opzij (voor-/achterkant-flank),Geen hindernis
4557,11,Aalst 3,Aalst,50.93385,4.01647,0.9897075774596887,50.932828340143416,4.030499650167748,2017,9,18,41002,Aalst,Normaal,Droog,Dag,met lichtgewonden,9,personenauto,3,Fiets,Buiten Kruispunt,Gewestweg,binnen bebouwde kom,Tss. 2 best.: langs opzij (voor-/achterkant-flank),Geen hindernis
4560,11,Aalst 3,Aalst,50.93385,4.01647,0.8846099766906221,50.93594438921342,4.028648378144031,2017,9,16,41002,Aalst,Normaal,Droog,Dag,met lichtgewonden,3,Fiets,9,personenauto,Op Kruispunt,Gewestweg,binnen bebouwde kom,Tss. 2 best.: langs opzij (voor-/achterkant-flank),Geen hindernis
4560,10,Aalst 2,Aalst,50.93549,4.01571,0.9080525282035407,50.93594438921342,4.028648378144031,2017,9,16,41002,Aalst,Normaal,Droog,Dag,met lichtgewonden,3,Fiets,9,personenauto,Op Kruispunt,Gewestweg,binnen bebouwde kom,Tss. 2 best.: langs opzij (voor-/achterkant-flank),Geen hindernis
4560,19,Aalst 1,Aalst,50.93433,4.01471,0.9930911791445988,50.93594438921342,4.028648378144031,2017,9,16,41002,Aalst,Normaal,Droog,Dag,met lichtgewonden,3,Fiets,9,personenauto,Op Kruispunt,Gewestweg,binnen bebouwde kom,Tss. 2 best.: langs opzij (voor-/achterkant-flank),Geen hindernis
4580,122,Dendermonde teller 2,Dendermonde,51.0373918,4.1019222,0.8221579809612023,51.03168378600968,4.094448682273977,2017,9,10,42006,Dendermonde,Normaal,Droog,Dag,met lichtgewonden,9,personenauto,3,Fiets,Buiten Kruispunt,Gemeenteweg,binnen bebouwde kom,Tss. 2 best.: langs opzij (voor-/achterkant-flank),Geen hindernis
4580,125,Dendermonde totem,Dendermonde,51.0372706,4.1025998,0.8430808421516978,51.03168378600968,4.094448682273977,2017,9,10,42006,Dendermonde,Normaal,Droog,Dag,met lichtgewonden,9,personenauto,3,Fiets,Buiten Kruispunt,Gemeenteweg,binnen bebouwde kom,Tss. 2 best.: langs opzij (voor-/achterkant-flank),Geen hindernis
4583,122,Dendermonde teller 2,Dendermonde,51.0373918,4.1019222,0.6392985380269955,51.042965414956385,4.10416563592096,2017,9,8,42006,Dendermonde,Normaal,Droog,Dag,met lichtgewonden,9,personenauto,3,Fiets,Op Kruispunt,Gewestweg,binnen bebouwde kom,Tussen 2 bestuurders: Frontale botsing,Geen hindernis
4583,125,Dendermonde totem,Dendermonde,51.0372706,4.1025998,0.6426285282912432,51.042965414956385,4.10416563592096,2017,9,8,42006,Dendermonde,Normaal,Droog,Dag,met lichtgewonden,9,personenauto,3,Fiets,Op Kruispunt,Gewestweg,binnen bebouwde kom,Tussen 2 bestuurders: Frontale botsing,Geen hindernis
4587,122,Dendermonde teller 2,Dendermonde,51.0373918,4.1019222,0.6392985380269955,51.042965414956385,4.10416563592096,2017,10,8,42006,Dendermonde,Normaal,Droog,Dageraad - schemering,met lichtgewonden,4,Vrachtwagen,3,Fiets,Op Kruispunt,Gewestweg,binnen bebouwde kom,Tss. 2 best.: langs opzij (voor-/achterkant-flank),Geen hindernis
4587,125,Dendermonde totem,Dendermonde,51.0372706,4.1025998,0.6426285282912432,51.042965414956385,4.10416563592096,2017,10,8,42006,Dendermonde,Normaal,Droog,Dageraad - schemering,met lichtgewonden,4,Vrachtwagen,3,Fiets,Op Kruispunt,Gewestweg,binnen bebouwde kom,Tss. 2 best.: langs opzij (voor-/achterkant-flank),Geen hindernis
4592,122,Dendermonde teller 2,Dendermonde,51.0373918,4.1019222,0.061820587917849106,51.03784872163625,4.102425904532823,2017,10,16,42006,Dendermonde,Normaal,Droog,Dag,met lichtgewonden,9,personenauto,3,Fiets,Buiten Kruispunt,Gewestweg,buiten bebouwde kom,Tss. 2 best.: langs opzij (voor-/achterkant-flank),Geen hindernis
4592,125,Dendermonde totem,Dendermonde,51.0372706,4.1025998,0.06542396801974093,51.03784872163625,4.102425904532823,2017,10,16,42006,Dendermonde,Normaal,Droog,Dag,met lichtgewonden,9,personenauto,3,Fiets,Buiten Kruispunt,Gewestweg,buiten bebouwde kom,Tss. 2 best.: langs opzij (voor-/achterkant-flank),Geen hindernis
4596,122,Dendermonde teller 2,Dendermonde,51.0373918,4.1019222,0.7004679465347834,51.0434611430275,4.104605348076696,2017,10,13,42006,Dendermonde,Normaal,Droog,Dag,met zwaargewonden,9,personenauto,3,Fiets,Buiten Kruispunt,Gewestweg,binnen bebouwde kom,Tss. 2 best.: langs opzij (voor-/achterkant-flank),Geen hindernis
4596,125,Dendermonde totem,Dendermonde,51.0372706,4.1025998,0.7024935148237599,51.0434611430275,4.104605348076696,2017,10,13,42006,Dendermonde,Normaal,Droog,Dag,met zwaargewonden,9,personenauto,3,Fiets,Buiten Kruispunt,Gewestweg,binnen bebouwde kom,Tss. 2 best.: langs opzij (voor-/achterkant-flank),Geen hindernis
4604,54,Brugge teller 2,Brugge,51.23015,3.22818,0.41586132897561057,51.22962244987114,3.234092731581914,2017,9,14,31005,Brugge,Normaal,Droog,Dag,met lichtgewonden,3,Fiets,3,Fiets,Buiten Kruispunt,Gemeenteweg,binnen bebouwde kom,Tussen 2 bestuurders: Frontale botsing,Geen hindernis
4604,53,Brugge teller 1,Brugge,51.23023,3.228,0.42958150802859224,51.22962244987114,3.234092731581914,2017,9,14,31005,Brugge,Normaal,Droog,Dag,met lichtgewonden,3,Fiets,3,Fiets,Buiten Kruispunt,Gemeenteweg,binnen bebouwde kom,Tussen 2 bestuurders: Frontale botsing,Geen hindernis
4604,52,Brugge,Brugge,51.22632,3.24095,0.602366288424867,51.22962244987114,3.234092731581914,2017,9,14,31005,Brugge,Normaal,Droog,Dag,met lichtgewonden,3,Fiets,3,Fiets,Buiten Kruispunt,Gemeenteweg,binnen bebouwde kom,Tussen 2 bestuurders: Frontale botsing,Geen hindernis
4604,142,TEST Validatie BRUGGE Y2H22022134,Brugge,51.22632,3.24095,0.602366288424867,51.22962244987114,3.234092731581914,2017,9,14,31005,Brugge,Normaal,Droog,Dag,met lichtgewonden,3,Fiets,3,Fiets,Buiten Kruispunt,Gemeenteweg,binnen bebouwde kom,Tussen 2 bestuurders: Frontale botsing,Geen hindernis
4616,53,Brugge teller 1,Brugge,51.23023,3.228,0.26194554879113074,51.232390954156145,3.2294979010003506,2017,9,8,31005,Brugge,Normaal,Droog,Dag,met lichtgewonden,9,personenauto,3,Fiets,Op Kruispunt,Gewestweg,binnen bebouwde kom,Tss. 2 best.: langs opzij (voor-/achterkant-flank),Geen hindernis
4616,54,Brugge teller 2,Brugge,51.23015,3.22818,0.2655417362500083,51.232390954156145,3.2294979010003506,2017,9,8,31005,Brugge,Normaal,Droog,Dag,met lichtgewonden,9,personenauto,3,Fiets,Op Kruispunt,Gewestweg,binnen bebouwde kom,Tss. 2 best.: langs opzij (voor-/achterkant-flank),Geen hindernis
4688,18,Oostende 1,Oostende,51.21378,2.92765,0.623144179818286,51.21726022739268,2.934662295211887,2017,10,10,35013,Oostende,Normaal,Droog,Dag,met lichtgewonden,9,personenauto,3,Fiets,Op Kruispunt,Gewestweg,binnen bebouwde kom,Tss. 2 best.: langs opzij (voor-/achterkant-flank),Geen hindernis
4688,15,Oostende 2,Oostende,51.21371,2.92743,0.6399977802905509,51.21726022739268,2.934662295211887,2017,10,10,35013,Oostende,Normaal,Droog,Dag,met lichtgewonden,9,personenauto,3,Fiets,Op Kruispunt,Gewestweg,binnen bebouwde kom,Tss. 2 best.: langs opzij (voor-/achterkant-flank),Geen hindernis
4707,56,Torhout teller 2,Torhout,51.07147,3.08244,0.1463762270221473,51.07212937364643,3.0806267484780663,2017,10,14,31033,Torhout,Normaal,Droog,Dag,met lichtgewonden,9,personenauto,3,Fiets,Op Kruispunt,Gewestweg,binnen bebouwde kom,Tussen 2 bestuurders: Frontale botsing,Geen hindernis
4707,55,Torhout teller 1,Torhout,51.07161,3.08261,0.15012054273816502,51.07212937364643,3.0806267484780663,2017,10,14,31033,Torhout,Normaal,Droog,Dag,met lichtgewonden,9,personenauto,3,Fiets,Op Kruispunt,Gewestweg,binnen bebouwde kom,Tussen 2 bestuurders: Frontale botsing,Geen hindernis
4745,143,Eco Display Classic Budastraat,Kortrijk,50.83066,3.26286,0.7748485440437747,50.83083700245395,3.2518308913619127,2017,10,15,34022,Kortrijk,Normaal,Droog,Dag,met lichtgewonden,3,Fiets,9,personenauto,Buiten Kruispunt,Gewestweg,binnen bebouwde kom,Tss. 2 best.: langs opzij (voor-/achterkant-flank),Geen hindernis
4746,17,Kortrijk 2,Kortrijk,50.83339,3.27773,0.11038192698848902,50.83415444204025,3.278732722839238,2017,9,12,34022,Kortrijk,Normaal,Droog,Dag,met lichtgewonden,9,personenauto,3,Fiets,Op Kruispunt,Gewestweg,binnen bebouwde kom,Tss. 2 best.: langs opzij (voor-/achterkant-flank),Geen hindernis
4746,16,Kortrijk 1,Kortrijk,50.83332,3.27777,0.11480538623213633,50.83415444204025,3.278732722839238,2017,9,12,34022,Kortrijk,Normaal,Droog,Dag,met lichtgewonden,9,personenauto,3,Fiets,Op Kruispunt,Gewestweg,binnen bebouwde kom,Tss. 2 best.: langs opzij (voor-/achterkant-flank),Geen hindernis
4747,143,Eco Display Classic Budastraat,Kortrijk,50.83066,3.26286,0.8231460170249169,50.82389623458806,3.267623059749595,2017,9,11,34022,Kortrijk,Regenval,"Nat, plassen",Dag,met lichtgewonden,9,personenauto,3,Fiets,Buiten Kruispunt,Gewestweg,binnen bebouwde kom,Tss. 2 best.: langs opzij (voor-/achterkant-flank),Geen hindernis
4747,75,Kortrijk teller 2,Kortrijk,50.81925,3.25731,0.8898000286672901,50.82389623458806,3.267623059749595,2017,9,11,34022,Kortrijk,Regenval,"Nat, plassen",Dag,met lichtgewonden,9,personenauto,3,Fiets,Buiten Kruispunt,Gewestweg,binnen bebouwde kom,Tss. 2 best.: langs opzij (voor-/achterkant-flank),Geen hindernis
4747,74,Kortrijk teller 1,Kortrijk,50.81909,3.25728,0.9019442626664183,50.82389623458806,3.267623059749595,2017,9,11,34022,Kortrijk,Regenval,"Nat, plassen",Dag,met lichtgewonden,9,personenauto,3,Fiets,Buiten Kruispunt,Gewestweg,binnen bebouwde kom,Tss. 2 best.: langs opzij (voor-/achterkant-flank),Geen hindernis
4751,143,Eco Display Classic Budastraat,Kortrijk,50.83066,3.26286,0.3832826591223333,50.82857268330591,3.26720288050552,2017,9,11,34022,Kortrijk,Normaal,Droog,Dag,met lichtgewonden,3,Fiets,8,Voetganger,Buiten Kruispunt,Gemeenteweg,binnen bebouwde kom,Met een voetganger,Geen hindernis
4751,16,Kortrijk 1,Kortrijk,50.83332,3.27777,0.9107357713049213,50.82857268330591,3.26720288050552,2017,9,11,34022,Kortrijk,Normaal,Droog,Dag,met lichtgewonden,3,Fiets,8,Voetganger,Buiten Kruispunt,Gemeenteweg,binnen bebouwde kom,Met een voetganger,Geen hindernis
4751,17,Kortrijk 2,Kortrijk,50.83339,3.27773,0.9129924002609279,50.82857268330591,3.26720288050552,2017,9,11,34022,Kortrijk,Normaal,Droog,Dag,met lichtgewonden,3,Fiets,8,Voetganger,Buiten Kruispunt,Gemeenteweg,binnen bebouwde kom,Met een voetganger,Geen hindernis
4753,143,Eco Display Classic Budastraat,Kortrijk,50.83066,3.26286,0.5414027942163224,50.827028460860106,3.2577253554905727,2017,10,18,34022,Kortrijk,Normaal,Droog,Dag,met lichtgewonden,3,Fiets,9,personenauto,Op Kruispunt,Gewestweg,binnen bebouwde kom,Tss. 2 best.: langs opzij (voor-/achterkant-flank),Geen hindernis
4753,75,Kortrijk teller 2,Kortrijk,50.81925,3.25731,0.8654173357711167,50.827028460860106,3.2577253554905727,2017,10,18,34022,Kortrijk,Normaal,Droog,Dag,met lichtgewonden,3,Fiets,9,personenauto,Op Kruispunt,Gewestweg,binnen bebouwde kom,Tss. 2 best.: langs opzij (voor-/achterkant-flank),Geen hindernis
4753,74,Kortrijk teller 1,Kortrijk,50.81909,3.25728,0.8832707412315477,50.827028460860106,3.2577253554905727,2017,10,18,34022,Kortrijk,Normaal,Droog,Dag,met lichtgewonden,3,Fiets,9,personenauto,Op Kruispunt,Gewestweg,binnen bebouwde kom,Tss. 2 best.: langs opzij (voor-/achterkant-flank),Geen hindernis
4757,143,Eco Display Classic Budastraat,Kortrijk,50.83066,3.26286,0.5987357246494336,50.83210325731223,3.254646742797995,2017,8,14,34022,Kortrijk,Normaal,Droog,Dag,met lichtgewonden,5,Lichte vrachtauto,3,Fiets,Op Kruispunt,Gewestweg,binnen bebouwde kom,Tss. 2 best.: langs opzij (voor-/achterkant-flank),Geen hindernis
4760,16,Kortrijk 1,Kortrijk,50.83332,3.27777,0.4864159944252779,50.831145242726954,3.2837794832169895,2017,9,19,34022,Kortrijk,Normaal,Droog,Dag,met lichtgewonden,3,Fiets,9,personenauto,Op Kruispunt,Gemeenteweg,binnen bebouwde kom,Tss. 2 best.: langs opzij (voor-/achterkant-flank),Geen hindernis
4760,17,Kortrijk 2,Kortrijk,50.83339,3.27773,0.4927519246968645,50.831145242726954,3.2837794832169895,2017,9,19,34022,Kortrijk,Normaal,Droog,Dag,met lichtgewonden,3,Fiets,9,personenauto,Op Kruispunt,Gemeenteweg,binnen bebouwde kom,Tss. 2 best.: langs opzij (voor-/achterkant-flank),Geen hindernis
4761,143,Eco Display Classic Budastraat,Kortrijk,50.83066,3.26286,0.6633205462043323,50.82482236527728,3.2648040087219585,2017,9,7,34022,Kortrijk,Normaal,Droog,Dag,met lichtgewonden,8,Voetganger,3,Fiets,Op Kruispunt,Gemeenteweg,binnen bebouwde kom,Met een voetganger,Geen hindernis
4761,75,Kortrijk teller 2,Kortrijk,50.81925,3.25731,0.8130462985288435,50.82482236527728,3.2648040087219585,2017,9,7,34022,Kortrijk,Normaal,Droog,Dag,met lichtgewonden,8,Voetganger,3,Fiets,Op Kruispunt,Gemeenteweg,binnen bebouwde kom,Met een voetganger,Geen hindernis
4761,74,Kortrijk teller 1,Kortrijk,50.81909,3.25728,0.8280292405087992,50.82482236527728,3.2648040087219585,2017,9,7,34022,Kortrijk,Normaal,Droog,Dag,met lichtgewonden,8,Voetganger,3,Fiets,Op Kruispunt,Gemeenteweg,binnen bebouwde kom,Met een voetganger,Geen hindernis
4766,75,Kortrijk teller 2,Kortrijk,50.81925,3.25731,0.5939571863302018,50.818676634321235,3.265716065865144,2017,10,16,34022,Kortrijk,Normaal,Droog,Dag,met lichtgewonden,3,Fiets,9,personenauto,Op Kruispunt,Gemeenteweg,binnen bebouwde kom,Tss. 2 best.: langs opzij (voor-/achterkant-flank),Geen hindernis
4766,74,Kortrijk teller 1,Kortrijk,50.81909,3.25728,0.5944138339508085,50.818676634321235,3.265716065865144,2017,10,16,34022,Kortrijk,Normaal,Droog,Dag,met lichtgewonden,3,Fiets,9,personenauto,Op Kruispunt,Gemeenteweg,binnen bebouwde kom,Tss. 2 best.: langs opzij (voor-/achterkant-flank),Geen hindernis
4767,75,Kortrijk teller 2,Kortrijk,50.81925,3.25731,0.45792328312837544,50.823246675628305,3.2588819489936016,2017,10,18,34022,Kortrijk,Regenval,"Nat, plassen","Nacht, geen openbare verlichting aanwezig",met lichtgewonden,9,personenauto,3,Fiets,Op Kruispunt,Gewestweg,binnen bebouwde kom,Tss. 2 best.: langs opzij (voor-/achterkant-flank),Geen hindernis
4767,74,Kortrijk teller 1,Kortrijk,50.81909,3.25728,0.4757029781805166,50.823246675628305,3.2588819489936016,2017,10,18,34022,Kortrijk,Regenval,"Nat, plassen","Nacht, geen openbare verlichting aanwezig",met lichtgewonden,9,personenauto,3,Fiets,Op Kruispunt,Gewestweg,binnen bebouwde kom,Tss. 2 best.: langs opzij (voor-/achterkant-flank),Geen hindernis
4767,143,Eco Display Classic Budastraat,Kortrijk,50.83066,3.26286,0.8703907694119661,50.823246675628305,3.2588819489936016,2017,10,18,34022,Kortrijk,Regenval,"Nat, plassen","Nacht, geen openbare verlichting aanwezig",met lichtgewonden,9,personenauto,3,Fiets,Op Kruispunt,Gewestweg,binnen bebouwde kom,Tss. 2 best.: langs opzij (voor-/achterkant-flank),Geen hindernis