crash_row_id,site_id,site_name,site_gemeente,site_lat,site_long,distance_km,crash_lat,crash_long,DT_YEAR_COLLISION,DT_MONTH_COLLISION,DT_TIME,CD_NIS,TX_MUNTY_COLLISION_NL,TX_WEATHER_NL,TX_ROAD_CONDITION_NL,TX_LIGHT_CONDITION_NL,TX_CLASS_ACCIDENTS_NL,CD_ROAD_USR_TYPE1,TX_ROAD_USR_TYPE1_NL,CD_ROAD_USR_TYPE2,TX_ROAD_USR_TYPE2_NL,TX_CROSSWAY_NL,CD_ROAD_TYPE_NL,TX_BUILD_UP_AREA_NL,TX_COLLISION_TYPE_NL,TX_OBSTACLES_NL
4768,16,Kortrijk 1,Kortrijk,50.83332,3.27777,0.9816199676246615,50.82450013917913,3.278367082554713,2017,10,16,34022,Kortrijk,Normaal,Droog,Dag,met lichtgewonden,3,Fiets,9,personenauto,Op Kruispunt,Gemeenteweg,binnen bebouwde kom,Tss. 2 best.: langs opzij (voor-/achterkant-flank),Geen hindernis
4768,17,Kortrijk 2,Kortrijk,50.83339,3.27773,0.9895196193811601,50.82450013917913,3.278367082554713,2017,10,16,34022,Kortrijk,Normaal,Droog,Dag,met lichtgewonden,3,Fiets,9,personenauto,Op Kruispunt,Gemeenteweg,binnen bebouwde kom,Tss. 2 best.: langs opzij (voor-/achterkant-flank),Geen hindernis
4784,66,Nieuwpoort totem,Nieuwpoort,51.1347,2.74369,0.2944479777312297,51.1336239692546,2.747545870146098,2017,10,10,38016,Nieuwpoort,Normaal,"Nat, plassen",Dag,met lichtgewonden,3,Fiets,10,"één bestuurder, geen hindernis",Buiten Kruispunt,Gemeenteweg,binnen bebouwde kom,"Eén bestuurder, geen hindernis (incl. val)",Geen hindernis
4784,63,Nieuwpoort teller 3,Nieuwpoort,51.13529,2.74289,0.37396929138714985,51.1336239692546,2.747545870146098,2017,10,10,38016,Nieuwpoort,Normaal,"Nat, plassen",Dag,met lichtgewonden,3,Fiets,10,"één bestuurder, geen hindernis",Buiten Kruispunt,Gemeenteweg,binnen bebouwde kom,"Eén bestuurder, geen hindernis (incl. val)",Geen hindernis
4784,65,Nieuwpoort teller 2,Nieuwpoort,51.13435,2.75511,0.5339255228306857,51.1336239692546,2.747545870146098,2017,10,10,38016,Nieuwpoort,Normaal,"Nat, plassen",Dag,met lichtgewonden,3,Fiets,10,"één bestuurder, geen hindernis",Buiten Kruispunt,Gemeenteweg,binnen bebouwde kom,"Eén bestuurder, geen hindernis (incl. val)",Geen hindernis
4784,64,Nieuwpoort teller 1,Nieuwpoort,51.13359,2.75737,0.685494330549721,51.1336239692546,2.747545870146098,2017,10,10,38016,Nieuwpoort,Normaal,"Nat, plassen",Dag,met lichtgewonden,3,Fiets,10,"één bestuurder, geen hindernis",Buiten Kruispunt,Gemeenteweg,binnen bebouwde kom,"Eén bestuurder, geen hindernis (incl. val)",Geen hindernis
4804,41,Maasmechelen teller 1,Maasmechelen,50.97025,5.69799,0.6547162255592985,50.96597151961179,5.691566613995947,2017,10,15,73107,Maasmechelen,Normaal,Droog,Dag,met lichtgewonden,9,personenauto,3,Fiets,Op Kruispunt,Gewestweg,binnen bebouwde kom,Tussen 2 bestuurders: Flank tegen flank,Geen hindernis
4804,42,Maasmechelen teller 2,Maasmechelen,50.97043,5.6981,0.6746006590669117,50.96597151961179,5.691566613995947,2017,10,15,73107,Maasmechelen,Normaal,Droog,Dag,met lichtgewonden,9,personenauto,3,Fiets,Op Kruispunt,Gewestweg,binnen bebouwde kom,Tussen 2 bestuurders: Flank tegen flank,Geen hindernis
4830,99,Mechelen teller 1,Mechelen,51.04564,4.46882,0.9002842867432842,51.03802313722359,4.473186045373242,2017,10,8,12025,Mechelen,Normaal,Droog,Dag,met lichtgewonden,9,personenauto,3,Fiets,Op Kruispunt,Gewestweg,binnen bebouwde kom,Tss. 2 best.: langs opzij (voor-/achterkant-flank),Geen hindernis
4830,100,Mechelen teller 2,Mechelen,51.0457,4.46883,0.9063283763352662,51.03802313722359,4.473186045373242,2017,10,8,12025,Mechelen,Normaal,Droog,Dag,met lichtgewonden,9,personenauto,3,Fiets,Op Kruispunt,Gewestweg,binnen bebouwde kom,Tss. 2 best.: langs opzij (voor-/achterkant-flank),Geen hindernis
4834,100,Mechelen teller 2,Mechelen,51.0457,4.46883,0.19962810189358912,51.047399028365824,4.467907445179255,2017,9,20,12025,Mechelen,Normaal,Droog,"Nacht, openbare verlichting aanwezig en ontstoken",met lichtgewonden,9,personenauto,3,Fiets,Op Kruispunt,Gewestweg,binnen bebouwde kom,Tss. 2 best.: langs opzij (voor-/achterkant-flank),Geen hindernis
4834,99,Mechelen teller 1,Mechelen,51.04564,4.46882,0.20573549087624338,51.047399028365824,4.467907445179255,2017,9,20,12025,Mechelen,Normaal,Droog,"Nacht, openbare verlichting aanwezig en ontstoken",met lichtgewonden,9,personenauto,3,Fiets,Op Kruispunt,Gewestweg,binnen bebouwde kom,Tss. 2 best.: langs opzij (voor-/achterkant-flank),Geen hindernis
4845,140,Hasselt ring,Hasselt,50.9300038,5.3438616,0.40039114896594824,50.932419105801884,5.3480989413480895,2017,9,22,71022,Hasselt,Normaal,Droog,"Nacht, openbare verlichting aanwezig en ontstoken",met lichtgewonden,9,personenauto,3,Fiets,Op Kruispunt,Gemeenteweg,binnen bebouwde kom,Tss. 2 best.: langs opzij (voor-/achterkant-flank),Geen hindernis
4845,138,Hasselt-Kempische brug,Hasselt,50.9405318,5.3422472,0.9909124068631109,50.932419105801884,5.3480989413480895,2017,9,22,71022,Hasselt,Normaal,Droog,"Nacht, openbare verlichting aanwezig en ontstoken",met lichtgewonden,9,personenauto,3,Fiets,Op Kruispunt,Gemeenteweg,binnen bebouwde kom,Tss. 2 best.: langs opzij (voor-/achterkant-flank),Geen hindernis
4856,100,Mechelen teller 2,Mechelen,51.0457,4.46883,0.8949243897406707,51.04966385950097,4.479971612566726,2017,9,12,12025,Mechelen,Normaal,Droog,Dag,met lichtgewonden,3,Fiets,5,Lichte vrachtauto,Buiten Kruispunt,Gewestweg,buiten bebouwde kom,Tussen 2 bestuurders: Frontale botsing,Geen hindernis
4856,99,Mechelen teller 1,Mechelen,51.04564,4.46882,0.8988357044731619,51.04966385950097,4.479971612566726,2017,9,12,12025,Mechelen,Normaal,Droog,Dag,met lichtgewonden,3,Fiets,5,Lichte vrachtauto,Buiten Kruispunt,Gewestweg,buiten bebouwde kom,Tussen 2 bestuurders: Frontale botsing,Geen hindernis
4861,30,Herk De Stad,Herk-de-Stad,50.94374,5.17691,0.999109849185772,50.94077927935844,5.163446485626581,2017,9,8,71024,Herk-de-Stad,Normaal,Droog,Dag,met lichtgewonden,9,personenauto,3,Fiets,Op Kruispunt,Gewestweg,binnen bebouwde kom,Tussen 2 bestuurders: Frontale botsing,Geen hindernis
4866,140,Hasselt ring,Hasselt,50.9300038,5.3438616,0.4775584550748825,50.9326127041027,5.338448571906825,2017,10,16,71022,Hasselt,Normaal,Droog+Proper,Dag,met lichtgewonden,3,Fiets,3,Fiets,Op Kruispunt,Gemeenteweg,binnen bebouwde kom,Tussen 2 bestuurders: Langs achteren,Geen hindernis
4866,138,Hasselt-Kempische brug,Hasselt,50.9405318,5.3422472,0.919915145837934,50.9326127041027,5.338448571906825,2017,10,16,71022,Hasselt,Normaal,Droog+Proper,Dag,met lichtgewonden,3,Fiets,3,Fiets,Op Kruispunt,Gemeenteweg,binnen bebouwde kom,Tussen 2 bestuurders: Langs achteren,Geen hindernis
4866,137,Hasselt-Kempische brug,Hasselt,50.9411605,5.3417576,0.9783458109574149,50.9326127041027,5.338448571906825,2017,10,16,71022,Hasselt,Normaal,Droog+Proper,Dag,met lichtgewonden,3,Fiets,3,Fiets,Op Kruispunt,Gemeenteweg,binnen bebouwde kom,Tussen 2 bestuurders: Langs achteren,Geen hindernis
4874,140,Hasselt ring,Hasselt,50.9300038,5.3438616,0.5614317993140503,50.929264732150344,5.33593696611328,2017,9,9,71022,Hasselt,Onbekend,"Vuil (zand, grint, bladeren,...)",Dag,met zwaargewonden,3,Fiets,10,"één bestuurder, geen hindernis",Buiten Kruispunt,Gemeenteweg,binnen bebouwde kom,"Eén bestuurder, geen hindernis (incl. val)",Geen hindernis
5018,37,Lommel teller 1,Lommel,51.23299,5.29211,0.9337109346266362,51.23354009521595,5.305491793196418,2017,11,15,72020,Lommel,Normaal,Proper,Dag,met lichtgewonden,9,personenauto,3,Fiets,Buiten Kruispunt,Gemeenteweg,binnen bebouwde kom,Tussen 2 bestuurders: Langs achteren,Geen hindernis
5018,38,Lommel teller 2,Lommel,51.23277,5.29189,0.9508884583499223,51.23354009521595,5.305491793196418,2017,11,15,72020,Lommel,Normaal,Proper,Dag,met lichtgewonden,9,personenauto,3,Fiets,Buiten Kruispunt,Gemeenteweg,binnen bebouwde kom,Tussen 2 bestuurders: Langs achteren,Geen hindernis
5021,46,Pelt teller 2,Pelt,51.231,5.44375,0.7168183823025578,51.22842322649628,5.43431352864883,2017,11,8,72043,Pelt,Normaal,Droog,Dag,met lichtgewonden,3,Fiets,9,personenauto,Op Kruispunt,Gewestweg,binnen bebouwde kom,Tss. 2 best.: langs opzij (voor-/achterkant-flank),Geen hindernis
5021,45,Pelt teller 1,Pelt,51.23127,5.44377,0.7305914198111383,51.22842322649628,5.43431352864883,2017,11,8,72043,Pelt,Normaal,Droog,Dag,met lichtgewonden,3,Fiets,9,personenauto,Op Kruispunt,Gewestweg,binnen bebouwde kom,Tss. 2 best.: langs opzij (voor-/achterkant-flank),Geen hindernis
5022,46,Pelt teller 2,Pelt,51.231,5.44375,0.6502741325521187,51.228683315034765,5.435175055658705,2017,11,12,72043,Pelt,Normaal,"Nat, plassen",Dag,met lichtgewonden,9,personenauto,3,Fiets,Buiten Kruispunt,Gewestweg,binnen bebouwde kom,Tss. 2 best.: langs opzij (voor-/achterkant-flank),Geen hindernis
5022,45,Pelt teller 1,Pelt,51.23127,5.44377,0.6639943444720787,51.228683315034765,5.435175055658705,2017,11,12,72043,Pelt,Normaal,"Nat, plassen",Dag,met lichtgewonden,9,personenauto,3,Fiets,Buiten Kruispunt,Gewestweg,binnen bebouwde kom,Tss. 2 best.: langs opzij (voor-/achterkant-flank),Geen hindernis
5035,25,Bree,Bree,51.13679500160176,5.597669323604317,0.6560204024056382,51.14269222169788,5.597394893830409,2017,11,12,72004,Bree,Normaal,Droog,Dag,met lichtgewonden,3,Fiets,6,Bromfiets,Op Kruispunt,Gewestweg,binnen bebouwde kom,Tss. 2 best.: langs opzij (voor-/achterkant-flank),Geen hindernis
5037,107,leuven totem,Leuven,50.8870744,4.7087919,0.32313833697652883,50.88463182216765,4.71128762310513,2017,11,7,24062,Leuven,Onbekend,Onbekend,Dag,met lichtgewonden,9,personenauto,3,Fiets,Op Kruispunt,Gewestweg,binnen bebouwde kom,Tss. 2 best.: langs opzij (voor-/achterkant-flank),Geen hindernis
5037,77,Leuven teller 2,Leuven,50.88672,4.70796,0.3292484264708987,50.88463182216765,4.71128762310513,2017,11,7,24062,Leuven,Onbekend,Onbekend,Dag,met lichtgewonden,9,personenauto,3,Fiets,Op Kruispunt,Gewestweg,binnen bebouwde kom,Tss. 2 best.: langs opzij (voor-/achterkant-flank),Geen hindernis
5038,107,leuven totem,Leuven,50.8870744,4.7087919,0.9102069219782086,50.88980550930462,4.721024371994081,2017,11,11,24062,Leuven,Onbekend,"Nat, plassen",Dag,met lichtgewonden,9,personenauto,3,Fiets,Op Kruispunt,Gemeenteweg,binnen bebouwde kom,Tss. 2 best.: langs opzij (voor-/achterkant-flank),Geen hindernis
5038,77,Leuven teller 2,Leuven,50.88672,4.70796,0.9785281925499095,50.88980550930462,4.721024371994081,2017,11,11,24062,Leuven,Onbekend,"Nat, plassen",Dag,met lichtgewonden,9,personenauto,3,Fiets,Op Kruispunt,Gemeenteweg,binnen bebouwde kom,Tss. 2 best.: langs opzij (voor-/achterkant-flank),Geen hindernis
5039,151,Leuven,District Leuven,50.8690262,4.6854839,0.6877474487571766,50.87409309166783,4.691104679154386,2017,11,13,24062,Leuven,Normaal,Droog,Dag,met lichtgewonden,3,Fiets,3,Fiets,Op Kruispunt,Gemeenteweg,binnen bebouwde kom,Tss. 2 best.: langs opzij (voor-/achterkant-flank),Geen hindernis
5040,69,Leuven teller 1,Leuven,50.87549,4.71526,0.935743220400463,50.870894985017806,4.726432200319304,2017,10,11,24062,Leuven,Onbekend,Onbekend,Dag,met lichtgewonden,3,Fiets,9,personenauto,Buiten Kruispunt,Gewestweg,binnen bebouwde kom,Tss. 2 best.: langs opzij (voor-/achterkant-flank),Geen hindernis
5041,151,Leuven,District Leuven,50.8690262,4.6854839,0.8788829646604858,50.86788445563233,4.697876625997474,2017,11,11,24062,Leuven,Normaal,Onbekend,Dag,met lichtgewonden,3,Fiets,9,personenauto,Buiten Kruispunt,Gewestweg,binnen bebouwde kom,Tss. 2 best.: langs opzij (voor-/achterkant-flank),Geen hindernis
5042,107,leuven totem,Leuven,50.8870744,4.7087919,0.6796368814260151,50.88202665141024,4.714254837172513,2017,11,6,24062,Leuven,Normaal,Droog,Dageraad - schemering,met lichtgewonden,9,personenauto,3,Fiets,Buiten Kruispunt,Gewestweg,binnen bebouwde kom,Tussen 2 bestuurders: Frontale botsing,Geen hindernis
5042,77,Leuven teller 2,Leuven,50.88672,4.70796,0.6836364322025014,50.88202665141024,4.714254837172513,2017,11,6,24062,Leuven,Normaal,Droog,Dageraad - schemering,met lichtgewonden,9,personenauto,3,Fiets,Buiten Kruispunt,Gewestweg,binnen bebouwde kom,Tussen 2 bestuurders: Frontale botsing,Geen hindernis
5042,69,Leuven teller 1,Leuven,50.87549,4.71526,0.7302556793572356,50.88202665141024,4.714254837172513,2017,11,6,24062,Leuven,Normaal,Droog,Dageraad - schemering,met lichtgewonden,9,personenauto,3,Fiets,Buiten Kruispunt,Gewestweg,binnen bebouwde kom,Tussen 2 bestuurders: Frontale botsing,Geen hindernis
5044,77,Leuven teller 2,Leuven,50.88672,4.70796,0.5579540785423536,50.8820915862769,4.704888022016499,2017,11,14,24062,Leuven,Normaal,Droog,Dag,met lichtgewonden,3,Fiets,3,Fiets,Op Kruispunt,Gemeenteweg,binnen bebouwde kom,Tss. 2 best.: langs opzij (voor-/achterkant-flank),Geen hindernis
5044,107,leuven totem,Leuven,50.8870744,4.7087919,0.6180506885016925,50.8820915862769,4.704888022016499,2017,11,14,24062,Leuven,Normaal,Droog,Dag,met lichtgewonden,3,Fiets,3,Fiets,Op Kruispunt,Gemeenteweg,binnen bebouwde kom,Tss. 2 best.: langs opzij (voor-/achterkant-flank),Geen hindernis
5047,151,Leuven,District Leuven,50.8690262,4.6854839,0.9377632791908042,50.86899483639489,4.698847091602269,2017,11,6,24062,Leuven,Normaal,Droog,"Nacht, openbare verlichting aanwezig en ontstoken",met lichtgewonden,3,Fiets,5,Lichte vrachtauto,Buiten Kruispunt,Gemeenteweg,binnen bebouwde kom,Tss. 2 best.: langs opzij (voor-/achterkant-flank),Geen hindernis
5048,108,Heverlee teller 1,Leuven,50.8471728,4.6954674,0.9800871256846625,50.855985307410684,4.695735710033546,2017,11,10,24062,Leuven,Onbekend,Droog,Dag,met lichtgewonden,9,personenauto,3,Fiets,Buiten Kruispunt,Gewestweg,buiten bebouwde kom,Tss. 2 best.: langs opzij (voor-/achterkant-flank),Geen hindernis
5049,151,Leuven,District Leuven,50.8690262,4.6854839,0.8776523349703185,50.87009454491508,4.697875642313881,2017,11,22,24062,Leuven,Normaal,"Nat, plassen","Nacht, openbare verlichting aanwezig en ontstoken",met lichtgewonden,3,Fiets,3,Fiets,Op Kruispunt,Gemeenteweg,binnen bebouwde kom,Tussen 2 bestuurders: Frontale botsing,Geen hindernis
5051,151,Leuven,District Leuven,50.8690262,4.6854839,0.877961262873715,50.86113083590709,4.685369311106097,2017,11,8,24062,Leuven,Regenval,"Nat, plassen",Dag,met lichtgewonden,9,personenauto,3,Fiets,Op Kruispunt,Gemeenteweg,binnen bebouwde kom,Tss. 2 best.: langs opzij (voor-/achterkant-flank),Geen hindernis
5059,23,Tienen 3,Tienen,50.81324,4.93447,0.42993702748500146,50.81180734935018,4.928786297424366,2017,11,12,24107,Tienen,Normaal,Droog,Dag,met lichtgewonden,9,personenauto,3,Fiets,Op Kruispunt,Gewestweg,binnen bebouwde kom,Tussen 2 bestuurders: Langs achteren,Geen hindernis
5059,24,Tienen 1,Tienen,50.8133795491886,4.935044252605416,0.4731612015298723,50.81180734935018,4.928786297424366,2017,11,12,24107,Tienen,Normaal,Droog,Dag,met lichtgewonden,9,personenauto,3,Fiets,Op Kruispunt,Gewestweg,binnen bebouwde kom,Tussen 2 bestuurders: Langs achteren,Geen hindernis
5059,22,Tienen 2,Tienen,50.81330800184882,4.935984252796022,0.5325428571474925,50.81180734935018,4.928786297424366,2017,11,12,24107,Tienen,Normaal,Droog,Dag,met lichtgewonden,9,personenauto,3,Fiets,Op Kruispunt,Gewestweg,binnen bebouwde kom,Tussen 2 bestuurders: Langs achteren,Geen hindernis
5083,13,Gent,Gent,51.03018,3.70146,0.971955740689297,51.03892092118683,3.7013980588572717,2017,11,10,44021,Gent,Normaal,"Nat, plassen",Dag,met lichtgewonden,3,Fiets,11,een weggebruiker tegen een hindernis,Buiten Kruispunt,Gemeenteweg,binnen bebouwde kom,Weggebruiker tegen hindernis buiten rijbaan,Andere hindernis
5084,13,Gent,Gent,51.03018,3.70146,0.5897391620982524,51.0335614087158,3.7079570656061636,2017,11,18,44021,Gent,Normaal,Droog,"Nacht, openbare verlichting aanwezig en ontstoken",met lichtgewonden,9,personenauto,3,Fiets,Buiten Kruispunt,Gewestweg,binnen bebouwde kom,Tussen 2 bestuurders: Langs achteren,Geen hindernis
5087,118,Gent teller 1,Gent,51.028049,3.7681359,0.6747934126511883,51.03011368586317,3.7590624396087677,2017,11,15,44021,Gent,Normaal,Droog,Dag,met lichtgewonden,3,Fiets,9,personenauto,Buiten Kruispunt,Gemeenteweg,binnen bebouwde kom,Tss. 2 best.: langs opzij (voor-/achterkant-flank),Geen hindernis
5087,119,Gent teller 2,Gent,51.0281795,3.7683918,0.6869673720464822,51.03011368586317,3.7590624396087677,2017,11,15,44021,Gent,Normaal,Droog,Dag,met lichtgewonden,3,Fiets,9,personenauto,Buiten Kruispunt,Gemeenteweg,binnen bebouwde kom,Tss. 2 best.: langs opzij (voor-/achterkant-flank),Geen hindernis
5093,13,Gent,Gent,51.03018,3.70146,0.968355167350637,51.038888464338555,3.701544704135906,2017,11,9,44021,Gent,Regenval,"Nat, plassen",Dag,met lichtgewonden,3,Fiets,9,personenauto,Op Kruispunt,Gemeenteweg,binnen bebouwde kom,Tss. 2 best.: langs opzij (voor-/achterkant-flank),Geen hindernis
5132,118,Gent teller 1,Gent,51.028049,3.7681359,0.8190161058652565,51.02075375270331,3.7697504142501086,2017,11,8,44040,Melle,Normaal,Droog,Dageraad - schemering,met zwaargewonden,9,personenauto,3,Fiets,Op Kruispunt,Gemeenteweg,binnen bebouwde kom,Tss. 2 best.: langs opzij (voor-/achterkant-flank),Geen hindernis
5132,119,Gent teller 2,Gent,51.0281795,3.7683918,0.8311549895381605,51.02075375270331,3.7697504142501086,2017,11,8,44040,Melle,Normaal,Droog,Dageraad - schemering,met zwaargewonden,9,personenauto,3,Fiets,Op Kruispunt,Gemeenteweg,binnen bebouwde kom,Tss. 2 best.: langs opzij (voor-/achterkant-flank),Geen hindernis
5143,6,Evergem 2,Evergem,51.10894,3.70298,0.2962233748912628,51.111596103508354,3.702653516019956,2017,11,8,44019,Evergem,Regenval,"Nat, plassen",Dageraad - schemering,met lichtgewonden,9,personenauto,3,Fiets,Op Kruispunt,Gemeenteweg,binnen bebouwde kom,Tss. 2 best.: langs opzij (voor-/achterkant-flank),Geen hindernis
5143,7,Evergem 1,Evergem,51.1089,3.70317,0.30195348913358483,51.111596103508354,3.702653516019956,2017,11,8,44019,Evergem,Regenval,"Nat, plassen",Dageraad - schemering,met lichtgewonden,9,personenauto,3,Fiets,Op Kruispunt,Gemeenteweg,binnen bebouwde kom,Tss. 2 best.: langs opzij (voor-/achterkant-flank),Geen hindernis
5145,7,Evergem 1,Evergem,51.1089,3.70317,0.24232336294700432,51.10729228540374,3.7055132375290087,2017,11,14,44019,Evergem,Regenval,"Nat, plassen",Dag,met lichtgewonden,3,Fiets,9,personenauto,Buiten Kruispunt,Gewestweg,binnen bebouwde kom,Tussen 2 bestuurders: Frontale botsing,Geen hindernis
5145,6,Evergem 2,Evergem,51.10894,3.70298,0.25464984647619615,51.10729228540374,3.7055132375290087,2017,11,14,44019,Evergem,Regenval,"Nat, plassen",Dag,met lichtgewonden,3,Fiets,9,personenauto,Buiten Kruispunt,Gewestweg,binnen bebouwde kom,Tussen 2 bestuurders: Frontale botsing,Geen hindernis
5184,128,Lokeren teller 1,Lokeren,51.09644,3.97023,0.6693688149595145,51.10049103513627,3.963139476383372,2017,11,7,46014,Lokeren,Regenval,"Nat, plassen","Nacht, openbare verlichting aanwezig en ontstoken",met lichtgewonden,8,Voetganger,3,Fiets,Buiten Kruispunt,Gemeenteweg,buiten bebouwde kom,Met een voetganger,Geen hindernis
5184,129,Lokeren teller 2,Lokeren,51.09612,3.97025,0.6948120651375055,51.10049103513627,3.963139476383372,2017,11,7,46014,Lokeren,Regenval,"Nat, plassen","Nacht, openbare verlichting aanwezig en ontstoken",met lichtgewonden,8,Voetganger,3,Fiets,Buiten Kruispunt,Gemeenteweg,buiten bebouwde kom,Met een voetganger,Geen hindernis
5185,128,Lokeren teller 1,Lokeren,51.09644,3.97023,0.5216213569636913,51.101084839547156,3.9712759696317947,2017,11,17,46014,Lokeren,Regenval,"Nat, plassen","Nacht, openbare verlichting aanwezig en ontstoken",met lichtgewonden,3,Fiets,9,personenauto,Buiten Kruispunt,Gemeenteweg,binnen bebouwde kom,Tussen 2 bestuurders: Langs achteren,Geen hindernis
5185,129,Lokeren teller 2,Lokeren,51.09612,3.97025,0.5566940657197115,51.101084839547156,3.9712759696317947,2017,11,17,46014,Lokeren,Regenval,"Nat, plassen","Nacht, openbare verlichting aanwezig en ontstoken",met lichtgewonden,3,Fiets,9,personenauto,Buiten Kruispunt,Gemeenteweg,binnen bebouwde kom,Tussen 2 bestuurders: Langs achteren,Geen hindernis
5236,15,Oostende 2,Oostende,51.21371,2.92743,0.41989604979428097,51.21681629276849,2.9240020319162894,2017,11,22,35013,Oostende,Normaal,Droog,"Nacht, openbare verlichting aanwezig en ontstoken",met lichtgewonden,3,Fiets,9,personenauto,Op Kruispunt,Gemeenteweg,binnen bebouwde kom,Tss. 2 best.: langs opzij (voor-/achterkant-flank),Geen hindernis
5236,18,Oostende 1,Oostende,51.21378,2.92765,0.42254987546496453,51.21681629276849,2.9240020319162894,2017,11,22,35013,Oostende,Normaal,Droog,"Nacht, openbare verlichting aanwezig en ontstoken",met lichtgewonden,3,Fiets,9,personenauto,Op Kruispunt,Gemeenteweg,binnen bebouwde kom,Tss. 2 best.: langs opzij (voor-/achterkant-flank),Geen hindernis
5239,18,Oostende 1,Oostende,51.21378,2.92765,0.7843600493250887,51.218165456866004,2.9364704211177663,2017,11,8,35013,Oostende,Normaal,Droog,Dag,met lichtgewonden,9,personenauto,3,Fiets,Op Kruispunt,Gemeenteweg,binnen bebouwde kom,Tss. 2 best.: langs opzij (voor-/achterkant-flank),Geen hindernis
5239,15,Oostende 2,Oostende,51.21371,2.92743,0.8012088338409131,51.218165456866004,2.9364704211177663,2017,11,8,35013,Oostende,Normaal,Droog,Dag,met lichtgewonden,9,personenauto,3,Fiets,Op Kruispunt,Gemeenteweg,binnen bebouwde kom,Tss. 2 best.: langs opzij (voor-/achterkant-flank),Geen hindernis
5242,15,Oostende 2,Oostende,51.21371,2.92743,0.41989604979428097,51.21681629276849,2.9240020319162894,2017,11,15,35013,Oostende,Normaal,"Nat, plassen",Dag,met zwaargewonden,4,Vrachtwagen,3,Fiets,Op Kruispunt,Gemeenteweg,binnen bebouwde kom,Tss. 2 best.: langs opzij (voor-/achterkant-flank),Geen hindernis
5242,18,Oostende 1,Oostende,51.21378,2.92765,0.42254987546496453,51.21681629276849,2.9240020319162894,2017,11,15,35013,Oostende,Normaal,"Nat, plassen",Dag,met zwaargewonden,4,Vrachtwagen,3,Fiets,Op Kruispunt,Gemeenteweg,binnen bebouwde kom,Tss. 2 best.: langs opzij (voor-/achterkant-flank),Geen hindernis
5243,18,Oostende 1,Oostende,51.21378,2.92765,0.6261145000187007,51.21747800441437,2.9344288808242,2017,11,16,35013,Oostende,Onbekend,Onbekend,Dageraad - schemering,met lichtgewonden,8,Voetganger,3,Fiets,Op Kruispunt,Gewestweg,binnen bebouwde kom,Met een voetganger,Geen hindernis
5243,15,Oostende 2,Oostende,51.21371,2.92743,0.6427958385729791,51.21747800441437,2.9344288808242,2017,11,16,35013,Oostende,Onbekend,Onbekend,Dageraad - schemering,met lichtgewonden,8,Voetganger,3,Fiets,Op Kruispunt,Gewestweg,binnen bebouwde kom,Met een voetganger,Geen hindernis
5262,143,Eco Display Classic Budastraat,Kortrijk,50.83066,3.26286,0.5578263526778168,50.83565808175187,3.2635428265482282,2017,11,19,34022,Kortrijk,Normaal,"Nat, plassen","Nacht, openbare verlichting aanwezig en ontstoken",met lichtgewonden,9,personenauto,3,Fiets,Buiten Kruispunt,Gewestweg,binnen bebouwde kom,Tss. 2 best.: langs opzij (voor-/achterkant-flank),Geen hindernis
5266,143,Eco Display Classic Budastraat,Kortrijk,50.83066,3.26286,0.5669337811862332,50.830059989167665,3.2708761186561977,2017,11,17,34022,Kortrijk,Regenval,"Nat, plassen","Nacht, openbare verlichting aanwezig en ontstoken",met lichtgewonden,9,personenauto,3,Fiets,Op Kruispunt,Gewestweg,binnen bebouwde kom,Tss. 2 best.: langs opzij (voor-/achterkant-flank),Geen hindernis
5266,16,Kortrijk 1,Kortrijk,50.83332,3.27777,0.6048283428594567,50.830059989167665,3.2708761186561977,2017,11,17,34022,Kortrijk,Regenval,"Nat, plassen","Nacht, openbare verlichting aanwezig en ontstoken",met lichtgewonden,9,personenauto,3,Fiets,Op Kruispunt,Gewestweg,binnen bebouwde kom,Tss. 2 best.: langs opzij (voor-/achterkant-flank),Geen hindernis
5266,17,Kortrijk 2,Kortrijk,50.83339,3.27773,0.6072958871565012,50.830059989167665,3.2708761186561977,2017,11,17,34022,Kortrijk,Regenval,"Nat, plassen","Nacht, openbare verlichting aanwezig en ontstoken",met lichtgewonden,9,personenauto,3,Fiets,Op Kruispunt,Gewestweg,binnen bebouwde kom,Tss. 2 best.: langs opzij (voor-/achterkant-flank),Geen hindernis
5267,17,Kortrijk 2,Kortrijk,50.83339,3.27773,0.4444441588689381,50.83403303458583,3.271483824052507,2017,11,9,34022,Kortrijk,Normaal,Droog,Dag,met lichtgewonden,9,personenauto,3,Fiets,Op Kruispunt,Gewestweg,binnen bebouwde kom,Tussen 2 bestuurders: Langs achteren,Geen hindernis
5267,16,Kortrijk 1,Kortrijk,50.83332,3.27777,0.4485275163984999,50.83403303458583,3.271483824052507,2017,11,9,34022,Kortrijk,Normaal,Droog,Dag,met lichtgewonden,9,personenauto,3,Fiets,Op Kruispunt,Gewestweg,binnen bebouwde kom,Tussen 2 bestuurders: Langs achteren,Geen hindernis
5267,143,Eco Display Classic Budastraat,Kortrijk,50.83066,3.26286,0.7123794108441458,50.83403303458583,3.271483824052507,2017,11,9,34022,Kortrijk,Normaal,Droog,Dag,met lichtgewonden,9,personenauto,3,Fiets,Op Kruispunt,Gewestweg,binnen bebouwde kom,Tussen 2 bestuurders: Langs achteren,Geen hindernis