crash_row_id,site_id,site_name,site_gemeente,site_lat,site_long,distance_km,crash_lat,crash_long,DT_YEAR_COLLISION,DT_MONTH_COLLISION,DT_TIME,CD_NIS,TX_MUNTY_COLLISION_NL,TX_WEATHER_NL,TX_ROAD_CONDITION_NL,TX_LIGHT_CONDITION_NL,TX_CLASS_ACCIDENTS_NL,CD_ROAD_USR_TYPE1,TX_ROAD_USR_TYPE1_NL,CD_ROAD_USR_TYPE2,TX_ROAD_USR_TYPE2_NL,TX_CROSSWAY_NL,CD_ROAD_TYPE_NL,TX_BUILD_UP_AREA_NL,TX_COLLISION_TYPE_NL,TX_OBSTACLES_NL
5288,35,Lanaken teller 1,Lanaken,50.88112,5.6314,0.6254320064887855,50.88437599043471,5.638669522299362,2017,11,8,73042,Lanaken,Normaal,"Vuil (zand, grint, bladeren,...)",Dag,met lichtgewonden,6,Bromfiets,3,Fiets,Buiten Kruispunt,Gewestweg,binnen bebouwde kom,Tss. 2 best.: langs opzij (voor-/achterkant-flank),Geen hindernis
5288,36,Lanaken teller 2,Lanaken,50.88131,5.63012,0.6899028137912102,50.88437599043471,5.638669522299362,2017,11,8,73042,Lanaken,Normaal,"Vuil (zand, grint, bladeren,...)",Dag,met lichtgewonden,6,Bromfiets,3,Fiets,Buiten Kruispunt,Gewestweg,binnen bebouwde kom,Tss. 2 best.: langs opzij (voor-/achterkant-flank),Geen hindernis
5310,138,Hasselt-Kempische brug,Hasselt,50.9405318,5.3422472,0.38396531520045885,50.938593723163805,5.337711843788882,2017,11,8,71022,Hasselt,Regenval,"Nat, plassen",Dageraad - schemering,met lichtgewonden,9,personenauto,3,Fiets,Buiten Kruispunt,Gemeenteweg,binnen bebouwde kom,Tss. 2 best.: langs opzij (voor-/achterkant-flank),Geen hindernis
5310,137,Hasselt-Kempische brug,Hasselt,50.9411605,5.3417576,0.4022683754481866,50.938593723163805,5.337711843788882,2017,11,8,71022,Hasselt,Regenval,"Nat, plassen",Dageraad - schemering,met lichtgewonden,9,personenauto,3,Fiets,Buiten Kruispunt,Gemeenteweg,binnen bebouwde kom,Tss. 2 best.: langs opzij (voor-/achterkant-flank),Geen hindernis
5373,3,Brasschaat 1,Brasschaat,51.27503,4.47222,0.8815583029911164,51.28163152597516,4.479238260330081,2017,12,11,11008,Brasschaat,Regenval,"Ijzel, sneeuw",Dag,met lichtgewonden,6,Bromfiets,3,Fiets,Buiten Kruispunt,Gewestweg,buiten bebouwde kom,Tss. 2 best.: langs opzij (voor-/achterkant-flank),Geen hindernis
5373,2,Brasschaat 2,Brasschaat,51.27512,4.47169,0.8943735301815771,51.28163152597516,4.479238260330081,2017,12,11,11008,Brasschaat,Regenval,"Ijzel, sneeuw",Dag,met lichtgewonden,6,Bromfiets,3,Fiets,Buiten Kruispunt,Gewestweg,buiten bebouwde kom,Tss. 2 best.: langs opzij (voor-/achterkant-flank),Geen hindernis
5394,98,Geel teller 2,Geel,51.1481,4.99643,0.9329961141357083,51.148349316746874,4.983060278290291,2017,12,8,13008,Geel,Normaal,"Nat, plassen",Dag,met zwaargewonden,4,Vrachtwagen,3,Fiets,Op Kruispunt,Gewestweg,buiten bebouwde kom,Tss. 2 best.: langs opzij (voor-/achterkant-flank),Geen hindernis
5394,97,Geel teller 1,Geel,51.14813,4.99698,0.9712544393801895,51.148349316746874,4.983060278290291,2017,12,8,13008,Geel,Normaal,"Nat, plassen",Dag,met zwaargewonden,4,Vrachtwagen,3,Fiets,Op Kruispunt,Gewestweg,buiten bebouwde kom,Tss. 2 best.: langs opzij (voor-/achterkant-flank),Geen hindernis
5406,40,Peer teller 2,Peer,51.13438,5.47892,0.908658129164189,51.13500636156584,5.491904583311587,2017,12,15,72030,Peer,Normaal,Droog,Dag,met zwaargewonden,9,personenauto,3,Fiets,Op Kruispunt,Gewestweg,buiten bebouwde kom,Tss. 2 best.: langs opzij (voor-/achterkant-flank),Geen hindernis
5406,39,Peer teller 1,Peer,51.13425,5.47817,0.9620001742477239,51.13500636156584,5.491904583311587,2017,12,15,72030,Peer,Normaal,Droog,Dag,met zwaargewonden,9,personenauto,3,Fiets,Op Kruispunt,Gewestweg,buiten bebouwde kom,Tss. 2 best.: langs opzij (voor-/achterkant-flank),Geen hindernis
5416,151,Leuven,District Leuven,50.8690262,4.6854839,0.9383305999639739,50.86850488148202,4.698829658031773,2017,12,3,24062,Leuven,Onbekend,Onbekend,"Nacht, openbare verlichting aanwezig en ontstoken",met zwaargewonden,3,Fiets,10,"één bestuurder, geen hindernis",Buiten Kruispunt,onbekend,binnen bebouwde kom,"Eén bestuurder, geen hindernis (incl. val)",Geen hindernis
5420,151,Leuven,District Leuven,50.8690262,4.6854839,0.4231355622099841,50.87217778248663,4.688863304429327,2017,12,18,24062,Leuven,Onbekend,Onbekend,Onbekend,met lichtgewonden,6,Bromfiets,3,Fiets,Buiten Kruispunt,Gemeenteweg,binnen bebouwde kom,Tussen 2 bestuurders: Frontale botsing,Geen hindernis
5422,151,Leuven,District Leuven,50.8690262,4.6854839,0.9070798188188148,50.87671094764073,4.689820973633736,2017,3,18,24062,Leuven,Onbekend,Onbekend,Onbekend,met lichtgewonden,9,personenauto,3,Fiets,Buiten Kruispunt,Gemeenteweg,binnen bebouwde kom,Tussen 2 bestuurders: Flank tegen flank,Geen hindernis
5423,107,leuven totem,Leuven,50.8870744,4.7087919,0.5770896848164212,50.88452480838528,4.715957360413713,2017,12,18,24062,Leuven,Regenval,"Nat, plassen","Nacht, openbare verlichting aanwezig en ontstoken",met lichtgewonden,6,Bromfiets,3,Fiets,Buiten Kruispunt,Gewestweg,binnen bebouwde kom,Tussen 2 bestuurders: Frontale botsing,Geen hindernis
5423,77,Leuven teller 2,Leuven,50.88672,4.70796,0.6118137246793663,50.88452480838528,4.715957360413713,2017,12,18,24062,Leuven,Regenval,"Nat, plassen","Nacht, openbare verlichting aanwezig en ontstoken",met lichtgewonden,6,Bromfiets,3,Fiets,Buiten Kruispunt,Gewestweg,binnen bebouwde kom,Tussen 2 bestuurders: Frontale botsing,Geen hindernis
5424,151,Leuven,District Leuven,50.8690262,4.6854839,0.9383305999639739,50.86850488148202,4.698829658031773,2017,12,7,24062,Leuven,Normaal,"Nat, plassen","Nacht, openbare verlichting aanwezig en ontstoken",met zwaargewonden,9,personenauto,3,Fiets,Op Kruispunt,Gewestweg,binnen bebouwde kom,Tussen 2 bestuurders: Langs achteren,Geen hindernis
5433,86,Asse teller 2,Asse,50.89132,4.1709,0.9843075556410743,50.88283099032761,4.16692247147479,2017,12,8,23086,Ternat,Onbekend,"Nat, plassen",Dag,met lichtgewonden,3,Fiets,7,Motorfiets,Op Kruispunt,Gewestweg,binnen bebouwde kom,Tussen 2 bestuurders: Frontale botsing,Geen hindernis
5442,118,Gent teller 1,Gent,51.028049,3.7681359,0.04148378915677053,51.02779619370568,3.768572121433177,2017,12,16,44021,Gent,Normaal,Droog+Proper,Dageraad - schemering,met lichtgewonden,6,Bromfiets,3,Fiets,Op Kruispunt,Gewestweg,binnen bebouwde kom,Tss. 2 best.: langs opzij (voor-/achterkant-flank),Geen hindernis
5442,119,Gent teller 2,Gent,51.0281795,3.7683918,0.04444819948174501,51.02779619370568,3.768572121433177,2017,12,16,44021,Gent,Normaal,Droog+Proper,Dageraad - schemering,met lichtgewonden,6,Bromfiets,3,Fiets,Op Kruispunt,Gewestweg,binnen bebouwde kom,Tss. 2 best.: langs opzij (voor-/achterkant-flank),Geen hindernis
5513,116,Melle teller 2,Melle,50.9986113,3.8040599,0.6075154015675008,51.00357140733137,3.800419838808771,2017,12,13,44040,Melle,Onbekend,Onbekend,Dag,met lichtgewonden,3,Fiets,9,personenauto,Op Kruispunt,Gewestweg,binnen bebouwde kom,Tss. 2 best.: langs opzij (voor-/achterkant-flank),Geen hindernis
5513,117,Melle teller 1,Melle,50.9986113,3.8040599,0.6075154015675008,51.00357140733137,3.800419838808771,2017,12,13,44040,Melle,Onbekend,Onbekend,Dag,met lichtgewonden,3,Fiets,9,personenauto,Op Kruispunt,Gewestweg,binnen bebouwde kom,Tss. 2 best.: langs opzij (voor-/achterkant-flank),Geen hindernis
5524,122,Dendermonde teller 2,Dendermonde,51.0373918,4.1019222,0.4045065732924154,51.041023976172305,4.102244201007408,2017,12,17,42006,Dendermonde,Normaal,"Nat, plassen","Nacht, openbare verlichting aanwezig en ontstoken",met lichtgewonden,9,personenauto,3,Fiets,Buiten Kruispunt,Gewestweg,binnen bebouwde kom,Tss. 2 best.: langs opzij (voor-/achterkant-flank),Geen hindernis
5524,125,Dendermonde totem,Dendermonde,51.0372706,4.1025998,0.4180962989351506,51.041023976172305,4.102244201007408,2017,12,17,42006,Dendermonde,Normaal,"Nat, plassen","Nacht, openbare verlichting aanwezig en ontstoken",met lichtgewonden,9,personenauto,3,Fiets,Buiten Kruispunt,Gewestweg,binnen bebouwde kom,Tss. 2 best.: langs opzij (voor-/achterkant-flank),Geen hindernis
5557,15,Oostende 2,Oostende,51.21371,2.92743,0.767942560903368,51.20715511182967,2.9239583307612005,2017,12,11,35013,Oostende,Regenval,"Nat, plassen",Dag,met lichtgewonden,9,personenauto,3,Fiets,Op Kruispunt,Gemeenteweg,binnen bebouwde kom,Tss. 2 best.: langs opzij (voor-/achterkant-flank),Geen hindernis
5557,18,Oostende 1,Oostende,51.21378,2.92765,0.7802499010914518,51.20715511182967,2.9239583307612005,2017,12,11,35013,Oostende,Regenval,"Nat, plassen",Dag,met lichtgewonden,9,personenauto,3,Fiets,Op Kruispunt,Gemeenteweg,binnen bebouwde kom,Tss. 2 best.: langs opzij (voor-/achterkant-flank),Geen hindernis
5574,143,Eco Display Classic Budastraat,Kortrijk,50.83066,3.26286,0.19273690175785688,50.82923034093349,3.2644116274916093,2017,12,12,34022,Kortrijk,Normaal,Droog,Dag,met lichtgewonden,3,Fiets,11,een weggebruiker tegen een hindernis,Buiten Kruispunt,Gemeenteweg,binnen bebouwde kom,Weggebruiker tegen hindernis op de rijbaan,Op de rijbaan: Dier (huisdier)
5575,75,Kortrijk teller 2,Kortrijk,50.81925,3.25731,0.41595559118875375,50.821376871319806,3.262181054799739,2017,12,10,34022,Kortrijk,Normaal,Droog,Dag,met zwaargewonden,9,personenauto,3,Fiets,Buiten Kruispunt,Gemeenteweg,binnen bebouwde kom,Tss. 2 best.: langs opzij (voor-/achterkant-flank),Geen hindernis
5575,74,Kortrijk teller 1,Kortrijk,50.81909,3.25728,0.42801613858255705,50.821376871319806,3.262181054799739,2017,12,10,34022,Kortrijk,Normaal,Droog,Dag,met zwaargewonden,9,personenauto,3,Fiets,Buiten Kruispunt,Gemeenteweg,binnen bebouwde kom,Tss. 2 best.: langs opzij (voor-/achterkant-flank),Geen hindernis
5577,74,Kortrijk teller 1,Kortrijk,50.81909,3.25728,0.4509805729074939,50.81649727380761,3.2622164849153177,2017,12,15,34022,Kortrijk,Normaal,Droog,Dag,met lichtgewonden,3,Fiets,4,Vrachtwagen,Op Kruispunt,Gewestweg,binnen bebouwde kom,Tss. 2 best.: langs opzij (voor-/achterkant-flank),Geen hindernis
5577,75,Kortrijk teller 2,Kortrijk,50.81925,3.25731,0.46097785654468576,50.81649727380761,3.2622164849153177,2017,12,15,34022,Kortrijk,Normaal,Droog,Dag,met lichtgewonden,3,Fiets,4,Vrachtwagen,Op Kruispunt,Gewestweg,binnen bebouwde kom,Tss. 2 best.: langs opzij (voor-/achterkant-flank),Geen hindernis
5605,140,Hasselt ring,Hasselt,50.9300038,5.3438616,0.5916308614414739,50.93499349314889,5.346792688689869,2017,12,17,71022,Hasselt,Normaal,Droog,"Nacht, openbare verlichting aanwezig en ontstoken",met lichtgewonden,9,personenauto,3,Fiets,Op Kruispunt,Gemeenteweg,binnen bebouwde kom,Tss. 2 best.: langs opzij (voor-/achterkant-flank),Geen hindernis
5605,138,Hasselt-Kempische brug,Hasselt,50.9405318,5.3422472,0.6933220284504443,50.93499349314889,5.346792688689869,2017,12,17,71022,Hasselt,Normaal,Droog,"Nacht, openbare verlichting aanwezig en ontstoken",met lichtgewonden,9,personenauto,3,Fiets,Op Kruispunt,Gemeenteweg,binnen bebouwde kom,Tss. 2 best.: langs opzij (voor-/achterkant-flank),Geen hindernis
5605,137,Hasselt-Kempische brug,Hasselt,50.9411605,5.3417576,0.7711778104587841,50.93499349314889,5.346792688689869,2017,12,17,71022,Hasselt,Normaal,Droog,"Nacht, openbare verlichting aanwezig en ontstoken",met lichtgewonden,9,personenauto,3,Fiets,Op Kruispunt,Gemeenteweg,binnen bebouwde kom,Tss. 2 best.: langs opzij (voor-/achterkant-flank),Geen hindernis
5614,26,Zaventem,Zaventem,50.86995,4.45444,0.24779387824113772,50.86772524238689,4.454236432176539,2018,1,18,23094,Zaventem,Onbekend,Onbekend,Onbekend,met lichtgewonden,9,personenauto,3,Fiets,Buiten Kruispunt,Gemeenteweg,binnen bebouwde kom,Tussen 2 bestuurders: Flank tegen flank,Geen hindernis
5699,91,Brecht teller 2,Brecht,51.35739,4.62422,0.8118367428327293,51.353820464688305,4.634418703548013,2018,1,14,11009,Brecht,Normaal,Onbekend,Dag,met lichtgewonden,6,Bromfiets,3,Fiets,Buiten Kruispunt,Gemeenteweg,buiten bebouwde kom,Tussen 2 bestuurders: Frontale botsing,Geen hindernis
5699,90,Brecht teller 1,Brecht,51.35752,4.6243,0.8142015169090632,51.353820464688305,4.634418703548013,2018,1,14,11009,Brecht,Normaal,Onbekend,Dag,met lichtgewonden,6,Bromfiets,3,Fiets,Buiten Kruispunt,Gemeenteweg,buiten bebouwde kom,Tussen 2 bestuurders: Frontale botsing,Geen hindernis
5725,46,Pelt teller 2,Pelt,51.231,5.44375,0.15237315686703234,51.23013482475104,5.442052958025283,2018,1,16,72043,Pelt,Normaal,Droog,Dag,met lichtgewonden,3,Fiets,9,personenauto,Buiten Kruispunt,Gewestweg,binnen bebouwde kom,Tss. 2 best.: langs opzij (voor-/achterkant-flank),Geen hindernis
5725,45,Pelt teller 1,Pelt,51.23127,5.44377,0.17385751585007256,51.23013482475104,5.442052958025283,2018,1,16,72043,Pelt,Normaal,Droog,Dag,met lichtgewonden,3,Fiets,9,personenauto,Buiten Kruispunt,Gewestweg,binnen bebouwde kom,Tss. 2 best.: langs opzij (voor-/achterkant-flank),Geen hindernis
5747,151,Leuven,District Leuven,50.8690262,4.6854839,0.9156212949615665,50.86865071592572,4.698518036625622,2018,1,16,24062,Leuven,"Regenval+Sterke wind, rukwind","Nat, plassen",Dageraad - schemering,met lichtgewonden,9,personenauto,3,Fiets,Op Kruispunt,Gewestweg,binnen bebouwde kom,Tss. 2 best.: langs opzij (voor-/achterkant-flank),Geen hindernis
5748,69,Leuven teller 1,Leuven,50.87549,4.71526,0.42278467848586604,50.873437745543654,4.720332362347533,2018,1,8,24062,Leuven,Normaal,Droog,Dageraad - schemering,met lichtgewonden,3,Fiets,3,Fiets,Buiten Kruispunt,Gemeenteweg,binnen bebouwde kom,Tss. 2 best.: langs opzij (voor-/achterkant-flank),Geen hindernis
5749,69,Leuven teller 1,Leuven,50.87549,4.71526,0.6319014245837925,50.87974525120282,4.709290529956568,2018,1,20,24062,Leuven,Normaal,Droog,"Nacht, openbare verlichting aanwezig en ontstoken",met lichtgewonden,3,Fiets,9,personenauto,Buiten Kruispunt,Gemeenteweg,binnen bebouwde kom,Tss. 2 best.: langs opzij (voor-/achterkant-flank),Geen hindernis
5749,77,Leuven teller 2,Leuven,50.88672,4.70796,0.7811534389794258,50.87974525120282,4.709290529956568,2018,1,20,24062,Leuven,Normaal,Droog,"Nacht, openbare verlichting aanwezig en ontstoken",met lichtgewonden,3,Fiets,9,personenauto,Buiten Kruispunt,Gemeenteweg,binnen bebouwde kom,Tss. 2 best.: langs opzij (voor-/achterkant-flank),Geen hindernis
5749,107,leuven totem,Leuven,50.8870744,4.7087919,0.8157145407120784,50.87974525120282,4.709290529956568,2018,1,20,24062,Leuven,Normaal,Droog,"Nacht, openbare verlichting aanwezig en ontstoken",met lichtgewonden,3,Fiets,9,personenauto,Buiten Kruispunt,Gemeenteweg,binnen bebouwde kom,Tss. 2 best.: langs opzij (voor-/achterkant-flank),Geen hindernis
5750,69,Leuven teller 1,Leuven,50.87549,4.71526,0.36243012888568604,50.87280560884954,4.718189726024455,2018,1,7,24062,Leuven,Normaal,Proper,"Nacht, openbare verlichting aanwezig en ontstoken",met lichtgewonden,3,Fiets,9,personenauto,Buiten Kruispunt,Gewestweg,binnen bebouwde kom,Tss. 2 best.: langs opzij (voor-/achterkant-flank),Geen hindernis
5751,151,Leuven,District Leuven,50.8690262,4.6854839,0.9432128877548216,50.86075596682624,4.682495984009135,2018,1,16,24062,Leuven,Regenval,"Nat, plassen",Dageraad - schemering,met lichtgewonden,3,Fiets,3,Fiets,Buiten Kruispunt,Gemeenteweg,binnen bebouwde kom,Tussen 2 bestuurders: Flank tegen flank,Geen hindernis
5752,151,Leuven,District Leuven,50.8690262,4.6854839,0.9253065049659059,50.86874814284609,4.69866227486737,2018,1,10,24062,Leuven,Normaal,Droog,Dag,met lichtgewonden,3,Fiets,9,personenauto,Op Kruispunt,Gewestweg,binnen bebouwde kom,Tussen 2 bestuurders: Flank tegen flank,Geen hindernis
5754,151,Leuven,District Leuven,50.8690262,4.6854839,0.9432128877548216,50.86075596682624,4.682495984009135,2018,1,10,24062,Leuven,Normaal,"Nat, plassen",Dag,met lichtgewonden,9,personenauto,3,Fiets,Buiten Kruispunt,Gemeenteweg,binnen bebouwde kom,Tss. 2 best.: langs opzij (voor-/achterkant-flank),Geen hindernis
5755,77,Leuven teller 2,Leuven,50.88672,4.70796,0.8403220061556288,50.881258731264964,4.6996803363781945,2018,1,11,24062,Leuven,Normaal,Droog,Dag,met lichtgewonden,9,personenauto,3,Fiets,Buiten Kruispunt,Gemeenteweg,binnen bebouwde kom,Tussen 2 bestuurders: Langs achteren,Geen hindernis
5755,107,leuven totem,Leuven,50.8870744,4.7087919,0.9092595223762269,50.881258731264964,4.6996803363781945,2018,1,11,24062,Leuven,Normaal,Droog,Dag,met lichtgewonden,9,personenauto,3,Fiets,Buiten Kruispunt,Gemeenteweg,binnen bebouwde kom,Tussen 2 bestuurders: Langs achteren,Geen hindernis
5756,77,Leuven teller 2,Leuven,50.88672,4.70796,0.8250436916052613,50.8872171397443,4.696224887255469,2018,1,7,24062,Leuven,Onbekend,Onbekend,Onbekend,met lichtgewonden,3,Fiets,9,personenauto,Op Kruispunt,Gemeenteweg,binnen bebouwde kom,Tss. 2 best.: langs opzij (voor-/achterkant-flank),Geen hindernis
5756,107,leuven totem,Leuven,50.8870744,4.7087919,0.881684985591287,50.8872171397443,4.696224887255469,2018,1,7,24062,Leuven,Onbekend,Onbekend,Onbekend,met lichtgewonden,3,Fiets,9,personenauto,Op Kruispunt,Gemeenteweg,binnen bebouwde kom,Tss. 2 best.: langs opzij (voor-/achterkant-flank),Geen hindernis
5757,151,Leuven,District Leuven,50.8690262,4.6854839,0.345550217857162,50.87192246913996,4.68726884121998,2018,1,8,24062,Leuven,Onbekend,Onbekend,Onbekend,met lichtgewonden,9,personenauto,3,Fiets,Buiten Kruispunt,Gemeenteweg,binnen bebouwde kom,Tussen 2 bestuurders: Langs achteren,Geen hindernis
5761,22,Tienen 2,Tienen,50.81330800184882,4.935984252796022,0.6194527625655937,50.80818700719673,4.939455110341693,2018,1,12,24107,Tienen,Normaal,Droog,Dag,met lichtgewonden,3,Fiets,3,Fiets,Buiten Kruispunt,Gemeenteweg,binnen bebouwde kom,Tussen 2 bestuurders: Frontale botsing,Geen hindernis
5761,24,Tienen 1,Tienen,50.8133795491886,4.935044252605416,0.6553022429165143,50.80818700719673,4.939455110341693,2018,1,12,24107,Tienen,Normaal,Droog,Dag,met lichtgewonden,3,Fiets,3,Fiets,Buiten Kruispunt,Gemeenteweg,binnen bebouwde kom,Tussen 2 bestuurders: Frontale botsing,Geen hindernis
5761,23,Tienen 3,Tienen,50.81324,4.93447,0.6621031914437866,50.80818700719673,4.939455110341693,2018,1,12,24107,Tienen,Normaal,Droog,Dag,met lichtgewonden,3,Fiets,3,Fiets,Buiten Kruispunt,Gemeenteweg,binnen bebouwde kom,Tussen 2 bestuurders: Frontale botsing,Geen hindernis
5771,101,Diest teller 1,Diest,50.97799,5.04481,0.27253827048826285,50.97991183937585,5.042393956667795,2018,1,18,24020,Diest,Normaal,Droog,"Nacht, openbare verlichting aanwezig en ontstoken",met lichtgewonden,9,personenauto,3,Fiets,Op Kruispunt,Gewestweg,binnen bebouwde kom,Tss. 2 best.: langs opzij (voor-/achterkant-flank),Geen hindernis
5771,102,Diest teller 2,Diest,50.9779,5.04474,0.2775260297929383,50.97991183937585,5.042393956667795,2018,1,18,24020,Diest,Normaal,Droog,"Nacht, openbare verlichting aanwezig en ontstoken",met lichtgewonden,9,personenauto,3,Fiets,Op Kruispunt,Gewestweg,binnen bebouwde kom,Tss. 2 best.: langs opzij (voor-/achterkant-flank),Geen hindernis
5773,26,Zaventem,Zaventem,50.86995,4.45444,0.6080828707939405,50.87110541130936,4.445970055568083,2018,1,8,23094,Zaventem,Normaal,Droog,Dag,met lichtgewonden,9,personenauto,3,Fiets,Op Kruispunt,Gemeenteweg,binnen bebouwde kom,Tussen 2 bestuurders: Frontale botsing,Geen hindernis
5774,145,Overijse,District Vilvoorde-gewestwegen,50.7885856,4.4908759,0.576329590151683,50.78671206669805,4.4985200319591225,2018,1,17,23062,Overijse,Normaal,Droog,Onbekend,met lichtgewonden,3,Fiets,10,"één bestuurder, geen hindernis",Op Kruispunt,Gewestweg,buiten bebouwde kom,"Eén bestuurder, geen hindernis (incl. val)",Geen hindernis
5774,146,Overijse 2,District Vilvoorde-gewestwegen,50.7881478,4.4902818,0.600727687715696,50.78671206669805,4.4985200319591225,2018,1,17,23062,Overijse,Normaal,Droog,Onbekend,met lichtgewonden,3,Fiets,10,"één bestuurder, geen hindernis",Op Kruispunt,Gewestweg,buiten bebouwde kom,"Eén bestuurder, geen hindernis (incl. val)",Geen hindernis
5774,147,Overijse,District Vilvoorde-gewestwegen,50.7797555,4.4975769,0.7763715058370236,50.78671206669805,4.4985200319591225,2018,1,17,23062,Overijse,Normaal,Droog,Onbekend,met lichtgewonden,3,Fiets,10,"één bestuurder, geen hindernis",Op Kruispunt,Gewestweg,buiten bebouwde kom,"Eén bestuurder, geen hindernis (incl. val)",Geen hindernis
5780,1,Machelen,Machelen,50.91618331151478,4.456121776137429,0.9854922461840933,50.9211200338394,4.444446278691817,2018,1,16,23088,Vilvoorde,Normaal,Droog,Dageraad - schemering,met lichtgewonden,5,Lichte vrachtauto,3,Fiets,Op Kruispunt,Gewestweg,buiten bebouwde kom,Tss. 2 best.: langs opzij (voor-/achterkant-flank),Geen hindernis
5785,13,Gent,Gent,51.03018,3.70146,0.4296499924413101,51.031792067429,3.7070436947135663,2018,2,16,44021,Gent,Normaal,Droog,Dag,met lichtgewonden,3,Fiets,8,Voetganger,Buiten Kruispunt,Gewestweg,binnen bebouwde kom,Met een voetganger,Geen hindernis
5796,118,Gent teller 1,Gent,51.028049,3.7681359,0.4333380908328451,51.030546225834115,3.7633787697922254,2018,1,12,44021,Gent,Normaal,Droog,Dag,met lichtgewonden,3,Fiets,9,personenauto,Buiten Kruispunt,Gewestweg,buiten bebouwde kom,Tss. 2 best.: langs opzij (voor-/achterkant-flank),Geen hindernis
5796,119,Gent teller 2,Gent,51.0281795,3.7683918,0.43836153577143716,51.030546225834115,3.7633787697922254,2018,1,12,44021,Gent,Normaal,Droog,Dag,met lichtgewonden,3,Fiets,9,personenauto,Buiten Kruispunt,Gewestweg,buiten bebouwde kom,Tss. 2 best.: langs opzij (voor-/achterkant-flank),Geen hindernis
5799,119,Gent teller 2,Gent,51.0281795,3.7683918,0.22517224960252472,51.026568508757826,3.7703426055684988,2018,1,7,44021,Gent,"Sterke wind, rukwind",Droog,"Nacht, openbare verlichting aanwezig en ontstoken",met lichtgewonden,9,personenauto,3,Fiets,Op Kruispunt,Gewestweg,binnen bebouwde kom,Tss. 2 best.: langs opzij (voor-/achterkant-flank),Geen hindernis
5799,118,Gent teller 1,Gent,51.028049,3.7681359,0.22565012260392917,51.026568508757826,3.7703426055684988,2018,1,7,44021,Gent,"Sterke wind, rukwind",Droog,"Nacht, openbare verlichting aanwezig en ontstoken",met lichtgewonden,9,personenauto,3,Fiets,Op Kruispunt,Gewestweg,binnen bebouwde kom,Tss. 2 best.: langs opzij (voor-/achterkant-flank),Geen hindernis
5806,118,Gent teller 1,Gent,51.028049,3.7681359,0.8806181435012497,51.02203513499445,3.7599432928532193,2018,1,18,44021,Gent,Regenval,"Nat, plassen","Nacht, openbare verlichting aanwezig en ontstoken",met lichtgewonden,3,Fiets,8,Voetganger,Buiten Kruispunt,Gemeenteweg,binnen bebouwde kom,Met een voetganger,Geen hindernis
5806,119,Gent teller 2,Gent,51.0281795,3.7683918,0.9032915012382725,51.02203513499445,3.7599432928532193,2018,1,18,44021,Gent,Regenval,"Nat, plassen","Nacht, openbare verlichting aanwezig en ontstoken",met lichtgewonden,3,Fiets,8,Voetganger,Buiten Kruispunt,Gemeenteweg,binnen bebouwde kom,Met een voetganger,Geen hindernis
5838,116,Melle teller 2,Melle,50.9986113,3.8040599,0.2886180455370445,51.001127561643074,3.805071876591776,2018,1,19,44040,Melle,Normaal,Droog,"Nacht, openbare verlichting aanwezig en ontstoken",met lichtgewonden,3,Fiets,9,personenauto,Buiten Kruispunt,Gewestweg,binnen bebouwde kom,Tss. 2 best.: langs opzij (voor-/achterkant-flank),Geen hindernis
5838,117,Melle teller 1,Melle,50.9986113,3.8040599,0.2886180455370445,51.001127561643074,3.805071876591776,2018,1,19,44040,Melle,Normaal,Droog,"Nacht, openbare verlichting aanwezig en ontstoken",met lichtgewonden,3,Fiets,9,personenauto,Buiten Kruispunt,Gewestweg,binnen bebouwde kom,Tss. 2 best.: langs opzij (voor-/achterkant-flank),Geen hindernis
5839,118,Gent teller 1,Gent,51.028049,3.7681359,0.909533254477045,51.02067692078422,3.7737700715390288,2018,1,17,44040,Melle,Normaal,Droog,Dageraad - schemering,met lichtgewonden,9,personenauto,3,Fiets,Op Kruispunt,Gemeenteweg,binnen bebouwde kom,Tss. 2 best.: langs opzij (voor-/achterkant-flank),Geen hindernis
5839,119,Gent teller 2,Gent,51.0281795,3.7683918,0.9151317378174562,51.02067692078422,3.7737700715390288,2018,1,17,44040,Melle,Normaal,Droog,Dageraad - schemering,met lichtgewonden,9,personenauto,3,Fiets,Op Kruispunt,Gemeenteweg,binnen bebouwde kom,Tss. 2 best.: langs opzij (voor-/achterkant-flank),Geen hindernis
5841,119,Gent teller 2,Gent,51.0281795,3.7683918,0.8586406021193286,51.022163563035214,3.776088661886343,2018,1,12,44040,Melle,Normaal,Droog,Dag,met lichtgewonden,9,personenauto,3,Fiets,Buiten Kruispunt,Gewestweg,buiten bebouwde kom,Tss. 2 best.: langs opzij (voor-/achterkant-flank),Geen hindernis
5841,118,Gent teller 1,Gent,51.028049,3.7681359,0.858865741328382,51.022163563035214,3.776088661886343,2018,1,12,44040,Melle,Normaal,Droog,Dag,met lichtgewonden,9,personenauto,3,Fiets,Buiten Kruispunt,Gewestweg,buiten bebouwde kom,Tss. 2 best.: langs opzij (voor-/achterkant-flank),Geen hindernis