crash_row_id,site_id,site_name,site_gemeente,site_lat,site_long,distance_km,crash_lat,crash_long,DT_YEAR_COLLISION,DT_MONTH_COLLISION,DT_TIME,CD_NIS,TX_MUNTY_COLLISION_NL,TX_WEATHER_NL,TX_ROAD_CONDITION_NL,TX_LIGHT_CONDITION_NL,TX_CLASS_ACCIDENTS_NL,CD_ROAD_USR_TYPE1,TX_ROAD_USR_TYPE1_NL,CD_ROAD_USR_TYPE2,TX_ROAD_USR_TYPE2_NL,TX_CROSSWAY_NL,CD_ROAD_TYPE_NL,TX_BUILD_UP_AREA_NL,TX_COLLISION_TYPE_NL,TX_OBSTACLES_NL
5872,128,Lokeren teller 1,Lokeren,51.09644,3.97023,0.743707867248814,51.102497145138535,3.974746641323533,2018,1,10,46014,Lokeren,Regenval,"Nat, plassen",Dag,met zwaargewonden,9,personenauto,3,Fiets,Op Kruispunt,Gemeenteweg,binnen bebouwde kom,Tussen 2 bestuurders: Flank tegen flank,Geen hindernis
5872,129,Lokeren teller 2,Lokeren,51.09612,3.97025,0.7755129859805632,51.102497145138535,3.974746641323533,2018,1,10,46014,Lokeren,Regenval,"Nat, plassen",Dag,met zwaargewonden,9,personenauto,3,Fiets,Op Kruispunt,Gemeenteweg,binnen bebouwde kom,Tussen 2 bestuurders: Flank tegen flank,Geen hindernis
5876,120,Zele teller 1,Zele,51.0607671,4.0547741,0.9474103675637262,51.053698732244925,4.047205133124561,2018,1,10,42028,Zele,Normaal,Droog,Dag,met zwaargewonden,9,personenauto,3,Fiets,Op Kruispunt,Gemeenteweg,buiten bebouwde kom,Tss. 2 best.: langs opzij (voor-/achterkant-flank),Geen hindernis
5876,121,Zele teller 2,Zele,51.0604067,4.0556696,0.9520163659659059,51.053698732244925,4.047205133124561,2018,1,10,42028,Zele,Normaal,Droog,Dag,met zwaargewonden,9,personenauto,3,Fiets,Op Kruispunt,Gemeenteweg,buiten bebouwde kom,Tss. 2 best.: langs opzij (voor-/achterkant-flank),Geen hindernis
5891,122,Dendermonde teller 2,Dendermonde,51.0373918,4.1019222,0.7239604195156834,51.033594693641874,4.093511745775593,2018,1,8,42006,Dendermonde,Normaal,Droog,Dageraad - schemering,met lichtgewonden,9,personenauto,3,Fiets,Op Kruispunt,Gewestweg,binnen bebouwde kom,Tussen 2 bestuurders: Flank tegen flank,Geen hindernis
5891,125,Dendermonde totem,Dendermonde,51.0372706,4.1025998,0.755575059666491,51.033594693641874,4.093511745775593,2018,1,8,42006,Dendermonde,Normaal,Droog,Dageraad - schemering,met lichtgewonden,9,personenauto,3,Fiets,Op Kruispunt,Gewestweg,binnen bebouwde kom,Tussen 2 bestuurders: Flank tegen flank,Geen hindernis
5897,54,Brugge teller 2,Brugge,51.23015,3.22818,0.7105937804259784,51.22379256949472,3.2271428323362685,2018,1,8,31005,Brugge,Normaal,Droog,Dag,met lichtgewonden,5,Lichte vrachtauto,3,Fiets,Op Kruispunt,Gewestweg,binnen bebouwde kom,Tss. 2 best.: langs opzij (voor-/achterkant-flank),Geen hindernis
5897,53,Brugge teller 1,Brugge,51.23023,3.228,0.7182938755890873,51.22379256949472,3.2271428323362685,2018,1,8,31005,Brugge,Normaal,Droog,Dag,met lichtgewonden,5,Lichte vrachtauto,3,Fiets,Op Kruispunt,Gewestweg,binnen bebouwde kom,Tss. 2 best.: langs opzij (voor-/achterkant-flank),Geen hindernis
5902,142,TEST Validatie BRUGGE Y2H22022134,Brugge,51.22632,3.24095,0.43781926232878293,51.22456910113073,3.2353186378981285,2018,1,18,31005,Brugge,Regenval,"Nat, plassen","Nacht, openbare verlichting aanwezig en ontstoken",met zwaargewonden,3,Fiets,9,personenauto,Op Kruispunt,Gemeenteweg,binnen bebouwde kom,Tss. 2 best.: langs opzij (voor-/achterkant-flank),Geen hindernis
5902,52,Brugge,Brugge,51.22632,3.24095,0.43781926232878293,51.22456910113073,3.2353186378981285,2018,1,18,31005,Brugge,Regenval,"Nat, plassen","Nacht, openbare verlichting aanwezig en ontstoken",met zwaargewonden,3,Fiets,9,personenauto,Op Kruispunt,Gemeenteweg,binnen bebouwde kom,Tss. 2 best.: langs opzij (voor-/achterkant-flank),Geen hindernis
5902,54,Brugge teller 2,Brugge,51.23015,3.22818,0.7951119263920957,51.22456910113073,3.2353186378981285,2018,1,18,31005,Brugge,Regenval,"Nat, plassen","Nacht, openbare verlichting aanwezig en ontstoken",met zwaargewonden,3,Fiets,9,personenauto,Op Kruispunt,Gemeenteweg,binnen bebouwde kom,Tss. 2 best.: langs opzij (voor-/achterkant-flank),Geen hindernis
5902,53,Brugge teller 1,Brugge,51.23023,3.228,0.8099015579962003,51.22456910113073,3.2353186378981285,2018,1,18,31005,Brugge,Regenval,"Nat, plassen","Nacht, openbare verlichting aanwezig en ontstoken",met zwaargewonden,3,Fiets,9,personenauto,Op Kruispunt,Gemeenteweg,binnen bebouwde kom,Tss. 2 best.: langs opzij (voor-/achterkant-flank),Geen hindernis
5919,15,Oostende 2,Oostende,51.21371,2.92743,0.11282207645063844,51.21282397856141,2.928219267495095,2018,2,14,35013,Oostende,Normaal,Droog,Dag,met lichtgewonden,5,Lichte vrachtauto,3,Fiets,Buiten Kruispunt,Gemeenteweg,binnen bebouwde kom,Tss. 2 best.: langs opzij (voor-/achterkant-flank),Geen hindernis
5919,18,Oostende 1,Oostende,51.21378,2.92765,0.11345926788123444,51.21282397856141,2.928219267495095,2018,2,14,35013,Oostende,Normaal,Droog,Dag,met lichtgewonden,5,Lichte vrachtauto,3,Fiets,Buiten Kruispunt,Gemeenteweg,binnen bebouwde kom,Tss. 2 best.: langs opzij (voor-/achterkant-flank),Geen hindernis
5920,15,Oostende 2,Oostende,51.21371,2.92743,0.4613069526188462,51.20995905830287,2.9302593945806117,2018,1,18,35013,Oostende,Mist (zichtbaarheid minder dan 100m),"Nat, plassen","Nacht, openbare verlichting aanwezig en ontstoken",dodelijk gewonden,5,Lichte vrachtauto,3,Fiets,Op Kruispunt,Gemeenteweg,binnen bebouwde kom,Tss. 2 best.: langs opzij (voor-/achterkant-flank),Geen hindernis
5920,18,Oostende 1,Oostende,51.21378,2.92765,0.4621166424629185,51.20995905830287,2.9302593945806117,2018,1,18,35013,Oostende,Mist (zichtbaarheid minder dan 100m),"Nat, plassen","Nacht, openbare verlichting aanwezig en ontstoken",dodelijk gewonden,5,Lichte vrachtauto,3,Fiets,Op Kruispunt,Gemeenteweg,binnen bebouwde kom,Tss. 2 best.: langs opzij (voor-/achterkant-flank),Geen hindernis
5942,16,Kortrijk 1,Kortrijk,50.83332,3.27777,0.6268199339564567,50.82933446104554,3.284081792086708,2018,1,7,34022,Kortrijk,Normaal,Droog,"Nacht, openbare verlichting aanwezig en ontstoken",met zwaargewonden,2,Andere weggebruiker,3,Fiets,Buiten Kruispunt,Gemeenteweg,binnen bebouwde kom,Tussen 2 bestuurders: Langs achteren,Geen hindernis
5942,17,Kortrijk 2,Kortrijk,50.83339,3.27773,0.6343193147853669,50.82933446104554,3.284081792086708,2018,1,7,34022,Kortrijk,Normaal,Droog,"Nacht, openbare verlichting aanwezig en ontstoken",met zwaargewonden,2,Andere weggebruiker,3,Fiets,Buiten Kruispunt,Gemeenteweg,binnen bebouwde kom,Tussen 2 bestuurders: Langs achteren,Geen hindernis
5944,75,Kortrijk teller 2,Kortrijk,50.81925,3.25731,0.3776706653554249,50.822642078658156,3.2570365756734994,2018,1,19,34022,Kortrijk,Normaal,Droog,"Nacht, openbare verlichting aanwezig en ontstoken",met lichtgewonden,6,Bromfiets,3,Fiets,Buiten Kruispunt,Gemeenteweg,binnen bebouwde kom,Tussen 2 bestuurders: Flank tegen flank,Geen hindernis
5944,74,Kortrijk teller 1,Kortrijk,50.81909,3.25728,0.3953431102408361,50.822642078658156,3.2570365756734994,2018,1,19,34022,Kortrijk,Normaal,Droog,"Nacht, openbare verlichting aanwezig en ontstoken",met lichtgewonden,6,Bromfiets,3,Fiets,Buiten Kruispunt,Gemeenteweg,binnen bebouwde kom,Tussen 2 bestuurders: Flank tegen flank,Geen hindernis
5944,143,Eco Display Classic Budastraat,Kortrijk,50.83066,3.26286,0.9809021420455702,50.822642078658156,3.2570365756734994,2018,1,19,34022,Kortrijk,Normaal,Droog,"Nacht, openbare verlichting aanwezig en ontstoken",met lichtgewonden,6,Bromfiets,3,Fiets,Buiten Kruispunt,Gemeenteweg,binnen bebouwde kom,Tussen 2 bestuurders: Flank tegen flank,Geen hindernis
5947,143,Eco Display Classic Budastraat,Kortrijk,50.83066,3.26286,0.4209717126599818,50.82730326984716,3.2600881459298967,2018,1,19,34022,Kortrijk,Normaal,Droog,"Nacht, openbare verlichting aanwezig en ontstoken",met lichtgewonden,3,Fiets,9,personenauto,Buiten Kruispunt,Gemeenteweg,binnen bebouwde kom,Tss. 2 best.: langs opzij (voor-/achterkant-flank),Geen hindernis
5947,75,Kortrijk teller 2,Kortrijk,50.81925,3.25731,0.9164996024173114,50.82730326984716,3.2600881459298967,2018,1,19,34022,Kortrijk,Normaal,Droog,"Nacht, openbare verlichting aanwezig en ontstoken",met lichtgewonden,3,Fiets,9,personenauto,Buiten Kruispunt,Gemeenteweg,binnen bebouwde kom,Tss. 2 best.: langs opzij (voor-/achterkant-flank),Geen hindernis
5947,74,Kortrijk teller 1,Kortrijk,50.81909,3.25728,0.9343331803023559,50.82730326984716,3.2600881459298967,2018,1,19,34022,Kortrijk,Normaal,Droog,"Nacht, openbare verlichting aanwezig en ontstoken",met lichtgewonden,3,Fiets,9,personenauto,Buiten Kruispunt,Gemeenteweg,binnen bebouwde kom,Tss. 2 best.: langs opzij (voor-/achterkant-flank),Geen hindernis
5948,75,Kortrijk teller 2,Kortrijk,50.81925,3.25731,0.2699955869206195,50.821088903176936,3.254800113963319,2018,1,19,34022,Kortrijk,Regenval,"Nat, plassen","Nacht, openbare verlichting aanwezig en ontstoken",met lichtgewonden,9,personenauto,3,Fiets,Buiten Kruispunt,Gemeenteweg,binnen bebouwde kom,Tussen 2 bestuurders: Langs achteren,Geen hindernis
5948,74,Kortrijk teller 1,Kortrijk,50.81909,3.25728,0.2824027424568487,50.821088903176936,3.254800113963319,2018,1,19,34022,Kortrijk,Regenval,"Nat, plassen","Nacht, openbare verlichting aanwezig en ontstoken",met lichtgewonden,9,personenauto,3,Fiets,Buiten Kruispunt,Gemeenteweg,binnen bebouwde kom,Tussen 2 bestuurders: Langs achteren,Geen hindernis
5949,143,Eco Display Classic Budastraat,Kortrijk,50.83066,3.26286,0.518715233059388,50.835033319376194,3.2602895866405195,2018,1,10,34022,Kortrijk,Onbekend,Onbekend,Dag,met lichtgewonden,9,personenauto,3,Fiets,Op Kruispunt,Gewestweg,binnen bebouwde kom,Tss. 2 best.: langs opzij (voor-/achterkant-flank),Geen hindernis
5950,75,Kortrijk teller 2,Kortrijk,50.81925,3.25731,0.5978085572358784,50.82452282845093,3.255649008480037,2018,1,8,34022,Kortrijk,Normaal,Droog,Dag,met lichtgewonden,3,Fiets,9,personenauto,Buiten Kruispunt,Gemeenteweg,binnen bebouwde kom,Tss. 2 best.: langs opzij (voor-/achterkant-flank),Geen hindernis
5950,74,Kortrijk teller 1,Kortrijk,50.81909,3.25728,0.6148712763446016,50.82452282845093,3.255649008480037,2018,1,8,34022,Kortrijk,Normaal,Droog,Dag,met lichtgewonden,3,Fiets,9,personenauto,Buiten Kruispunt,Gemeenteweg,binnen bebouwde kom,Tss. 2 best.: langs opzij (voor-/achterkant-flank),Geen hindernis
5950,143,Eco Display Classic Budastraat,Kortrijk,50.83066,3.26286,0.849835424244288,50.82452282845093,3.255649008480037,2018,1,8,34022,Kortrijk,Normaal,Droog,Dag,met lichtgewonden,3,Fiets,9,personenauto,Buiten Kruispunt,Gemeenteweg,binnen bebouwde kom,Tss. 2 best.: langs opzij (voor-/achterkant-flank),Geen hindernis
5959,66,Nieuwpoort totem,Nieuwpoort,51.1347,2.74369,0.2479931744600429,51.133193493220645,2.7463107577468704,2018,1,8,38016,Nieuwpoort,Normaal,Droog,Dag,met lichtgewonden,3,Fiets,9,personenauto,Op Kruispunt,Gewestweg,binnen bebouwde kom,Tss. 2 best.: langs opzij (voor-/achterkant-flank),Geen hindernis
5959,63,Nieuwpoort teller 3,Nieuwpoort,51.13529,2.74289,0.33363816146418956,51.133193493220645,2.7463107577468704,2018,1,8,38016,Nieuwpoort,Normaal,Droog,Dag,met lichtgewonden,3,Fiets,9,personenauto,Op Kruispunt,Gewestweg,binnen bebouwde kom,Tss. 2 best.: langs opzij (voor-/achterkant-flank),Geen hindernis
5959,65,Nieuwpoort teller 2,Nieuwpoort,51.13435,2.75511,0.6272926735335759,51.133193493220645,2.7463107577468704,2018,1,8,38016,Nieuwpoort,Normaal,Droog,Dag,met lichtgewonden,3,Fiets,9,personenauto,Op Kruispunt,Gewestweg,binnen bebouwde kom,Tss. 2 best.: langs opzij (voor-/achterkant-flank),Geen hindernis
5959,64,Nieuwpoort teller 1,Nieuwpoort,51.13359,2.75737,0.7729266598075841,51.133193493220645,2.7463107577468704,2018,1,8,38016,Nieuwpoort,Normaal,Droog,Dag,met lichtgewonden,3,Fiets,9,personenauto,Op Kruispunt,Gewestweg,binnen bebouwde kom,Tss. 2 best.: langs opzij (voor-/achterkant-flank),Geen hindernis
5974,99,Mechelen teller 1,Mechelen,51.04564,4.46882,0.9002842867432842,51.03802313722359,4.473186045373242,2018,1,11,12025,Mechelen,Normaal,Droog,Dag,met lichtgewonden,9,personenauto,3,Fiets,Op Kruispunt,Gewestweg,binnen bebouwde kom,Tss. 2 best.: langs opzij (voor-/achterkant-flank),Geen hindernis
5974,100,Mechelen teller 2,Mechelen,51.0457,4.46883,0.9063283763352662,51.03802313722359,4.473186045373242,2018,1,11,12025,Mechelen,Normaal,Droog,Dag,met lichtgewonden,9,personenauto,3,Fiets,Op Kruispunt,Gewestweg,binnen bebouwde kom,Tss. 2 best.: langs opzij (voor-/achterkant-flank),Geen hindernis
5976,99,Mechelen teller 1,Mechelen,51.04564,4.46882,0.7194417128564462,51.04217606258584,4.4775117684813095,2018,1,8,12025,Mechelen,Normaal,Droog,Dageraad - schemering,met lichtgewonden,9,personenauto,3,Fiets,Buiten Kruispunt,Gewestweg,binnen bebouwde kom,Tss. 2 best.: langs opzij (voor-/achterkant-flank),Geen hindernis
5976,100,Mechelen teller 2,Mechelen,51.0457,4.46883,0.7224477677054076,51.04217606258584,4.4775117684813095,2018,1,8,12025,Mechelen,Normaal,Droog,Dageraad - schemering,met lichtgewonden,9,personenauto,3,Fiets,Buiten Kruispunt,Gewestweg,binnen bebouwde kom,Tss. 2 best.: langs opzij (voor-/achterkant-flank),Geen hindernis
5980,137,Hasselt-Kempische brug,Hasselt,50.9411605,5.3417576,0.3470018240810962,50.941202778445096,5.336805548670995,2018,1,7,71022,Hasselt,Normaal,"Nat, plassen",Dageraad - schemering,met lichtgewonden,9,personenauto,3,Fiets,Op Kruispunt,Gewestweg,buiten bebouwde kom,Tss. 2 best.: langs opzij (voor-/achterkant-flank),Geen hindernis
5980,138,Hasselt-Kempische brug,Hasselt,50.9405318,5.3422472,0.38850814527275324,50.941202778445096,5.336805548670995,2018,1,7,71022,Hasselt,Normaal,"Nat, plassen",Dageraad - schemering,met lichtgewonden,9,personenauto,3,Fiets,Op Kruispunt,Gewestweg,buiten bebouwde kom,Tss. 2 best.: langs opzij (voor-/achterkant-flank),Geen hindernis
5983,137,Hasselt-Kempische brug,Hasselt,50.9411605,5.3417576,0.808654620931272,50.94800889120443,5.345641159564644,2018,1,8,71022,Hasselt,Normaal,Droog,Dageraad - schemering,met lichtgewonden,9,personenauto,3,Fiets,Op Kruispunt,Gewestweg,buiten bebouwde kom,Tss. 2 best.: langs opzij (voor-/achterkant-flank),Geen hindernis
5983,138,Hasselt-Kempische brug,Hasselt,50.9405318,5.3422472,0.8647496669792006,50.94800889120443,5.345641159564644,2018,1,8,71022,Hasselt,Normaal,Droog,Dageraad - schemering,met lichtgewonden,9,personenauto,3,Fiets,Op Kruispunt,Gewestweg,buiten bebouwde kom,Tss. 2 best.: langs opzij (voor-/achterkant-flank),Geen hindernis
5990,30,Herk De Stad,Herk-de-Stad,50.94374,5.17691,0.999109849185772,50.94077927935844,5.163446485626581,2018,1,15,71024,Herk-de-Stad,Regenval,"Nat, plassen",Dag,met lichtgewonden,9,personenauto,3,Fiets,Op Kruispunt,Gewestweg,binnen bebouwde kom,Tss. 2 best.: langs opzij (voor-/achterkant-flank),Geen hindernis
6094,37,Lommel teller 1,Lommel,51.23299,5.29211,0.7458798609816674,51.230983239268745,5.302331921943189,2018,2,7,72020,Lommel,Regenval,"Nat, plassen",Dageraad - schemering,met lichtgewonden,9,personenauto,3,Fiets,Op Kruispunt,Gemeenteweg,binnen bebouwde kom,Tss. 2 best.: langs opzij (voor-/achterkant-flank),Geen hindernis
6094,38,Lommel teller 2,Lommel,51.23277,5.29189,0.7536969360962639,51.230983239268745,5.302331921943189,2018,2,7,72020,Lommel,Regenval,"Nat, plassen",Dageraad - schemering,met lichtgewonden,9,personenauto,3,Fiets,Op Kruispunt,Gemeenteweg,binnen bebouwde kom,Tss. 2 best.: langs opzij (voor-/achterkant-flank),Geen hindernis
6114,14,Genk,Genk,50.97172,5.48927,0.8254475394400057,50.96431752501713,5.490155041379746,2018,2,14,71016,Genk,Normaal,Droog,Dag,met lichtgewonden,9,personenauto,3,Fiets,Op Kruispunt,Gemeenteweg,binnen bebouwde kom,Tss. 2 best.: langs opzij (voor-/achterkant-flank),Geen hindernis
6120,69,Leuven teller 1,Leuven,50.87549,4.71526,0.6077499372457684,50.874732148061725,4.723838003416893,2018,2,13,24062,Leuven,Normaal,Droog,Dag,met lichtgewonden,3,Fiets,9,personenauto,Buiten Kruispunt,Gemeenteweg,binnen bebouwde kom,Tss. 2 best.: langs opzij (voor-/achterkant-flank),Geen hindernis
6123,107,leuven totem,Leuven,50.8870744,4.7087919,0.5058795260566897,50.89130942719269,4.706157193432668,2018,2,18,24062,Leuven,Normaal,Droog,"Nacht, openbare verlichting aanwezig en ontstoken",met zwaargewonden,3,Fiets,6,Bromfiets,Buiten Kruispunt,Gemeenteweg,binnen bebouwde kom,Tussen 2 bestuurders: Flank tegen flank,Geen hindernis
6123,77,Leuven teller 2,Leuven,50.88672,4.70796,0.5257555559448174,50.89130942719269,4.706157193432668,2018,2,18,24062,Leuven,Normaal,Droog,"Nacht, openbare verlichting aanwezig en ontstoken",met zwaargewonden,3,Fiets,6,Bromfiets,Buiten Kruispunt,Gemeenteweg,binnen bebouwde kom,Tussen 2 bestuurders: Flank tegen flank,Geen hindernis
6125,69,Leuven teller 1,Leuven,50.87549,4.71526,0.9887588717417629,50.86740624748756,4.709389856174438,2018,2,8,24062,Leuven,Normaal,"Nat, plassen",Dageraad - schemering,met lichtgewonden,3,Fiets,9,personenauto,Op Kruispunt,Gemeenteweg,binnen bebouwde kom,Tussen 2 bestuurders: Langs achteren,Geen hindernis
6126,77,Leuven teller 2,Leuven,50.88672,4.70796,0.7821024156794139,50.886516898281464,4.696815346594854,2018,2,20,24062,Leuven,Normaal,"Nat, plassen","Nacht, openbare verlichting aanwezig en ontstoken",met lichtgewonden,9,personenauto,3,Fiets,Buiten Kruispunt,Gemeenteweg,binnen bebouwde kom,Tss. 2 best.: langs opzij (voor-/achterkant-flank),Geen hindernis
6126,107,leuven totem,Leuven,50.8870744,4.7087919,0.8424132944217866,50.886516898281464,4.696815346594854,2018,2,20,24062,Leuven,Normaal,"Nat, plassen","Nacht, openbare verlichting aanwezig en ontstoken",met lichtgewonden,9,personenauto,3,Fiets,Buiten Kruispunt,Gemeenteweg,binnen bebouwde kom,Tss. 2 best.: langs opzij (voor-/achterkant-flank),Geen hindernis
6127,24,Tienen 1,Tienen,50.8133795491886,4.935044252605416,0.009770190624328684,50.81334426656314,4.9351716095648674,2018,2,19,24107,Tienen,Normaal,Droog,"Nacht, openbare verlichting aanwezig en ontstoken",met lichtgewonden,9,personenauto,3,Fiets,Op Kruispunt,Gewestweg,binnen bebouwde kom,Tss. 2 best.: langs opzij (voor-/achterkant-flank),Geen hindernis
6127,23,Tienen 3,Tienen,50.81324,4.93447,0.05063909509282226,50.81334426656314,4.9351716095648674,2018,2,19,24107,Tienen,Normaal,Droog,"Nacht, openbare verlichting aanwezig en ontstoken",met lichtgewonden,9,personenauto,3,Fiets,Op Kruispunt,Gewestweg,binnen bebouwde kom,Tss. 2 best.: langs opzij (voor-/achterkant-flank),Geen hindernis
6127,22,Tienen 2,Tienen,50.81330800184882,4.935984252796022,0.057237242823281576,50.81334426656314,4.9351716095648674,2018,2,19,24107,Tienen,Normaal,Droog,"Nacht, openbare verlichting aanwezig en ontstoken",met lichtgewonden,9,personenauto,3,Fiets,Op Kruispunt,Gewestweg,binnen bebouwde kom,Tss. 2 best.: langs opzij (voor-/achterkant-flank),Geen hindernis
6133,101,Diest teller 1,Diest,50.97799,5.04481,0.2997271878796883,50.9801191898935,5.0474354209003485,2018,2,7,24020,Diest,Normaal,Droog,Dag,met lichtgewonden,9,personenauto,3,Fiets,Buiten Kruispunt,Gewestweg,binnen bebouwde kom,Tss. 2 best.: langs opzij (voor-/achterkant-flank),Geen hindernis
6133,102,Diest teller 2,Diest,50.9779,5.04474,0.3106457628074169,50.9801191898935,5.0474354209003485,2018,2,7,24020,Diest,Normaal,Droog,Dag,met lichtgewonden,9,personenauto,3,Fiets,Buiten Kruispunt,Gewestweg,binnen bebouwde kom,Tss. 2 best.: langs opzij (voor-/achterkant-flank),Geen hindernis
6150,118,Gent teller 1,Gent,51.028049,3.7681359,0.07615675302812097,51.028465940273364,3.767271965127867,2018,2,10,44021,Gent,Normaal,Droog,Dag,met lichtgewonden,3,Fiets,9,personenauto,Op Kruispunt,Gewestweg,binnen bebouwde kom,Tss. 2 best.: langs opzij (voor-/achterkant-flank),Geen hindernis
6150,119,Gent teller 2,Gent,51.0281795,3.7683918,0.0845442053461961,51.028465940273364,3.767271965127867,2018,2,10,44021,Gent,Normaal,Droog,Dag,met lichtgewonden,3,Fiets,9,personenauto,Op Kruispunt,Gewestweg,binnen bebouwde kom,Tss. 2 best.: langs opzij (voor-/achterkant-flank),Geen hindernis
6218,126,Hamme totem,Hamme,51.1017709,4.1469307,0.6755126718880046,51.10638524206332,4.140637677665163,2018,2,16,42023,Waasmunster,Normaal,Droog,Dag,met lichtgewonden,9,personenauto,3,Fiets,Buiten Kruispunt,Gewestweg,buiten bebouwde kom,Tss. 2 best.: langs opzij (voor-/achterkant-flank),Geen hindernis
6235,10,Aalst 2,Aalst,50.93549,4.01571,0.5052952878047562,50.93721999639792,4.022377964259826,2018,2,9,41002,Aalst,Normaal,Droog,Dag,met lichtgewonden,9,personenauto,3,Fiets,Buiten Kruispunt,Gemeenteweg,binnen bebouwde kom,Tussen 2 bestuurders: Frontale botsing,Geen hindernis
6235,11,Aalst 3,Aalst,50.93385,4.01647,0.5584027189488532,50.93721999639792,4.022377964259826,2018,2,9,41002,Aalst,Normaal,Droog,Dag,met lichtgewonden,9,personenauto,3,Fiets,Buiten Kruispunt,Gemeenteweg,binnen bebouwde kom,Tussen 2 bestuurders: Frontale botsing,Geen hindernis
6235,19,Aalst 1,Aalst,50.93433,4.01471,0.6260880535994491,50.93721999639792,4.022377964259826,2018,2,9,41002,Aalst,Normaal,Droog,Dag,met lichtgewonden,9,personenauto,3,Fiets,Buiten Kruispunt,Gemeenteweg,binnen bebouwde kom,Tussen 2 bestuurders: Frontale botsing,Geen hindernis
6236,11,Aalst 3,Aalst,50.93385,4.01647,0.9697996683719297,50.932203387168286,4.030059946846703,2018,2,12,41002,Aalst,Normaal,Droog,Dag,met lichtgewonden,3,Fiets,9,personenauto,Buiten Kruispunt,Gemeenteweg,binnen bebouwde kom,Tussen 2 bestuurders: Langs achteren,Geen hindernis
6242,142,TEST Validatie BRUGGE Y2H22022134,Brugge,51.22632,3.24095,0.22675715784383021,51.2246912740347,3.238990499295502,2018,2,17,31005,Brugge,Onbekend,Onbekend,Dageraad - schemering,met lichtgewonden,3,Fiets,3,Fiets,Op Kruispunt,Gewestweg,binnen bebouwde kom,Tss. 2 best.: langs opzij (voor-/achterkant-flank),Geen hindernis
6242,52,Brugge,Brugge,51.22632,3.24095,0.22675715784383021,51.2246912740347,3.238990499295502,2018,2,17,31005,Brugge,Onbekend,Onbekend,Dageraad - schemering,met lichtgewonden,3,Fiets,3,Fiets,Op Kruispunt,Gewestweg,binnen bebouwde kom,Tss. 2 best.: langs opzij (voor-/achterkant-flank),Geen hindernis
6242,54,Brugge teller 2,Brugge,51.23015,3.22818,0.9670046270730089,51.2246912740347,3.238990499295502,2018,2,17,31005,Brugge,Onbekend,Onbekend,Dageraad - schemering,met lichtgewonden,3,Fiets,3,Fiets,Op Kruispunt,Gewestweg,binnen bebouwde kom,Tss. 2 best.: langs opzij (voor-/achterkant-flank),Geen hindernis
6242,53,Brugge teller 1,Brugge,51.23023,3.228,0.9823455415476827,51.2246912740347,3.238990499295502,2018,2,17,31005,Brugge,Onbekend,Onbekend,Dageraad - schemering,met lichtgewonden,3,Fiets,3,Fiets,Op Kruispunt,Gewestweg,binnen bebouwde kom,Tss. 2 best.: langs opzij (voor-/achterkant-flank),Geen hindernis
6244,20,Brugge,Brugge,51.17416,3.20048,0.8566552273539908,51.16701617226695,3.195880014016564,2018,2,14,31005,Brugge,Normaal,"Ijzel, sneeuw",Dag,met zwaargewonden,4,Vrachtwagen,3,Fiets,Buiten Kruispunt,Gewestweg,buiten bebouwde kom,Tss. 2 best.: langs opzij (voor-/achterkant-flank),Geen hindernis
6245,142,TEST Validatie BRUGGE Y2H22022134,Brugge,51.22632,3.24095,0.8031751614890764,51.220739985528866,3.2336264621673454,2018,2,16,31005,Brugge,Normaal,Droog,Dag,met lichtgewonden,9,personenauto,3,Fiets,Op Kruispunt,Gemeenteweg,binnen bebouwde kom,Tss. 2 best.: langs opzij (voor-/achterkant-flank),Geen hindernis
6245,52,Brugge,Brugge,51.22632,3.24095,0.8031751614890764,51.220739985528866,3.2336264621673454,2018,2,16,31005,Brugge,Normaal,Droog,Dag,met lichtgewonden,9,personenauto,3,Fiets,Op Kruispunt,Gemeenteweg,binnen bebouwde kom,Tss. 2 best.: langs opzij (voor-/achterkant-flank),Geen hindernis
6283,75,Kortrijk teller 2,Kortrijk,50.81925,3.25731,0.4706034332221316,50.82333789221274,3.259044716155276,2018,2,11,34022,Kortrijk,Normaal,Droog,Dag,met lichtgewonden,3,Fiets,9,personenauto,Buiten Kruispunt,Gewestweg,binnen bebouwde kom,Tss. 2 best.: langs opzij (voor-/achterkant-flank),Geen hindernis
6283,74,Kortrijk teller 1,Kortrijk,50.81909,3.25728,0.4883403389795086,50.82333789221274,3.259044716155276,2018,2,11,34022,Kortrijk,Normaal,Droog,Dag,met lichtgewonden,3,Fiets,9,personenauto,Buiten Kruispunt,Gewestweg,binnen bebouwde kom,Tss. 2 best.: langs opzij (voor-/achterkant-flank),Geen hindernis
6283,143,Eco Display Classic Budastraat,Kortrijk,50.83066,3.26286,0.8571481305665817,50.82333789221274,3.259044716155276,2018,2,11,34022,Kortrijk,Normaal,Droog,Dag,met lichtgewonden,3,Fiets,9,personenauto,Buiten Kruispunt,Gewestweg,binnen bebouwde kom,Tss. 2 best.: langs opzij (voor-/achterkant-flank),Geen hindernis
6284,143,Eco Display Classic Budastraat,Kortrijk,50.83066,3.26286,0.4176433867467361,50.82738383486628,3.2599519464673334,2018,2,15,34022,Kortrijk,Normaal,Droog,Dag,met lichtgewonden,5,Lichte vrachtauto,3,Fiets,Buiten Kruispunt,Gemeenteweg,binnen bebouwde kom,Tss. 2 best.: langs opzij (voor-/achterkant-flank),Geen hindernis