crash_row_id,site_id,site_name,site_gemeente,site_lat,site_long,distance_km,crash_lat,crash_long,DT_YEAR_COLLISION,DT_MONTH_COLLISION,DT_TIME,CD_NIS,TX_MUNTY_COLLISION_NL,TX_WEATHER_NL,TX_ROAD_CONDITION_NL,TX_LIGHT_CONDITION_NL,TX_CLASS_ACCIDENTS_NL,CD_ROAD_USR_TYPE1,TX_ROAD_USR_TYPE1_NL,CD_ROAD_USR_TYPE2,TX_ROAD_USR_TYPE2_NL,TX_CROSSWAY_NL,CD_ROAD_TYPE_NL,TX_BUILD_UP_AREA_NL,TX_COLLISION_TYPE_NL,TX_OBSTACLES_NL
6284,75,Kortrijk teller 2,Kortrijk,50.81925,3.25731,0.9232840779646189,50.82738383486628,3.2599519464673334,2018,2,15,34022,Kortrijk,Normaal,Droog,Dag,met lichtgewonden,5,Lichte vrachtauto,3,Fiets,Buiten Kruispunt,Gemeenteweg,binnen bebouwde kom,Tss. 2 best.: langs opzij (voor-/achterkant-flank),Geen hindernis
6284,74,Kortrijk teller 1,Kortrijk,50.81909,3.25728,0.9411370173963014,50.82738383486628,3.2599519464673334,2018,2,15,34022,Kortrijk,Normaal,Droog,Dag,met lichtgewonden,5,Lichte vrachtauto,3,Fiets,Buiten Kruispunt,Gemeenteweg,binnen bebouwde kom,Tss. 2 best.: langs opzij (voor-/achterkant-flank),Geen hindernis
6286,143,Eco Display Classic Budastraat,Kortrijk,50.83066,3.26286,0.8355848058243758,50.823952781919324,3.2682245371059606,2018,2,17,34022,Kortrijk,Normaal,Droog,"Nacht, openbare verlichting aanwezig en ontstoken",met lichtgewonden,9,personenauto,3,Fiets,Op Kruispunt,Gewestweg,binnen bebouwde kom,Tss. 2 best.: langs opzij (voor-/achterkant-flank),Geen hindernis
6286,75,Kortrijk teller 2,Kortrijk,50.81925,3.25731,0.9280534604743486,50.823952781919324,3.2682245371059606,2018,2,17,34022,Kortrijk,Normaal,Droog,"Nacht, openbare verlichting aanwezig en ontstoken",met lichtgewonden,9,personenauto,3,Fiets,Op Kruispunt,Gewestweg,binnen bebouwde kom,Tss. 2 best.: langs opzij (voor-/achterkant-flank),Geen hindernis
6286,74,Kortrijk teller 1,Kortrijk,50.81909,3.25728,0.9399173439489907,50.823952781919324,3.2682245371059606,2018,2,17,34022,Kortrijk,Normaal,Droog,"Nacht, openbare verlichting aanwezig en ontstoken",met lichtgewonden,9,personenauto,3,Fiets,Op Kruispunt,Gewestweg,binnen bebouwde kom,Tss. 2 best.: langs opzij (voor-/achterkant-flank),Geen hindernis
6289,75,Kortrijk teller 2,Kortrijk,50.81925,3.25731,0.5156885989129958,50.8234444417283,3.2604420030688943,2018,2,8,34022,Kortrijk,Normaal,Droog,Dag,met lichtgewonden,9,personenauto,3,Fiets,Buiten Kruispunt,Gewestweg,binnen bebouwde kom,Tss. 2 best.: langs opzij (voor-/achterkant-flank),Geen hindernis
6289,74,Kortrijk teller 1,Kortrijk,50.81909,3.25728,0.5327089374466614,50.8234444417283,3.2604420030688943,2018,2,8,34022,Kortrijk,Normaal,Droog,Dag,met lichtgewonden,9,personenauto,3,Fiets,Buiten Kruispunt,Gewestweg,binnen bebouwde kom,Tss. 2 best.: langs opzij (voor-/achterkant-flank),Geen hindernis
6289,143,Eco Display Classic Budastraat,Kortrijk,50.83066,3.26286,0.8201114690590482,50.8234444417283,3.2604420030688943,2018,2,8,34022,Kortrijk,Normaal,Droog,Dag,met lichtgewonden,9,personenauto,3,Fiets,Buiten Kruispunt,Gewestweg,binnen bebouwde kom,Tss. 2 best.: langs opzij (voor-/achterkant-flank),Geen hindernis
6306,41,Maasmechelen teller 1,Maasmechelen,50.97025,5.69799,0.030783648186253128,50.96999401387289,5.697822591285061,2018,2,9,73107,Maasmechelen,Normaal,Droog,Dag,met lichtgewonden,9,personenauto,3,Fiets,Op Kruispunt,Gewestweg,binnen bebouwde kom,Tss. 2 best.: langs opzij (voor-/achterkant-flank),Geen hindernis
6306,42,Maasmechelen teller 2,Maasmechelen,50.97043,5.6981,0.052226217022887544,50.96999401387289,5.697822591285061,2018,2,9,73107,Maasmechelen,Normaal,Droog,Dag,met lichtgewonden,9,personenauto,3,Fiets,Op Kruispunt,Gewestweg,binnen bebouwde kom,Tss. 2 best.: langs opzij (voor-/achterkant-flank),Geen hindernis
6400,3,Brasschaat 1,Brasschaat,51.27503,4.47222,0.03381275850024138,51.27532918503637,4.472306913804035,2018,3,17,11008,Brasschaat,Normaal,Droog,Dag,met lichtgewonden,9,personenauto,3,Fiets,Buiten Kruispunt,Gewestweg,buiten bebouwde kom,Tss. 2 best.: langs opzij (voor-/achterkant-flank),Geen hindernis
6400,2,Brasschaat 2,Brasschaat,51.27512,4.47169,0.048811856872344676,51.27532918503637,4.472306913804035,2018,3,17,11008,Brasschaat,Normaal,Droog,Dag,met lichtgewonden,9,personenauto,3,Fiets,Buiten Kruispunt,Gewestweg,buiten bebouwde kom,Tss. 2 best.: langs opzij (voor-/achterkant-flank),Geen hindernis
6450,46,Pelt teller 2,Pelt,51.231,5.44375,0.9156826100406181,51.22738971523184,5.431930662665715,2018,3,17,72043,Pelt,Onbekend,Droog,Onbekend,met lichtgewonden,5,Lichte vrachtauto,3,Fiets,Buiten Kruispunt,Gewestweg,binnen bebouwde kom,Tss. 2 best.: langs opzij (voor-/achterkant-flank),Geen hindernis
6450,45,Pelt teller 1,Pelt,51.23127,5.44377,0.9304682014965476,51.22738971523184,5.431930662665715,2018,3,17,72043,Pelt,Onbekend,Droog,Onbekend,met lichtgewonden,5,Lichte vrachtauto,3,Fiets,Buiten Kruispunt,Gewestweg,binnen bebouwde kom,Tss. 2 best.: langs opzij (voor-/achterkant-flank),Geen hindernis
6462,44,Maaseik teller 2,Maaseik,51.09359,5.79726,0.9203222329517821,51.09957814419486,5.788162054735941,2018,3,12,72021,Maaseik,Normaal,"Nat, plassen",Dag,met lichtgewonden,3,Fiets,9,personenauto,Op Kruispunt,Gemeenteweg,binnen bebouwde kom,Tss. 2 best.: langs opzij (voor-/achterkant-flank),Geen hindernis
6462,43,Maaseik teller 1,Maaseik,51.09344,5.79715,0.9272447687046307,51.09957814419486,5.788162054735941,2018,3,12,72021,Maaseik,Normaal,"Nat, plassen",Dag,met lichtgewonden,3,Fiets,9,personenauto,Op Kruispunt,Gemeenteweg,binnen bebouwde kom,Tss. 2 best.: langs opzij (voor-/achterkant-flank),Geen hindernis
6465,25,Bree,Bree,51.13679500160176,5.597669323604317,0.4627839857770631,51.13873385641971,5.591799987098714,2018,3,11,72004,Bree,Normaal,Droog,Dag,met lichtgewonden,9,personenauto,3,Fiets,Op Kruispunt,Gewestweg,buiten bebouwde kom,Tss. 2 best.: langs opzij (voor-/achterkant-flank),Geen hindernis
6466,139,Houthalen-Helchteren,Houthalen-Helchteren,51.0644267,5.3819796,0.921847799188986,51.05784420483396,5.3899987312896265,2018,3,12,72039,Houthalen-Helchteren,Normaal,Droog,Dag,met lichtgewonden,3,Fiets,5,Lichte vrachtauto,Buiten Kruispunt,Gewestweg,binnen bebouwde kom,Tss. 2 best.: langs opzij (voor-/achterkant-flank),Geen hindernis
6468,151,Leuven,District Leuven,50.8690262,4.6854839,0.5656245924932845,50.87258556382317,4.6912424387553235,2018,3,8,24062,Leuven,Normaal,Droog,Dag,met lichtgewonden,3,Fiets,3,Fiets,Op Kruispunt,Gemeenteweg,binnen bebouwde kom,Tussen 2 bestuurders: Frontale botsing,Geen hindernis
6469,77,Leuven teller 2,Leuven,50.88672,4.70796,0.2101108636833756,50.88814502973595,4.705992996467997,2018,3,20,24062,Leuven,Normaal,Droog,"Nacht, openbare verlichting aanwezig en ontstoken",met zwaargewonden,6,Bromfiets,3,Fiets,Buiten Kruispunt,Gemeenteweg,buiten bebouwde kom,Tss. 2 best.: langs opzij (voor-/achterkant-flank),Geen hindernis
6469,107,leuven totem,Leuven,50.8870744,4.7087919,0.22960715920757105,50.88814502973595,4.705992996467997,2018,3,20,24062,Leuven,Normaal,Droog,"Nacht, openbare verlichting aanwezig en ontstoken",met zwaargewonden,6,Bromfiets,3,Fiets,Buiten Kruispunt,Gemeenteweg,buiten bebouwde kom,Tss. 2 best.: langs opzij (voor-/achterkant-flank),Geen hindernis
6471,69,Leuven teller 1,Leuven,50.87549,4.71526,0.30006071091347664,50.87559500412066,4.710986724096674,2018,3,6,24062,Leuven,Regenval,"Nat, plassen",Dageraad - schemering,met zwaargewonden,9,personenauto,3,Fiets,Op Kruispunt,Gemeenteweg,binnen bebouwde kom,Tss. 2 best.: langs opzij (voor-/achterkant-flank),Geen hindernis
6472,151,Leuven,District Leuven,50.8690262,4.6854839,0.8412034833893326,50.8667912821072,4.696935882976363,2018,3,2,24062,Leuven,Normaal,Onbekend,"Nacht, openbare verlichting aanwezig en ontstoken",met lichtgewonden,3,Fiets,8,Voetganger,Buiten Kruispunt,Gewestweg,binnen bebouwde kom,Met een voetganger,Geen hindernis
6474,69,Leuven teller 1,Leuven,50.87549,4.71526,0.3966929411369908,50.87230794722024,4.71270378459339,2018,3,9,24062,Leuven,Normaal,Droog,Dag,met lichtgewonden,9,personenauto,3,Fiets,Op Kruispunt,Gewestweg,binnen bebouwde kom,Tussen 2 bestuurders: Frontale botsing,Geen hindernis
6475,69,Leuven teller 1,Leuven,50.87549,4.71526,0.5437378623668421,50.879467460638445,4.710751867038243,2018,3,2,24062,Leuven,Normaal,Droog,"Nacht, openbare verlichting aanwezig en ontstoken",met lichtgewonden,3,Fiets,9,personenauto,Buiten Kruispunt,Gemeenteweg,binnen bebouwde kom,Tss. 2 best.: langs opzij (voor-/achterkant-flank),Geen hindernis
6475,77,Leuven teller 2,Leuven,50.88672,4.70796,0.8298886801246799,50.879467460638445,4.710751867038243,2018,3,2,24062,Leuven,Normaal,Droog,"Nacht, openbare verlichting aanwezig en ontstoken",met lichtgewonden,3,Fiets,9,personenauto,Buiten Kruispunt,Gemeenteweg,binnen bebouwde kom,Tss. 2 best.: langs opzij (voor-/achterkant-flank),Geen hindernis
6475,107,leuven totem,Leuven,50.8870744,4.7087919,0.8569556955785298,50.879467460638445,4.710751867038243,2018,3,2,24062,Leuven,Normaal,Droog,"Nacht, openbare verlichting aanwezig en ontstoken",met lichtgewonden,3,Fiets,9,personenauto,Buiten Kruispunt,Gemeenteweg,binnen bebouwde kom,Tss. 2 best.: langs opzij (voor-/achterkant-flank),Geen hindernis
6480,77,Leuven teller 2,Leuven,50.88672,4.70796,0.8157264772844892,50.88001565446184,4.703239706213277,2018,3,8,24062,Leuven,Onbekend,Onbekend,Onbekend,met lichtgewonden,3,Fiets,3,Fiets,Op Kruispunt,Gemeenteweg,binnen bebouwde kom,Tss. 2 best.: langs opzij (voor-/achterkant-flank),Geen hindernis
6480,107,leuven totem,Leuven,50.8870744,4.7087919,0.8762272962180324,50.88001565446184,4.703239706213277,2018,3,8,24062,Leuven,Onbekend,Onbekend,Onbekend,met lichtgewonden,3,Fiets,3,Fiets,Op Kruispunt,Gemeenteweg,binnen bebouwde kom,Tss. 2 best.: langs opzij (voor-/achterkant-flank),Geen hindernis
6480,69,Leuven teller 1,Leuven,50.87549,4.71526,0.9820888190952155,50.88001565446184,4.703239706213277,2018,3,8,24062,Leuven,Onbekend,Onbekend,Onbekend,met lichtgewonden,3,Fiets,3,Fiets,Op Kruispunt,Gemeenteweg,binnen bebouwde kom,Tss. 2 best.: langs opzij (voor-/achterkant-flank),Geen hindernis
6481,23,Tienen 3,Tienen,50.81324,4.93447,0.45173793630825954,50.80919498332195,4.9338728580358895,2018,3,17,24107,Tienen,Normaal,"Nat, plassen",Dag,met lichtgewonden,9,personenauto,3,Fiets,Buiten Kruispunt,Gemeenteweg,binnen bebouwde kom,Tussen 2 bestuurders: Frontale botsing,Geen hindernis
6481,24,Tienen 1,Tienen,50.8133795491886,4.935044252605416,0.4725254967877279,50.80919498332195,4.9338728580358895,2018,3,17,24107,Tienen,Normaal,"Nat, plassen",Dag,met lichtgewonden,9,personenauto,3,Fiets,Buiten Kruispunt,Gemeenteweg,binnen bebouwde kom,Tussen 2 bestuurders: Frontale botsing,Geen hindernis
6481,22,Tienen 2,Tienen,50.81330800184882,4.935984252796022,0.4808053240656536,50.80919498332195,4.9338728580358895,2018,3,17,24107,Tienen,Normaal,"Nat, plassen",Dag,met lichtgewonden,9,personenauto,3,Fiets,Buiten Kruispunt,Gemeenteweg,binnen bebouwde kom,Tussen 2 bestuurders: Frontale botsing,Geen hindernis
6482,22,Tienen 2,Tienen,50.81330800184882,4.935984252796022,0.497610732700632,50.812533462324325,4.942959883421372,2018,3,9,24107,Tienen,Regenval,"Nat, plassen",Dag,met lichtgewonden,9,personenauto,3,Fiets,Op Kruispunt,Gewestweg,binnen bebouwde kom,Tss. 2 best.: langs opzij (voor-/achterkant-flank),Geen hindernis
6482,24,Tienen 1,Tienen,50.8133795491886,4.935044252605416,0.5640455002609006,50.812533462324325,4.942959883421372,2018,3,9,24107,Tienen,Regenval,"Nat, plassen",Dag,met lichtgewonden,9,personenauto,3,Fiets,Op Kruispunt,Gewestweg,binnen bebouwde kom,Tss. 2 best.: langs opzij (voor-/achterkant-flank),Geen hindernis
6482,23,Tienen 3,Tienen,50.81324,4.93447,0.601642823601391,50.812533462324325,4.942959883421372,2018,3,9,24107,Tienen,Regenval,"Nat, plassen",Dag,met lichtgewonden,9,personenauto,3,Fiets,Op Kruispunt,Gewestweg,binnen bebouwde kom,Tss. 2 best.: langs opzij (voor-/achterkant-flank),Geen hindernis
6483,22,Tienen 2,Tienen,50.81330800184882,4.935984252796022,0.6954962758180155,50.80892765941461,4.943050170070925,2018,3,17,24107,Tienen,Onbekend,Droog,Dag,met lichtgewonden,9,personenauto,3,Fiets,Op Kruispunt,Gemeenteweg,binnen bebouwde kom,Tss. 2 best.: langs opzij (voor-/achterkant-flank),Geen hindernis
6483,24,Tienen 1,Tienen,50.8133795491886,4.935044252605416,0.7493122572705302,50.80892765941461,4.943050170070925,2018,3,17,24107,Tienen,Onbekend,Droog,Dag,met lichtgewonden,9,personenauto,3,Fiets,Op Kruispunt,Gemeenteweg,binnen bebouwde kom,Tss. 2 best.: langs opzij (voor-/achterkant-flank),Geen hindernis
6483,23,Tienen 3,Tienen,50.81324,4.93447,0.770303851605706,50.80892765941461,4.943050170070925,2018,3,17,24107,Tienen,Onbekend,Droog,Dag,met lichtgewonden,9,personenauto,3,Fiets,Op Kruispunt,Gemeenteweg,binnen bebouwde kom,Tss. 2 best.: langs opzij (voor-/achterkant-flank),Geen hindernis
6485,101,Diest teller 1,Diest,50.97799,5.04481,0.8867444773852015,50.983295031404204,5.054267337583823,2018,3,15,24020,Diest,Normaal,Droog,Dag,met lichtgewonden,9,personenauto,3,Fiets,Op Kruispunt,Gemeenteweg,binnen bebouwde kom,Tss. 2 best.: langs opzij (voor-/achterkant-flank),Geen hindernis
6485,102,Diest teller 2,Diest,50.9779,5.04474,0.8970710516291792,50.983295031404204,5.054267337583823,2018,3,15,24020,Diest,Normaal,Droog,Dag,met lichtgewonden,9,personenauto,3,Fiets,Op Kruispunt,Gemeenteweg,binnen bebouwde kom,Tss. 2 best.: langs opzij (voor-/achterkant-flank),Geen hindernis
6504,136,Gent R4,Gent,51.0876313,3.7587918,0.9980035600638713,51.07879259349861,3.756308994978834,2018,3,17,44021,Gent,Normaal,Droog,Dag,met lichtgewonden,3,Fiets,3,Fiets,Buiten Kruispunt,Gemeenteweg,binnen bebouwde kom,Tss. 2 best.: langs opzij (voor-/achterkant-flank),Geen hindernis
6517,13,Gent,Gent,51.03018,3.70146,0.9947197386388202,51.039107589963066,3.700554541147557,2018,3,8,44021,Gent,Normaal,Droog,Dag,met lichtgewonden,3,Fiets,9,personenauto,Op Kruispunt,Gemeenteweg,binnen bebouwde kom,Tss. 2 best.: langs opzij (voor-/achterkant-flank),Geen hindernis
6545,7,Evergem 1,Evergem,51.1089,3.70317,0.6350507970549503,51.11366763252305,3.7081784353118925,2018,3,7,44019,Evergem,Normaal,Droog,"Nacht, openbare verlichting aanwezig en ontstoken",met lichtgewonden,3,Fiets,9,personenauto,Op Kruispunt,Gemeenteweg,binnen bebouwde kom,Tss. 2 best.: langs opzij (voor-/achterkant-flank),Geen hindernis
6545,6,Evergem 2,Evergem,51.10894,3.70298,0.6387833634572643,51.11366763252305,3.7081784353118925,2018,3,7,44019,Evergem,Normaal,Droog,"Nacht, openbare verlichting aanwezig en ontstoken",met lichtgewonden,3,Fiets,9,personenauto,Op Kruispunt,Gemeenteweg,binnen bebouwde kom,Tss. 2 best.: langs opzij (voor-/achterkant-flank),Geen hindernis
6574,141,Test site A support,Lokeren,51.08342085,3.9961071208376326,0.40884002358239907,51.08279333758374,4.001874210807714,2018,3,5,46014,Lokeren,Regenval,"Nat, plassen","Nacht, openbare verlichting aanwezig en ontstoken",met lichtgewonden,3,Fiets,9,personenauto,Op Kruispunt,Gemeenteweg,buiten bebouwde kom,Tss. 2 best.: langs opzij (voor-/achterkant-flank),Geen hindernis
6578,126,Hamme totem,Hamme,51.1017709,4.1469307,0.8587353645414633,51.09450649937138,4.142756943472156,2018,3,11,42008,Hamme,Normaal,Droog,Dag,met lichtgewonden,9,personenauto,3,Fiets,Op Kruispunt,Gewestweg,binnen bebouwde kom,Tss. 2 best.: langs opzij (voor-/achterkant-flank),Geen hindernis
6584,126,Hamme totem,Hamme,51.1017709,4.1469307,0.7724041368292942,51.09520889474282,4.14330208488714,2018,3,8,42008,Hamme,Normaal,Droog,Dag,met lichtgewonden,9,personenauto,3,Fiets,Op Kruispunt,Gewestweg,binnen bebouwde kom,Tss. 2 best.: langs opzij (voor-/achterkant-flank),Geen hindernis
6589,120,Zele teller 1,Zele,51.0607671,4.0547741,0.34310993818841956,51.0633889973978,4.052185387422809,2018,3,19,42028,Zele,Onbekend,Onbekend,Onbekend,met lichtgewonden,3,Fiets,9,personenauto,Buiten Kruispunt,Gewestweg,buiten bebouwde kom,Tss. 2 best.: langs opzij (voor-/achterkant-flank),Geen hindernis
6589,121,Zele teller 2,Zele,51.0604067,4.0556696,0.41140837306119193,51.0633889973978,4.052185387422809,2018,3,19,42028,Zele,Onbekend,Onbekend,Onbekend,met lichtgewonden,3,Fiets,9,personenauto,Buiten Kruispunt,Gewestweg,buiten bebouwde kom,Tss. 2 best.: langs opzij (voor-/achterkant-flank),Geen hindernis
6602,10,Aalst 2,Aalst,50.93549,4.01571,0.925198627967203,50.94195453847502,4.024022897511023,2018,3,19,41002,Aalst,Normaal,Droog,"Nacht, openb. verlicht. aanw., maar niet ontstoken",met lichtgewonden,3,Fiets,9,personenauto,Buiten Kruispunt,Gemeenteweg,binnen bebouwde kom,Tss. 2 best.: langs opzij (voor-/achterkant-flank),Geen hindernis
6623,142,TEST Validatie BRUGGE Y2H22022134,Brugge,51.22632,3.24095,0.9233473932317454,51.21829967060154,3.2375149331715636,2018,3,5,31005,Brugge,Regenval,"Nat, plassen","Nacht, openbare verlichting aanwezig en ontstoken",met lichtgewonden,1,Autobus,3,Fiets,Op Kruispunt,Gemeenteweg,binnen bebouwde kom,Tss. 2 best.: langs opzij (voor-/achterkant-flank),Geen hindernis
6623,52,Brugge,Brugge,51.22632,3.24095,0.9233473932317454,51.21829967060154,3.2375149331715636,2018,3,5,31005,Brugge,Regenval,"Nat, plassen","Nacht, openbare verlichting aanwezig en ontstoken",met lichtgewonden,1,Autobus,3,Fiets,Op Kruispunt,Gemeenteweg,binnen bebouwde kom,Tss. 2 best.: langs opzij (voor-/achterkant-flank),Geen hindernis
6670,143,Eco Display Classic Budastraat,Kortrijk,50.83066,3.26286,0.9806453943770913,50.82437016032114,3.2726467387736937,2018,3,12,34022,Kortrijk,Regenval,"Nat, plassen",Dag,met lichtgewonden,9,personenauto,3,Fiets,Buiten Kruispunt,Gewestweg,binnen bebouwde kom,Tss. 2 best.: langs opzij (voor-/achterkant-flank),Geen hindernis
6674,17,Kortrijk 2,Kortrijk,50.83339,3.27773,0.22214992966361813,50.834883902631375,3.279830345683916,2018,3,20,34022,Kortrijk,Normaal,Droog,"Nacht, openbare verlichting aanwezig en ontstoken",met lichtgewonden,3,Fiets,9,personenauto,Buiten Kruispunt,Gewestweg,binnen bebouwde kom,Tussen 2 bestuurders: Langs achteren,Geen hindernis
6674,16,Kortrijk 1,Kortrijk,50.83332,3.27777,0.22622193349309905,50.834883902631375,3.279830345683916,2018,3,20,34022,Kortrijk,Normaal,Droog,"Nacht, openbare verlichting aanwezig en ontstoken",met lichtgewonden,3,Fiets,9,personenauto,Buiten Kruispunt,Gewestweg,binnen bebouwde kom,Tussen 2 bestuurders: Langs achteren,Geen hindernis
6675,143,Eco Display Classic Budastraat,Kortrijk,50.83066,3.26286,0.7008844133125472,50.83694195244267,3.2620411362472264,2018,3,19,34022,Kortrijk,Normaal,Droog,"Nacht, openbare verlichting aanwezig en ontstoken",met lichtgewonden,5,Lichte vrachtauto,3,Fiets,Buiten Kruispunt,Gewestweg,binnen bebouwde kom,Tss. 2 best.: langs opzij (voor-/achterkant-flank),Geen hindernis
6676,143,Eco Display Classic Budastraat,Kortrijk,50.83066,3.26286,0.1487290468679414,50.8294203073042,3.2636551005534633,2018,3,13,34022,Kortrijk,Normaal,Droog,Dag,met lichtgewonden,3,Fiets,3,Fiets,Buiten Kruispunt,Gemeenteweg,binnen bebouwde kom,Tussen 2 bestuurders: Frontale botsing,Geen hindernis
6678,143,Eco Display Classic Budastraat,Kortrijk,50.83066,3.26286,0.6343437765043638,50.835400569862685,3.2678848130085427,2018,3,18,34022,Kortrijk,Normaal,Droog,Dag,met lichtgewonden,9,personenauto,3,Fiets,Op Kruispunt,Gemeenteweg,binnen bebouwde kom,Tss. 2 best.: langs opzij (voor-/achterkant-flank),Geen hindernis
6678,17,Kortrijk 2,Kortrijk,50.83339,3.27773,0.7266419778431696,50.835400569862685,3.2678848130085427,2018,3,18,34022,Kortrijk,Normaal,Droog,Dag,met lichtgewonden,9,personenauto,3,Fiets,Op Kruispunt,Gemeenteweg,binnen bebouwde kom,Tss. 2 best.: langs opzij (voor-/achterkant-flank),Geen hindernis
6678,16,Kortrijk 1,Kortrijk,50.83332,3.27777,0.7317393106418465,50.835400569862685,3.2678848130085427,2018,3,18,34022,Kortrijk,Normaal,Droog,Dag,met lichtgewonden,9,personenauto,3,Fiets,Op Kruispunt,Gemeenteweg,binnen bebouwde kom,Tss. 2 best.: langs opzij (voor-/achterkant-flank),Geen hindernis
6707,137,Hasselt-Kempische brug,Hasselt,50.9411605,5.3417576,0.8409046823143638,50.94872241675609,5.341616748642876,2018,3,17,71022,Hasselt,Normaal,"Nat, plassen",Dag,met lichtgewonden,3,Fiets,9,personenauto,Op Kruispunt,Gemeenteweg,buiten bebouwde kom,Tss. 2 best.: langs opzij (voor-/achterkant-flank),Geen hindernis
6707,138,Hasselt-Kempische brug,Hasselt,50.9405318,5.3422472,0.9118254774102742,50.94872241675609,5.341616748642876,2018,3,17,71022,Hasselt,Normaal,"Nat, plassen",Dag,met lichtgewonden,3,Fiets,9,personenauto,Op Kruispunt,Gemeenteweg,buiten bebouwde kom,Tss. 2 best.: langs opzij (voor-/achterkant-flank),Geen hindernis
6708,140,Hasselt ring,Hasselt,50.9300038,5.3438616,0.6476748234563271,50.926173448196366,5.336899647386596,2018,3,12,71022,Hasselt,Normaal,Droog,Dag,met lichtgewonden,9,personenauto,3,Fiets,Buiten Kruispunt,Gewestweg,binnen bebouwde kom,Tss. 2 best.: langs opzij (voor-/achterkant-flank),Geen hindernis
6711,140,Hasselt ring,Hasselt,50.9300038,5.3438616,0.7833417083579831,50.92961379598265,5.332701406058571,2018,3,18,71022,Hasselt,Normaal,Droog,Dag,met lichtgewonden,9,personenauto,3,Fiets,Op Kruispunt,Gewestweg,binnen bebouwde kom,Tussen 2 bestuurders: Frontale botsing,Geen hindernis
6815,96,Lier teller 2,Lier,51.11705,4.58444,0.9336253453817775,51.12357918249612,4.576029804411996,2018,4,8,12021,Lier,Normaal,Droog,Dag,met lichtgewonden,3,Fiets,9,personenauto,Op Kruispunt,Gewestweg,binnen bebouwde kom,Tss. 2 best.: langs opzij (voor-/achterkant-flank),Geen hindernis
6815,95,Lier teller 1,Lier,51.11687,4.58437,0.9462603823636122,51.12357918249612,4.576029804411996,2018,4,8,12021,Lier,Normaal,Droog,Dag,met lichtgewonden,3,Fiets,9,personenauto,Op Kruispunt,Gewestweg,binnen bebouwde kom,Tss. 2 best.: langs opzij (voor-/achterkant-flank),Geen hindernis
6829,89,Westerlo teller 2,Westerlo,51.08191,4.91334,0.14517142459925844,51.08066015748438,4.913940630734161,2018,4,16,13013,Herselt,Onbekend,Onbekend,Onbekend,met lichtgewonden,3,Fiets,3,Fiets,Buiten Kruispunt,Gewestweg,onbekend,Tss. 2 best.: langs opzij (voor-/achterkant-flank),Geen hindernis
6829,88,Westerlo teller 1,Westerlo,51.082,4.91325,0.15660009951765919,51.08066015748438,4.913940630734161,2018,4,16,13013,Herselt,Onbekend,Onbekend,Onbekend,met lichtgewonden,3,Fiets,3,Fiets,Buiten Kruispunt,Gewestweg,onbekend,Tss. 2 best.: langs opzij (voor-/achterkant-flank),Geen hindernis
6867,151,Leuven,District Leuven,50.8690262,4.6854839,0.861141058708198,50.869007211458396,4.697755269258954,2018,4,21,24062,Leuven,Normaal,Droog,Dageraad - schemering,met lichtgewonden,9,personenauto,3,Fiets,Op Kruispunt,Gewestweg,binnen bebouwde kom,Tss. 2 best.: langs opzij (voor-/achterkant-flank),Geen hindernis
6868,69,Leuven teller 1,Leuven,50.87549,4.71526,0.3410871643340941,50.874886577106885,4.710493792411177,2018,4,0,24062,Leuven,Normaal,Droog,"Nacht, openbare verlichting aanwezig en ontstoken",met lichtgewonden,3,Fiets,9,personenauto,Buiten Kruispunt,Gemeenteweg,binnen bebouwde kom,Tussen 2 bestuurders: Langs achteren,Geen hindernis
6871,69,Leuven teller 1,Leuven,50.87549,4.71526,0.9188461183869041,50.87266373559028,4.702954610994465,2018,4,13,24062,Leuven,Normaal,Droog,Dag,met lichtgewonden,3,Fiets,6,Bromfiets,Op Kruispunt,Gemeenteweg,binnen bebouwde kom,Tss. 2 best.: langs opzij (voor-/achterkant-flank),Geen hindernis
6873,77,Leuven teller 2,Leuven,50.88672,4.70796,0.9144686693320403,50.88245016910576,4.696818938803686,2018,4,11,24062,Leuven,Normaal,Droog,Dag,met lichtgewonden,9,personenauto,3,Fiets,Op Kruispunt,Gemeenteweg,binnen bebouwde kom,Tss. 2 best.: langs opzij (voor-/achterkant-flank),Geen hindernis
6873,107,leuven totem,Leuven,50.8870744,4.7087919,0.9848085444094227,50.88245016910576,4.696818938803686,2018,4,11,24062,Leuven,Normaal,Droog,Dag,met lichtgewonden,9,personenauto,3,Fiets,Op Kruispunt,Gemeenteweg,binnen bebouwde kom,Tss. 2 best.: langs opzij (voor-/achterkant-flank),Geen hindernis
6884,87,Aarschot,Aarschot,50.99084,4.81259,0.8292386800060313,50.98339430772091,4.811922968816148,2018,4,13,24001,Aarschot,Normaal,Droog,Dag,met lichtgewonden,3,Fiets,11,een weggebruiker tegen een hindernis,Buiten Kruispunt,Gemeenteweg,binnen bebouwde kom,Weggebruiker tegen hindernis op de rijbaan,"Op de rijbaan: Werken (signal., aarde, toestel,…)"
6892,111,Zaventem totem,Zaventem,50.8871216,4.4597084,0.9120129527008662,50.893265802696256,4.468321582659374,2018,4,16,23094,Zaventem,Normaal,Droog,Dag,met zwaargewonden,9,personenauto,3,Fiets,Buiten Kruispunt,Gemeenteweg,binnen bebouwde kom,Tss. 2 best.: langs opzij (voor-/achterkant-flank),Geen hindernis