crash_row_id,site_id,site_name,site_gemeente,site_lat,site_long,distance_km,crash_lat,crash_long,DT_YEAR_COLLISION,DT_MONTH_COLLISION,DT_TIME,CD_NIS,TX_MUNTY_COLLISION_NL,TX_WEATHER_NL,TX_ROAD_CONDITION_NL,TX_LIGHT_CONDITION_NL,TX_CLASS_ACCIDENTS_NL,CD_ROAD_USR_TYPE1,TX_ROAD_USR_TYPE1_NL,CD_ROAD_USR_TYPE2,TX_ROAD_USR_TYPE2_NL,TX_CROSSWAY_NL,CD_ROAD_TYPE_NL,TX_BUILD_UP_AREA_NL,TX_COLLISION_TYPE_NL,TX_OBSTACLES_NL
7559,119,Gent teller 2,Gent,51.0281795,3.7683918,0.41267251859782755,51.025317882689926,3.772149071978572,2018,5,12,44040,Melle,Normaal,Droog,Dag,met zwaargewonden,9,personenauto,3,Fiets,Buiten Kruispunt,Gewestweg,buiten bebouwde kom,Tss. 2 best.: langs opzij (voor-/achterkant-flank),Geen hindernis
7559,118,Gent teller 1,Gent,51.028049,3.7681359,0.4135221738286106,51.025317882689926,3.772149071978572,2018,5,12,44040,Melle,Normaal,Droog,Dag,met zwaargewonden,9,personenauto,3,Fiets,Buiten Kruispunt,Gewestweg,buiten bebouwde kom,Tss. 2 best.: langs opzij (voor-/achterkant-flank),Geen hindernis
7660,11,Aalst 3,Aalst,50.93385,4.01647,0.9195586951171293,50.934946790935776,4.029476360695604,2018,5,19,41002,Aalst,Normaal,Droog,Dag,met lichtgewonden,3,Fiets,9,personenauto,Op Kruispunt,Gewestweg,binnen bebouwde kom,Tss. 2 best.: langs opzij (voor-/achterkant-flank),Geen hindernis
7660,10,Aalst 2,Aalst,50.93549,4.01571,0.9665654318158146,50.934946790935776,4.029476360695604,2018,5,19,41002,Aalst,Normaal,Droog,Dag,met lichtgewonden,3,Fiets,9,personenauto,Op Kruispunt,Gewestweg,binnen bebouwde kom,Tss. 2 best.: langs opzij (voor-/achterkant-flank),Geen hindernis
7669,125,Dendermonde totem,Dendermonde,51.0372706,4.1025998,0.9361975298544586,51.02895758428638,4.100477967177344,2018,5,10,42006,Dendermonde,Normaal,Droog,Dag,met lichtgewonden,8,Voetganger,3,Fiets,Buiten Kruispunt,Gemeenteweg,binnen bebouwde kom,Met een voetganger,Geen hindernis
7669,122,Dendermonde teller 2,Dendermonde,51.0373918,4.1019222,0.9432639199973831,51.02895758428638,4.100477967177344,2018,5,10,42006,Dendermonde,Normaal,Droog,Dag,met lichtgewonden,8,Voetganger,3,Fiets,Buiten Kruispunt,Gemeenteweg,binnen bebouwde kom,Met een voetganger,Geen hindernis
7670,125,Dendermonde totem,Dendermonde,51.0372706,4.1025998,0.5931848646206795,51.03208108628338,4.100634544256277,2018,5,15,42006,Dendermonde,Normaal,Droog,Dag,met lichtgewonden,9,personenauto,3,Fiets,Buiten Kruispunt,Gemeenteweg,binnen bebouwde kom,Tss. 2 best.: langs opzij (voor-/achterkant-flank),Geen hindernis
7670,122,Dendermonde teller 2,Dendermonde,51.0373918,4.1019222,0.5973492568408397,51.03208108628338,4.100634544256277,2018,5,15,42006,Dendermonde,Normaal,Droog,Dag,met lichtgewonden,9,personenauto,3,Fiets,Buiten Kruispunt,Gemeenteweg,binnen bebouwde kom,Tss. 2 best.: langs opzij (voor-/achterkant-flank),Geen hindernis
7677,142,TEST Validatie BRUGGE Y2H22022134,Brugge,51.22632,3.24095,0.28951109334399244,51.223728105987384,3.241344389434824,2018,5,19,31005,Brugge,Normaal,Droog,Dag,met lichtgewonden,6,Bromfiets,3,Fiets,Buiten Kruispunt,Gemeenteweg,binnen bebouwde kom,Tss. 2 best.: langs opzij (voor-/achterkant-flank),Geen hindernis
7677,52,Brugge,Brugge,51.22632,3.24095,0.28951109334399244,51.223728105987384,3.241344389434824,2018,5,19,31005,Brugge,Normaal,Droog,Dag,met lichtgewonden,6,Bromfiets,3,Fiets,Buiten Kruispunt,Gemeenteweg,binnen bebouwde kom,Tss. 2 best.: langs opzij (voor-/achterkant-flank),Geen hindernis
7713,15,Oostende 2,Oostende,51.21371,2.92743,0.8752982862962676,51.214792572168335,2.9149829591405014,2018,5,17,35013,Oostende,Normaal,Droog,Dag,met lichtgewonden,9,personenauto,3,Fiets,Buiten Kruispunt,Gemeenteweg,binnen bebouwde kom,Tss. 2 best.: langs opzij (voor-/achterkant-flank),Geen hindernis
7713,18,Oostende 1,Oostende,51.21378,2.92765,0.8894595320714609,51.214792572168335,2.9149829591405014,2018,5,17,35013,Oostende,Normaal,Droog,Dag,met lichtgewonden,9,personenauto,3,Fiets,Buiten Kruispunt,Gemeenteweg,binnen bebouwde kom,Tss. 2 best.: langs opzij (voor-/achterkant-flank),Geen hindernis
7751,75,Kortrijk teller 2,Kortrijk,50.81925,3.25731,0.8371723254104506,50.82001945384422,3.2691648266585833,2018,5,12,34022,Kortrijk,Normaal,Droog,Dag,met lichtgewonden,9,personenauto,3,Fiets,Buiten Kruispunt,Gewestweg,binnen bebouwde kom,Tss. 2 best.: langs opzij (voor-/achterkant-flank),Geen hindernis
7751,74,Kortrijk teller 1,Kortrijk,50.81909,3.25728,0.8412701198582974,50.82001945384422,3.2691648266585833,2018,5,12,34022,Kortrijk,Normaal,Droog,Dag,met lichtgewonden,9,personenauto,3,Fiets,Buiten Kruispunt,Gewestweg,binnen bebouwde kom,Tss. 2 best.: langs opzij (voor-/achterkant-flank),Geen hindernis
7752,75,Kortrijk teller 2,Kortrijk,50.81925,3.25731,0.649553694088128,50.82363067177797,3.263427110434029,2018,5,17,34022,Kortrijk,Normaal,Droog,Dag,met lichtgewonden,3,Fiets,9,personenauto,Op Kruispunt,Gewestweg,binnen bebouwde kom,Tss. 2 best.: langs opzij (voor-/achterkant-flank),Geen hindernis
7752,74,Kortrijk teller 1,Kortrijk,50.81909,3.25728,0.6643682627603736,50.82363067177797,3.263427110434029,2018,5,17,34022,Kortrijk,Normaal,Droog,Dag,met lichtgewonden,3,Fiets,9,personenauto,Op Kruispunt,Gewestweg,binnen bebouwde kom,Tss. 2 best.: langs opzij (voor-/achterkant-flank),Geen hindernis
7752,143,Eco Display Classic Budastraat,Kortrijk,50.83066,3.26286,0.7826399311551316,50.82363067177797,3.263427110434029,2018,5,17,34022,Kortrijk,Normaal,Droog,Dag,met lichtgewonden,3,Fiets,9,personenauto,Op Kruispunt,Gewestweg,binnen bebouwde kom,Tss. 2 best.: langs opzij (voor-/achterkant-flank),Geen hindernis
7753,74,Kortrijk teller 1,Kortrijk,50.81909,3.25728,0.9883395409261844,50.810206470501605,3.2577432956539614,2018,4,12,34022,Kortrijk,Normaal,Droog,Dag,met lichtgewonden,3,Fiets,11,een weggebruiker tegen een hindernis,Buiten Kruispunt,Gemeenteweg,binnen bebouwde kom,Weggebruiker tegen hindernis op de rijbaan,Op de rijbaan: Dier (wild dier)
7754,143,Eco Display Classic Budastraat,Kortrijk,50.83066,3.26286,0.5116902745855547,50.8305375395255,3.2555769100087995,2018,5,18,34022,Kortrijk,Normaal,Droog,Dag,met lichtgewonden,3,Fiets,11,een weggebruiker tegen een hindernis,Buiten Kruispunt,Gewestweg,binnen bebouwde kom,Weggebruiker tegen hindernis buiten rijbaan,Andere hindernis
7755,143,Eco Display Classic Budastraat,Kortrijk,50.83066,3.26286,0.5414027942163224,50.827028460860106,3.2577253554905727,2018,5,9,34022,Kortrijk,Normaal,Droog,Dag,met lichtgewonden,9,personenauto,3,Fiets,Op Kruispunt,Gewestweg,binnen bebouwde kom,Tss. 2 best.: langs opzij (voor-/achterkant-flank),Geen hindernis
7755,75,Kortrijk teller 2,Kortrijk,50.81925,3.25731,0.8654173357711167,50.827028460860106,3.2577253554905727,2018,5,9,34022,Kortrijk,Normaal,Droog,Dag,met lichtgewonden,9,personenauto,3,Fiets,Op Kruispunt,Gewestweg,binnen bebouwde kom,Tss. 2 best.: langs opzij (voor-/achterkant-flank),Geen hindernis
7755,74,Kortrijk teller 1,Kortrijk,50.81909,3.25728,0.8832707412315477,50.827028460860106,3.2577253554905727,2018,5,9,34022,Kortrijk,Normaal,Droog,Dag,met lichtgewonden,9,personenauto,3,Fiets,Op Kruispunt,Gewestweg,binnen bebouwde kom,Tss. 2 best.: langs opzij (voor-/achterkant-flank),Geen hindernis
7756,143,Eco Display Classic Budastraat,Kortrijk,50.83066,3.26286,0.43407492112502677,50.82721439772568,3.2657650182591684,2018,5,17,34022,Kortrijk,Normaal,Droog,Dag,met lichtgewonden,9,personenauto,3,Fiets,Op Kruispunt,Gewestweg,binnen bebouwde kom,Tss. 2 best.: langs opzij (voor-/achterkant-flank),Geen hindernis
7758,143,Eco Display Classic Budastraat,Kortrijk,50.83066,3.26286,0.87883815975679,50.824755649733106,3.271177948951921,2018,5,16,34022,Kortrijk,Normaal,Droog,Dag,met lichtgewonden,9,personenauto,3,Fiets,Op Kruispunt,Gemeenteweg,binnen bebouwde kom,Tss. 2 best.: langs opzij (voor-/achterkant-flank),Geen hindernis
7760,75,Kortrijk teller 2,Kortrijk,50.81925,3.25731,0.3692075654070906,50.822561411406625,3.256924315602989,2018,5,15,34022,Kortrijk,Onbekend,Droog,Dag,met lichtgewonden,9,personenauto,3,Fiets,Op Kruispunt,Gemeenteweg,binnen bebouwde kom,Tss. 2 best.: langs opzij (voor-/achterkant-flank),Geen hindernis
7760,74,Kortrijk teller 1,Kortrijk,50.81909,3.25728,0.3868111509449523,50.822561411406625,3.256924315602989,2018,5,15,34022,Kortrijk,Onbekend,Droog,Dag,met lichtgewonden,9,personenauto,3,Fiets,Op Kruispunt,Gemeenteweg,binnen bebouwde kom,Tss. 2 best.: langs opzij (voor-/achterkant-flank),Geen hindernis
7760,143,Eco Display Classic Budastraat,Kortrijk,50.83066,3.26286,0.9923489057187056,50.822561411406625,3.256924315602989,2018,5,15,34022,Kortrijk,Onbekend,Droog,Dag,met lichtgewonden,9,personenauto,3,Fiets,Op Kruispunt,Gemeenteweg,binnen bebouwde kom,Tss. 2 best.: langs opzij (voor-/achterkant-flank),Geen hindernis
7783,67,Ieper totem,Ieper,50.85018,2.85624,0.6750254426959263,50.848933708879485,2.8656504052093865,2018,5,16,33011,Ieper,Normaal,Droog,Dag,met lichtgewonden,3,Fiets,10,"één bestuurder, geen hindernis",Buiten Kruispunt,Gewestweg,binnen bebouwde kom,"Eén bestuurder, geen hindernis (incl. val)",Geen hindernis
7783,68,Ieper,Ieper,50.85032,2.85608,0.6893350233291541,50.848933708879485,2.8656504052093865,2018,5,16,33011,Ieper,Normaal,Droog,Dag,met lichtgewonden,3,Fiets,10,"één bestuurder, geen hindernis",Buiten Kruispunt,Gewestweg,binnen bebouwde kom,"Eén bestuurder, geen hindernis (incl. val)",Geen hindernis
7792,41,Maasmechelen teller 1,Maasmechelen,50.97025,5.69799,0.4653839933642657,50.968717587392575,5.691805378372428,2018,5,20,73107,Maasmechelen,Normaal,Droog,Dag,met lichtgewonden,3,Fiets,9,personenauto,Op Kruispunt,Gemeenteweg,binnen bebouwde kom,Tss. 2 best.: langs opzij (voor-/achterkant-flank),Geen hindernis
7792,42,Maasmechelen teller 2,Maasmechelen,50.97043,5.6981,0.4801394535760364,50.968717587392575,5.691805378372428,2018,5,20,73107,Maasmechelen,Normaal,Droog,Dag,met lichtgewonden,3,Fiets,9,personenauto,Op Kruispunt,Gemeenteweg,binnen bebouwde kom,Tss. 2 best.: langs opzij (voor-/achterkant-flank),Geen hindernis
7810,99,Mechelen teller 1,Mechelen,51.04564,4.46882,0.30866047875741454,51.042916703416694,4.469675052287831,2018,5,15,12025,Mechelen,Onbekend,Onbekend,Dag,met lichtgewonden,9,personenauto,3,Fiets,Op Kruispunt,Gemeenteweg,binnen bebouwde kom,Tussen 2 bestuurders: Frontale botsing,Geen hindernis
7810,100,Mechelen teller 2,Mechelen,51.0457,4.46883,0.31507667100672837,51.042916703416694,4.469675052287831,2018,5,15,12025,Mechelen,Onbekend,Onbekend,Dag,met lichtgewonden,9,personenauto,3,Fiets,Op Kruispunt,Gemeenteweg,binnen bebouwde kom,Tussen 2 bestuurders: Frontale botsing,Geen hindernis
7830,138,Hasselt-Kempische brug,Hasselt,50.9405318,5.3422472,0.5047028196338285,50.936170506125976,5.340252018755146,2018,5,12,71022,Hasselt,Normaal,Droog,Dag,met lichtgewonden,3,Fiets,3,Fiets,Buiten Kruispunt,Gewestweg,binnen bebouwde kom,Tussen 2 bestuurders: Flank tegen flank,Geen hindernis
7830,137,Hasselt-Kempische brug,Hasselt,50.9411605,5.3417576,0.5648018850957798,50.936170506125976,5.340252018755146,2018,5,12,71022,Hasselt,Normaal,Droog,Dag,met lichtgewonden,3,Fiets,3,Fiets,Buiten Kruispunt,Gewestweg,binnen bebouwde kom,Tussen 2 bestuurders: Flank tegen flank,Geen hindernis
7830,140,Hasselt ring,Hasselt,50.9300038,5.3438616,0.7308750523627983,50.936170506125976,5.340252018755146,2018,5,12,71022,Hasselt,Normaal,Droog,Dag,met lichtgewonden,3,Fiets,3,Fiets,Buiten Kruispunt,Gewestweg,binnen bebouwde kom,Tussen 2 bestuurders: Flank tegen flank,Geen hindernis
7838,30,Herk De Stad,Herk-de-Stad,50.94374,5.17691,0.6734863154491636,50.94000996861861,5.169336733155335,2018,5,16,71024,Herk-de-Stad,Normaal,Droog,Dag,met lichtgewonden,9,personenauto,3,Fiets,Op Kruispunt,Gewestweg,binnen bebouwde kom,Tss. 2 best.: langs opzij (voor-/achterkant-flank),Geen hindernis
7838,31,Herk De Stad,Herk-de-Stad,50.94366,5.1775,0.7013295222842867,50.94000996861861,5.169336733155335,2018,5,16,71024,Herk-de-Stad,Normaal,Droog,Dag,met lichtgewonden,9,personenauto,3,Fiets,Op Kruispunt,Gewestweg,binnen bebouwde kom,Tss. 2 best.: langs opzij (voor-/achterkant-flank),Geen hindernis
7841,140,Hasselt ring,Hasselt,50.9300038,5.3438616,0.1608593913101219,50.928846407021894,5.345238583794631,2018,5,9,71022,Hasselt,Normaal,Droog+Proper,Dag,met lichtgewonden,9,personenauto,3,Fiets,Op Kruispunt,Gemeenteweg,binnen bebouwde kom,Tss. 2 best.: langs opzij (voor-/achterkant-flank),Geen hindernis
7842,140,Hasselt ring,Hasselt,50.9300038,5.3438616,0.07488956705847588,50.9305143801441,5.344558468477403,2018,5,18,71022,Hasselt,Normaal,Droog,Dag,met lichtgewonden,9,personenauto,3,Fiets,Op Kruispunt,Gewestweg,binnen bebouwde kom,Tussen 2 bestuurders: Frontale botsing,Geen hindernis
7952,91,Brecht teller 2,Brecht,51.35739,4.62422,0.18596426347869235,51.356027687386195,4.625773467894857,2018,6,12,11009,Brecht,Normaal,Droog,Dag,met lichtgewonden,3,Fiets,3,Fiets,Op Kruispunt,Gewestweg,binnen bebouwde kom,Tussen 2 bestuurders: Langs achteren,Geen hindernis
7952,90,Brecht teller 1,Brecht,51.35752,4.6243,0.19494489153485464,51.356027687386195,4.625773467894857,2018,6,12,11009,Brecht,Normaal,Droog,Dag,met lichtgewonden,3,Fiets,3,Fiets,Op Kruispunt,Gewestweg,binnen bebouwde kom,Tussen 2 bestuurders: Langs achteren,Geen hindernis
7975,9,Heist op den Berg 2,Heist-op-den-Berg,51.06904,4.69524,0.43711283747900875,51.07102650519727,4.7006383957195474,2018,6,15,12014,Heist-op-den-Berg,Normaal,Droog,Dag,met lichtgewonden,3,Fiets,9,personenauto,Buiten Kruispunt,Gewestweg,binnen bebouwde kom,Tss. 2 best.: langs opzij (voor-/achterkant-flank),Geen hindernis
7975,8,Heist op den Berg 1,Heist-op-den-Berg,51.06759,4.68823,0.9474804464047216,51.07102650519727,4.7006383957195474,2018,6,15,12014,Heist-op-den-Berg,Normaal,Droog,Dag,met lichtgewonden,3,Fiets,9,personenauto,Buiten Kruispunt,Gewestweg,binnen bebouwde kom,Tss. 2 best.: langs opzij (voor-/achterkant-flank),Geen hindernis
7979,96,Lier teller 2,Lier,51.11705,4.58444,0.9622107011260052,51.12313695731523,4.574641233412789,2018,6,8,12021,Lier,Normaal,Droog,Dag,met lichtgewonden,3,Fiets,9,personenauto,Op Kruispunt,Gewestweg,binnen bebouwde kom,Tussen 2 bestuurders: Frontale botsing,Geen hindernis
7979,95,Lier teller 1,Lier,51.11687,4.58437,0.972978342258018,51.12313695731523,4.574641233412789,2018,6,8,12021,Lier,Normaal,Droog,Dag,met lichtgewonden,3,Fiets,9,personenauto,Op Kruispunt,Gewestweg,binnen bebouwde kom,Tussen 2 bestuurders: Frontale botsing,Geen hindernis
8002,88,Westerlo teller 1,Westerlo,51.082,4.91325,0.5561209919319382,51.086640372698376,4.916219715500866,2018,6,11,13049,Westerlo,Normaal,Droog,Dag,met lichtgewonden,3,Fiets,9,personenauto,Buiten Kruispunt,Gemeenteweg,binnen bebouwde kom,Tussen 2 bestuurders: Frontale botsing,Geen hindernis
8002,89,Westerlo teller 2,Westerlo,51.08191,4.91334,0.5631427310192225,51.086640372698376,4.916219715500866,2018,6,11,13049,Westerlo,Normaal,Droog,Dag,met lichtgewonden,3,Fiets,9,personenauto,Buiten Kruispunt,Gemeenteweg,binnen bebouwde kom,Tussen 2 bestuurders: Frontale botsing,Geen hindernis
8008,88,Westerlo teller 1,Westerlo,51.082,4.91325,0.08547574888019988,51.08207907795581,4.912032847653247,2018,6,18,13049,Westerlo,Normaal,Droog,Dag,met lichtgewonden,3,Fiets,6,Bromfiets,Buiten Kruispunt,Gewestweg,buiten bebouwde kom,Tussen 2 bestuurders: Flank tegen flank,Geen hindernis
8008,89,Westerlo teller 2,Westerlo,51.08191,4.91334,0.09322460076522388,51.08207907795581,4.912032847653247,2018,6,18,13049,Westerlo,Normaal,Droog,Dag,met lichtgewonden,3,Fiets,6,Bromfiets,Buiten Kruispunt,Gewestweg,buiten bebouwde kom,Tussen 2 bestuurders: Flank tegen flank,Geen hindernis
8027,37,Lommel teller 1,Lommel,51.23299,5.29211,0.7467926729380316,51.23191549069985,5.302697598394073,2018,6,13,72020,Lommel,Normaal,Droog,Dag,met lichtgewonden,3,Fiets,9,personenauto,Op Kruispunt,Gewestweg,binnen bebouwde kom,Tss. 2 best.: langs opzij (voor-/achterkant-flank),Geen hindernis
8027,38,Lommel teller 2,Lommel,51.23277,5.29189,0.7584675715434172,51.23191549069985,5.302697598394073,2018,6,13,72020,Lommel,Normaal,Droog,Dag,met lichtgewonden,3,Fiets,9,personenauto,Op Kruispunt,Gewestweg,binnen bebouwde kom,Tss. 2 best.: langs opzij (voor-/achterkant-flank),Geen hindernis
8062,69,Leuven teller 1,Leuven,50.87549,4.71526,0.23651852201290666,50.87367016881226,4.713514913155444,2018,6,23,24062,Leuven,Onbekend,Onbekend,"Nacht, openbare verlichting aanwezig en ontstoken",met lichtgewonden,3,Fiets,8,Voetganger,Buiten Kruispunt,Gemeenteweg,binnen bebouwde kom,Met een voetganger,Geen hindernis
8066,69,Leuven teller 1,Leuven,50.87549,4.71526,0.6990750421060968,50.87007392562483,4.710201023886049,2018,6,7,24062,Leuven,Normaal,Droog,Dag,met lichtgewonden,9,personenauto,3,Fiets,Op Kruispunt,Gewestweg,binnen bebouwde kom,Tss. 2 best.: langs opzij (voor-/achterkant-flank),Geen hindernis
8067,69,Leuven teller 1,Leuven,50.87549,4.71526,0.39209172324642333,50.87340409016114,4.7197654394879605,2018,6,7,24062,Leuven,Normaal,Droog,Dag,met lichtgewonden,3,Fiets,9,personenauto,Op Kruispunt,Gewestweg,binnen bebouwde kom,Tss. 2 best.: langs opzij (voor-/achterkant-flank),Geen hindernis
8069,69,Leuven teller 1,Leuven,50.87549,4.71526,0.42428647845039363,50.87644982045099,4.7094073832029535,2018,6,9,24062,Leuven,Normaal,Droog,Dag,met lichtgewonden,9,personenauto,3,Fiets,Op Kruispunt,Gemeenteweg,binnen bebouwde kom,Tussen 2 bestuurders: Frontale botsing,Geen hindernis
8070,69,Leuven teller 1,Leuven,50.87549,4.71526,0.4816146842514026,50.875690451300294,4.7084032958802196,2018,6,12,24062,Leuven,Regenval,"Nat, plassen",Dag,met lichtgewonden,9,personenauto,3,Fiets,Op Kruispunt,Gemeenteweg,binnen bebouwde kom,Tss. 2 best.: langs opzij (voor-/achterkant-flank),Geen hindernis
8072,77,Leuven teller 2,Leuven,50.88672,4.70796,0.3468848392466309,50.88415760690569,4.70513953277525,2018,6,11,24062,Leuven,Normaal,Droog,Dag,met lichtgewonden,3,Fiets,3,Fiets,Op Kruispunt,Gemeenteweg,binnen bebouwde kom,Tss. 2 best.: langs opzij (voor-/achterkant-flank),Geen hindernis
8072,107,leuven totem,Leuven,50.8870744,4.7087919,0.4133234727815405,50.88415760690569,4.70513953277525,2018,6,11,24062,Leuven,Normaal,Droog,Dag,met lichtgewonden,3,Fiets,3,Fiets,Op Kruispunt,Gemeenteweg,binnen bebouwde kom,Tss. 2 best.: langs opzij (voor-/achterkant-flank),Geen hindernis
8074,69,Leuven teller 1,Leuven,50.87549,4.71526,0.796139669686372,50.87135600861475,4.724523855483446,2018,6,18,24062,Leuven,Normaal,Droog,Dag,met lichtgewonden,3,Fiets,9,personenauto,Op Kruispunt,Gewestweg,binnen bebouwde kom,Tss. 2 best.: langs opzij (voor-/achterkant-flank),Geen hindernis
8076,151,Leuven,District Leuven,50.8690262,4.6854839,0.43233527834618884,50.870164956218545,4.691374659188624,2018,6,10,24062,Leuven,Normaal,Droog,Dag,met lichtgewonden,3,Fiets,9,personenauto,Buiten Kruispunt,Gewestweg,binnen bebouwde kom,Tss. 2 best.: langs opzij (voor-/achterkant-flank),Geen hindernis
8078,77,Leuven teller 2,Leuven,50.88672,4.70796,0.7595550126556737,50.88085351106022,4.702413525962376,2018,6,14,24062,Leuven,Normaal,Droog,Dag,met lichtgewonden,9,personenauto,3,Fiets,Buiten Kruispunt,Gemeenteweg,binnen bebouwde kom,Tussen 2 bestuurders: Langs achteren,Geen hindernis
8078,107,leuven totem,Leuven,50.8870744,4.7087919,0.8238381760748096,50.88085351106022,4.702413525962376,2018,6,14,24062,Leuven,Normaal,Droog,Dag,met lichtgewonden,9,personenauto,3,Fiets,Buiten Kruispunt,Gemeenteweg,binnen bebouwde kom,Tussen 2 bestuurders: Langs achteren,Geen hindernis
8095,101,Diest teller 1,Diest,50.97799,5.04481,0.27367815371754334,50.98014231576015,5.042913812511605,2018,6,13,24020,Diest,Normaal,Droog,Dag,met lichtgewonden,9,personenauto,3,Fiets,Op Kruispunt,Gewestweg,binnen bebouwde kom,Tss. 2 best.: langs opzij (voor-/achterkant-flank),Geen hindernis
8095,102,Diest teller 2,Diest,50.9779,5.04474,0.2802016438243587,50.98014231576015,5.042913812511605,2018,6,13,24020,Diest,Normaal,Droog,Dag,met lichtgewonden,9,personenauto,3,Fiets,Op Kruispunt,Gewestweg,binnen bebouwde kom,Tss. 2 best.: langs opzij (voor-/achterkant-flank),Geen hindernis
8108,147,Overijse,District Vilvoorde-gewestwegen,50.7797555,4.4975769,0.833343612677581,50.782912367305904,4.508327040653649,2018,6,12,23062,Overijse,Normaal,Droog,Dag,met lichtgewonden,9,personenauto,3,Fiets,Buiten Kruispunt,Gewestweg,buiten bebouwde kom,Tss. 2 best.: langs opzij (voor-/achterkant-flank),Geen hindernis
8158,13,Gent,Gent,51.03018,3.70146,0.9661422682004337,51.03706578517014,3.70988638077029,2018,6,8,44021,Gent,Normaal,Droog,Dag,met lichtgewonden,3,Fiets,3,Fiets,Op Kruispunt,Gewestweg,binnen bebouwde kom,Tussen 2 bestuurders: Frontale botsing,Geen hindernis
8160,118,Gent teller 1,Gent,51.028049,3.7681359,0.6470591695442462,51.03173728778614,3.760979135889737,2018,6,7,44021,Gent,Normaal,Droog,Dag,met lichtgewonden,9,personenauto,3,Fiets,Op Kruispunt,Gewestweg,binnen bebouwde kom,Tss. 2 best.: langs opzij (voor-/achterkant-flank),Geen hindernis
8160,119,Gent teller 2,Gent,51.0281795,3.7683918,0.6520937879748351,51.03173728778614,3.760979135889737,2018,6,7,44021,Gent,Normaal,Droog,Dag,met lichtgewonden,9,personenauto,3,Fiets,Op Kruispunt,Gewestweg,binnen bebouwde kom,Tss. 2 best.: langs opzij (voor-/achterkant-flank),Geen hindernis
8268,128,Lokeren teller 1,Lokeren,51.09644,3.97023,0.6543668656129615,51.10070696603614,3.9637764300568463,2018,6,18,46014,Lokeren,Onbekend,Onbekend,Dag,met lichtgewonden,3,Fiets,3,Fiets,Buiten Kruispunt,Gemeenteweg,binnen bebouwde kom,Tss. 2 best.: langs opzij (voor-/achterkant-flank),Geen hindernis
8268,129,Lokeren teller 2,Lokeren,51.09612,3.97025,0.6815345593750247,51.10070696603614,3.9637764300568463,2018,6,18,46014,Lokeren,Onbekend,Onbekend,Dag,met lichtgewonden,3,Fiets,3,Fiets,Buiten Kruispunt,Gemeenteweg,binnen bebouwde kom,Tss. 2 best.: langs opzij (voor-/achterkant-flank),Geen hindernis
8271,126,Hamme totem,Hamme,51.1017709,4.1469307,0.9179109394659238,51.09361830788868,4.144866877439594,2018,6,11,42008,Hamme,Normaal,Droog,Dag,met lichtgewonden,3,Fiets,5,Lichte vrachtauto,Buiten Kruispunt,Gemeenteweg,binnen bebouwde kom,Tss. 2 best.: langs opzij (voor-/achterkant-flank),Geen hindernis
8272,126,Hamme totem,Hamme,51.1017709,4.1469307,0.6994306655912969,51.09846722211868,4.1384067593994205,2018,6,15,42008,Hamme,Normaal,Droog,Dag,met lichtgewonden,9,personenauto,3,Fiets,Buiten Kruispunt,Gemeenteweg,binnen bebouwde kom,Tss. 2 best.: langs opzij (voor-/achterkant-flank),Geen hindernis
8278,121,Zele teller 2,Zele,51.0604067,4.0556696,0.5060344737296568,51.05624521789961,4.052739125561181,2018,6,11,42028,Zele,Normaal,Droog,Dag,met lichtgewonden,3,Fiets,11,een weggebruiker tegen een hindernis,Buiten Kruispunt,Gemeenteweg,binnen bebouwde kom,Weggebruiker tegen hindernis op de rijbaan,Op de rijbaan: Dier (wild dier)
8278,120,Zele teller 1,Zele,51.0607671,4.0547741,0.5225374751160233,51.05624521789961,4.052739125561181,2018,6,11,42028,Zele,Normaal,Droog,Dag,met lichtgewonden,3,Fiets,11,een weggebruiker tegen een hindernis,Buiten Kruispunt,Gemeenteweg,binnen bebouwde kom,Weggebruiker tegen hindernis op de rijbaan,Op de rijbaan: Dier (wild dier)
8315,125,Dendermonde totem,Dendermonde,51.0372706,4.1025998,0.9187600333558369,51.043385749403356,4.111436983463609,2018,6,13,42006,Dendermonde,Normaal,Droog,Dag,met lichtgewonden,9,personenauto,3,Fiets,Buiten Kruispunt,Gemeenteweg,binnen bebouwde kom,Tussen 2 bestuurders: Langs achteren,Geen hindernis
8315,122,Dendermonde teller 2,Dendermonde,51.0373918,4.1019222,0.9416794375607659,51.043385749403356,4.111436983463609,2018,6,13,42006,Dendermonde,Normaal,Droog,Dag,met lichtgewonden,9,personenauto,3,Fiets,Buiten Kruispunt,Gemeenteweg,binnen bebouwde kom,Tussen 2 bestuurders: Langs achteren,Geen hindernis
8317,125,Dendermonde totem,Dendermonde,51.0372706,4.1025998,0.435025135304995,51.03356739447266,4.104606368285569,2018,6,17,42006,Dendermonde,Normaal,Droog,Dag,met lichtgewonden,3,Fiets,9,personenauto,Buiten Kruispunt,Gewestweg,binnen bebouwde kom,Tussen 2 bestuurders: Flank tegen flank,Geen hindernis
8317,122,Dendermonde teller 2,Dendermonde,51.0373918,4.1019222,0.4648309315839816,51.03356739447266,4.104606368285569,2018,6,17,42006,Dendermonde,Normaal,Droog,Dag,met lichtgewonden,3,Fiets,9,personenauto,Buiten Kruispunt,Gewestweg,binnen bebouwde kom,Tussen 2 bestuurders: Flank tegen flank,Geen hindernis
8387,143,Eco Display Classic Budastraat,Kortrijk,50.83066,3.26286,0.22119712855988216,50.82895683707845,3.264487284527242,2018,6,15,34022,Kortrijk,Normaal,Droog,Dag,met lichtgewonden,3,Fiets,8,Voetganger,Buiten Kruispunt,Gemeenteweg,binnen bebouwde kom,Met een voetganger,Geen hindernis