crash_row_id,site_id,site_name,site_gemeente,site_lat,site_long,distance_km,crash_lat,crash_long,DT_YEAR_COLLISION,DT_MONTH_COLLISION,DT_TIME,CD_NIS,TX_MUNTY_COLLISION_NL,TX_WEATHER_NL,TX_ROAD_CONDITION_NL,TX_LIGHT_CONDITION_NL,TX_CLASS_ACCIDENTS_NL,CD_ROAD_USR_TYPE1,TX_ROAD_USR_TYPE1_NL,CD_ROAD_USR_TYPE2,TX_ROAD_USR_TYPE2_NL,TX_CROSSWAY_NL,CD_ROAD_TYPE_NL,TX_BUILD_UP_AREA_NL,TX_COLLISION_TYPE_NL,TX_OBSTACLES_NL
8389,143,Eco Display Classic Budastraat,Kortrijk,50.83066,3.26286,0.33475366022871283,50.8276803542689,3.263540761799825,2018,6,9,34022,Kortrijk,Normaal,Droog,Dag,met lichtgewonden,9,personenauto,3,Fiets,Buiten Kruispunt,Gewestweg,binnen bebouwde kom,Tussen 2 bestuurders: Flank tegen flank,Geen hindernis
8391,143,Eco Display Classic Budastraat,Kortrijk,50.83066,3.26286,0.6057842521260731,50.83217675553402,3.254575458546375,2018,6,16,34022,Kortrijk,"Sterke wind, rukwind",Droog,Dag,met lichtgewonden,3,Fiets,11,een weggebruiker tegen een hindernis,Op Kruispunt,Gewestweg,binnen bebouwde kom,Weggebruiker tegen hindernis op de rijbaan,Op de rijbaan: Lading
8397,143,Eco Display Classic Budastraat,Kortrijk,50.83066,3.26286,0.8355848058243758,50.823952781919324,3.2682245371059606,2018,6,13,34022,Kortrijk,Normaal,"Nat, plassen",Dag,met lichtgewonden,3,Fiets,9,personenauto,Op Kruispunt,Gewestweg,binnen bebouwde kom,Tss. 2 best.: langs opzij (voor-/achterkant-flank),Geen hindernis
8397,75,Kortrijk teller 2,Kortrijk,50.81925,3.25731,0.9280534604743486,50.823952781919324,3.2682245371059606,2018,6,13,34022,Kortrijk,Normaal,"Nat, plassen",Dag,met lichtgewonden,3,Fiets,9,personenauto,Op Kruispunt,Gewestweg,binnen bebouwde kom,Tss. 2 best.: langs opzij (voor-/achterkant-flank),Geen hindernis
8397,74,Kortrijk teller 1,Kortrijk,50.81909,3.25728,0.9399173439489907,50.823952781919324,3.2682245371059606,2018,6,13,34022,Kortrijk,Normaal,"Nat, plassen",Dag,met lichtgewonden,3,Fiets,9,personenauto,Op Kruispunt,Gewestweg,binnen bebouwde kom,Tss. 2 best.: langs opzij (voor-/achterkant-flank),Geen hindernis
8399,143,Eco Display Classic Budastraat,Kortrijk,50.83066,3.26286,0.1497903591508526,50.83175485524602,3.2616174035265826,2018,6,14,34022,Kortrijk,Normaal,Droog,Dag,met lichtgewonden,3,Fiets,11,een weggebruiker tegen een hindernis,Buiten Kruispunt,Gemeenteweg,binnen bebouwde kom,Weggebruiker tegen hindernis op de rijbaan,"Op de rijbaan: Werken (signal., aarde, toestel,…)"
8402,16,Kortrijk 1,Kortrijk,50.83332,3.27777,0.6466786624217711,50.8283114754249,3.273090087272122,2018,6,19,34022,Kortrijk,Normaal,Droog,Dag,met lichtgewonden,9,personenauto,3,Fiets,Op Kruispunt,Gewestweg,binnen bebouwde kom,Tss. 2 best.: langs opzij (voor-/achterkant-flank),Geen hindernis
8402,17,Kortrijk 2,Kortrijk,50.83339,3.27773,0.6519851787811175,50.8283114754249,3.273090087272122,2018,6,19,34022,Kortrijk,Normaal,Droog,Dag,met lichtgewonden,9,personenauto,3,Fiets,Op Kruispunt,Gewestweg,binnen bebouwde kom,Tss. 2 best.: langs opzij (voor-/achterkant-flank),Geen hindernis
8402,143,Eco Display Classic Budastraat,Kortrijk,50.83066,3.26286,0.7644866311634113,50.8283114754249,3.273090087272122,2018,6,19,34022,Kortrijk,Normaal,Droog,Dag,met lichtgewonden,9,personenauto,3,Fiets,Op Kruispunt,Gewestweg,binnen bebouwde kom,Tss. 2 best.: langs opzij (voor-/achterkant-flank),Geen hindernis
8404,16,Kortrijk 1,Kortrijk,50.83332,3.27777,0.5885634636849333,50.828043770161095,3.2784381172753094,2018,6,12,34022,Kortrijk,Normaal,Droog,Dag,met lichtgewonden,3,Fiets,9,personenauto,Op Kruispunt,Gemeenteweg,binnen bebouwde kom,Tss. 2 best.: langs opzij (voor-/achterkant-flank),Geen hindernis
8404,17,Kortrijk 2,Kortrijk,50.83339,3.27773,0.5965502832940913,50.828043770161095,3.2784381172753094,2018,6,12,34022,Kortrijk,Normaal,Droog,Dag,met lichtgewonden,3,Fiets,9,personenauto,Op Kruispunt,Gemeenteweg,binnen bebouwde kom,Tss. 2 best.: langs opzij (voor-/achterkant-flank),Geen hindernis
8408,16,Kortrijk 1,Kortrijk,50.83332,3.27777,0.7238189495032953,50.827238214194416,3.2814439676482943,2018,6,9,34022,Kortrijk,Normaal,Droog,Dag,met lichtgewonden,9,personenauto,3,Fiets,Buiten Kruispunt,Gemeenteweg,binnen bebouwde kom,Tss. 2 best.: langs opzij (voor-/achterkant-flank),Geen hindernis
8408,17,Kortrijk 2,Kortrijk,50.83339,3.27773,0.7320926411697993,50.827238214194416,3.2814439676482943,2018,6,9,34022,Kortrijk,Normaal,Droog,Dag,met lichtgewonden,9,personenauto,3,Fiets,Buiten Kruispunt,Gemeenteweg,binnen bebouwde kom,Tss. 2 best.: langs opzij (voor-/achterkant-flank),Geen hindernis
8409,74,Kortrijk teller 1,Kortrijk,50.81909,3.25728,0.9671568774996478,50.816570389400326,3.2704567478331406,2018,6,17,34022,Kortrijk,Normaal,Droog,Dag,met lichtgewonden,8,Voetganger,3,Fiets,Buiten Kruispunt,Gewestweg,binnen bebouwde kom,Met een voetganger,Geen hindernis
8409,75,Kortrijk teller 2,Kortrijk,50.81925,3.25731,0.9704522892428655,50.816570389400326,3.2704567478331406,2018,6,17,34022,Kortrijk,Normaal,Droog,Dag,met lichtgewonden,8,Voetganger,3,Fiets,Buiten Kruispunt,Gewestweg,binnen bebouwde kom,Met een voetganger,Geen hindernis
8432,66,Nieuwpoort totem,Nieuwpoort,51.1347,2.74369,0.7417694273793765,51.1286007981176,2.747995673244292,2018,6,10,38016,Nieuwpoort,Normaal,Droog,Dag,met lichtgewonden,9,personenauto,3,Fiets,Buiten Kruispunt,Gewestweg,binnen bebouwde kom,Tss. 2 best.: langs opzij (voor-/achterkant-flank),Geen hindernis
8432,65,Nieuwpoort teller 2,Nieuwpoort,51.13435,2.75511,0.8093968169779202,51.1286007981176,2.747995673244292,2018,6,10,38016,Nieuwpoort,Normaal,Droog,Dag,met lichtgewonden,9,personenauto,3,Fiets,Buiten Kruispunt,Gewestweg,binnen bebouwde kom,Tss. 2 best.: langs opzij (voor-/achterkant-flank),Geen hindernis
8432,63,Nieuwpoort teller 3,Nieuwpoort,51.13529,2.74289,0.8247243857325545,51.1286007981176,2.747995673244292,2018,6,10,38016,Nieuwpoort,Normaal,Droog,Dag,met lichtgewonden,9,personenauto,3,Fiets,Buiten Kruispunt,Gewestweg,binnen bebouwde kom,Tss. 2 best.: langs opzij (voor-/achterkant-flank),Geen hindernis
8432,64,Nieuwpoort teller 1,Nieuwpoort,51.13359,2.75737,0.8577095865189857,51.1286007981176,2.747995673244292,2018,6,10,38016,Nieuwpoort,Normaal,Droog,Dag,met lichtgewonden,9,personenauto,3,Fiets,Buiten Kruispunt,Gewestweg,binnen bebouwde kom,Tss. 2 best.: langs opzij (voor-/achterkant-flank),Geen hindernis
8465,99,Mechelen teller 1,Mechelen,51.04564,4.46882,0.561712775063801,51.04065992974059,4.4701673351928095,2018,6,16,12025,Mechelen,Normaal,Droog,Dag,met lichtgewonden,9,personenauto,3,Fiets,Buiten Kruispunt,Gemeenteweg,binnen bebouwde kom,Tussen 2 bestuurders: Flank tegen flank,Geen hindernis
8465,100,Mechelen teller 2,Mechelen,51.0457,4.46883,0.5681756242406029,51.04065992974059,4.4701673351928095,2018,6,16,12025,Mechelen,Normaal,Droog,Dag,met lichtgewonden,9,personenauto,3,Fiets,Buiten Kruispunt,Gemeenteweg,binnen bebouwde kom,Tussen 2 bestuurders: Flank tegen flank,Geen hindernis
8476,140,Hasselt ring,Hasselt,50.9300038,5.3438616,0.05926458639578366,50.93048267207561,5.344232845976429,2018,6,17,71022,Hasselt,Normaal,Droog,Dag,met lichtgewonden,9,personenauto,3,Fiets,Op Kruispunt,Gewestweg,binnen bebouwde kom,Tss. 2 best.: langs opzij (voor-/achterkant-flank),Geen hindernis
8478,140,Hasselt ring,Hasselt,50.9300038,5.3438616,0.6342403371947692,50.93438984321765,5.338075773703511,2018,6,13,71022,Hasselt,Onbekend,Droog,Dag,met lichtgewonden,3,Fiets,9,personenauto,Op Kruispunt,Gewestweg,binnen bebouwde kom,Tss. 2 best.: langs opzij (voor-/achterkant-flank),Geen hindernis
8478,138,Hasselt-Kempische brug,Hasselt,50.9405318,5.3422472,0.7428761505051064,50.93438984321765,5.338075773703511,2018,6,13,71022,Hasselt,Onbekend,Droog,Dag,met lichtgewonden,3,Fiets,9,personenauto,Op Kruispunt,Gewestweg,binnen bebouwde kom,Tss. 2 best.: langs opzij (voor-/achterkant-flank),Geen hindernis
8478,137,Hasselt-Kempische brug,Hasselt,50.9411605,5.3417576,0.7958396537122601,50.93438984321765,5.338075773703511,2018,6,13,71022,Hasselt,Onbekend,Droog,Dag,met lichtgewonden,3,Fiets,9,personenauto,Op Kruispunt,Gewestweg,binnen bebouwde kom,Tss. 2 best.: langs opzij (voor-/achterkant-flank),Geen hindernis
8482,140,Hasselt ring,Hasselt,50.9300038,5.3438616,0.7657437852072699,50.92361282406401,5.347931032150722,2018,6,16,71022,Hasselt,Normaal,Droog,Dag,met zwaargewonden,9,personenauto,3,Fiets,Op Kruispunt,Gemeenteweg,binnen bebouwde kom,Tss. 2 best.: langs opzij (voor-/achterkant-flank),Geen hindernis
8484,140,Hasselt ring,Hasselt,50.9300038,5.3438616,0.22936893795910687,50.9279416070358,5.343784569297438,2018,6,17,71022,Hasselt,Normaal,Droog,Dag,met lichtgewonden,9,personenauto,3,Fiets,Buiten Kruispunt,Gemeenteweg,binnen bebouwde kom,Tss. 2 best.: langs opzij (voor-/achterkant-flank),Geen hindernis
8542,2,Brasschaat 2,Brasschaat,51.27512,4.47169,0.9392369506634651,51.268161986105675,4.464035420408414,2018,7,5,11040,Schoten,Normaal,Droog,Dageraad - schemering,met lichtgewonden,9,personenauto,3,Fiets,Op Kruispunt,Gewestweg,binnen bebouwde kom,Tss. 2 best.: langs opzij (voor-/achterkant-flank),Geen hindernis
8542,3,Brasschaat 1,Brasschaat,51.27503,4.47222,0.9525796239679186,51.268161986105675,4.464035420408414,2018,7,5,11040,Schoten,Normaal,Droog,Dageraad - schemering,met lichtgewonden,9,personenauto,3,Fiets,Op Kruispunt,Gewestweg,binnen bebouwde kom,Tss. 2 best.: langs opzij (voor-/achterkant-flank),Geen hindernis
8599,104,Malle teller 2,Malle,51.31682,4.73852,0.7420612993307973,51.31021018882202,4.737048282853167,2018,6,21,11057,Malle,Normaal,Droog,Dag,met lichtgewonden,9,personenauto,3,Fiets,Buiten Kruispunt,Gewestweg,buiten bebouwde kom,Tss. 2 best.: langs opzij (voor-/achterkant-flank),Geen hindernis
8599,103,Malle teller 1,Malle,51.31681,4.73872,0.7430065292697773,51.31021018882202,4.737048282853167,2018,6,21,11057,Malle,Normaal,Droog,Dag,met lichtgewonden,9,personenauto,3,Fiets,Buiten Kruispunt,Gewestweg,buiten bebouwde kom,Tss. 2 best.: langs opzij (voor-/achterkant-flank),Geen hindernis
8618,133,Gierde Lille Totem,Lille,51.2453915,4.8297416,0.5839562308401651,51.24290328368564,4.822353816382019,2018,7,23,13019,Lille,Normaal,Droog,"Nacht, openbare verlichting aanwezig en ontstoken",met lichtgewonden,3,Fiets,11,een weggebruiker tegen een hindernis,Buiten Kruispunt,Gewestweg,binnen bebouwde kom,Weggebruiker tegen hindernis buiten rijbaan,Onbekend
8618,132,Gierde lille,Lille,51.245445,4.8298851,0.5955712414215864,51.24290328368564,4.822353816382019,2018,7,23,13019,Lille,Normaal,Droog,"Nacht, openbare verlichting aanwezig en ontstoken",met lichtgewonden,3,Fiets,11,een weggebruiker tegen een hindernis,Buiten Kruispunt,Gewestweg,binnen bebouwde kom,Weggebruiker tegen hindernis buiten rijbaan,Onbekend
8661,140,Hasselt ring,Hasselt,50.9300038,5.3438616,0.4372595563417578,50.92971203856034,5.350083573105462,2018,7,20,71022,Hasselt,Normaal,Droog,Dag,met lichtgewonden,9,personenauto,3,Fiets,Op Kruispunt,Gewestweg,binnen bebouwde kom,Tss. 2 best.: langs opzij (voor-/achterkant-flank),Geen hindernis
8664,25,Bree,Bree,51.13679500160176,5.597669323604317,0.3589322730985133,51.13996448480449,5.596694547745601,2018,7,17,72004,Bree,Normaal,Droog,Dag,met lichtgewonden,3,Fiets,9,personenauto,Op Kruispunt,Gewestweg,binnen bebouwde kom,Tss. 2 best.: langs opzij (voor-/achterkant-flank),Geen hindernis
8673,14,Genk,Genk,50.97172,5.48927,0.9846425523259207,50.96346093050645,5.49434152276538,2018,7,11,71016,Genk,Normaal,Droog,Dag,met lichtgewonden,3,Fiets,10,"één bestuurder, geen hindernis",Buiten Kruispunt,Gewestweg,binnen bebouwde kom,"Eén bestuurder, geen hindernis (incl. val)",Geen hindernis
8674,14,Genk,Genk,50.97172,5.48927,0.7420270981545696,50.978347966172315,5.490502024595317,2018,7,14,71016,Genk,Normaal,Droog,Dag,met lichtgewonden,3,Fiets,9,personenauto,Buiten Kruispunt,Gemeenteweg,binnen bebouwde kom,Tussen 2 bestuurders: Flank tegen flank,Geen hindernis
8681,69,Leuven teller 1,Leuven,50.87549,4.71526,0.35710078180966826,50.87499266093444,4.710231972459533,2018,7,12,24062,Leuven,Normaal,Droog,Dag,met lichtgewonden,8,Voetganger,3,Fiets,Op Kruispunt,Gemeenteweg,binnen bebouwde kom,Met een voetganger,Geen hindernis
8683,151,Leuven,District Leuven,50.8690262,4.6854839,0.9232097250155288,50.87540747040638,4.677066864369874,2018,7,15,24062,Leuven,Normaal,Droog,Dag,met lichtgewonden,3,Fiets,9,personenauto,Buiten Kruispunt,Gewestweg,buiten bebouwde kom,Tss. 2 best.: langs opzij (voor-/achterkant-flank),Geen hindernis
8685,151,Leuven,District Leuven,50.8690262,4.6854839,0.8857802256566922,50.87686846899525,4.683267511114734,2018,7,15,24062,Leuven,Normaal,Droog,Dag,met lichtgewonden,9,personenauto,3,Fiets,Op Kruispunt,Gewestweg,binnen bebouwde kom,Tussen 2 bestuurders: Langs achteren,Geen hindernis
8696,23,Tienen 3,Tienen,50.81324,4.93447,0.7744549098928869,50.806408565666516,4.932323046170428,2018,7,8,24107,Tienen,Normaal,Droog,Dag,met lichtgewonden,9,personenauto,3,Fiets,Op Kruispunt,Gemeenteweg,binnen bebouwde kom,Tss. 2 best.: langs opzij (voor-/achterkant-flank),Geen hindernis
8696,24,Tienen 1,Tienen,50.8133795491886,4.935044252605416,0.798371469739467,50.806408565666516,4.932323046170428,2018,7,8,24107,Tienen,Normaal,Droog,Dag,met lichtgewonden,9,personenauto,3,Fiets,Op Kruispunt,Gemeenteweg,binnen bebouwde kom,Tss. 2 best.: langs opzij (voor-/achterkant-flank),Geen hindernis
8696,22,Tienen 2,Tienen,50.81330800184882,4.935984252796022,0.809163804510786,50.806408565666516,4.932323046170428,2018,7,8,24107,Tienen,Normaal,Droog,Dag,met lichtgewonden,9,personenauto,3,Fiets,Op Kruispunt,Gemeenteweg,binnen bebouwde kom,Tss. 2 best.: langs opzij (voor-/achterkant-flank),Geen hindernis
8720,26,Zaventem,Zaventem,50.86995,4.45444,0.20250759494466294,50.86835843360969,4.4530372773865805,2018,7,8,23094,Zaventem,Normaal,Droog,Dag,met lichtgewonden,3,Fiets,9,personenauto,Op Kruispunt,Gewestweg,binnen bebouwde kom,Tussen 2 bestuurders: Flank tegen flank,Geen hindernis
8736,27,Grimbergen,Meise,50.92127,4.34013,0.630372478009967,50.92607871355398,4.3353668938238705,2018,7,10,23050,Meise,Normaal,Droog,Dag,met lichtgewonden,3,Fiets,3,Fiets,Op Kruispunt,Gewestweg,buiten bebouwde kom,Tss. 2 best.: langs opzij (voor-/achterkant-flank),Geen hindernis
8744,109,Zemst,Zemst,50.9903936,4.4707023,0.7140260625395013,50.9851096096387,4.464905837672214,2018,7,14,23096,Zemst,Normaal,Droog,Dag,met lichtgewonden,9,personenauto,3,Fiets,Op Kruispunt,Gewestweg,binnen bebouwde kom,Tss. 2 best.: langs opzij (voor-/achterkant-flank),Geen hindernis
8767,13,Gent,Gent,51.03018,3.70146,0.6923677339360135,51.036108301730515,3.7044879529996684,2018,7,18,44021,Gent,Normaal,Droog+Proper,Dag,met lichtgewonden,9,personenauto,3,Fiets,Op Kruispunt,Gemeenteweg,binnen bebouwde kom,Tss. 2 best.: langs opzij (voor-/achterkant-flank),Geen hindernis
8778,136,Gent R4,Gent,51.0876313,3.7587918,0.8943278704361615,51.079653553223224,3.7604179699666522,2018,7,14,44021,Gent,Normaal,Droog,Dag,met lichtgewonden,7,Motorfiets,3,Fiets,Op Kruispunt,Gemeenteweg,binnen bebouwde kom,Tussen 2 bestuurders: Flank tegen flank,Geen hindernis
8803,119,Gent teller 2,Gent,51.0281795,3.7683918,0.804467190466417,51.02731914676758,3.779813181642759,2018,7,16,44040,Melle,Normaal,Droog,Dag,met lichtgewonden,3,Fiets,3,Fiets,Buiten Kruispunt,Gewestweg,binnen bebouwde kom,Tussen 2 bestuurders: Frontale botsing,Geen hindernis
8803,118,Gent teller 1,Gent,51.028049,3.7681359,0.820678781199346,51.02731914676758,3.779813181642759,2018,7,16,44040,Melle,Normaal,Droog,Dag,met lichtgewonden,3,Fiets,3,Fiets,Buiten Kruispunt,Gewestweg,binnen bebouwde kom,Tussen 2 bestuurders: Frontale botsing,Geen hindernis
8822,115,Aalter,Aalter,51.1058367,3.4350591,0.04732256380162977,51.1054127206667,3.4350003316829927,2018,7,6,44084,Aalter,Normaal,Droog,Dag,met zwaargewonden,3,Fiets,10,"één bestuurder, geen hindernis",Op Kruispunt,Gemeenteweg,buiten bebouwde kom,"Eén bestuurder, geen hindernis (incl. val)",Geen hindernis
8868,126,Hamme totem,Hamme,51.1017709,4.1469307,0.5637770813601238,51.09708467822101,4.143848641002949,2018,7,8,42008,Hamme,Normaal,Droog,Dag,met lichtgewonden,9,personenauto,3,Fiets,Buiten Kruispunt,Gewestweg,binnen bebouwde kom,Tussen 2 bestuurders: Flank tegen flank,Geen hindernis
8870,126,Hamme totem,Hamme,51.1017709,4.1469307,0.9740345578617571,51.093011309385716,4.147001428635916,2018,7,14,42008,Hamme,Normaal,Droog,Dag,met lichtgewonden,3,Fiets,3,Fiets,Buiten Kruispunt,Gemeenteweg,binnen bebouwde kom,Tss. 2 best.: langs opzij (voor-/achterkant-flank),Geen hindernis
8874,121,Zele teller 2,Zele,51.0604067,4.0556696,0.02338538638642517,51.06032573010651,4.055360772966991,2018,7,9,42028,Zele,Normaal,Droog,Dag,met lichtgewonden,9,personenauto,3,Fiets,Op Kruispunt,Gewestweg,buiten bebouwde kom,Tss. 2 best.: langs opzij (voor-/achterkant-flank),Geen hindernis
8874,120,Zele teller 1,Zele,51.0607671,4.0547741,0.06395054309792224,51.06032573010651,4.055360772966991,2018,7,9,42028,Zele,Normaal,Droog,Dag,met lichtgewonden,9,personenauto,3,Fiets,Op Kruispunt,Gewestweg,buiten bebouwde kom,Tss. 2 best.: langs opzij (voor-/achterkant-flank),Geen hindernis
8891,10,Aalst 2,Aalst,50.93549,4.01571,0.9583294134708267,50.94214714721543,4.024396188443314,2018,7,15,41002,Aalst,Normaal,Droog,Dag,met lichtgewonden,3,Fiets,10,"één bestuurder, geen hindernis",Buiten Kruispunt,Gemeenteweg,binnen bebouwde kom,"Eén bestuurder, geen hindernis (incl. val)",Geen hindernis
8903,122,Dendermonde teller 2,Dendermonde,51.0373918,4.1019222,0.10313185568039776,51.038280527725874,4.102344143554155,2018,7,15,42006,Dendermonde,Normaal,Droog,Dag,met lichtgewonden,9,personenauto,3,Fiets,Buiten Kruispunt,Gewestweg,binnen bebouwde kom,Tss. 2 best.: langs opzij (voor-/achterkant-flank),Geen hindernis
8903,125,Dendermonde totem,Dendermonde,51.0372706,4.1025998,0.11371264234002253,51.038280527725874,4.102344143554155,2018,7,15,42006,Dendermonde,Normaal,Droog,Dag,met lichtgewonden,9,personenauto,3,Fiets,Buiten Kruispunt,Gewestweg,binnen bebouwde kom,Tss. 2 best.: langs opzij (voor-/achterkant-flank),Geen hindernis
8906,142,TEST Validatie BRUGGE Y2H22022134,Brugge,51.22632,3.24095,0.6728511395076101,51.221903282149036,3.234345520493266,2018,7,9,31005,Brugge,Normaal,Droog,Dag,met lichtgewonden,3,Fiets,9,personenauto,Op Kruispunt,Gewestweg,binnen bebouwde kom,Tussen 2 bestuurders: Langs achteren,Geen hindernis
8906,52,Brugge,Brugge,51.22632,3.24095,0.6728511395076101,51.221903282149036,3.234345520493266,2018,7,9,31005,Brugge,Normaal,Droog,Dag,met lichtgewonden,3,Fiets,9,personenauto,Op Kruispunt,Gewestweg,binnen bebouwde kom,Tussen 2 bestuurders: Langs achteren,Geen hindernis
8914,142,TEST Validatie BRUGGE Y2H22022134,Brugge,51.22632,3.24095,0.2554551330810186,51.22412223574202,3.2398815770071043,2018,7,7,31005,Brugge,Normaal,Droog,Dag,met lichtgewonden,9,personenauto,3,Fiets,Op Kruispunt,Gewestweg,binnen bebouwde kom,Tss. 2 best.: langs opzij (voor-/achterkant-flank),Geen hindernis
8914,52,Brugge,Brugge,51.22632,3.24095,0.2554551330810186,51.22412223574202,3.2398815770071043,2018,7,7,31005,Brugge,Normaal,Droog,Dag,met lichtgewonden,9,personenauto,3,Fiets,Op Kruispunt,Gewestweg,binnen bebouwde kom,Tss. 2 best.: langs opzij (voor-/achterkant-flank),Geen hindernis
8982,143,Eco Display Classic Budastraat,Kortrijk,50.83066,3.26286,0.43407492112502677,50.82721439772568,3.2657650182591684,2018,7,18,34022,Kortrijk,Normaal,Droog,Dag,met lichtgewonden,6,Bromfiets,3,Fiets,Op Kruispunt,Gewestweg,binnen bebouwde kom,Tss. 2 best.: langs opzij (voor-/achterkant-flank),Geen hindernis
8983,74,Kortrijk teller 1,Kortrijk,50.81909,3.25728,0.7400894840818075,50.81583613836867,3.2664700199065035,2018,7,14,34022,Kortrijk,Normaal,Droog,Dag,met lichtgewonden,9,personenauto,3,Fiets,Op Kruispunt,Gemeenteweg,binnen bebouwde kom,Tss. 2 best.: langs opzij (voor-/achterkant-flank),Geen hindernis
8983,75,Kortrijk teller 2,Kortrijk,50.81925,3.25731,0.7471310381867244,50.81583613836867,3.2664700199065035,2018,7,14,34022,Kortrijk,Normaal,Droog,Dag,met lichtgewonden,9,personenauto,3,Fiets,Op Kruispunt,Gemeenteweg,binnen bebouwde kom,Tss. 2 best.: langs opzij (voor-/achterkant-flank),Geen hindernis
8984,75,Kortrijk teller 2,Kortrijk,50.81925,3.25731,0.43418166787299006,50.82304014982014,3.2587960630379116,2018,7,9,34022,Kortrijk,Normaal,Droog,Dag,met lichtgewonden,9,personenauto,3,Fiets,Op Kruispunt,Gewestweg,binnen bebouwde kom,Tss. 2 best.: langs opzij (voor-/achterkant-flank),Geen hindernis
8984,74,Kortrijk teller 1,Kortrijk,50.81909,3.25728,0.45196321081605406,50.82304014982014,3.2587960630379116,2018,7,9,34022,Kortrijk,Normaal,Droog,Dag,met lichtgewonden,9,personenauto,3,Fiets,Op Kruispunt,Gewestweg,binnen bebouwde kom,Tss. 2 best.: langs opzij (voor-/achterkant-flank),Geen hindernis
8984,143,Eco Display Classic Budastraat,Kortrijk,50.83066,3.26286,0.8940782127792999,50.82304014982014,3.2587960630379116,2018,7,9,34022,Kortrijk,Normaal,Droog,Dag,met lichtgewonden,9,personenauto,3,Fiets,Op Kruispunt,Gewestweg,binnen bebouwde kom,Tss. 2 best.: langs opzij (voor-/achterkant-flank),Geen hindernis
8985,143,Eco Display Classic Budastraat,Kortrijk,50.83066,3.26286,0.1270757814162317,50.829899081013394,3.264209967863124,2018,7,17,34022,Kortrijk,Regenval,"Nat, plassen",Dag,met lichtgewonden,3,Fiets,9,personenauto,Buiten Kruispunt,Gemeenteweg,binnen bebouwde kom,Tussen 2 bestuurders: Langs achteren,Geen hindernis
8987,143,Eco Display Classic Budastraat,Kortrijk,50.83066,3.26286,0.6451120389350655,50.831874587526315,3.2538780300571033,2018,7,10,34022,Kortrijk,Normaal,Droog,Dag,met lichtgewonden,9,personenauto,3,Fiets,Op Kruispunt,Gewestweg,binnen bebouwde kom,Tss. 2 best.: langs opzij (voor-/achterkant-flank),Geen hindernis
8988,75,Kortrijk teller 2,Kortrijk,50.81925,3.25731,0.47313613307517577,50.82336099626601,3.2590475219901514,2018,7,11,34022,Kortrijk,Normaal,Droog,Dag,met lichtgewonden,9,personenauto,3,Fiets,Op Kruispunt,Gewestweg,binnen bebouwde kom,Tss. 2 best.: langs opzij (voor-/achterkant-flank),Geen hindernis
8988,74,Kortrijk teller 1,Kortrijk,50.81909,3.25728,0.4908754825911909,50.82336099626601,3.2590475219901514,2018,7,11,34022,Kortrijk,Normaal,Droog,Dag,met lichtgewonden,9,personenauto,3,Fiets,Op Kruispunt,Gewestweg,binnen bebouwde kom,Tss. 2 best.: langs opzij (voor-/achterkant-flank),Geen hindernis
8988,143,Eco Display Classic Budastraat,Kortrijk,50.83066,3.26286,0.8546464456868049,50.82336099626601,3.2590475219901514,2018,7,11,34022,Kortrijk,Normaal,Droog,Dag,met lichtgewonden,9,personenauto,3,Fiets,Op Kruispunt,Gewestweg,binnen bebouwde kom,Tss. 2 best.: langs opzij (voor-/achterkant-flank),Geen hindernis
8998,65,Nieuwpoort teller 2,Nieuwpoort,51.13435,2.75511,0.06265144275540734,51.13381382849721,2.754834056696519,2018,7,14,38016,Nieuwpoort,Normaal,Droog,Dag,met lichtgewonden,6,Bromfiets,3,Fiets,Buiten Kruispunt,Gewestweg,binnen bebouwde kom,Tussen 2 bestuurders: Frontale botsing,Geen hindernis
8998,64,Nieuwpoort teller 1,Nieuwpoort,51.13359,2.75737,0.17868823227261627,51.13381382849721,2.754834056696519,2018,7,14,38016,Nieuwpoort,Normaal,Droog,Dag,met lichtgewonden,6,Bromfiets,3,Fiets,Buiten Kruispunt,Gewestweg,binnen bebouwde kom,Tussen 2 bestuurders: Frontale botsing,Geen hindernis
8998,66,Nieuwpoort totem,Nieuwpoort,51.1347,2.74369,0.7837903150668858,51.13381382849721,2.754834056696519,2018,7,14,38016,Nieuwpoort,Normaal,Droog,Dag,met lichtgewonden,6,Bromfiets,3,Fiets,Buiten Kruispunt,Gewestweg,binnen bebouwde kom,Tussen 2 bestuurders: Frontale botsing,Geen hindernis
8998,63,Nieuwpoort teller 3,Nieuwpoort,51.13529,2.74289,0.8493967927803736,51.13381382849721,2.754834056696519,2018,7,14,38016,Nieuwpoort,Normaal,Droog,Dag,met lichtgewonden,6,Bromfiets,3,Fiets,Buiten Kruispunt,Gewestweg,binnen bebouwde kom,Tussen 2 bestuurders: Frontale botsing,Geen hindernis
8999,64,Nieuwpoort teller 1,Nieuwpoort,51.13359,2.75737,0.18695883999500268,51.13395494102462,2.7599855649771947,2018,7,17,38016,Nieuwpoort,Normaal,Droog,Dag,met lichtgewonden,9,personenauto,3,Fiets,Buiten Kruispunt,Gewestweg,binnen bebouwde kom,Tss. 2 best.: langs opzij (voor-/achterkant-flank),Geen hindernis
8999,65,Nieuwpoort teller 2,Nieuwpoort,51.13435,2.75511,0.3430156402322047,51.13395494102462,2.7599855649771947,2018,7,17,38016,Nieuwpoort,Normaal,Droog,Dag,met lichtgewonden,9,personenauto,3,Fiets,Buiten Kruispunt,Gewestweg,binnen bebouwde kom,Tss. 2 best.: langs opzij (voor-/achterkant-flank),Geen hindernis