crash_row_id,site_id,site_name,site_gemeente,site_lat,site_long,distance_km,crash_lat,crash_long,DT_YEAR_COLLISION,DT_MONTH_COLLISION,DT_TIME,CD_NIS,TX_MUNTY_COLLISION_NL,TX_WEATHER_NL,TX_ROAD_CONDITION_NL,TX_LIGHT_CONDITION_NL,TX_CLASS_ACCIDENTS_NL,CD_ROAD_USR_TYPE1,TX_ROAD_USR_TYPE1_NL,CD_ROAD_USR_TYPE2,TX_ROAD_USR_TYPE2_NL,TX_CROSSWAY_NL,CD_ROAD_TYPE_NL,TX_BUILD_UP_AREA_NL,TX_COLLISION_TYPE_NL,TX_OBSTACLES_NL
9009,61,Wervik teller 2,Wervik,50.80555,3.0921,0.01941670133924577,50.80568435579054,3.0919235067024493,2018,7,14,33029,Wervik,Normaal,Droog,Dag,met lichtgewonden,9,personenauto,3,Fiets,Buiten Kruispunt,Gewestweg,buiten bebouwde kom,Tussen 2 bestuurders: Langs achteren,Geen hindernis
9009,62,Wervik teller 1,Wervik,50.8058,3.09154,0.02985968524690711,50.80568435579054,3.0919235067024493,2018,7,14,33029,Wervik,Normaal,Droog,Dag,met lichtgewonden,9,personenauto,3,Fiets,Buiten Kruispunt,Gewestweg,buiten bebouwde kom,Tussen 2 bestuurders: Langs achteren,Geen hindernis
9028,99,Mechelen teller 1,Mechelen,51.04564,4.46882,0.4071349921178382,51.04199720838027,4.468232784351031,2018,7,13,12025,Mechelen,Normaal,Droog,Dag,met lichtgewonden,9,personenauto,3,Fiets,Buiten Kruispunt,Gemeenteweg,binnen bebouwde kom,Tss. 2 best.: langs opzij (voor-/achterkant-flank),Geen hindernis
9028,100,Mechelen teller 2,Mechelen,51.0457,4.46883,0.41384317592243713,51.04199720838027,4.468232784351031,2018,7,13,12025,Mechelen,Normaal,Droog,Dag,met lichtgewonden,9,personenauto,3,Fiets,Buiten Kruispunt,Gemeenteweg,binnen bebouwde kom,Tss. 2 best.: langs opzij (voor-/achterkant-flank),Geen hindernis
9031,99,Mechelen teller 1,Mechelen,51.04564,4.46882,0.6753060486357615,51.03993898268396,4.472149331220082,2018,7,12,12025,Mechelen,Normaal,Droog,Dag,met lichtgewonden,9,personenauto,3,Fiets,Op Kruispunt,Gewestweg,buiten bebouwde kom,Tss. 2 best.: langs opzij (voor-/achterkant-flank),Geen hindernis
9031,100,Mechelen teller 2,Mechelen,51.0457,4.46883,0.6813342994014995,51.03993898268396,4.472149331220082,2018,7,12,12025,Mechelen,Normaal,Droog,Dag,met lichtgewonden,9,personenauto,3,Fiets,Op Kruispunt,Gewestweg,buiten bebouwde kom,Tss. 2 best.: langs opzij (voor-/achterkant-flank),Geen hindernis
9035,140,Hasselt ring,Hasselt,50.9300038,5.3438616,0.30354760909431877,50.93261014669234,5.342573422238938,2018,7,11,71022,Hasselt,Onbekend,Onbekend,Dag,met lichtgewonden,3,Fiets,9,personenauto,Op Kruispunt,Gewestweg,binnen bebouwde kom,Tss. 2 best.: langs opzij (voor-/achterkant-flank),Geen hindernis
9035,138,Hasselt-Kempische brug,Hasselt,50.9405318,5.3422472,0.8811442254786679,50.93261014669234,5.342573422238938,2018,7,11,71022,Hasselt,Onbekend,Onbekend,Dag,met lichtgewonden,3,Fiets,9,personenauto,Op Kruispunt,Gewestweg,binnen bebouwde kom,Tss. 2 best.: langs opzij (voor-/achterkant-flank),Geen hindernis
9035,137,Hasselt-Kempische brug,Hasselt,50.9411605,5.3417576,0.9524730018571418,50.93261014669234,5.342573422238938,2018,7,11,71022,Hasselt,Onbekend,Onbekend,Dag,met lichtgewonden,3,Fiets,9,personenauto,Op Kruispunt,Gewestweg,binnen bebouwde kom,Tss. 2 best.: langs opzij (voor-/achterkant-flank),Geen hindernis
9044,138,Hasselt-Kempische brug,Hasselt,50.9405318,5.3422472,0.23726942743743834,50.93858941951691,5.340845351878659,2018,7,7,71022,Hasselt,Normaal,Droog,Dag,met lichtgewonden,3,Fiets,8,Voetganger,Buiten Kruispunt,Gewestweg,binnen bebouwde kom,Met een voetganger,Geen hindernis
9044,137,Hasselt-Kempische brug,Hasselt,50.9411605,5.3417576,0.2929494836441444,50.93858941951691,5.340845351878659,2018,7,7,71022,Hasselt,Normaal,Droog,Dag,met lichtgewonden,3,Fiets,8,Voetganger,Buiten Kruispunt,Gewestweg,binnen bebouwde kom,Met een voetganger,Geen hindernis
9044,140,Hasselt ring,Hasselt,50.9300038,5.3438616,0.977795996876004,50.93858941951691,5.340845351878659,2018,7,7,71022,Hasselt,Normaal,Droog,Dag,met lichtgewonden,3,Fiets,8,Voetganger,Buiten Kruispunt,Gewestweg,binnen bebouwde kom,Met een voetganger,Geen hindernis
9045,137,Hasselt-Kempische brug,Hasselt,50.9411605,5.3417576,0.2911047721160733,50.94214745294521,5.337909383444224,2018,7,22,71022,Hasselt,Normaal,Droog,"Nacht, openbare verlichting aanwezig en ontstoken",met lichtgewonden,3,Fiets,9,personenauto,Buiten Kruispunt,Gemeenteweg,binnen bebouwde kom,Tss. 2 best.: langs opzij (voor-/achterkant-flank),Geen hindernis
9045,138,Hasselt-Kempische brug,Hasselt,50.9405318,5.3422472,0.3530575952917693,50.94214745294521,5.337909383444224,2018,7,22,71022,Hasselt,Normaal,Droog,"Nacht, openbare verlichting aanwezig en ontstoken",met lichtgewonden,3,Fiets,9,personenauto,Buiten Kruispunt,Gemeenteweg,binnen bebouwde kom,Tss. 2 best.: langs opzij (voor-/achterkant-flank),Geen hindernis
9046,140,Hasselt ring,Hasselt,50.9300038,5.3438616,0.7275745947996236,50.929450870971344,5.33351714524736,2018,7,9,71022,Hasselt,Normaal,Droog+Proper,Dag,met lichtgewonden,9,personenauto,3,Fiets,Buiten Kruispunt,Gemeenteweg,binnen bebouwde kom,Tss. 2 best.: langs opzij (voor-/achterkant-flank),Geen hindernis
9047,137,Hasselt-Kempische brug,Hasselt,50.9411605,5.3417576,0.5769231961074035,50.94265418867256,5.333872069713431,2018,7,17,71022,Hasselt,Normaal,Droog,Dag,met lichtgewonden,3,Fiets,9,personenauto,Op Kruispunt,Gewestweg,buiten bebouwde kom,Tss. 2 best.: langs opzij (voor-/achterkant-flank),Geen hindernis
9047,138,Hasselt-Kempische brug,Hasselt,50.9405318,5.3422472,0.6324845060207079,50.94265418867256,5.333872069713431,2018,7,17,71022,Hasselt,Normaal,Droog,Dag,met lichtgewonden,3,Fiets,9,personenauto,Op Kruispunt,Gewestweg,buiten bebouwde kom,Tss. 2 best.: langs opzij (voor-/achterkant-flank),Geen hindernis
9048,137,Hasselt-Kempische brug,Hasselt,50.9411605,5.3417576,0.8528651731310717,50.9405749701642,5.329620875649041,2018,7,12,71022,Hasselt,Normaal,Droog,Dag,met lichtgewonden,3,Fiets,9,personenauto,Buiten Kruispunt,Gemeenteweg,binnen bebouwde kom,Tss. 2 best.: langs opzij (voor-/achterkant-flank),Geen hindernis
9048,138,Hasselt-Kempische brug,Hasselt,50.9405318,5.3422472,0.8846998678514254,50.9405749701642,5.329620875649041,2018,7,12,71022,Hasselt,Normaal,Droog,Dag,met lichtgewonden,3,Fiets,9,personenauto,Buiten Kruispunt,Gemeenteweg,binnen bebouwde kom,Tss. 2 best.: langs opzij (voor-/achterkant-flank),Geen hindernis
9165,96,Lier teller 2,Lier,51.11705,4.58444,0.9264644169750247,51.12408796565729,4.577335240436936,2018,8,17,12021,Lier,Normaal,Droog,Dag,met lichtgewonden,9,personenauto,3,Fiets,Op Kruispunt,Gewestweg,binnen bebouwde kom,Tss. 2 best.: langs opzij (voor-/achterkant-flank),Geen hindernis
9165,95,Lier teller 1,Lier,51.11687,4.58437,0.940873738836724,51.12408796565729,4.577335240436936,2018,8,17,12021,Lier,Normaal,Droog,Dag,met lichtgewonden,9,personenauto,3,Fiets,Op Kruispunt,Gewestweg,binnen bebouwde kom,Tss. 2 best.: langs opzij (voor-/achterkant-flank),Geen hindernis
9197,38,Lommel teller 2,Lommel,51.23277,5.29189,0.3688643158175389,51.233108909464434,5.2866198748162505,2018,8,13,72020,Lommel,Normaal,Droog,Dag,met lichtgewonden,9,personenauto,3,Fiets,Op Kruispunt,Gewestweg,buiten bebouwde kom,Tss. 2 best.: langs opzij (voor-/achterkant-flank),Geen hindernis
9197,37,Lommel teller 1,Lommel,51.23299,5.29211,0.38247949107144835,51.233108909464434,5.2866198748162505,2018,8,13,72020,Lommel,Normaal,Droog,Dag,met lichtgewonden,9,personenauto,3,Fiets,Op Kruispunt,Gewestweg,buiten bebouwde kom,Tss. 2 best.: langs opzij (voor-/achterkant-flank),Geen hindernis
9220,44,Maaseik teller 2,Maaseik,51.09359,5.79726,0.6072683529495005,51.098967350009815,5.795741142074921,2018,8,13,72021,Maaseik,Normaal,Droog,Dag,met lichtgewonden,3,Fiets,9,personenauto,Op Kruispunt,Gewestweg,binnen bebouwde kom,Tss. 2 best.: langs opzij (voor-/achterkant-flank),Geen hindernis
9220,43,Maaseik teller 1,Maaseik,51.09344,5.79715,0.6224377722974972,51.098967350009815,5.795741142074921,2018,8,13,72021,Maaseik,Normaal,Droog,Dag,met lichtgewonden,3,Fiets,9,personenauto,Op Kruispunt,Gewestweg,binnen bebouwde kom,Tss. 2 best.: langs opzij (voor-/achterkant-flank),Geen hindernis
9222,48,As,As,51.00509,5.60389,0.43108330449964766,51.005364362936135,5.597744417283997,2018,8,8,71002,As,Normaal,Droog,Dag,met zwaargewonden,3,Fiets,11,een weggebruiker tegen een hindernis,Buiten Kruispunt,Gewestweg,buiten bebouwde kom,Weggebruiker tegen hindernis buiten rijbaan,Andere hindernis
9223,25,Bree,Bree,51.13679500160176,5.597669323604317,0.7574166145196775,51.13935366496642,5.607730412891809,2018,8,19,72004,Bree,Normaal,Droog,Dag,met lichtgewonden,3,Fiets,10,"één bestuurder, geen hindernis",Op Kruispunt,Gewestweg,binnen bebouwde kom,"Eén bestuurder, geen hindernis (incl. val)",Geen hindernis
9232,25,Bree,Bree,51.13679500160176,5.597669323604317,0.7762196127725103,51.13654788537186,5.608787612807717,2018,8,17,72004,Bree,Normaal,Droog,Dag,met lichtgewonden,9,personenauto,3,Fiets,Buiten Kruispunt,Gewestweg,buiten bebouwde kom,Tussen 2 bestuurders: Flank tegen flank,Geen hindernis
9238,69,Leuven teller 1,Leuven,50.87549,4.71526,0.8690234256514203,50.88263934235191,4.720263344062255,2018,8,17,24062,Leuven,Normaal,Droog,Dag,met lichtgewonden,3,Fiets,3,Fiets,Op Kruispunt,Gemeenteweg,binnen bebouwde kom,Tss. 2 best.: langs opzij (voor-/achterkant-flank),Geen hindernis
9238,107,leuven totem,Leuven,50.8870744,4.7087919,0.943818762560579,50.88263934235191,4.720263344062255,2018,8,17,24062,Leuven,Normaal,Droog,Dag,met lichtgewonden,3,Fiets,3,Fiets,Op Kruispunt,Gemeenteweg,binnen bebouwde kom,Tss. 2 best.: langs opzij (voor-/achterkant-flank),Geen hindernis
9238,77,Leuven teller 2,Leuven,50.88672,4.70796,0.975097787828946,50.88263934235191,4.720263344062255,2018,8,17,24062,Leuven,Normaal,Droog,Dag,met lichtgewonden,3,Fiets,3,Fiets,Op Kruispunt,Gemeenteweg,binnen bebouwde kom,Tss. 2 best.: langs opzij (voor-/achterkant-flank),Geen hindernis
9242,22,Tienen 2,Tienen,50.81330800184882,4.935984252796022,0.985134566818333,50.80455161808717,4.938117400155842,2018,8,14,24107,Tienen,Normaal,Onbekend,Dag,met lichtgewonden,9,personenauto,3,Fiets,Buiten Kruispunt,Gemeenteweg,binnen bebouwde kom,Tussen 2 bestuurders: Langs achteren,Geen hindernis
9242,23,Tienen 3,Tienen,50.81324,4.93447,0.9995193017925852,50.80455161808717,4.938117400155842,2018,8,14,24107,Tienen,Normaal,Onbekend,Dag,met lichtgewonden,9,personenauto,3,Fiets,Buiten Kruispunt,Gemeenteweg,binnen bebouwde kom,Tussen 2 bestuurders: Langs achteren,Geen hindernis
9261,111,Zaventem totem,Zaventem,50.8871216,4.4597084,0.8300917882046874,50.88110274250999,4.466708281596505,2018,8,8,23094,Zaventem,Normaal,Droog,Dag,met lichtgewonden,3,Fiets,9,personenauto,Buiten Kruispunt,Gewestweg,binnen bebouwde kom,Kettingbotsing (3 bestuurders of meer),Geen hindernis
9262,26,Zaventem,Zaventem,50.86995,4.45444,0.6303121584979625,50.86700361649745,4.446766711212462,2018,8,8,23094,Zaventem,Normaal,Droog,Dag,met lichtgewonden,9,personenauto,3,Fiets,Buiten Kruispunt,Gewestweg,buiten bebouwde kom,Tss. 2 best.: langs opzij (voor-/achterkant-flank),Geen hindernis
9283,71,Kampenhout teller 2,Kampenhout,50.95589,4.59164,0.41714589509925254,50.95891863579169,4.588125433637278,2018,8,16,23038,Kampenhout,Normaal,Droog,Dag,met lichtgewonden,9,personenauto,3,Fiets,Buiten Kruispunt,Gewestweg,buiten bebouwde kom,Tss. 2 best.: langs opzij (voor-/achterkant-flank),Geen hindernis
9283,70,Kampenhout teller 1,Kampenhout,50.95682,4.59318,0.42401646449357133,50.95891863579169,4.588125433637278,2018,8,16,23038,Kampenhout,Normaal,Droog,Dag,met lichtgewonden,9,personenauto,3,Fiets,Buiten Kruispunt,Gewestweg,buiten bebouwde kom,Tss. 2 best.: langs opzij (voor-/achterkant-flank),Geen hindernis
9292,13,Gent,Gent,51.03018,3.70146,0.6242188694189164,51.03396517012722,3.7080520792763636,2018,8,16,44021,Gent,Normaal,"Ijzel, sneeuw",Dag,met lichtgewonden,3,Fiets,9,personenauto,Op Kruispunt,Gewestweg,binnen bebouwde kom,Tussen 2 bestuurders: Flank tegen flank,Geen hindernis
9298,13,Gent,Gent,51.03018,3.70146,0.9383099508700656,51.03255782859466,3.7143341347001924,2018,8,11,44021,Gent,Normaal,Droog,Dag,met lichtgewonden,3,Fiets,9,personenauto,Buiten Kruispunt,Gewestweg,binnen bebouwde kom,Tss. 2 best.: langs opzij (voor-/achterkant-flank),Geen hindernis
9335,116,Melle teller 2,Melle,50.9986113,3.8040599,0.7488100385460322,50.99900265052679,3.793377492984413,2018,8,13,44040,Melle,Normaal,Droog,Dag,met lichtgewonden,3,Fiets,9,personenauto,Op Kruispunt,Gemeenteweg,binnen bebouwde kom,Tss. 2 best.: langs opzij (voor-/achterkant-flank),Geen hindernis
9335,117,Melle teller 1,Melle,50.9986113,3.8040599,0.7488100385460322,50.99900265052679,3.793377492984413,2018,8,13,44040,Melle,Normaal,Droog,Dag,met lichtgewonden,3,Fiets,9,personenauto,Op Kruispunt,Gemeenteweg,binnen bebouwde kom,Tss. 2 best.: langs opzij (voor-/achterkant-flank),Geen hindernis
9347,6,Evergem 2,Evergem,51.10894,3.70298,0.62603125194371,51.10970833686565,3.6940965392420693,2018,8,11,44019,Evergem,Normaal,Droog,Dag,met zwaargewonden,3,Fiets,3,Fiets,Op Kruispunt,Gemeenteweg,binnen bebouwde kom,Tussen 2 bestuurders: Langs achteren,Geen hindernis
9347,7,Evergem 1,Evergem,51.1089,3.70317,0.6397840077478486,51.10970833686565,3.6940965392420693,2018,8,11,44019,Evergem,Normaal,Droog,Dag,met zwaargewonden,3,Fiets,3,Fiets,Op Kruispunt,Gemeenteweg,binnen bebouwde kom,Tussen 2 bestuurders: Langs achteren,Geen hindernis
9351,115,Aalter,Aalter,51.1058367,3.4350591,0.20433332990138933,51.104243681048544,3.4365179949065507,2018,8,13,44084,Aalter,Normaal,Droog,Dag,met lichtgewonden,9,personenauto,3,Fiets,Buiten Kruispunt,Gewestweg,binnen bebouwde kom,Tussen 2 bestuurders: Flank tegen flank,Geen hindernis
9389,128,Lokeren teller 1,Lokeren,51.09644,3.97023,0.5831225256923293,51.10129632431241,3.9670783163488035,2018,8,17,46014,Lokeren,Normaal,Droog,Dag,met lichtgewonden,9,personenauto,3,Fiets,Buiten Kruispunt,Gemeenteweg,binnen bebouwde kom,Tss. 2 best.: langs opzij (voor-/achterkant-flank),Geen hindernis
9389,129,Lokeren teller 2,Lokeren,51.09612,3.97025,0.6167202303165432,51.10129632431241,3.9670783163488035,2018,8,17,46014,Lokeren,Normaal,Droog,Dag,met lichtgewonden,9,personenauto,3,Fiets,Buiten Kruispunt,Gemeenteweg,binnen bebouwde kom,Tss. 2 best.: langs opzij (voor-/achterkant-flank),Geen hindernis
9390,126,Hamme totem,Hamme,51.1017709,4.1469307,0.6755126718880046,51.10638524206332,4.140637677665163,2018,8,19,42023,Waasmunster,Normaal,Droog,Dag,met zwaargewonden,9,personenauto,3,Fiets,Buiten Kruispunt,Gewestweg,buiten bebouwde kom,Tss. 2 best.: langs opzij (voor-/achterkant-flank),Geen hindernis
9420,125,Dendermonde totem,Dendermonde,51.0372706,4.1025998,0.6059838894987786,51.03256325550723,4.106966553789455,2018,8,9,42006,Dendermonde,Normaal,Droog,Dag,met lichtgewonden,5,Lichte vrachtauto,3,Fiets,Op Kruispunt,Gewestweg,binnen bebouwde kom,Tss. 2 best.: langs opzij (voor-/achterkant-flank),Geen hindernis
9420,122,Dendermonde teller 2,Dendermonde,51.0373918,4.1019222,0.6424064285288023,51.03256325550723,4.106966553789455,2018,8,9,42006,Dendermonde,Normaal,Droog,Dag,met lichtgewonden,5,Lichte vrachtauto,3,Fiets,Op Kruispunt,Gewestweg,binnen bebouwde kom,Tss. 2 best.: langs opzij (voor-/achterkant-flank),Geen hindernis
9422,125,Dendermonde totem,Dendermonde,51.0372706,4.1025998,0.8433841148020815,51.03465660363466,4.113922464063274,2018,8,17,42006,Dendermonde,Normaal,Droog,Dag,met lichtgewonden,3,Fiets,10,"één bestuurder, geen hindernis",Buiten Kruispunt,Gewestweg,buiten bebouwde kom,"Eén bestuurder, geen hindernis (incl. val)",Geen hindernis
9422,122,Dendermonde teller 2,Dendermonde,51.0373918,4.1019222,0.8925124007364126,51.03465660363466,4.113922464063274,2018,8,17,42006,Dendermonde,Normaal,Droog,Dag,met lichtgewonden,3,Fiets,10,"één bestuurder, geen hindernis",Buiten Kruispunt,Gewestweg,buiten bebouwde kom,"Eén bestuurder, geen hindernis (incl. val)",Geen hindernis
9466,59,Ardooie teller 1,Ardooie,50.96784,3.18479,0.877454981955276,50.970517659235746,3.196577364381894,2018,8,17,37020,Ardooie,Normaal,Droog,Dag,dodelijk gewonden,3,Fiets,9,personenauto,Op Kruispunt,Gemeenteweg,buiten bebouwde kom,Tss. 2 best.: langs opzij (voor-/achterkant-flank),Geen hindernis
9466,60,Ardooie teller 2,Ardooie,50.96783,3.18411,0.9227471517943927,50.970517659235746,3.196577364381894,2018,8,17,37020,Ardooie,Normaal,Droog,Dag,dodelijk gewonden,3,Fiets,9,personenauto,Op Kruispunt,Gemeenteweg,buiten bebouwde kom,Tss. 2 best.: langs opzij (voor-/achterkant-flank),Geen hindernis
9507,16,Kortrijk 1,Kortrijk,50.83332,3.27777,0.6562939219574072,50.82742092235064,3.2780735748118195,2018,8,13,34022,Kortrijk,Normaal,Droog,Dag,met lichtgewonden,9,personenauto,3,Fiets,Buiten Kruispunt,Gemeenteweg,binnen bebouwde kom,Tss. 2 best.: langs opzij (voor-/achterkant-flank),Geen hindernis
9507,17,Kortrijk 2,Kortrijk,50.83339,3.27773,0.6641696375293897,50.82742092235064,3.2780735748118195,2018,8,13,34022,Kortrijk,Normaal,Droog,Dag,met lichtgewonden,9,personenauto,3,Fiets,Buiten Kruispunt,Gemeenteweg,binnen bebouwde kom,Tss. 2 best.: langs opzij (voor-/achterkant-flank),Geen hindernis
9508,16,Kortrijk 1,Kortrijk,50.83332,3.27777,0.6466786624217711,50.8283114754249,3.273090087272122,2018,8,15,34022,Kortrijk,Normaal,Droog,Dag,met lichtgewonden,9,personenauto,3,Fiets,Op Kruispunt,Gewestweg,binnen bebouwde kom,Tss. 2 best.: langs opzij (voor-/achterkant-flank),Geen hindernis
9508,17,Kortrijk 2,Kortrijk,50.83339,3.27773,0.6519851787811175,50.8283114754249,3.273090087272122,2018,8,15,34022,Kortrijk,Normaal,Droog,Dag,met lichtgewonden,9,personenauto,3,Fiets,Op Kruispunt,Gewestweg,binnen bebouwde kom,Tss. 2 best.: langs opzij (voor-/achterkant-flank),Geen hindernis
9508,143,Eco Display Classic Budastraat,Kortrijk,50.83066,3.26286,0.7644866311634113,50.8283114754249,3.273090087272122,2018,8,15,34022,Kortrijk,Normaal,Droog,Dag,met lichtgewonden,9,personenauto,3,Fiets,Op Kruispunt,Gewestweg,binnen bebouwde kom,Tss. 2 best.: langs opzij (voor-/achterkant-flank),Geen hindernis
9509,17,Kortrijk 2,Kortrijk,50.83339,3.27773,0.3270332849206254,50.83557328012367,3.280850188717603,2018,8,14,34022,Kortrijk,Normaal,Droog,Dag,met lichtgewonden,3,Fiets,9,personenauto,Op Kruispunt,Gewestweg,binnen bebouwde kom,Tss. 2 best.: langs opzij (voor-/achterkant-flank),Geen hindernis
9509,16,Kortrijk 1,Kortrijk,50.83332,3.27777,0.331009873753922,50.83557328012367,3.280850188717603,2018,8,14,34022,Kortrijk,Normaal,Droog,Dag,met lichtgewonden,3,Fiets,9,personenauto,Op Kruispunt,Gewestweg,binnen bebouwde kom,Tss. 2 best.: langs opzij (voor-/achterkant-flank),Geen hindernis
9511,16,Kortrijk 1,Kortrijk,50.83332,3.27777,0.7025965819936553,50.83035988961748,3.286608426134652,2018,8,10,34022,Kortrijk,Normaal,Droog,Dag,met lichtgewonden,3,Fiets,3,Fiets,Op Kruispunt,Gemeenteweg,binnen bebouwde kom,Tss. 2 best.: langs opzij (voor-/achterkant-flank),Geen hindernis
9511,17,Kortrijk 2,Kortrijk,50.83339,3.27773,0.7087463128796461,50.83035988961748,3.286608426134652,2018,8,10,34022,Kortrijk,Normaal,Droog,Dag,met lichtgewonden,3,Fiets,3,Fiets,Op Kruispunt,Gemeenteweg,binnen bebouwde kom,Tss. 2 best.: langs opzij (voor-/achterkant-flank),Geen hindernis
9514,16,Kortrijk 1,Kortrijk,50.83332,3.27777,0.21980523143926023,50.83196944189015,3.2754845641662387,2018,8,12,34022,Kortrijk,Normaal,Droog,Dag,met lichtgewonden,9,personenauto,3,Fiets,Op Kruispunt,Gewestweg,binnen bebouwde kom,Tss. 2 best.: langs opzij (voor-/achterkant-flank),Geen hindernis
9514,17,Kortrijk 2,Kortrijk,50.83339,3.27773,0.2232013196454198,50.83196944189015,3.2754845641662387,2018,8,12,34022,Kortrijk,Normaal,Droog,Dag,met lichtgewonden,9,personenauto,3,Fiets,Op Kruispunt,Gewestweg,binnen bebouwde kom,Tss. 2 best.: langs opzij (voor-/achterkant-flank),Geen hindernis
9514,143,Eco Display Classic Budastraat,Kortrijk,50.83066,3.26286,0.8985160202459949,50.83196944189015,3.2754845641662387,2018,8,12,34022,Kortrijk,Normaal,Droog,Dag,met lichtgewonden,9,personenauto,3,Fiets,Op Kruispunt,Gewestweg,binnen bebouwde kom,Tss. 2 best.: langs opzij (voor-/achterkant-flank),Geen hindernis
9515,16,Kortrijk 1,Kortrijk,50.83332,3.27777,0.6917255030584439,50.832391053127424,3.287509130349788,2018,8,20,34022,Kortrijk,Normaal,Droog,Dag,met lichtgewonden,9,personenauto,3,Fiets,Buiten Kruispunt,Gemeenteweg,binnen bebouwde kom,Tussen 2 bestuurders: Flank tegen flank,Geen hindernis
9515,17,Kortrijk 2,Kortrijk,50.83339,3.27773,0.6957030350570966,50.832391053127424,3.287509130349788,2018,8,20,34022,Kortrijk,Normaal,Droog,Dag,met lichtgewonden,9,personenauto,3,Fiets,Buiten Kruispunt,Gemeenteweg,binnen bebouwde kom,Tussen 2 bestuurders: Flank tegen flank,Geen hindernis
9522,66,Nieuwpoort totem,Nieuwpoort,51.1347,2.74369,0.7585535546036322,51.1284218128437,2.7479426321747775,2018,8,15,38008,De Panne,Normaal,Droog,Dag,met lichtgewonden,3,Fiets,3,Fiets,Buiten Kruispunt,Gewestweg,binnen bebouwde kom,Tss. 2 best.: langs opzij (voor-/achterkant-flank),Geen hindernis
9522,65,Nieuwpoort teller 2,Nieuwpoort,51.13435,2.75511,0.8274388131668821,51.1284218128437,2.7479426321747775,2018,8,15,38008,De Panne,Normaal,Droog,Dag,met lichtgewonden,3,Fiets,3,Fiets,Buiten Kruispunt,Gewestweg,binnen bebouwde kom,Tss. 2 best.: langs opzij (voor-/achterkant-flank),Geen hindernis
9522,63,Nieuwpoort teller 3,Nieuwpoort,51.13529,2.74289,0.8411600673576491,51.1284218128437,2.7479426321747775,2018,8,15,38008,De Panne,Normaal,Droog,Dag,met lichtgewonden,3,Fiets,3,Fiets,Buiten Kruispunt,Gewestweg,binnen bebouwde kom,Tss. 2 best.: langs opzij (voor-/achterkant-flank),Geen hindernis
9522,64,Nieuwpoort teller 1,Nieuwpoort,51.13359,2.75737,0.8734997646946622,51.1284218128437,2.7479426321747775,2018,8,15,38008,De Panne,Normaal,Droog,Dag,met lichtgewonden,3,Fiets,3,Fiets,Buiten Kruispunt,Gewestweg,binnen bebouwde kom,Tss. 2 best.: langs opzij (voor-/achterkant-flank),Geen hindernis
9544,105,St. pieters leeuw teller 2,Halle,50.75509,4.24943,0.5617652994231093,50.7522604192409,4.256045487824629,2018,8,12,23027,Halle,Normaal,Droog,Dag,met lichtgewonden,9,personenauto,3,Fiets,Buiten Kruispunt,Gemeenteweg,buiten bebouwde kom,Tss. 2 best.: langs opzij (voor-/achterkant-flank),Geen hindernis
9544,106,St. pieters leeuw teller 1,Sint-Pieters-Leeuw,50.75533,4.24951,0.5726062899032376,50.7522604192409,4.256045487824629,2018,8,12,23027,Halle,Normaal,Droog,Dag,met lichtgewonden,9,personenauto,3,Fiets,Buiten Kruispunt,Gemeenteweg,buiten bebouwde kom,Tss. 2 best.: langs opzij (voor-/achterkant-flank),Geen hindernis
9553,137,Hasselt-Kempische brug,Hasselt,50.9411605,5.3417576,0.4553877300441519,50.94363070891355,5.3469417709537685,2018,8,15,71022,Hasselt,Normaal,Droog,Dag,met lichtgewonden,9,personenauto,3,Fiets,Op Kruispunt,Gewestweg,buiten bebouwde kom,Tss. 2 best.: langs opzij (voor-/achterkant-flank),Geen hindernis
9553,138,Hasselt-Kempische brug,Hasselt,50.9405318,5.3422472,0.4763693519588715,50.94363070891355,5.3469417709537685,2018,8,15,71022,Hasselt,Normaal,Droog,Dag,met lichtgewonden,9,personenauto,3,Fiets,Op Kruispunt,Gewestweg,buiten bebouwde kom,Tss. 2 best.: langs opzij (voor-/achterkant-flank),Geen hindernis
9554,30,Herk De Stad,Herk-de-Stad,50.94374,5.17691,0.999109849185772,50.94077927935844,5.163446485626581,2018,8,10,71024,Herk-de-Stad,Normaal,Droog+Proper,Dag,met lichtgewonden,3,Fiets,9,personenauto,Op Kruispunt,Gewestweg,binnen bebouwde kom,Tss. 2 best.: langs opzij (voor-/achterkant-flank),Geen hindernis
9555,140,Hasselt ring,Hasselt,50.9300038,5.3438616,0.6925950426622131,50.92466325710046,5.338776085436561,2018,8,15,71022,Hasselt,Normaal,Droog,Dag,met lichtgewonden,3,Fiets,9,personenauto,Op Kruispunt,Gewestweg,binnen bebouwde kom,Tss. 2 best.: langs opzij (voor-/achterkant-flank),Geen hindernis
9698,95,Lier teller 1,Lier,51.11687,4.58437,0.11455610347928957,51.11618365572886,4.585593933723407,2018,9,7,12021,Lier,Normaal,Droog,Dag,met lichtgewonden,3,Fiets,5,Lichte vrachtauto,Buiten Kruispunt,Gewestweg,buiten bebouwde kom,Tussen 2 bestuurders: Flank tegen flank,Geen hindernis
9698,96,Lier teller 2,Lier,51.11705,4.58444,0.1255695677262295,51.11618365572886,4.585593933723407,2018,9,7,12021,Lier,Normaal,Droog,Dag,met lichtgewonden,3,Fiets,5,Lichte vrachtauto,Buiten Kruispunt,Gewestweg,buiten bebouwde kom,Tussen 2 bestuurders: Flank tegen flank,Geen hindernis
9727,94,Herentals teller 2,Herentals,51.17345,4.81283,0.31855268150052335,51.174550177810055,4.817049009907655,2018,9,7,13011,Herentals,Normaal,Droog,Dag,met lichtgewonden,9,personenauto,3,Fiets,Op Kruispunt,Gewestweg,buiten bebouwde kom,Tss. 2 best.: langs opzij (voor-/achterkant-flank),Geen hindernis