crash_row_id,site_id,site_name,site_gemeente,site_lat,site_long,distance_km,crash_lat,crash_long,DT_YEAR_COLLISION,DT_MONTH_COLLISION,DT_TIME,CD_NIS,TX_MUNTY_COLLISION_NL,TX_WEATHER_NL,TX_ROAD_CONDITION_NL,TX_LIGHT_CONDITION_NL,TX_CLASS_ACCIDENTS_NL,CD_ROAD_USR_TYPE1,TX_ROAD_USR_TYPE1_NL,CD_ROAD_USR_TYPE2,TX_ROAD_USR_TYPE2_NL,TX_CROSSWAY_NL,CD_ROAD_TYPE_NL,TX_BUILD_UP_AREA_NL,TX_COLLISION_TYPE_NL,TX_OBSTACLES_NL
9727,110,Herentals totem,Herentals,51.1739426,4.811783,0.37327986699549404,51.174550177810055,4.817049009907655,2018,9,7,13011,Herentals,Normaal,Droog,Dag,met lichtgewonden,9,personenauto,3,Fiets,Op Kruispunt,Gewestweg,buiten bebouwde kom,Tss. 2 best.: langs opzij (voor-/achterkant-flank),Geen hindernis
9737,46,Pelt teller 2,Pelt,51.231,5.44375,0.6886620475047756,51.2299969201789,5.433990139477687,2018,9,17,72043,Pelt,Normaal,Droog,Dag,met lichtgewonden,9,personenauto,3,Fiets,Op Kruispunt,Gemeenteweg,binnen bebouwde kom,Tss. 2 best.: langs opzij (voor-/achterkant-flank),Geen hindernis
9737,45,Pelt teller 1,Pelt,51.23127,5.44377,0.6955185077869379,51.2299969201789,5.433990139477687,2018,9,17,72043,Pelt,Normaal,Droog,Dag,met lichtgewonden,9,personenauto,3,Fiets,Op Kruispunt,Gemeenteweg,binnen bebouwde kom,Tss. 2 best.: langs opzij (voor-/achterkant-flank),Geen hindernis
9739,45,Pelt teller 1,Pelt,51.23127,5.44377,0.6658974682027125,51.235549330926936,5.450460565932817,2018,9,8,72043,Pelt,Normaal,Droog,Dag,met lichtgewonden,9,personenauto,3,Fiets,Op Kruispunt,Gewestweg,buiten bebouwde kom,Tss. 2 best.: langs opzij (voor-/achterkant-flank),Geen hindernis
9739,46,Pelt teller 2,Pelt,51.231,5.44375,0.6886169259330199,51.235549330926936,5.450460565932817,2018,9,8,72043,Pelt,Normaal,Droog,Dag,met lichtgewonden,9,personenauto,3,Fiets,Op Kruispunt,Gewestweg,buiten bebouwde kom,Tss. 2 best.: langs opzij (voor-/achterkant-flank),Geen hindernis
9752,14,Genk,Genk,50.97172,5.48927,0.7299776242213862,50.97824090979151,5.490474223917272,2018,9,17,71016,Genk,Normaal,Droog,Dag,met lichtgewonden,9,personenauto,3,Fiets,Op Kruispunt,Gemeenteweg,buiten bebouwde kom,Tss. 2 best.: langs opzij (voor-/achterkant-flank),Geen hindernis
9760,25,Bree,Bree,51.13679500160176,5.597669323604317,0.6172340935025369,51.13788026710701,5.606345306057429,2018,9,11,72004,Bree,Normaal,Droog,Dag,met lichtgewonden,3,Fiets,10,"één bestuurder, geen hindernis",Op Kruispunt,Gewestweg,buiten bebouwde kom,"Eén bestuurder, geen hindernis (incl. val)",Geen hindernis
9762,25,Bree,Bree,51.13679500160176,5.597669323604317,0.6287462232093983,51.142108855728125,5.6007498619552205,2018,9,11,72004,Bree,Normaal,Droog,Dag,met lichtgewonden,9,personenauto,3,Fiets,Buiten Kruispunt,Gewestweg,binnen bebouwde kom,Tussen 2 bestuurders: Frontale botsing,Geen hindernis
9765,25,Bree,Bree,51.13679500160176,5.597669323604317,0.9128512623706521,51.136934289334654,5.6107510470088595,2018,9,13,72004,Bree,Normaal,Droog,Dag,met lichtgewonden,3,Fiets,10,"één bestuurder, geen hindernis",Buiten Kruispunt,Gemeenteweg,buiten bebouwde kom,"Eén bestuurder, geen hindernis (incl. val)",Geen hindernis
9766,69,Leuven teller 1,Leuven,50.87549,4.71526,0.4820894386290836,50.87798869785426,4.709644905101227,2018,9,20,24062,Leuven,Normaal,Droog,Dageraad - schemering,met lichtgewonden,9,personenauto,3,Fiets,Buiten Kruispunt,Gemeenteweg,binnen bebouwde kom,Tss. 2 best.: langs opzij (voor-/achterkant-flank),Geen hindernis
9766,77,Leuven teller 2,Leuven,50.88672,4.70796,0.9780456528344735,50.87798869785426,4.709644905101227,2018,9,20,24062,Leuven,Normaal,Droog,Dageraad - schemering,met lichtgewonden,9,personenauto,3,Fiets,Buiten Kruispunt,Gemeenteweg,binnen bebouwde kom,Tss. 2 best.: langs opzij (voor-/achterkant-flank),Geen hindernis
9772,69,Leuven teller 1,Leuven,50.87549,4.71526,0.3966929411369908,50.87230794722024,4.71270378459339,2018,9,10,24062,Leuven,Normaal,Droog,Dag,met lichtgewonden,9,personenauto,3,Fiets,Op Kruispunt,Gewestweg,binnen bebouwde kom,Tss. 2 best.: langs opzij (voor-/achterkant-flank),Geen hindernis
9773,77,Leuven teller 2,Leuven,50.88672,4.70796,0.4788954967117288,50.88849986289624,4.7017432066694695,2018,9,13,24062,Leuven,Onbekend,Onbekend,Dag,met lichtgewonden,3,Fiets,8,Voetganger,Buiten Kruispunt,Gemeenteweg,binnen bebouwde kom,Met een voetganger,Geen hindernis
9773,107,leuven totem,Leuven,50.8870744,4.7087919,0.5192249627080596,50.88849986289624,4.7017432066694695,2018,9,13,24062,Leuven,Onbekend,Onbekend,Dag,met lichtgewonden,3,Fiets,8,Voetganger,Buiten Kruispunt,Gemeenteweg,binnen bebouwde kom,Met een voetganger,Geen hindernis
9774,107,leuven totem,Leuven,50.8870744,4.7087919,0.07054182369108761,50.886643299639296,4.7095296575689165,2018,9,17,24062,Leuven,Onbekend,Onbekend,Dag,met lichtgewonden,4,Vrachtwagen,3,Fiets,Op Kruispunt,Gewestweg,binnen bebouwde kom,Tss. 2 best.: langs opzij (voor-/achterkant-flank),Geen hindernis
9774,77,Leuven teller 2,Leuven,50.88672,4.70796,0.11043816044971051,50.886643299639296,4.7095296575689165,2018,9,17,24062,Leuven,Onbekend,Onbekend,Dag,met lichtgewonden,4,Vrachtwagen,3,Fiets,Op Kruispunt,Gewestweg,binnen bebouwde kom,Tss. 2 best.: langs opzij (voor-/achterkant-flank),Geen hindernis
9784,87,Aarschot,Aarschot,50.99084,4.81259,0.8653366688568167,50.99399193109797,4.823894458582691,2018,9,22,24001,Aarschot,Normaal,Droog,"Nacht, openbare verlichting aanwezig en ontstoken",met lichtgewonden,7,Motorfiets,3,Fiets,Buiten Kruispunt,Gewestweg,buiten bebouwde kom,Tss. 2 best.: langs opzij (voor-/achterkant-flank),Geen hindernis
9793,148,Hoeilaart,District Leuven,50.76699493,4.44471001,0.4701870901083025,50.76436358377486,4.44994328522709,2018,9,14,23033,Hoeilaart,Normaal,Onbekend,Dag,met lichtgewonden,3,Fiets,9,personenauto,Buiten Kruispunt,Gewestweg,buiten bebouwde kom,Tss. 2 best.: langs opzij (voor-/achterkant-flank),Geen hindernis
9804,126,Hamme totem,Hamme,51.1017709,4.1469307,0.9522388338515271,51.109842666492376,4.142374671670434,2018,9,11,46025,Temse,Onbekend,Droog,Dag,met lichtgewonden,3,Fiets,11,een weggebruiker tegen een hindernis,Op Kruispunt,Gewestweg,buiten bebouwde kom,Weggebruiker tegen hindernis op de rijbaan,"Op de rijbaan: Put, straatgoot, tramspoor"
9820,1,Machelen,Machelen,50.91618331151478,4.456121776137429,0.8862979036519595,50.912232839444584,4.445141609632039,2018,9,16,23047,Machelen,Normaal,Droog,Dag,met zwaargewonden,5,Lichte vrachtauto,3,Fiets,Op Kruispunt,Gemeenteweg,binnen bebouwde kom,Tss. 2 best.: langs opzij (voor-/achterkant-flank),Geen hindernis
9834,119,Gent teller 2,Gent,51.0281795,3.7683918,0.9016352361572422,51.03587129155618,3.7643111384388206,2018,9,16,44021,Gent,Normaal,Droog,Dag,met lichtgewonden,3,Fiets,9,personenauto,Op Kruispunt,Gemeenteweg,binnen bebouwde kom,Tss. 2 best.: langs opzij (voor-/achterkant-flank),Geen hindernis
9834,118,Gent teller 1,Gent,51.028049,3.7681359,0.9099925093336443,51.03587129155618,3.7643111384388206,2018,9,16,44021,Gent,Normaal,Droog,Dag,met lichtgewonden,3,Fiets,9,personenauto,Op Kruispunt,Gemeenteweg,binnen bebouwde kom,Tss. 2 best.: langs opzij (voor-/achterkant-flank),Geen hindernis
9858,13,Gent,Gent,51.03018,3.70146,0.5015422060911382,51.032442323640694,3.7076646688997275,2018,9,21,44021,Gent,Normaal,Droog,"Nacht, openbare verlichting aanwezig en ontstoken",met lichtgewonden,3,Fiets,3,Fiets,Buiten Kruispunt,Gewestweg,binnen bebouwde kom,Tss. 2 best.: langs opzij (voor-/achterkant-flank),Geen hindernis
9859,118,Gent teller 1,Gent,51.028049,3.7681359,0.6201204396289989,51.03146664461777,3.7611286820174574,2018,9,9,44021,Gent,Normaal,Droog,Dag,met lichtgewonden,3,Fiets,1,Autobus,Op Kruispunt,Gewestweg,buiten bebouwde kom,Tss. 2 best.: langs opzij (voor-/achterkant-flank),Geen hindernis
9859,119,Gent teller 2,Gent,51.0281795,3.7683918,0.6257709758406658,51.03146664461777,3.7611286820174574,2018,9,9,44021,Gent,Normaal,Droog,Dag,met lichtgewonden,3,Fiets,1,Autobus,Op Kruispunt,Gewestweg,buiten bebouwde kom,Tss. 2 best.: langs opzij (voor-/achterkant-flank),Geen hindernis
9932,120,Zele teller 1,Zele,51.0607671,4.0547741,0.05525561468912599,51.06126368135568,4.054803528636167,2018,9,7,42028,Zele,Normaal,Droog,Dag,met zwaargewonden,3,Fiets,4,Vrachtwagen,Op Kruispunt,Gewestweg,buiten bebouwde kom,Tss. 2 best.: langs opzij (voor-/achterkant-flank),Geen hindernis
9932,121,Zele teller 2,Zele,51.0604067,4.0556696,0.11288902227822759,51.06126368135568,4.054803528636167,2018,9,7,42028,Zele,Normaal,Droog,Dag,met zwaargewonden,3,Fiets,4,Vrachtwagen,Op Kruispunt,Gewestweg,buiten bebouwde kom,Tss. 2 best.: langs opzij (voor-/achterkant-flank),Geen hindernis
9967,122,Dendermonde teller 2,Dendermonde,51.0373918,4.1019222,0.7239604195156834,51.033594693641874,4.093511745775593,2018,9,6,42006,Dendermonde,Normaal,Droog,Dag,met lichtgewonden,9,personenauto,3,Fiets,Op Kruispunt,Gewestweg,binnen bebouwde kom,Tussen 2 bestuurders: Flank tegen flank,Geen hindernis
9967,125,Dendermonde totem,Dendermonde,51.0372706,4.1025998,0.755575059666491,51.033594693641874,4.093511745775593,2018,9,6,42006,Dendermonde,Normaal,Droog,Dag,met lichtgewonden,9,personenauto,3,Fiets,Op Kruispunt,Gewestweg,binnen bebouwde kom,Tussen 2 bestuurders: Flank tegen flank,Geen hindernis
9969,125,Dendermonde totem,Dendermonde,51.0372706,4.1025998,0.941347546048936,51.045408171573804,4.106312265719413,2018,9,8,42006,Dendermonde,Normaal,Droog,Dag,met lichtgewonden,3,Fiets,9,personenauto,Op Kruispunt,Gewestweg,binnen bebouwde kom,Tss. 2 best.: langs opzij (voor-/achterkant-flank),Geen hindernis
9969,122,Dendermonde teller 2,Dendermonde,51.0373918,4.1019222,0.9427429888373278,51.045408171573804,4.106312265719413,2018,9,8,42006,Dendermonde,Normaal,Droog,Dag,met lichtgewonden,3,Fiets,9,personenauto,Op Kruispunt,Gewestweg,binnen bebouwde kom,Tss. 2 best.: langs opzij (voor-/achterkant-flank),Geen hindernis
10005,56,Torhout teller 2,Torhout,51.07147,3.08244,0.8484517205602606,51.07500458936612,3.0716776486912685,2018,9,18,31033,Torhout,Normaal,Proper,Dag,met lichtgewonden,3,Fiets,9,personenauto,Buiten Kruispunt,Gewestweg,buiten bebouwde kom,Tss. 2 best.: langs opzij (voor-/achterkant-flank),Geen hindernis
10005,55,Torhout teller 1,Torhout,51.07161,3.08261,0.851984189470601,51.07500458936612,3.0716776486912685,2018,9,18,31033,Torhout,Normaal,Proper,Dag,met lichtgewonden,3,Fiets,9,personenauto,Buiten Kruispunt,Gewestweg,buiten bebouwde kom,Tss. 2 best.: langs opzij (voor-/achterkant-flank),Geen hindernis
10038,143,Eco Display Classic Budastraat,Kortrijk,50.83066,3.26286,0.4987048406420223,50.82621349166494,3.2637877872026646,2018,9,12,34022,Kortrijk,Normaal,Droog,Dag,met lichtgewonden,3,Fiets,9,personenauto,Buiten Kruispunt,Gemeenteweg,binnen bebouwde kom,Tss. 2 best.: langs opzij (voor-/achterkant-flank),Geen hindernis
10038,75,Kortrijk teller 2,Kortrijk,50.81925,3.25731,0.8981080372399421,50.82621349166494,3.2637877872026646,2018,9,12,34022,Kortrijk,Normaal,Droog,Dag,met lichtgewonden,3,Fiets,9,personenauto,Buiten Kruispunt,Gemeenteweg,binnen bebouwde kom,Tss. 2 best.: langs opzij (voor-/achterkant-flank),Geen hindernis
10038,74,Kortrijk teller 1,Kortrijk,50.81909,3.25728,0.9145431228038594,50.82621349166494,3.2637877872026646,2018,9,12,34022,Kortrijk,Normaal,Droog,Dag,met lichtgewonden,3,Fiets,9,personenauto,Buiten Kruispunt,Gemeenteweg,binnen bebouwde kom,Tss. 2 best.: langs opzij (voor-/achterkant-flank),Geen hindernis
10039,75,Kortrijk teller 2,Kortrijk,50.81925,3.25731,0.4342312287979598,50.8207158890414,3.2630393446694668,2018,9,14,34022,Kortrijk,Normaal,Droog,Dag,met lichtgewonden,9,personenauto,3,Fiets,Op Kruispunt,Gemeenteweg,binnen bebouwde kom,Tss. 2 best.: langs opzij (voor-/achterkant-flank),Geen hindernis
10039,74,Kortrijk teller 1,Kortrijk,50.81909,3.25728,0.4431417362817073,50.8207158890414,3.2630393446694668,2018,9,14,34022,Kortrijk,Normaal,Droog,Dag,met lichtgewonden,9,personenauto,3,Fiets,Op Kruispunt,Gemeenteweg,binnen bebouwde kom,Tss. 2 best.: langs opzij (voor-/achterkant-flank),Geen hindernis
10045,143,Eco Display Classic Budastraat,Kortrijk,50.83066,3.26286,0.5079550462167207,50.82644412417824,3.260075064424214,2018,9,8,34022,Kortrijk,Normaal,Droog,Dag,met lichtgewonden,3,Fiets,9,personenauto,Buiten Kruispunt,Gewestweg,binnen bebouwde kom,Tss. 2 best.: langs opzij (voor-/achterkant-flank),Geen hindernis
10045,75,Kortrijk teller 2,Kortrijk,50.81925,3.25731,0.8231921082052821,50.82644412417824,3.260075064424214,2018,9,8,34022,Kortrijk,Normaal,Droog,Dag,met lichtgewonden,3,Fiets,9,personenauto,Buiten Kruispunt,Gewestweg,binnen bebouwde kom,Tss. 2 best.: langs opzij (voor-/achterkant-flank),Geen hindernis
10045,74,Kortrijk teller 1,Kortrijk,50.81909,3.25728,0.840981022609758,50.82644412417824,3.260075064424214,2018,9,8,34022,Kortrijk,Normaal,Droog,Dag,met lichtgewonden,3,Fiets,9,personenauto,Buiten Kruispunt,Gewestweg,binnen bebouwde kom,Tss. 2 best.: langs opzij (voor-/achterkant-flank),Geen hindernis
10046,143,Eco Display Classic Budastraat,Kortrijk,50.83066,3.26286,0.48909914817342803,50.83459815060108,3.259757992886863,2018,9,18,34022,Kortrijk,Normaal,Droog,Dag,met lichtgewonden,9,personenauto,3,Fiets,Buiten Kruispunt,Gewestweg,binnen bebouwde kom,Tss. 2 best.: langs opzij (voor-/achterkant-flank),Geen hindernis
10047,143,Eco Display Classic Budastraat,Kortrijk,50.83066,3.26286,0.8535512996622072,50.83028426127528,3.250721363825286,2018,9,15,34022,Kortrijk,Normaal,Droog,Dag,met lichtgewonden,3,Fiets,9,personenauto,Buiten Kruispunt,Gewestweg,binnen bebouwde kom,Tss. 2 best.: langs opzij (voor-/achterkant-flank),Geen hindernis
10049,143,Eco Display Classic Budastraat,Kortrijk,50.83066,3.26286,0.982297355484821,50.8243372508977,3.2726271489098706,2018,9,20,34022,Kortrijk,Normaal,Droog,"Nacht, openbare verlichting aanwezig en ontstoken",met lichtgewonden,3,Fiets,9,personenauto,Op Kruispunt,Gewestweg,binnen bebouwde kom,Tss. 2 best.: langs opzij (voor-/achterkant-flank),Geen hindernis
10052,16,Kortrijk 1,Kortrijk,50.83332,3.27777,0.5859066533851489,50.82819636077919,3.2758227774420448,2018,9,15,34022,Kortrijk,Normaal,Droog,Dag,met lichtgewonden,9,personenauto,3,Fiets,Buiten Kruispunt,Gemeenteweg,binnen bebouwde kom,Tss. 2 best.: langs opzij (voor-/achterkant-flank),Geen hindernis
10052,17,Kortrijk 2,Kortrijk,50.83339,3.27773,0.5928370025900344,50.82819636077919,3.2758227774420448,2018,9,15,34022,Kortrijk,Normaal,Droog,Dag,met lichtgewonden,9,personenauto,3,Fiets,Buiten Kruispunt,Gemeenteweg,binnen bebouwde kom,Tss. 2 best.: langs opzij (voor-/achterkant-flank),Geen hindernis
10052,143,Eco Display Classic Budastraat,Kortrijk,50.83066,3.26286,0.9507514801747022,50.82819636077919,3.2758227774420448,2018,9,15,34022,Kortrijk,Normaal,Droog,Dag,met lichtgewonden,9,personenauto,3,Fiets,Buiten Kruispunt,Gemeenteweg,binnen bebouwde kom,Tss. 2 best.: langs opzij (voor-/achterkant-flank),Geen hindernis
10053,143,Eco Display Classic Budastraat,Kortrijk,50.83066,3.26286,0.5686771618578794,50.829510072853445,3.2549703476785266,2018,9,14,34022,Kortrijk,Normaal,Droog,Dag,met lichtgewonden,3,Fiets,3,Fiets,Op Kruispunt,Gemeenteweg,binnen bebouwde kom,Tussen 2 bestuurders: Frontale botsing,Geen hindernis
10064,64,Nieuwpoort teller 1,Nieuwpoort,51.13359,2.75737,0.08289435528707362,51.13302574614602,2.7565935915151116,2018,7,11,38016,Nieuwpoort,Normaal,Droog,Dag,met lichtgewonden,9,personenauto,3,Fiets,Buiten Kruispunt,Gemeenteweg,binnen bebouwde kom,Tss. 2 best.: langs opzij (voor-/achterkant-flank),Geen hindernis
10064,65,Nieuwpoort teller 2,Nieuwpoort,51.13435,2.75511,0.17999631651624326,51.13302574614602,2.7565935915151116,2018,7,11,38016,Nieuwpoort,Normaal,Droog,Dag,met lichtgewonden,9,personenauto,3,Fiets,Buiten Kruispunt,Gemeenteweg,binnen bebouwde kom,Tss. 2 best.: langs opzij (voor-/achterkant-flank),Geen hindernis
10064,66,Nieuwpoort totem,Nieuwpoort,51.1347,2.74369,0.919395934156137,51.13302574614602,2.7565935915151116,2018,7,11,38016,Nieuwpoort,Normaal,Droog,Dag,met lichtgewonden,9,personenauto,3,Fiets,Buiten Kruispunt,Gemeenteweg,binnen bebouwde kom,Tss. 2 best.: langs opzij (voor-/achterkant-flank),Geen hindernis
10064,63,Nieuwpoort teller 3,Nieuwpoort,51.13529,2.74289,0.9887565782508351,51.13302574614602,2.7565935915151116,2018,7,11,38016,Nieuwpoort,Normaal,Droog,Dag,met lichtgewonden,9,personenauto,3,Fiets,Buiten Kruispunt,Gemeenteweg,binnen bebouwde kom,Tss. 2 best.: langs opzij (voor-/achterkant-flank),Geen hindernis
10074,41,Maasmechelen teller 1,Maasmechelen,50.97025,5.69799,0.7376611826288758,50.96369474756858,5.696372295686098,2018,9,13,73107,Maasmechelen,Normaal,Droog,Dag,met lichtgewonden,3,Fiets,3,Fiets,Buiten Kruispunt,Gewestweg,binnen bebouwde kom,Tss. 2 best.: langs opzij (voor-/achterkant-flank),Geen hindernis
10074,42,Maasmechelen teller 2,Maasmechelen,50.97043,5.6981,0.7586353288009985,50.96369474756858,5.696372295686098,2018,9,13,73107,Maasmechelen,Normaal,Droog,Dag,met lichtgewonden,3,Fiets,3,Fiets,Buiten Kruispunt,Gewestweg,binnen bebouwde kom,Tss. 2 best.: langs opzij (voor-/achterkant-flank),Geen hindernis
10076,42,Maasmechelen teller 2,Maasmechelen,50.97043,5.6981,0.9360258491604414,50.97739002189034,5.690580469741044,2018,9,16,73107,Maasmechelen,Normaal,Droog,Dag,met lichtgewonden,9,personenauto,3,Fiets,Buiten Kruispunt,Gemeenteweg,binnen bebouwde kom,Tss. 2 best.: langs opzij (voor-/achterkant-flank),Geen hindernis
10076,41,Maasmechelen teller 1,Maasmechelen,50.97025,5.69799,0.9484068635241304,50.97739002189034,5.690580469741044,2018,9,16,73107,Maasmechelen,Normaal,Droog,Dag,met lichtgewonden,9,personenauto,3,Fiets,Buiten Kruispunt,Gemeenteweg,binnen bebouwde kom,Tss. 2 best.: langs opzij (voor-/achterkant-flank),Geen hindernis
10090,100,Mechelen teller 2,Mechelen,51.0457,4.46883,0.4757951904949246,51.049725243708544,4.466521281574903,2018,9,7,12025,Mechelen,Normaal,Droog,Dag,met lichtgewonden,9,personenauto,3,Fiets,Op Kruispunt,Gewestweg,buiten bebouwde kom,Tss. 2 best.: langs opzij (voor-/achterkant-flank),Geen hindernis
10090,99,Mechelen teller 1,Mechelen,51.04564,4.46882,0.4818431059813998,51.049725243708544,4.466521281574903,2018,9,7,12025,Mechelen,Normaal,Droog,Dag,met lichtgewonden,9,personenauto,3,Fiets,Op Kruispunt,Gewestweg,buiten bebouwde kom,Tss. 2 best.: langs opzij (voor-/achterkant-flank),Geen hindernis
10091,100,Mechelen teller 2,Mechelen,51.0457,4.46883,0.16998078318951032,51.04713217421603,4.467979774631354,2018,9,6,12025,Mechelen,Normaal,Droog,"Nacht, openbare verlichting aanwezig en ontstoken",met lichtgewonden,3,Fiets,3,Fiets,Buiten Kruispunt,Gewestweg,binnen bebouwde kom,Tussen 2 bestuurders: Frontale botsing,Geen hindernis
10091,99,Mechelen teller 1,Mechelen,51.04564,4.46882,0.17601224910258248,51.04713217421603,4.467979774631354,2018,9,6,12025,Mechelen,Normaal,Droog,"Nacht, openbare verlichting aanwezig en ontstoken",met lichtgewonden,3,Fiets,3,Fiets,Buiten Kruispunt,Gewestweg,binnen bebouwde kom,Tussen 2 bestuurders: Frontale botsing,Geen hindernis
10100,99,Mechelen teller 1,Mechelen,51.04564,4.46882,0.1302453679439912,51.04455487467302,4.469521480605486,2018,9,6,12025,Mechelen,Normaal,Droog,Dageraad - schemering,met lichtgewonden,6,Bromfiets,3,Fiets,Buiten Kruispunt,Gewestweg,binnen bebouwde kom,Tussen 2 bestuurders: Frontale botsing,Geen hindernis
10100,100,Mechelen teller 2,Mechelen,51.0457,4.46883,0.13619950648745027,51.04455487467302,4.469521480605486,2018,9,6,12025,Mechelen,Normaal,Droog,Dageraad - schemering,met lichtgewonden,6,Bromfiets,3,Fiets,Buiten Kruispunt,Gewestweg,binnen bebouwde kom,Tussen 2 bestuurders: Frontale botsing,Geen hindernis
10105,30,Herk De Stad,Herk-de-Stad,50.94374,5.17691,0.999109849185772,50.94077927935844,5.163446485626581,2018,9,8,71024,Herk-de-Stad,Normaal,Droog,Dag,met lichtgewonden,9,personenauto,3,Fiets,Op Kruispunt,Gewestweg,binnen bebouwde kom,Tussen 2 bestuurders: Frontale botsing,Geen hindernis
10107,137,Hasselt-Kempische brug,Hasselt,50.9411605,5.3417576,0.512942418168293,50.94459268774894,5.346649223049759,2018,9,11,71022,Hasselt,Normaal,Droog,Dag,met lichtgewonden,3,Fiets,9,personenauto,Op Kruispunt,Gemeenteweg,binnen bebouwde kom,Tss. 2 best.: langs opzij (voor-/achterkant-flank),Geen hindernis
10107,138,Hasselt-Kempische brug,Hasselt,50.9405318,5.3422472,0.5468290398732277,50.94459268774894,5.346649223049759,2018,9,11,71022,Hasselt,Normaal,Droog,Dag,met lichtgewonden,3,Fiets,9,personenauto,Op Kruispunt,Gemeenteweg,binnen bebouwde kom,Tss. 2 best.: langs opzij (voor-/achterkant-flank),Geen hindernis
10109,138,Hasselt-Kempische brug,Hasselt,50.9405318,5.3422472,0.3151359929687238,50.93784039207889,5.340838158233632,2018,9,8,71022,Hasselt,Normaal,Droog,Dag,met lichtgewonden,3,Fiets,9,personenauto,Op Kruispunt,Gewestweg,binnen bebouwde kom,Tss. 2 best.: langs opzij (voor-/achterkant-flank),Geen hindernis
10109,137,Hasselt-Kempische brug,Hasselt,50.9411605,5.3417576,0.37475816538959594,50.93784039207889,5.340838158233632,2018,9,8,71022,Hasselt,Normaal,Droog,Dag,met lichtgewonden,3,Fiets,9,personenauto,Op Kruispunt,Gewestweg,binnen bebouwde kom,Tss. 2 best.: langs opzij (voor-/achterkant-flank),Geen hindernis
10109,140,Hasselt ring,Hasselt,50.9300038,5.3438616,0.8967773200306396,50.93784039207889,5.340838158233632,2018,9,8,71022,Hasselt,Normaal,Droog,Dag,met lichtgewonden,3,Fiets,9,personenauto,Op Kruispunt,Gewestweg,binnen bebouwde kom,Tss. 2 best.: langs opzij (voor-/achterkant-flank),Geen hindernis
10110,140,Hasselt ring,Hasselt,50.9300038,5.3438616,0.5916308614414739,50.93499349314889,5.346792688689869,2018,9,12,71022,Hasselt,Normaal,Droog,Dag,met zwaargewonden,9,personenauto,3,Fiets,Op Kruispunt,Gemeenteweg,binnen bebouwde kom,Tss. 2 best.: langs opzij (voor-/achterkant-flank),Geen hindernis
10110,138,Hasselt-Kempische brug,Hasselt,50.9405318,5.3422472,0.6933220284504443,50.93499349314889,5.346792688689869,2018,9,12,71022,Hasselt,Normaal,Droog,Dag,met zwaargewonden,9,personenauto,3,Fiets,Op Kruispunt,Gemeenteweg,binnen bebouwde kom,Tss. 2 best.: langs opzij (voor-/achterkant-flank),Geen hindernis
10110,137,Hasselt-Kempische brug,Hasselt,50.9411605,5.3417576,0.7711778104587841,50.93499349314889,5.346792688689869,2018,9,12,71022,Hasselt,Normaal,Droog,Dag,met zwaargewonden,9,personenauto,3,Fiets,Op Kruispunt,Gemeenteweg,binnen bebouwde kom,Tss. 2 best.: langs opzij (voor-/achterkant-flank),Geen hindernis
10111,140,Hasselt ring,Hasselt,50.9300038,5.3438616,0.6476748234563271,50.926173448196366,5.336899647386596,2018,9,16,71022,Hasselt,Normaal,Droog,Dag,met lichtgewonden,9,personenauto,3,Fiets,Buiten Kruispunt,Gewestweg,binnen bebouwde kom,Tss. 2 best.: langs opzij (voor-/achterkant-flank),Geen hindernis
10113,30,Herk De Stad,Herk-de-Stad,50.94374,5.17691,0.999109849185772,50.94077927935844,5.163446485626581,2018,9,16,71024,Herk-de-Stad,Normaal,Droog,Dag,met lichtgewonden,9,personenauto,3,Fiets,Op Kruispunt,Gewestweg,binnen bebouwde kom,Tussen 2 bestuurders: Flank tegen flank,Geen hindernis
10114,140,Hasselt ring,Hasselt,50.9300038,5.3438616,0.8734933034545237,50.92228143008025,5.346146425021102,2018,9,8,71022,Hasselt,Normaal,Droog,Dag,met lichtgewonden,9,personenauto,3,Fiets,Op Kruispunt,Gemeenteweg,binnen bebouwde kom,Tussen 2 bestuurders: Frontale botsing,Geen hindernis
10247,2,Brasschaat 2,Brasschaat,51.27512,4.47169,0.8956206250176786,51.271327145991236,4.46033209501581,2018,10,17,11008,Brasschaat,Normaal,Droog,Dag,met lichtgewonden,8,Voetganger,3,Fiets,Buiten Kruispunt,Gemeenteweg,binnen bebouwde kom,Met een voetganger,Geen hindernis
10247,3,Brasschaat 1,Brasschaat,51.27503,4.47222,0.9238056100790109,51.271327145991236,4.46033209501581,2018,10,17,11008,Brasschaat,Normaal,Droog,Dag,met lichtgewonden,8,Voetganger,3,Fiets,Buiten Kruispunt,Gemeenteweg,binnen bebouwde kom,Met een voetganger,Geen hindernis
10277,96,Lier teller 2,Lier,51.11705,4.58444,0.5284062405941006,51.12062910451839,4.579459889415245,2018,10,12,12021,Lier,Normaal,Droog,Dag,met zwaargewonden,3,Fiets,6,Bromfiets,Buiten Kruispunt,Gewestweg,buiten bebouwde kom,Tussen 2 bestuurders: Frontale botsing,Geen hindernis
10277,95,Lier teller 1,Lier,51.11687,4.58437,0.5405299017227208,51.12062910451839,4.579459889415245,2018,10,12,12021,Lier,Normaal,Droog,Dag,met zwaargewonden,3,Fiets,6,Bromfiets,Buiten Kruispunt,Gewestweg,buiten bebouwde kom,Tussen 2 bestuurders: Frontale botsing,Geen hindernis
10281,96,Lier teller 2,Lier,51.11705,4.58444,0.9264644169750247,51.12408796565729,4.577335240436936,2018,10,12,12021,Lier,Normaal,Droog,Dag,met lichtgewonden,9,personenauto,3,Fiets,Op Kruispunt,Gewestweg,binnen bebouwde kom,Tss. 2 best.: langs opzij (voor-/achterkant-flank),Geen hindernis