crash_row_id,site_id,site_name,site_gemeente,site_lat,site_long,distance_km,crash_lat,crash_long,DT_YEAR_COLLISION,DT_MONTH_COLLISION,DT_TIME,CD_NIS,TX_MUNTY_COLLISION_NL,TX_WEATHER_NL,TX_ROAD_CONDITION_NL,TX_LIGHT_CONDITION_NL,TX_CLASS_ACCIDENTS_NL,CD_ROAD_USR_TYPE1,TX_ROAD_USR_TYPE1_NL,CD_ROAD_USR_TYPE2,TX_ROAD_USR_TYPE2_NL,TX_CROSSWAY_NL,CD_ROAD_TYPE_NL,TX_BUILD_UP_AREA_NL,TX_COLLISION_TYPE_NL,TX_OBSTACLES_NL
10281,95,Lier teller 1,Lier,51.11687,4.58437,0.940873738836724,51.12408796565729,4.577335240436936,2018,10,12,12021,Lier,Normaal,Droog,Dag,met lichtgewonden,9,personenauto,3,Fiets,Op Kruispunt,Gewestweg,binnen bebouwde kom,Tss. 2 best.: langs opzij (voor-/achterkant-flank),Geen hindernis
10284,92,Nijlen teller 1,Nijlen,51.14989,4.64479,0.5196223189721368,51.151237895604844,4.651923163794209,2018,10,18,12026,Nijlen,Normaal,"Nat, plassen",Dageraad - schemering,met zwaargewonden,3,Fiets,3,Fiets,Buiten Kruispunt,Gewestweg,buiten bebouwde kom,Tussen 2 bestuurders: Frontale botsing,Geen hindernis
10284,93,Nijlen teller 2,Nijlen,51.14998,4.64469,0.5235422186451129,51.151237895604844,4.651923163794209,2018,10,18,12026,Nijlen,Normaal,"Nat, plassen",Dageraad - schemering,met zwaargewonden,3,Fiets,3,Fiets,Buiten Kruispunt,Gewestweg,buiten bebouwde kom,Tussen 2 bestuurders: Frontale botsing,Geen hindernis
10289,9,Heist op den Berg 2,Heist-op-den-Berg,51.06904,4.69524,0.1954716869955481,51.069732695567126,4.697811203063186,2018,10,8,12014,Heist-op-den-Berg,Normaal,Droog,Dag,met lichtgewonden,3,Fiets,5,Lichte vrachtauto,Op Kruispunt,Gewestweg,binnen bebouwde kom,Tussen 2 bestuurders: Frontale botsing,Geen hindernis
10289,8,Heist op den Berg 1,Heist-op-den-Berg,51.06759,4.68823,0.7106060770668973,51.069732695567126,4.697811203063186,2018,10,8,12014,Heist-op-den-Berg,Normaal,Droog,Dag,met lichtgewonden,3,Fiets,5,Lichte vrachtauto,Op Kruispunt,Gewestweg,binnen bebouwde kom,Tussen 2 bestuurders: Frontale botsing,Geen hindernis
10301,89,Westerlo teller 2,Westerlo,51.08191,4.91334,0.9870823406497246,51.07349630648182,4.917845245591773,2018,10,12,13013,Herselt,Normaal,Droog,Dag,met lichtgewonden,9,personenauto,3,Fiets,Op Kruispunt,Gewestweg,binnen bebouwde kom,Tss. 2 best.: langs opzij (voor-/achterkant-flank),Geen hindernis
10301,88,Westerlo teller 1,Westerlo,51.082,4.91325,0.9985760309818237,51.07349630648182,4.917845245591773,2018,10,12,13013,Herselt,Normaal,Droog,Dag,met lichtgewonden,9,personenauto,3,Fiets,Op Kruispunt,Gewestweg,binnen bebouwde kom,Tss. 2 best.: langs opzij (voor-/achterkant-flank),Geen hindernis
10324,37,Lommel teller 1,Lommel,51.23299,5.29211,0.13428434913970794,51.23297359555292,5.294038494656519,2018,10,15,72020,Lommel,Normaal,Droog,Dag,met lichtgewonden,3,Fiets,3,Fiets,Buiten Kruispunt,Gewestweg,buiten bebouwde kom,Tss. 2 best.: langs opzij (voor-/achterkant-flank),Geen hindernis
10324,38,Lommel teller 2,Lommel,51.23277,5.29189,0.15129324517810183,51.23297359555292,5.294038494656519,2018,10,15,72020,Lommel,Normaal,Droog,Dag,met lichtgewonden,3,Fiets,3,Fiets,Buiten Kruispunt,Gewestweg,buiten bebouwde kom,Tss. 2 best.: langs opzij (voor-/achterkant-flank),Geen hindernis
10349,44,Maaseik teller 2,Maaseik,51.09359,5.79726,0.9203222329517821,51.09957814419486,5.788162054735941,2018,10,17,72021,Maaseik,Regenval,"Nat, plassen",Dageraad - schemering,met lichtgewonden,3,Fiets,9,personenauto,Op Kruispunt,Gemeenteweg,binnen bebouwde kom,Tss. 2 best.: langs opzij (voor-/achterkant-flank),Geen hindernis
10349,43,Maaseik teller 1,Maaseik,51.09344,5.79715,0.9272447687046307,51.09957814419486,5.788162054735941,2018,10,17,72021,Maaseik,Regenval,"Nat, plassen",Dageraad - schemering,met lichtgewonden,3,Fiets,9,personenauto,Op Kruispunt,Gemeenteweg,binnen bebouwde kom,Tss. 2 best.: langs opzij (voor-/achterkant-flank),Geen hindernis
10354,25,Bree,Bree,51.13679500160176,5.597669323604317,0.2554030423736034,51.13805615632656,5.594609833320151,2018,10,16,72004,Bree,Normaal,Droog,Dag,met lichtgewonden,9,personenauto,3,Fiets,Op Kruispunt,Gewestweg,binnen bebouwde kom,Tussen 2 bestuurders: Frontale botsing,Geen hindernis
10355,25,Bree,Bree,51.13679500160176,5.597669323604317,0.6564483437125093,51.1424770573272,5.60022267674904,2018,10,5,72004,Bree,Normaal,Droog,"Nacht, openbare verlichting aanwezig en ontstoken",met lichtgewonden,9,personenauto,3,Fiets,Op Kruispunt,Gewestweg,binnen bebouwde kom,Tss. 2 best.: langs opzij (voor-/achterkant-flank),Geen hindernis
10359,25,Bree,Bree,51.13679500160176,5.597669323604317,0.1673994688681867,51.13829354392847,5.597899063350158,2018,10,12,72004,Bree,Normaal,Droog,Dag,met lichtgewonden,3,Fiets,3,Fiets,Buiten Kruispunt,Gemeenteweg,binnen bebouwde kom,Tussen 2 bestuurders: Frontale botsing,Geen hindernis
10369,69,Leuven teller 1,Leuven,50.87549,4.71526,0.3670501185528618,50.87278788628542,4.718264676068715,2018,10,20,24062,Leuven,Normaal,Droog,Dageraad - schemering,met lichtgewonden,6,Bromfiets,3,Fiets,Op Kruispunt,Gewestweg,binnen bebouwde kom,Tss. 2 best.: langs opzij (voor-/achterkant-flank),Geen hindernis
10370,69,Leuven teller 1,Leuven,50.87549,4.71526,0.6264561968744109,50.88072189254187,4.711947828810749,2018,10,18,24062,Leuven,Normaal,Droog,Dag,met lichtgewonden,3,Fiets,1,Autobus,Buiten Kruispunt,Gemeenteweg,binnen bebouwde kom,Tussen 2 bestuurders: Frontale botsing,Geen hindernis
10370,77,Leuven teller 2,Leuven,50.88672,4.70796,0.7232550705247152,50.88072189254187,4.711947828810749,2018,10,18,24062,Leuven,Normaal,Droog,Dag,met lichtgewonden,3,Fiets,1,Autobus,Buiten Kruispunt,Gemeenteweg,binnen bebouwde kom,Tussen 2 bestuurders: Frontale botsing,Geen hindernis
10370,107,leuven totem,Leuven,50.8870744,4.7087919,0.7402497365820175,50.88072189254187,4.711947828810749,2018,10,18,24062,Leuven,Normaal,Droog,Dag,met lichtgewonden,3,Fiets,1,Autobus,Buiten Kruispunt,Gemeenteweg,binnen bebouwde kom,Tussen 2 bestuurders: Frontale botsing,Geen hindernis
10371,69,Leuven teller 1,Leuven,50.87549,4.71526,0.42428647845039363,50.87644982045099,4.7094073832029535,2018,10,8,24062,Leuven,Normaal,Droog,Dageraad - schemering,met lichtgewonden,9,personenauto,3,Fiets,Op Kruispunt,Gemeenteweg,binnen bebouwde kom,Tss. 2 best.: langs opzij (voor-/achterkant-flank),Geen hindernis
10372,151,Leuven,District Leuven,50.8690262,4.6854839,0.1445523307409489,50.870322772707034,4.685334629694695,2018,10,17,24062,Leuven,Normaal,Droog,Dag,met lichtgewonden,3,Fiets,11,een weggebruiker tegen een hindernis,Buiten Kruispunt,Gemeenteweg,binnen bebouwde kom,Weggebruiker tegen hindernis buiten rijbaan,Andere hindernis
10373,151,Leuven,District Leuven,50.8690262,4.6854839,0.9156212949615665,50.86865071592572,4.698518036625622,2018,10,20,24062,Leuven,Normaal,Droog,"Nacht, openbare verlichting aanwezig en ontstoken",met lichtgewonden,3,Fiets,10,"één bestuurder, geen hindernis",Op Kruispunt,Gewestweg,binnen bebouwde kom,"Eén bestuurder, geen hindernis (incl. val)",Geen hindernis
10376,77,Leuven teller 2,Leuven,50.88672,4.70796,0.8139394173838342,50.887205858116985,4.696382345336156,2018,10,20,24062,Leuven,Normaal,Droog,Dageraad - schemering,met lichtgewonden,9,personenauto,3,Fiets,Op Kruispunt,Gemeenteweg,binnen bebouwde kom,Tussen 2 bestuurders: Langs achteren,Geen hindernis
10376,107,leuven totem,Leuven,50.8870744,4.7087919,0.870619677550562,50.887205858116985,4.696382345336156,2018,10,20,24062,Leuven,Normaal,Droog,Dageraad - schemering,met lichtgewonden,9,personenauto,3,Fiets,Op Kruispunt,Gemeenteweg,binnen bebouwde kom,Tussen 2 bestuurders: Langs achteren,Geen hindernis
10377,151,Leuven,District Leuven,50.8690262,4.6854839,0.324139558322405,50.8661444060182,4.684788124552913,2018,10,16,24062,Leuven,Normaal,Droog,Dag,met lichtgewonden,3,Fiets,3,Fiets,Buiten Kruispunt,Gemeenteweg,binnen bebouwde kom,Tss. 2 best.: langs opzij (voor-/achterkant-flank),Geen hindernis
10378,151,Leuven,District Leuven,50.8690262,4.6854839,0.9383305999639739,50.86850488148202,4.698829658031773,2018,10,21,24062,Leuven,Normaal,Droog,"Nacht, openbare verlichting aanwezig en ontstoken",met lichtgewonden,9,personenauto,3,Fiets,Op Kruispunt,Gewestweg,binnen bebouwde kom,Tss. 2 best.: langs opzij (voor-/achterkant-flank),Geen hindernis
10380,69,Leuven teller 1,Leuven,50.87549,4.71526,0.5518381075561257,50.874288718729964,4.722890894612682,2018,10,12,24062,Leuven,Normaal,Droog,Dag,met zwaargewonden,9,personenauto,3,Fiets,Op Kruispunt,Gemeenteweg,binnen bebouwde kom,Tss. 2 best.: langs opzij (voor-/achterkant-flank),Geen hindernis
10383,77,Leuven teller 2,Leuven,50.88672,4.70796,0.7868412211213818,50.87974607057699,4.706059692866984,2018,10,15,24062,Leuven,Normaal,Droog,Dag,met lichtgewonden,3,Fiets,3,Fiets,Buiten Kruispunt,Gemeenteweg,binnen bebouwde kom,Tss. 2 best.: langs opzij (voor-/achterkant-flank),Geen hindernis
10383,69,Leuven teller 1,Leuven,50.87549,4.71526,0.8004063955466195,50.87974607057699,4.706059692866984,2018,10,15,24062,Leuven,Normaal,Droog,Dag,met lichtgewonden,3,Fiets,3,Fiets,Buiten Kruispunt,Gemeenteweg,binnen bebouwde kom,Tss. 2 best.: langs opzij (voor-/achterkant-flank),Geen hindernis
10383,107,leuven totem,Leuven,50.8870744,4.7087919,0.8371119273182045,50.87974607057699,4.706059692866984,2018,10,15,24062,Leuven,Normaal,Droog,Dag,met lichtgewonden,3,Fiets,3,Fiets,Buiten Kruispunt,Gemeenteweg,binnen bebouwde kom,Tss. 2 best.: langs opzij (voor-/achterkant-flank),Geen hindernis
10390,23,Tienen 3,Tienen,50.81324,4.93447,0.42993702748500146,50.81180734935018,4.928786297424366,2018,10,10,24107,Tienen,Normaal,Droog,Dag,met lichtgewonden,9,personenauto,3,Fiets,Op Kruispunt,Gewestweg,binnen bebouwde kom,Tss. 2 best.: langs opzij (voor-/achterkant-flank),Geen hindernis
10390,24,Tienen 1,Tienen,50.8133795491886,4.935044252605416,0.4731612015298723,50.81180734935018,4.928786297424366,2018,10,10,24107,Tienen,Normaal,Droog,Dag,met lichtgewonden,9,personenauto,3,Fiets,Op Kruispunt,Gewestweg,binnen bebouwde kom,Tss. 2 best.: langs opzij (voor-/achterkant-flank),Geen hindernis
10390,22,Tienen 2,Tienen,50.81330800184882,4.935984252796022,0.5325428571474925,50.81180734935018,4.928786297424366,2018,10,10,24107,Tienen,Normaal,Droog,Dag,met lichtgewonden,9,personenauto,3,Fiets,Op Kruispunt,Gewestweg,binnen bebouwde kom,Tss. 2 best.: langs opzij (voor-/achterkant-flank),Geen hindernis
10403,101,Diest teller 1,Diest,50.97799,5.04481,0.0350949406238372,50.978280315801484,5.045006653137968,2018,10,9,24020,Diest,Normaal,Droog,Dag,met lichtgewonden,9,personenauto,3,Fiets,Op Kruispunt,Gewestweg,binnen bebouwde kom,Tss. 2 best.: langs opzij (voor-/achterkant-flank),Geen hindernis
10403,102,Diest teller 2,Diest,50.9779,5.04474,0.046226472584104075,50.978280315801484,5.045006653137968,2018,10,9,24020,Diest,Normaal,Droog,Dag,met lichtgewonden,9,personenauto,3,Fiets,Op Kruispunt,Gewestweg,binnen bebouwde kom,Tss. 2 best.: langs opzij (voor-/achterkant-flank),Geen hindernis
10407,26,Zaventem,Zaventem,50.86995,4.45444,0.5515872153144118,50.86505034377972,4.455667708422056,2018,10,8,23099,Kraainem,Normaal,Droog,Dageraad - schemering,met lichtgewonden,3,Fiets,9,personenauto,Op Kruispunt,Gemeenteweg,binnen bebouwde kom,Tussen 2 bestuurders: Frontale botsing,Geen hindernis
10408,147,Overijse,District Vilvoorde-gewestwegen,50.7797555,4.4975769,0.6869005019460444,50.78491268605712,4.502955354103419,2018,10,6,23062,Overijse,Normaal,Droog,"Nacht, openbare verlichting aanwezig en ontstoken",met lichtgewonden,9,personenauto,3,Fiets,Op Kruispunt,Gewestweg,binnen bebouwde kom,Tss. 2 best.: langs opzij (voor-/achterkant-flank),Geen hindernis
10408,145,Overijse,District Vilvoorde-gewestwegen,50.7885856,4.4908759,0.9422744788324572,50.78491268605712,4.502955354103419,2018,10,6,23062,Overijse,Normaal,Droog,"Nacht, openbare verlichting aanwezig en ontstoken",met lichtgewonden,9,personenauto,3,Fiets,Op Kruispunt,Gewestweg,binnen bebouwde kom,Tss. 2 best.: langs opzij (voor-/achterkant-flank),Geen hindernis
10408,146,Overijse 2,District Vilvoorde-gewestwegen,50.7881478,4.4902818,0.960816662278149,50.78491268605712,4.502955354103419,2018,10,6,23062,Overijse,Normaal,Droog,"Nacht, openbare verlichting aanwezig en ontstoken",met lichtgewonden,9,personenauto,3,Fiets,Op Kruispunt,Gewestweg,binnen bebouwde kom,Tss. 2 best.: langs opzij (voor-/achterkant-flank),Geen hindernis
10410,78,Pepingen teller 1,Pepingen,50.75824,4.1652,0.8023046760399729,50.757763741407764,4.153819038583849,2018,10,13,23064,Pepingen,Normaal,Droog+Proper,Dag,met lichtgewonden,3,Fiets,9,personenauto,Buiten Kruispunt,Gemeenteweg,binnen bebouwde kom,Tss. 2 best.: langs opzij (voor-/achterkant-flank),Geen hindernis
10410,79,Pepingen teller 2,Pepingen,50.75848,4.16537,0.816405112285986,50.757763741407764,4.153819038583849,2018,10,13,23064,Pepingen,Normaal,Droog+Proper,Dag,met lichtgewonden,3,Fiets,9,personenauto,Buiten Kruispunt,Gemeenteweg,binnen bebouwde kom,Tss. 2 best.: langs opzij (voor-/achterkant-flank),Geen hindernis
10431,109,Zemst,Zemst,50.9903936,4.4707023,0.9851207922893961,50.982588724930324,4.464043065265521,2018,10,22,23096,Zemst,Normaal,Droog,"Nacht, openb. verlicht. aanw., maar niet ontstoken",met lichtgewonden,9,personenauto,3,Fiets,Op Kruispunt,Gemeenteweg,binnen bebouwde kom,Tss. 2 best.: langs opzij (voor-/achterkant-flank),Geen hindernis
10471,13,Gent,Gent,51.03018,3.70146,0.8281735844986069,51.022823988425635,3.6996051893464474,2018,10,8,44021,Gent,Normaal,Droog,Dag,met lichtgewonden,3,Fiets,9,personenauto,Buiten Kruispunt,Gewestweg,buiten bebouwde kom,Tussen 2 bestuurders: Flank tegen flank,Geen hindernis
10473,118,Gent teller 1,Gent,51.028049,3.7681359,0.3992390843964919,51.027133511229,3.7626159249409885,2018,10,17,44021,Gent,Normaal,Droog,Dag,met lichtgewonden,9,personenauto,3,Fiets,Buiten Kruispunt,Gemeenteweg,binnen bebouwde kom,Tss. 2 best.: langs opzij (voor-/achterkant-flank),Geen hindernis
10473,119,Gent teller 2,Gent,51.0281795,3.7683918,0.42035015133994036,51.027133511229,3.7626159249409885,2018,10,17,44021,Gent,Normaal,Droog,Dag,met lichtgewonden,9,personenauto,3,Fiets,Buiten Kruispunt,Gemeenteweg,binnen bebouwde kom,Tss. 2 best.: langs opzij (voor-/achterkant-flank),Geen hindernis
10518,6,Evergem 2,Evergem,51.10894,3.70298,0.328136117534793,51.11077331251523,3.6992967751017822,2018,10,9,44019,Evergem,Normaal,Droog,Dag,met lichtgewonden,3,Fiets,10,"één bestuurder, geen hindernis",Op Kruispunt,Gewestweg,binnen bebouwde kom,"Eén bestuurder, geen hindernis (incl. val)",Geen hindernis
10518,7,Evergem 1,Evergem,51.1089,3.70317,0.34132648616204786,51.11077331251523,3.6992967751017822,2018,10,9,44019,Evergem,Normaal,Droog,Dag,met lichtgewonden,3,Fiets,10,"één bestuurder, geen hindernis",Op Kruispunt,Gewestweg,binnen bebouwde kom,"Eén bestuurder, geen hindernis (incl. val)",Geen hindernis
10519,6,Evergem 2,Evergem,51.10894,3.70298,0.31432130216138177,51.11088235783097,3.69970883258636,2018,10,8,44019,Evergem,Normaal,Droog,Dageraad - schemering,met lichtgewonden,9,personenauto,3,Fiets,Buiten Kruispunt,Gemeenteweg,binnen bebouwde kom,Tss. 2 best.: langs opzij (voor-/achterkant-flank),Geen hindernis
10519,7,Evergem 1,Evergem,51.1089,3.70317,0.3270673494382436,51.11088235783097,3.69970883258636,2018,10,8,44019,Evergem,Normaal,Droog,Dageraad - schemering,met lichtgewonden,9,personenauto,3,Fiets,Buiten Kruispunt,Gemeenteweg,binnen bebouwde kom,Tss. 2 best.: langs opzij (voor-/achterkant-flank),Geen hindernis
10569,129,Lokeren teller 2,Lokeren,51.09612,3.97025,0.5410609172468012,51.09217653938298,3.965711145492247,2018,10,15,46014,Lokeren,Normaal,Droog,Dag,met lichtgewonden,9,personenauto,3,Fiets,Op Kruispunt,Gewestweg,buiten bebouwde kom,Tss. 2 best.: langs opzij (voor-/achterkant-flank),Geen hindernis
10569,128,Lokeren teller 1,Lokeren,51.09644,3.97023,0.5695033677899052,51.09217653938298,3.965711145492247,2018,10,15,46014,Lokeren,Normaal,Droog,Dag,met lichtgewonden,9,personenauto,3,Fiets,Op Kruispunt,Gewestweg,buiten bebouwde kom,Tss. 2 best.: langs opzij (voor-/achterkant-flank),Geen hindernis
10576,126,Hamme totem,Hamme,51.1017709,4.1469307,0.955182618803616,51.100803346680664,4.133337962193147,2018,10,16,42008,Hamme,Normaal,Onbekend,Dag,met lichtgewonden,9,personenauto,3,Fiets,Op Kruispunt,Gemeenteweg,binnen bebouwde kom,Tss. 2 best.: langs opzij (voor-/achterkant-flank),Geen hindernis
10602,125,Dendermonde totem,Dendermonde,51.0372706,4.1025998,0.6059838894987786,51.03256325550723,4.106966553789455,2018,10,6,42006,Dendermonde,Normaal,Droog,Dageraad - schemering,met lichtgewonden,9,personenauto,3,Fiets,Op Kruispunt,Gewestweg,binnen bebouwde kom,Tss. 2 best.: langs opzij (voor-/achterkant-flank),Geen hindernis
10602,122,Dendermonde teller 2,Dendermonde,51.0373918,4.1019222,0.6424064285288023,51.03256325550723,4.106966553789455,2018,10,6,42006,Dendermonde,Normaal,Droog,Dageraad - schemering,met lichtgewonden,9,personenauto,3,Fiets,Op Kruispunt,Gewestweg,binnen bebouwde kom,Tss. 2 best.: langs opzij (voor-/achterkant-flank),Geen hindernis
10607,125,Dendermonde totem,Dendermonde,51.0372706,4.1025998,0.731167363855432,51.0316305731583,4.107975489139307,2018,10,8,42006,Dendermonde,Normaal,Droog,Dageraad - schemering,met lichtgewonden,3,Fiets,2,Andere weggebruiker,Buiten Kruispunt,Gewestweg,binnen bebouwde kom,Tussen 2 bestuurders: Flank tegen flank,Geen hindernis
10607,122,Dendermonde teller 2,Dendermonde,51.0373918,4.1019222,0.767825898478106,51.0316305731583,4.107975489139307,2018,10,8,42006,Dendermonde,Normaal,Droog,Dageraad - schemering,met lichtgewonden,3,Fiets,2,Andere weggebruiker,Buiten Kruispunt,Gewestweg,binnen bebouwde kom,Tussen 2 bestuurders: Flank tegen flank,Geen hindernis
10608,125,Dendermonde totem,Dendermonde,51.0372706,4.1025998,0.6059838894987786,51.03256325550723,4.106966553789455,2018,10,8,42006,Dendermonde,Normaal,Droog,Dag,met lichtgewonden,3,Fiets,3,Fiets,Op Kruispunt,Gewestweg,binnen bebouwde kom,Tussen 2 bestuurders: Langs achteren,Geen hindernis
10608,122,Dendermonde teller 2,Dendermonde,51.0373918,4.1019222,0.6424064285288023,51.03256325550723,4.106966553789455,2018,10,8,42006,Dendermonde,Normaal,Droog,Dag,met lichtgewonden,3,Fiets,3,Fiets,Op Kruispunt,Gewestweg,binnen bebouwde kom,Tussen 2 bestuurders: Langs achteren,Geen hindernis
10627,50,"Brugge, Sint-Andries",Brugge,51.19291,3.16252,0.6305425857620968,51.195023700116536,3.170916459762666,2018,10,17,31005,Brugge,Normaal,Droog,Dag,met lichtgewonden,5,Lichte vrachtauto,3,Fiets,Op Kruispunt,Gewestweg,buiten bebouwde kom,Tss. 2 best.: langs opzij (voor-/achterkant-flank),Geen hindernis
10627,51,"Brugge, Sint-Andries",Brugge,51.19281,3.16252,0.6347717920319448,51.195023700116536,3.170916459762666,2018,10,17,31005,Brugge,Normaal,Droog,Dag,met lichtgewonden,5,Lichte vrachtauto,3,Fiets,Op Kruispunt,Gewestweg,buiten bebouwde kom,Tss. 2 best.: langs opzij (voor-/achterkant-flank),Geen hindernis
10629,142,TEST Validatie BRUGGE Y2H22022134,Brugge,51.22632,3.24095,0.798315030966984,51.220791225781184,3.2336369603021744,2018,10,16,31005,Brugge,Normaal,Droog,Dag,met lichtgewonden,9,personenauto,3,Fiets,Op Kruispunt,Gewestweg,binnen bebouwde kom,Tss. 2 best.: langs opzij (voor-/achterkant-flank),Geen hindernis
10629,52,Brugge,Brugge,51.22632,3.24095,0.798315030966984,51.220791225781184,3.2336369603021744,2018,10,16,31005,Brugge,Normaal,Droog,Dag,met lichtgewonden,9,personenauto,3,Fiets,Op Kruispunt,Gewestweg,binnen bebouwde kom,Tss. 2 best.: langs opzij (voor-/achterkant-flank),Geen hindernis
10661,18,Oostende 1,Oostende,51.21378,2.92765,0.7940825980831933,51.219854754718774,2.9336440247056235,2018,10,17,35013,Oostende,Normaal,Droog,Dag,met lichtgewonden,2,Andere weggebruiker,3,Fiets,Op Kruispunt,Gemeenteweg,binnen bebouwde kom,Tss. 2 best.: langs opzij (voor-/achterkant-flank),Geen hindernis
10661,15,Oostende 2,Oostende,51.21371,2.92743,0.8088092271458495,51.219854754718774,2.9336440247056235,2018,10,17,35013,Oostende,Normaal,Droog,Dag,met lichtgewonden,2,Andere weggebruiker,3,Fiets,Op Kruispunt,Gemeenteweg,binnen bebouwde kom,Tss. 2 best.: langs opzij (voor-/achterkant-flank),Geen hindernis
10698,17,Kortrijk 2,Kortrijk,50.83339,3.27773,0.386467249820909,50.833245229198994,3.27223176549722,2018,10,11,34022,Kortrijk,Normaal,Droog,Dag,met lichtgewonden,3,Fiets,2,Andere weggebruiker,Buiten Kruispunt,Gewestweg,binnen bebouwde kom,Tss. 2 best.: langs opzij (voor-/achterkant-flank),Geen hindernis
10698,16,Kortrijk 1,Kortrijk,50.83332,3.27777,0.38903011610076,50.833245229198994,3.27223176549722,2018,10,11,34022,Kortrijk,Normaal,Droog,Dag,met lichtgewonden,3,Fiets,2,Andere weggebruiker,Buiten Kruispunt,Gewestweg,binnen bebouwde kom,Tss. 2 best.: langs opzij (voor-/achterkant-flank),Geen hindernis
10698,143,Eco Display Classic Budastraat,Kortrijk,50.83066,3.26286,0.7182201894398661,50.833245229198994,3.27223176549722,2018,10,11,34022,Kortrijk,Normaal,Droog,Dag,met lichtgewonden,3,Fiets,2,Andere weggebruiker,Buiten Kruispunt,Gewestweg,binnen bebouwde kom,Tss. 2 best.: langs opzij (voor-/achterkant-flank),Geen hindernis
10699,17,Kortrijk 2,Kortrijk,50.83339,3.27773,0.4444441588689381,50.83403303458583,3.271483824052507,2018,10,16,34022,Kortrijk,Normaal,Droog,Dag,met lichtgewonden,5,Lichte vrachtauto,3,Fiets,Op Kruispunt,Gewestweg,binnen bebouwde kom,Tss. 2 best.: langs opzij (voor-/achterkant-flank),Geen hindernis
10699,16,Kortrijk 1,Kortrijk,50.83332,3.27777,0.4485275163984999,50.83403303458583,3.271483824052507,2018,10,16,34022,Kortrijk,Normaal,Droog,Dag,met lichtgewonden,5,Lichte vrachtauto,3,Fiets,Op Kruispunt,Gewestweg,binnen bebouwde kom,Tss. 2 best.: langs opzij (voor-/achterkant-flank),Geen hindernis
10699,143,Eco Display Classic Budastraat,Kortrijk,50.83066,3.26286,0.7123794108441458,50.83403303458583,3.271483824052507,2018,10,16,34022,Kortrijk,Normaal,Droog,Dag,met lichtgewonden,5,Lichte vrachtauto,3,Fiets,Op Kruispunt,Gewestweg,binnen bebouwde kom,Tss. 2 best.: langs opzij (voor-/achterkant-flank),Geen hindernis
10703,75,Kortrijk teller 2,Kortrijk,50.81925,3.25731,0.029325817037671672,50.8194242365257,3.2576233781181587,2018,10,7,34022,Kortrijk,Normaal,Droog,Dag,met zwaargewonden,4,Vrachtwagen,3,Fiets,Op Kruispunt,Gewestweg,binnen bebouwde kom,Tss. 2 best.: langs opzij (voor-/achterkant-flank),Geen hindernis
10703,74,Kortrijk teller 1,Kortrijk,50.81909,3.25728,0.04430739062769007,50.8194242365257,3.2576233781181587,2018,10,7,34022,Kortrijk,Normaal,Droog,Dag,met zwaargewonden,4,Vrachtwagen,3,Fiets,Op Kruispunt,Gewestweg,binnen bebouwde kom,Tss. 2 best.: langs opzij (voor-/achterkant-flank),Geen hindernis
10704,143,Eco Display Classic Budastraat,Kortrijk,50.83066,3.26286,0.6035976450077458,50.827025517501305,3.2692433488054133,2018,9,8,34022,Kortrijk,Normaal,Droog,Dag,met lichtgewonden,3,Fiets,3,Fiets,Op Kruispunt,Gemeenteweg,binnen bebouwde kom,Tss. 2 best.: langs opzij (voor-/achterkant-flank),Geen hindernis
10704,16,Kortrijk 1,Kortrijk,50.83332,3.27777,0.9211433409958323,50.827025517501305,3.2692433488054133,2018,9,8,34022,Kortrijk,Normaal,Droog,Dag,met lichtgewonden,3,Fiets,3,Fiets,Op Kruispunt,Gemeenteweg,binnen bebouwde kom,Tss. 2 best.: langs opzij (voor-/achterkant-flank),Geen hindernis
10704,17,Kortrijk 2,Kortrijk,50.83339,3.27773,0.9252588988182906,50.827025517501305,3.2692433488054133,2018,9,8,34022,Kortrijk,Normaal,Droog,Dag,met lichtgewonden,3,Fiets,3,Fiets,Op Kruispunt,Gemeenteweg,binnen bebouwde kom,Tss. 2 best.: langs opzij (voor-/achterkant-flank),Geen hindernis
10707,143,Eco Display Classic Budastraat,Kortrijk,50.83066,3.26286,0.6057842521260731,50.83217675553402,3.254575458546375,2018,10,15,34022,Kortrijk,Normaal,Droog,Dag,met lichtgewonden,3,Fiets,3,Fiets,Op Kruispunt,Gewestweg,binnen bebouwde kom,Tss. 2 best.: langs opzij (voor-/achterkant-flank),Geen hindernis
10709,75,Kortrijk teller 2,Kortrijk,50.81925,3.25731,0.47313613307517577,50.82336099626601,3.2590475219901514,2018,10,17,34022,Kortrijk,Onbekend,Onbekend,Dag,met lichtgewonden,9,personenauto,3,Fiets,Op Kruispunt,Gewestweg,binnen bebouwde kom,Tss. 2 best.: langs opzij (voor-/achterkant-flank),Geen hindernis
10709,74,Kortrijk teller 1,Kortrijk,50.81909,3.25728,0.4908754825911909,50.82336099626601,3.2590475219901514,2018,10,17,34022,Kortrijk,Onbekend,Onbekend,Dag,met lichtgewonden,9,personenauto,3,Fiets,Op Kruispunt,Gewestweg,binnen bebouwde kom,Tss. 2 best.: langs opzij (voor-/achterkant-flank),Geen hindernis