crash_row_id,site_id,site_name,site_gemeente,site_lat,site_long,distance_km,crash_lat,crash_long,DT_YEAR_COLLISION,DT_MONTH_COLLISION,DT_TIME,CD_NIS,TX_MUNTY_COLLISION_NL,TX_WEATHER_NL,TX_ROAD_CONDITION_NL,TX_LIGHT_CONDITION_NL,TX_CLASS_ACCIDENTS_NL,CD_ROAD_USR_TYPE1,TX_ROAD_USR_TYPE1_NL,CD_ROAD_USR_TYPE2,TX_ROAD_USR_TYPE2_NL,TX_CROSSWAY_NL,CD_ROAD_TYPE_NL,TX_BUILD_UP_AREA_NL,TX_COLLISION_TYPE_NL,TX_OBSTACLES_NL
10709,143,Eco Display Classic Budastraat,Kortrijk,50.83066,3.26286,0.8546464456868049,50.82336099626601,3.2590475219901514,2018,10,17,34022,Kortrijk,Onbekend,Onbekend,Dag,met lichtgewonden,9,personenauto,3,Fiets,Op Kruispunt,Gewestweg,binnen bebouwde kom,Tss. 2 best.: langs opzij (voor-/achterkant-flank),Geen hindernis
10738,124,Beveren teller 2,Beveren,51.1964712,4.2361077,0.7229537240780789,51.199093643250755,4.226613580345503,2018,10,12,46003,Beveren,Normaal,Droog,Dag,met lichtgewonden,9,personenauto,3,Fiets,Op Kruispunt,Gewestweg,binnen bebouwde kom,Tss. 2 best.: langs opzij (voor-/achterkant-flank),Geen hindernis
10760,140,Hasselt ring,Hasselt,50.9300038,5.3438616,0.7721218642227378,50.92629592338725,5.334546881021924,2018,10,11,71022,Hasselt,Normaal,Droog,Dag,met lichtgewonden,9,personenauto,3,Fiets,Op Kruispunt,Gewestweg,binnen bebouwde kom,Tss. 2 best.: langs opzij (voor-/achterkant-flank),Geen hindernis
10762,140,Hasselt ring,Hasselt,50.9300038,5.3438616,0.6248522680284999,50.932309009531494,5.335730202772265,2018,10,13,71022,Hasselt,Normaal,Droog,Dag,met lichtgewonden,9,personenauto,3,Fiets,Op Kruispunt,Gemeenteweg,binnen bebouwde kom,Tss. 2 best.: langs opzij (voor-/achterkant-flank),Geen hindernis
10763,30,Herk De Stad,Herk-de-Stad,50.94374,5.17691,0.999109849185772,50.94077927935844,5.163446485626581,2018,10,10,71024,Herk-de-Stad,Normaal,Droog,Dag,met lichtgewonden,9,personenauto,3,Fiets,Op Kruispunt,Gewestweg,binnen bebouwde kom,Tss. 2 best.: langs opzij (voor-/achterkant-flank),Geen hindernis
10764,140,Hasselt ring,Hasselt,50.9300038,5.3438616,0.22487713411186375,50.93193566225613,5.3448107907481415,2018,10,22,71022,Hasselt,Normaal,Droog,"Nacht, openbare verlichting aanwezig en ontstoken",met lichtgewonden,3,Fiets,9,personenauto,Op Kruispunt,Gewestweg,binnen bebouwde kom,Tss. 2 best.: langs opzij (voor-/achterkant-flank),Geen hindernis
10764,138,Hasselt-Kempische brug,Hasselt,50.9405318,5.3422472,0.9725809128078253,50.93193566225613,5.3448107907481415,2018,10,22,71022,Hasselt,Normaal,Droog,"Nacht, openbare verlichting aanwezig en ontstoken",met lichtgewonden,3,Fiets,9,personenauto,Op Kruispunt,Gewestweg,binnen bebouwde kom,Tss. 2 best.: langs opzij (voor-/achterkant-flank),Geen hindernis
10766,138,Hasselt-Kempische brug,Hasselt,50.9405318,5.3422472,0.45636101065105933,50.93659683588291,5.340396465681363,2018,10,10,71022,Hasselt,Normaal,Droog,Dag,met zwaargewonden,3,Fiets,9,personenauto,Buiten Kruispunt,Gewestweg,binnen bebouwde kom,Tss. 2 best.: langs opzij (voor-/achterkant-flank),Geen hindernis
10766,137,Hasselt-Kempische brug,Hasselt,50.9411605,5.3417576,0.5163410324901071,50.93659683588291,5.340396465681363,2018,10,10,71022,Hasselt,Normaal,Droog,Dag,met zwaargewonden,3,Fiets,9,personenauto,Buiten Kruispunt,Gewestweg,binnen bebouwde kom,Tss. 2 best.: langs opzij (voor-/achterkant-flank),Geen hindernis
10766,140,Hasselt ring,Hasselt,50.9300038,5.3438616,0.7722818816241387,50.93659683588291,5.340396465681363,2018,10,10,71022,Hasselt,Normaal,Droog,Dag,met zwaargewonden,3,Fiets,9,personenauto,Buiten Kruispunt,Gewestweg,binnen bebouwde kom,Tss. 2 best.: langs opzij (voor-/achterkant-flank),Geen hindernis
10771,137,Hasselt-Kempische brug,Hasselt,50.9411605,5.3417576,0.7792810088612987,50.94787602633658,5.344938642116134,2018,10,15,71022,Hasselt,Normaal,Droog,Dag,met lichtgewonden,9,personenauto,3,Fiets,Buiten Kruispunt,Gemeenteweg,buiten bebouwde kom,Tss. 2 best.: langs opzij (voor-/achterkant-flank),Geen hindernis
10771,138,Hasselt-Kempische brug,Hasselt,50.9405318,5.3422472,0.8381283990979697,50.94787602633658,5.344938642116134,2018,10,15,71022,Hasselt,Normaal,Droog,Dag,met lichtgewonden,9,personenauto,3,Fiets,Buiten Kruispunt,Gemeenteweg,buiten bebouwde kom,Tss. 2 best.: langs opzij (voor-/achterkant-flank),Geen hindernis
10773,140,Hasselt ring,Hasselt,50.9300038,5.3438616,0.533051745663017,50.93290897956455,5.337811209526052,2018,10,17,71022,Hasselt,Normaal,Droog,Dag,met zwaargewonden,3,Fiets,9,personenauto,Buiten Kruispunt,Gemeenteweg,binnen bebouwde kom,Tussen 2 bestuurders: Langs achteren,Geen hindernis
10773,138,Hasselt-Kempische brug,Hasselt,50.9405318,5.3422472,0.9028180069425942,50.93290897956455,5.337811209526052,2018,10,17,71022,Hasselt,Normaal,Droog,Dag,met zwaargewonden,3,Fiets,9,personenauto,Buiten Kruispunt,Gemeenteweg,binnen bebouwde kom,Tussen 2 bestuurders: Langs achteren,Geen hindernis
10773,137,Hasselt-Kempische brug,Hasselt,50.9411605,5.3417576,0.95829336841884,50.93290897956455,5.337811209526052,2018,10,17,71022,Hasselt,Normaal,Droog,Dag,met zwaargewonden,3,Fiets,9,personenauto,Buiten Kruispunt,Gemeenteweg,binnen bebouwde kom,Tussen 2 bestuurders: Langs achteren,Geen hindernis
10776,69,Leuven teller 1,Leuven,50.87549,4.71526,0.6699361188370785,50.880319435083834,4.7095510810590575,2018,10,11,24062,Leuven,Onbekend,Onbekend,Dag,met lichtgewonden,8,Voetganger,3,Fiets,Buiten Kruispunt,Gemeenteweg,binnen bebouwde kom,Met een voetganger,Geen hindernis
10776,77,Leuven teller 2,Leuven,50.88672,4.70796,0.7204098557157913,50.880319435083834,4.7095510810590575,2018,10,11,24062,Leuven,Onbekend,Onbekend,Dag,met lichtgewonden,8,Voetganger,3,Fiets,Buiten Kruispunt,Gemeenteweg,binnen bebouwde kom,Met een voetganger,Geen hindernis
10776,107,leuven totem,Leuven,50.8870744,4.7087919,0.7530036218647875,50.880319435083834,4.7095510810590575,2018,10,11,24062,Leuven,Onbekend,Onbekend,Dag,met lichtgewonden,8,Voetganger,3,Fiets,Buiten Kruispunt,Gemeenteweg,binnen bebouwde kom,Met een voetganger,Geen hindernis
10948,94,Herentals teller 2,Herentals,51.17345,4.81283,0.40883969008378074,51.17478905617744,4.81829175061335,2018,11,14,13011,Herentals,Normaal,Droog,Dag,met lichtgewonden,3,Fiets,5,Lichte vrachtauto,Op Kruispunt,Gewestweg,onbekend,Tss. 2 best.: langs opzij (voor-/achterkant-flank),Geen hindernis
10948,110,Herentals totem,Herentals,51.1739426,4.811783,0.46340961164885525,51.17478905617744,4.81829175061335,2018,11,14,13011,Herentals,Normaal,Droog,Dag,met lichtgewonden,3,Fiets,5,Lichte vrachtauto,Op Kruispunt,Gewestweg,onbekend,Tss. 2 best.: langs opzij (voor-/achterkant-flank),Geen hindernis
10952,46,Pelt teller 2,Pelt,51.231,5.44375,0.8780615408136218,51.23073793633379,5.431146277400458,2018,11,8,72043,Pelt,Normaal,Droog,Dag,met lichtgewonden,3,Fiets,10,"één bestuurder, geen hindernis",Op Kruispunt,Gemeenteweg,binnen bebouwde kom,"Eén bestuurder, geen hindernis (incl. val)",Geen hindernis
10952,45,Pelt teller 1,Pelt,51.23127,5.44377,0.8809567173148145,51.23073793633379,5.431146277400458,2018,11,8,72043,Pelt,Normaal,Droog,Dag,met lichtgewonden,3,Fiets,10,"één bestuurder, geen hindernis",Op Kruispunt,Gemeenteweg,binnen bebouwde kom,"Eén bestuurder, geen hindernis (incl. val)",Geen hindernis
10960,40,Peer teller 2,Peer,51.13438,5.47892,0.908658129164189,51.13500636156584,5.491904583311587,2018,11,6,72030,Peer,Normaal,Droog,"Nacht, openbare verlichting aanwezig en ontstoken",met lichtgewonden,3,Fiets,9,personenauto,Op Kruispunt,Gewestweg,buiten bebouwde kom,Tss. 2 best.: langs opzij (voor-/achterkant-flank),Geen hindernis
10960,39,Peer teller 1,Peer,51.13425,5.47817,0.9620001742477239,51.13500636156584,5.491904583311587,2018,11,6,72030,Peer,Normaal,Droog,"Nacht, openbare verlichting aanwezig en ontstoken",met lichtgewonden,3,Fiets,9,personenauto,Op Kruispunt,Gewestweg,buiten bebouwde kom,Tss. 2 best.: langs opzij (voor-/achterkant-flank),Geen hindernis
10966,21,Bilzen,Bilzen,50.86015,5.50161,0.25324500763827407,50.86211279368626,5.503440090906772,2018,11,15,73006,Bilzen,Normaal,Droog,Dag,met zwaargewonden,3,Fiets,8,Voetganger,Buiten Kruispunt,Gewestweg,buiten bebouwde kom,Met een voetganger,Geen hindernis
10970,25,Bree,Bree,51.13679500160176,5.597669323604317,0.49914644886229903,51.140899219011885,5.594771469551717,2018,11,12,72004,Bree,Normaal,Droog,Dag,met lichtgewonden,9,personenauto,3,Fiets,Op Kruispunt,Gewestweg,binnen bebouwde kom,Tss. 2 best.: langs opzij (voor-/achterkant-flank),Geen hindernis
10973,25,Bree,Bree,51.13679500160176,5.597669323604317,0.5981837429203185,51.132419133452395,5.59268251075125,2018,11,8,72004,Bree,Normaal,Droog,Dag,met lichtgewonden,9,personenauto,3,Fiets,Op Kruispunt,Gewestweg,buiten bebouwde kom,Tss. 2 best.: langs opzij (voor-/achterkant-flank),Geen hindernis
10978,69,Leuven teller 1,Leuven,50.87549,4.71526,0.5085302528561338,50.872302002724204,4.720456298810779,2018,11,19,24062,Leuven,Regenval,"Nat, plassen","Nacht, openbare verlichting aanwezig en ontstoken",met lichtgewonden,9,personenauto,3,Fiets,Op Kruispunt,Gewestweg,binnen bebouwde kom,Tss. 2 best.: langs opzij (voor-/achterkant-flank),Geen hindernis
10979,69,Leuven teller 1,Leuven,50.87549,4.71526,0.21051247759175987,50.87366810902584,4.714444423409694,2018,11,7,24062,Leuven,Normaal,Droog,Dag,met lichtgewonden,9,personenauto,3,Fiets,Op Kruispunt,Gewestweg,binnen bebouwde kom,Tussen 2 bestuurders: Frontale botsing,Geen hindernis
10982,77,Leuven teller 2,Leuven,50.88672,4.70796,0.6125229422571362,50.88189380053493,4.712169220126866,2018,11,9,24062,Leuven,Normaal,Droog,Dag,met lichtgewonden,3,Fiets,11,een weggebruiker tegen een hindernis,Buiten Kruispunt,Gemeenteweg,binnen bebouwde kom,Weggebruiker tegen hindernis op de rijbaan,"Op de rijbaan: Werken (signal., aarde, toestel,…)"
10982,107,leuven totem,Leuven,50.8870744,4.7087919,0.6228753257772474,50.88189380053493,4.712169220126866,2018,11,9,24062,Leuven,Normaal,Droog,Dag,met lichtgewonden,3,Fiets,11,een weggebruiker tegen een hindernis,Buiten Kruispunt,Gemeenteweg,binnen bebouwde kom,Weggebruiker tegen hindernis op de rijbaan,"Op de rijbaan: Werken (signal., aarde, toestel,…)"
10982,69,Leuven teller 1,Leuven,50.87549,4.71526,0.7443570780568732,50.88189380053493,4.712169220126866,2018,11,9,24062,Leuven,Normaal,Droog,Dag,met lichtgewonden,3,Fiets,11,een weggebruiker tegen een hindernis,Buiten Kruispunt,Gemeenteweg,binnen bebouwde kom,Weggebruiker tegen hindernis op de rijbaan,"Op de rijbaan: Werken (signal., aarde, toestel,…)"
10983,151,Leuven,District Leuven,50.8690262,4.6854839,0.529873115935665,50.86962807621005,4.692974260954764,2018,11,21,24062,Leuven,Normaal,Droog,"Nacht, openbare verlichting aanwezig en ontstoken",met lichtgewonden,3,Fiets,9,personenauto,Buiten Kruispunt,Gewestweg,binnen bebouwde kom,Tussen 2 bestuurders: Frontale botsing,Geen hindernis
10984,77,Leuven teller 2,Leuven,50.88672,4.70796,0.8139394173838342,50.887205858116985,4.696382345336156,2018,11,7,24062,Leuven,Normaal,Droog,"Nacht, openbare verlichting aanwezig en ontstoken",met lichtgewonden,9,personenauto,3,Fiets,Op Kruispunt,Gemeenteweg,binnen bebouwde kom,Tss. 2 best.: langs opzij (voor-/achterkant-flank),Geen hindernis
10984,107,leuven totem,Leuven,50.8870744,4.7087919,0.870619677550562,50.887205858116985,4.696382345336156,2018,11,7,24062,Leuven,Normaal,Droog,"Nacht, openbare verlichting aanwezig en ontstoken",met lichtgewonden,9,personenauto,3,Fiets,Op Kruispunt,Gemeenteweg,binnen bebouwde kom,Tss. 2 best.: langs opzij (voor-/achterkant-flank),Geen hindernis
11011,27,Grimbergen,Meise,50.92127,4.34013,0.2425887638050439,50.91916406238954,4.341033819449691,2018,11,7,23025,Grimbergen,Onbekend,Onbekend,Dag,met lichtgewonden,3,Fiets,9,personenauto,Op Kruispunt,Gewestweg,buiten bebouwde kom,Tss. 2 best.: langs opzij (voor-/achterkant-flank),Geen hindernis
11057,13,Gent,Gent,51.03018,3.70146,0.8271108415067807,51.034709880723156,3.7108417244579925,2018,11,11,44021,Gent,Normaal,Droog,Dag,met lichtgewonden,3,Fiets,9,personenauto,Op Kruispunt,Gemeenteweg,binnen bebouwde kom,Tss. 2 best.: langs opzij (voor-/achterkant-flank),Geen hindernis
11078,118,Gent teller 1,Gent,51.028049,3.7681359,0.5822685165684061,51.0230923726797,3.7708210897843464,2018,11,15,44040,Melle,Normaal,Droog,Dag,met lichtgewonden,9,personenauto,3,Fiets,Buiten Kruispunt,Gemeenteweg,binnen bebouwde kom,Tss. 2 best.: langs opzij (voor-/achterkant-flank),Geen hindernis
11078,119,Gent teller 2,Gent,51.0281795,3.7683918,0.5906273851055608,51.0230923726797,3.7708210897843464,2018,11,15,44040,Melle,Normaal,Droog,Dag,met lichtgewonden,9,personenauto,3,Fiets,Buiten Kruispunt,Gemeenteweg,binnen bebouwde kom,Tss. 2 best.: langs opzij (voor-/achterkant-flank),Geen hindernis
11092,6,Evergem 2,Evergem,51.10894,3.70298,0.6083653981974312,51.112965655854204,3.6970784274842283,2018,11,17,44019,Evergem,Normaal,Droog,"Nacht, openbare verlichting aanwezig en ontstoken",met lichtgewonden,3,Fiets,9,personenauto,Op Kruispunt,Gewestweg,binnen bebouwde kom,Tss. 2 best.: langs opzij (voor-/achterkant-flank),Geen hindernis
11092,7,Evergem 1,Evergem,51.1089,3.70317,0.6206572044982679,51.112965655854204,3.6970784274842283,2018,11,17,44019,Evergem,Normaal,Droog,"Nacht, openbare verlichting aanwezig en ontstoken",met lichtgewonden,3,Fiets,9,personenauto,Op Kruispunt,Gewestweg,binnen bebouwde kom,Tss. 2 best.: langs opzij (voor-/achterkant-flank),Geen hindernis
11124,128,Lokeren teller 1,Lokeren,51.09644,3.97023,0.593032943735651,51.10170200870244,3.9688462722729807,2018,11,13,46014,Lokeren,Normaal,Droog,Dag,met lichtgewonden,3,Fiets,3,Fiets,Buiten Kruispunt,Gemeenteweg,binnen bebouwde kom,Tussen 2 bestuurders: Flank tegen flank,Geen hindernis
11124,129,Lokeren teller 2,Lokeren,51.09612,3.97025,0.6283829931489175,51.10170200870244,3.9688462722729807,2018,11,13,46014,Lokeren,Normaal,Droog,Dag,met lichtgewonden,3,Fiets,3,Fiets,Buiten Kruispunt,Gemeenteweg,binnen bebouwde kom,Tussen 2 bestuurders: Flank tegen flank,Geen hindernis
11159,125,Dendermonde totem,Dendermonde,51.0372706,4.1025998,0.6533961422277966,51.03289030099231,4.108828487845802,2018,11,12,42006,Dendermonde,Regenval,"Nat, plassen",Dag,met lichtgewonden,9,personenauto,3,Fiets,Op Kruispunt,Gewestweg,binnen bebouwde kom,Tss. 2 best.: langs opzij (voor-/achterkant-flank),Geen hindernis
11159,122,Dendermonde teller 2,Dendermonde,51.0373918,4.1019222,0.6955233863418621,51.03289030099231,4.108828487845802,2018,11,12,42006,Dendermonde,Regenval,"Nat, plassen",Dag,met lichtgewonden,9,personenauto,3,Fiets,Op Kruispunt,Gewestweg,binnen bebouwde kom,Tss. 2 best.: langs opzij (voor-/achterkant-flank),Geen hindernis
11176,142,TEST Validatie BRUGGE Y2H22022134,Brugge,51.22632,3.24095,0.6728511395076101,51.221903282149036,3.234345520493266,2018,11,15,31005,Brugge,Normaal,Droog,Dag,met lichtgewonden,9,personenauto,3,Fiets,Op Kruispunt,Gewestweg,buiten bebouwde kom,Tss. 2 best.: langs opzij (voor-/achterkant-flank),Geen hindernis
11176,52,Brugge,Brugge,51.22632,3.24095,0.6728511395076101,51.221903282149036,3.234345520493266,2018,11,15,31005,Brugge,Normaal,Droog,Dag,met lichtgewonden,9,personenauto,3,Fiets,Op Kruispunt,Gewestweg,buiten bebouwde kom,Tss. 2 best.: langs opzij (voor-/achterkant-flank),Geen hindernis
11205,18,Oostende 1,Oostende,51.21378,2.92765,0.5094338136407699,51.21322189174806,2.9349092286859575,2018,11,17,35013,Oostende,Normaal,Droog,"Nacht, openbare verlichting aanwezig en ontstoken",met lichtgewonden,3,Fiets,7,Motorfiets,Op Kruispunt,Gemeenteweg,binnen bebouwde kom,Tussen 2 bestuurders: Flank tegen flank,Geen hindernis
11205,15,Oostende 2,Oostende,51.21371,2.92743,0.5237837691691103,51.21322189174806,2.9349092286859575,2018,11,17,35013,Oostende,Normaal,Droog,"Nacht, openbare verlichting aanwezig en ontstoken",met lichtgewonden,3,Fiets,7,Motorfiets,Op Kruispunt,Gemeenteweg,binnen bebouwde kom,Tussen 2 bestuurders: Flank tegen flank,Geen hindernis
11236,16,Kortrijk 1,Kortrijk,50.83332,3.27777,0.6839355001174029,50.830606460309646,3.2865095213165296,2018,11,18,34022,Kortrijk,Normaal,Droog,"Nacht, openbare verlichting aanwezig en ontstoken",met lichtgewonden,9,personenauto,3,Fiets,Buiten Kruispunt,Gemeenteweg,binnen bebouwde kom,Tss. 2 best.: langs opzij (voor-/achterkant-flank),Geen hindernis
11236,17,Kortrijk 2,Kortrijk,50.83339,3.27773,0.6899139806577069,50.830606460309646,3.2865095213165296,2018,11,18,34022,Kortrijk,Normaal,Droog,"Nacht, openbare verlichting aanwezig en ontstoken",met lichtgewonden,9,personenauto,3,Fiets,Buiten Kruispunt,Gemeenteweg,binnen bebouwde kom,Tss. 2 best.: langs opzij (voor-/achterkant-flank),Geen hindernis
11237,16,Kortrijk 1,Kortrijk,50.83332,3.27777,0.6466786624217711,50.8283114754249,3.273090087272122,2018,11,14,34022,Kortrijk,Normaal,Droog,Dag,met lichtgewonden,3,Fiets,9,personenauto,Op Kruispunt,Gewestweg,binnen bebouwde kom,Tss. 2 best.: langs opzij (voor-/achterkant-flank),Geen hindernis
11237,17,Kortrijk 2,Kortrijk,50.83339,3.27773,0.6519851787811175,50.8283114754249,3.273090087272122,2018,11,14,34022,Kortrijk,Normaal,Droog,Dag,met lichtgewonden,3,Fiets,9,personenauto,Op Kruispunt,Gewestweg,binnen bebouwde kom,Tss. 2 best.: langs opzij (voor-/achterkant-flank),Geen hindernis
11237,143,Eco Display Classic Budastraat,Kortrijk,50.83066,3.26286,0.7644866311634113,50.8283114754249,3.273090087272122,2018,11,14,34022,Kortrijk,Normaal,Droog,Dag,met lichtgewonden,3,Fiets,9,personenauto,Op Kruispunt,Gewestweg,binnen bebouwde kom,Tss. 2 best.: langs opzij (voor-/achterkant-flank),Geen hindernis
11239,143,Eco Display Classic Budastraat,Kortrijk,50.83066,3.26286,0.5530955575808859,50.828223787170224,3.269725811666557,2018,11,18,34022,Kortrijk,Regenval,"Nat, plassen",Dageraad - schemering,met lichtgewonden,3,Fiets,8,Voetganger,Buiten Kruispunt,Gemeenteweg,binnen bebouwde kom,Met een voetganger,Geen hindernis
11239,16,Kortrijk 1,Kortrijk,50.83332,3.27777,0.8001868161862685,50.828223787170224,3.269725811666557,2018,11,18,34022,Kortrijk,Regenval,"Nat, plassen",Dageraad - schemering,met lichtgewonden,3,Fiets,8,Voetganger,Buiten Kruispunt,Gemeenteweg,binnen bebouwde kom,Met een voetganger,Geen hindernis
11239,17,Kortrijk 2,Kortrijk,50.83339,3.27773,0.8037501066147144,50.828223787170224,3.269725811666557,2018,11,18,34022,Kortrijk,Regenval,"Nat, plassen",Dageraad - schemering,met lichtgewonden,3,Fiets,8,Voetganger,Buiten Kruispunt,Gemeenteweg,binnen bebouwde kom,Met een voetganger,Geen hindernis
11241,143,Eco Display Classic Budastraat,Kortrijk,50.83066,3.26286,0.48235149451016546,50.82895431398914,3.2565453851715795,2018,11,8,34022,Kortrijk,Normaal,Droog,Dag,met lichtgewonden,9,personenauto,3,Fiets,Op Kruispunt,Gemeenteweg,binnen bebouwde kom,Tss. 2 best.: langs opzij (voor-/achterkant-flank),Geen hindernis
11242,17,Kortrijk 2,Kortrijk,50.83339,3.27773,0.668782307886795,50.83782104101583,3.2712903333572894,2018,11,12,34022,Kortrijk,Normaal,Droog,Dag,met lichtgewonden,3,Fiets,9,personenauto,Op Kruispunt,Gemeenteweg,binnen bebouwde kom,Tss. 2 best.: langs opzij (voor-/achterkant-flank),Geen hindernis
11242,16,Kortrijk 1,Kortrijk,50.83332,3.27777,0.67642390921259,50.83782104101583,3.2712903333572894,2018,11,12,34022,Kortrijk,Normaal,Droog,Dag,met lichtgewonden,3,Fiets,9,personenauto,Op Kruispunt,Gemeenteweg,binnen bebouwde kom,Tss. 2 best.: langs opzij (voor-/achterkant-flank),Geen hindernis
11242,143,Eco Display Classic Budastraat,Kortrijk,50.83066,3.26286,0.9922476793494615,50.83782104101583,3.2712903333572894,2018,11,12,34022,Kortrijk,Normaal,Droog,Dag,met lichtgewonden,3,Fiets,9,personenauto,Op Kruispunt,Gemeenteweg,binnen bebouwde kom,Tss. 2 best.: langs opzij (voor-/achterkant-flank),Geen hindernis
11263,64,Nieuwpoort teller 1,Nieuwpoort,51.13359,2.75737,0.5506744398610622,51.129002058997244,2.7543988426596404,2018,11,8,38016,Nieuwpoort,Normaal,Droog,Dag,met lichtgewonden,9,personenauto,3,Fiets,Op Kruispunt,Gemeenteweg,binnen bebouwde kom,Tss. 2 best.: langs opzij (voor-/achterkant-flank),Geen hindernis
11263,65,Nieuwpoort teller 2,Nieuwpoort,51.13435,2.75511,0.5967308024578166,51.129002058997244,2.7543988426596404,2018,11,8,38016,Nieuwpoort,Normaal,Droog,Dag,met lichtgewonden,9,personenauto,3,Fiets,Op Kruispunt,Gemeenteweg,binnen bebouwde kom,Tss. 2 best.: langs opzij (voor-/achterkant-flank),Geen hindernis
11263,66,Nieuwpoort totem,Nieuwpoort,51.1347,2.74369,0.9796935155848772,51.129002058997244,2.7543988426596404,2018,11,8,38016,Nieuwpoort,Normaal,Droog,Dag,met lichtgewonden,9,personenauto,3,Fiets,Op Kruispunt,Gemeenteweg,binnen bebouwde kom,Tss. 2 best.: langs opzij (voor-/achterkant-flank),Geen hindernis
11297,138,Hasselt-Kempische brug,Hasselt,50.9405318,5.3422472,0.5829890552095931,50.93711157976135,5.348553218452078,2018,11,14,71022,Hasselt,Normaal,Droog,Dag,met lichtgewonden,9,personenauto,3,Fiets,Buiten Kruispunt,Gemeenteweg,binnen bebouwde kom,Tss. 2 best.: langs opzij (voor-/achterkant-flank),Geen hindernis
11297,137,Hasselt-Kempische brug,Hasselt,50.9411605,5.3417576,0.6553074645420985,50.93711157976135,5.348553218452078,2018,11,14,71022,Hasselt,Normaal,Droog,Dag,met lichtgewonden,9,personenauto,3,Fiets,Buiten Kruispunt,Gemeenteweg,binnen bebouwde kom,Tss. 2 best.: langs opzij (voor-/achterkant-flank),Geen hindernis
11297,140,Hasselt ring,Hasselt,50.9300038,5.3438616,0.8560055763343304,50.93711157976135,5.348553218452078,2018,11,14,71022,Hasselt,Normaal,Droog,Dag,met lichtgewonden,9,personenauto,3,Fiets,Buiten Kruispunt,Gemeenteweg,binnen bebouwde kom,Tss. 2 best.: langs opzij (voor-/achterkant-flank),Geen hindernis
11336,88,Westerlo teller 1,Westerlo,51.082,4.91325,0.893487434091954,51.08903441297721,4.919432737685883,2018,12,16,13049,Westerlo,Normaal,"Nat, plassen",Dageraad - schemering,met lichtgewonden,9,personenauto,3,Fiets,Op Kruispunt,Gemeenteweg,binnen bebouwde kom,Tss. 2 best.: langs opzij (voor-/achterkant-flank),Geen hindernis
11336,89,Westerlo teller 2,Westerlo,51.08191,4.91334,0.8992696436611639,51.08903441297721,4.919432737685883,2018,12,16,13049,Westerlo,Normaal,"Nat, plassen",Dageraad - schemering,met lichtgewonden,9,personenauto,3,Fiets,Op Kruispunt,Gemeenteweg,binnen bebouwde kom,Tss. 2 best.: langs opzij (voor-/achterkant-flank),Geen hindernis
11337,127,Geel totem,Westerlo,51.1342966,4.9400421,0.8123038889805008,51.127928697036324,4.945746848917277,2018,12,5,13049,Westerlo,Normaal,Droog,"Nacht, openbare verlichting aanwezig en ontstoken",met lichtgewonden,9,personenauto,3,Fiets,Op Kruispunt,Gemeenteweg,buiten bebouwde kom,Tss. 2 best.: langs opzij (voor-/achterkant-flank),Geen hindernis
11337,112,Geel teller 2,Westerlo,51.1354992,4.9394789,0.9486411667617123,51.127928697036324,4.945746848917277,2018,12,5,13049,Westerlo,Normaal,Droog,"Nacht, openbare verlichting aanwezig en ontstoken",met lichtgewonden,9,personenauto,3,Fiets,Op Kruispunt,Gemeenteweg,buiten bebouwde kom,Tss. 2 best.: langs opzij (voor-/achterkant-flank),Geen hindernis
11343,69,Leuven teller 1,Leuven,50.87549,4.71526,0.7172950371756175,50.880029507773585,4.707996373310259,2018,12,10,24062,Leuven,Normaal,Droog,Dag,met lichtgewonden,9,personenauto,3,Fiets,Buiten Kruispunt,Gemeenteweg,binnen bebouwde kom,Tussen 2 bestuurders: Langs achteren,Geen hindernis
11343,77,Leuven teller 2,Leuven,50.88672,4.70796,0.7439531683957274,50.880029507773585,4.707996373310259,2018,12,10,24062,Leuven,Normaal,Droog,Dag,met lichtgewonden,9,personenauto,3,Fiets,Buiten Kruispunt,Gemeenteweg,binnen bebouwde kom,Tussen 2 bestuurders: Langs achteren,Geen hindernis
11343,107,leuven totem,Leuven,50.8870744,4.7087919,0.7853417253905464,50.880029507773585,4.707996373310259,2018,12,10,24062,Leuven,Normaal,Droog,Dag,met lichtgewonden,9,personenauto,3,Fiets,Buiten Kruispunt,Gemeenteweg,binnen bebouwde kom,Tussen 2 bestuurders: Langs achteren,Geen hindernis
11345,69,Leuven teller 1,Leuven,50.87549,4.71526,0.9228569239728386,50.875990872524504,4.702131208940974,2018,11,9,24062,Leuven,Normaal,"Nat, plassen",Dag,met lichtgewonden,8,Voetganger,3,Fiets,Buiten Kruispunt,Gemeenteweg,binnen bebouwde kom,Met een voetganger,Geen hindernis
11346,77,Leuven teller 2,Leuven,50.88672,4.70796,0.7710741420387418,50.87983719397582,4.7066212451245955,2018,12,11,24062,Leuven,Normaal,Droog,Dag,met lichtgewonden,3,Fiets,6,Bromfiets,Op Kruispunt,Gemeenteweg,binnen bebouwde kom,Tss. 2 best.: langs opzij (voor-/achterkant-flank),Geen hindernis
11346,69,Leuven teller 1,Leuven,50.87549,4.71526,0.7752610809570597,50.87983719397582,4.7066212451245955,2018,12,11,24062,Leuven,Normaal,Droog,Dag,met lichtgewonden,3,Fiets,6,Bromfiets,Op Kruispunt,Gemeenteweg,binnen bebouwde kom,Tss. 2 best.: langs opzij (voor-/achterkant-flank),Geen hindernis