crash_row_id,site_id,site_name,site_gemeente,site_lat,site_long,distance_km,crash_lat,crash_long,DT_YEAR_COLLISION,DT_MONTH_COLLISION,DT_TIME,CD_NIS,TX_MUNTY_COLLISION_NL,TX_WEATHER_NL,TX_ROAD_CONDITION_NL,TX_LIGHT_CONDITION_NL,TX_CLASS_ACCIDENTS_NL,CD_ROAD_USR_TYPE1,TX_ROAD_USR_TYPE1_NL,CD_ROAD_USR_TYPE2,TX_ROAD_USR_TYPE2_NL,TX_CROSSWAY_NL,CD_ROAD_TYPE_NL,TX_BUILD_UP_AREA_NL,TX_COLLISION_TYPE_NL,TX_OBSTACLES_NL
11346,107,leuven totem,Leuven,50.8870744,4.7087919,0.819021310193263,50.87983719397582,4.7066212451245955,2018,12,11,24062,Leuven,Normaal,Droog,Dag,met lichtgewonden,3,Fiets,6,Bromfiets,Op Kruispunt,Gemeenteweg,binnen bebouwde kom,Tss. 2 best.: langs opzij (voor-/achterkant-flank),Geen hindernis
11347,69,Leuven teller 1,Leuven,50.87549,4.71526,0.4321609629437613,50.879376154704715,4.715344090559356,2018,12,16,24062,Leuven,Normaal,Droog,"Nacht, openbare verlichting aanwezig en ontstoken",met lichtgewonden,3,Fiets,3,Fiets,Buiten Kruispunt,Gewestweg,binnen bebouwde kom,Tss. 2 best.: langs opzij (voor-/achterkant-flank),Geen hindernis
11347,77,Leuven teller 2,Leuven,50.88672,4.70796,0.967045597561199,50.879376154704715,4.715344090559356,2018,12,16,24062,Leuven,Normaal,Droog,"Nacht, openbare verlichting aanwezig en ontstoken",met lichtgewonden,3,Fiets,3,Fiets,Buiten Kruispunt,Gewestweg,binnen bebouwde kom,Tss. 2 best.: langs opzij (voor-/achterkant-flank),Geen hindernis
11347,107,leuven totem,Leuven,50.8870744,4.7087919,0.971612429561391,50.879376154704715,4.715344090559356,2018,12,16,24062,Leuven,Normaal,Droog,"Nacht, openbare verlichting aanwezig en ontstoken",met lichtgewonden,3,Fiets,3,Fiets,Buiten Kruispunt,Gewestweg,binnen bebouwde kom,Tss. 2 best.: langs opzij (voor-/achterkant-flank),Geen hindernis
11363,118,Gent teller 1,Gent,51.028049,3.7681359,0.22192350185106477,51.02938022433255,3.7657716158429806,2018,12,21,44021,Gent,Normaal,"Nat, plassen","Nacht, openbare verlichting aanwezig en ontstoken",met lichtgewonden,6,Bromfiets,3,Fiets,Buiten Kruispunt,Gewestweg,binnen bebouwde kom,Tss. 2 best.: langs opzij (voor-/achterkant-flank),Geen hindernis
11363,119,Gent teller 2,Gent,51.0281795,3.7683918,0.2267218971176749,51.02938022433255,3.7657716158429806,2018,12,21,44021,Gent,Normaal,"Nat, plassen","Nacht, openbare verlichting aanwezig en ontstoken",met lichtgewonden,6,Bromfiets,3,Fiets,Buiten Kruispunt,Gewestweg,binnen bebouwde kom,Tss. 2 best.: langs opzij (voor-/achterkant-flank),Geen hindernis
11369,13,Gent,Gent,51.03018,3.70146,0.7887020629371433,51.02309009694388,3.7011285064339163,2018,11,7,44021,Gent,Onbekend,Onbekend,"Nacht, openbare verlichting aanwezig en ontstoken",met lichtgewonden,9,personenauto,3,Fiets,Op Kruispunt,Gewestweg,buiten bebouwde kom,Tussen 2 bestuurders: Flank tegen flank,Geen hindernis
11372,6,Evergem 2,Evergem,51.10894,3.70298,0.970172860227166,51.101708399457216,3.6952055442530902,2018,12,8,44019,Evergem,Normaal,"Nat, plassen",Dag,met lichtgewonden,3,Fiets,10,"één bestuurder, geen hindernis",Buiten Kruispunt,Gemeenteweg,buiten bebouwde kom,"Eén bestuurder, geen hindernis (incl. val)",Geen hindernis
11372,7,Evergem 1,Evergem,51.1089,3.70317,0.9740016780663556,51.101708399457216,3.6952055442530902,2018,12,8,44019,Evergem,Normaal,"Nat, plassen",Dag,met lichtgewonden,3,Fiets,10,"één bestuurder, geen hindernis",Buiten Kruispunt,Gemeenteweg,buiten bebouwde kom,"Eén bestuurder, geen hindernis (incl. val)",Geen hindernis
11379,126,Hamme totem,Hamme,51.1017709,4.1469307,0.9853826038520114,51.09622681298318,4.1359218341214286,2018,12,17,42008,Hamme,Normaal,Droog,Dag,met lichtgewonden,3,Fiets,3,Fiets,Buiten Kruispunt,Gemeenteweg,buiten bebouwde kom,Tussen 2 bestuurders: Flank tegen flank,Geen hindernis
11380,120,Zele teller 1,Zele,51.0607671,4.0547741,0.5493034746397474,51.060929231747565,4.046918276446061,2018,12,8,42028,Zele,Onbekend,Droog,Dageraad - schemering,met lichtgewonden,9,personenauto,3,Fiets,Buiten Kruispunt,Gemeenteweg,binnen bebouwde kom,Tss. 2 best.: langs opzij (voor-/achterkant-flank),Geen hindernis
11380,121,Zele teller 2,Zele,51.0604067,4.0556696,0.6143460903674961,51.060929231747565,4.046918276446061,2018,12,8,42028,Zele,Onbekend,Droog,Dageraad - schemering,met lichtgewonden,9,personenauto,3,Fiets,Buiten Kruispunt,Gemeenteweg,binnen bebouwde kom,Tss. 2 best.: langs opzij (voor-/achterkant-flank),Geen hindernis
11385,54,Brugge teller 2,Brugge,51.23015,3.22818,0.5825192462066776,51.22491500082437,3.228495297657731,2018,12,12,31005,Brugge,Regenval,"Nat, plassen",Dag,met zwaargewonden,3,Fiets,9,personenauto,Buiten Kruispunt,Gewestweg,binnen bebouwde kom,Tss. 2 best.: langs opzij (voor-/achterkant-flank),Geen hindernis
11385,53,Brugge teller 1,Brugge,51.23023,3.228,0.5920064408862884,51.22491500082437,3.228495297657731,2018,12,12,31005,Brugge,Regenval,"Nat, plassen",Dag,met zwaargewonden,3,Fiets,9,personenauto,Buiten Kruispunt,Gewestweg,binnen bebouwde kom,Tss. 2 best.: langs opzij (voor-/achterkant-flank),Geen hindernis
11385,52,Brugge,Brugge,51.22632,3.24095,0.8812593716816827,51.22491500082437,3.228495297657731,2018,12,12,31005,Brugge,Regenval,"Nat, plassen",Dag,met zwaargewonden,3,Fiets,9,personenauto,Buiten Kruispunt,Gewestweg,binnen bebouwde kom,Tss. 2 best.: langs opzij (voor-/achterkant-flank),Geen hindernis
11385,142,TEST Validatie BRUGGE Y2H22022134,Brugge,51.22632,3.24095,0.8812593716816827,51.22491500082437,3.228495297657731,2018,12,12,31005,Brugge,Regenval,"Nat, plassen",Dag,met zwaargewonden,3,Fiets,9,personenauto,Buiten Kruispunt,Gewestweg,binnen bebouwde kom,Tss. 2 best.: langs opzij (voor-/achterkant-flank),Geen hindernis
11391,15,Oostende 2,Oostende,51.21371,2.92743,0.4613069526188462,51.20995905830287,2.9302593945806117,2018,12,7,35013,Oostende,Regenval,"Nat, plassen",Dageraad - schemering,met lichtgewonden,9,personenauto,3,Fiets,Op Kruispunt,Gemeenteweg,binnen bebouwde kom,Tss. 2 best.: langs opzij (voor-/achterkant-flank),Geen hindernis
11391,18,Oostende 1,Oostende,51.21378,2.92765,0.4621166424629185,51.20995905830287,2.9302593945806117,2018,12,7,35013,Oostende,Regenval,"Nat, plassen",Dageraad - schemering,met lichtgewonden,9,personenauto,3,Fiets,Op Kruispunt,Gemeenteweg,binnen bebouwde kom,Tss. 2 best.: langs opzij (voor-/achterkant-flank),Geen hindernis
11401,143,Eco Display Classic Budastraat,Kortrijk,50.83066,3.26286,0.7998649424533523,50.824619887951506,3.269044686411899,2018,12,18,34022,Kortrijk,Normaal,Droog,"Nacht, openbare verlichting aanwezig en ontstoken",met lichtgewonden,9,personenauto,3,Fiets,Op Kruispunt,Gemeenteweg,binnen bebouwde kom,Tss. 2 best.: langs opzij (voor-/achterkant-flank),Geen hindernis
11408,41,Maasmechelen teller 1,Maasmechelen,50.97025,5.69799,0.5429695496752248,50.96552363978163,5.696041565180322,2018,11,18,73107,Maasmechelen,Onbekend,Onbekend,"Nacht, openbare verlichting aanwezig en ontstoken",met lichtgewonden,8,Voetganger,3,Fiets,Buiten Kruispunt,Gewestweg,binnen bebouwde kom,Met een voetganger,Geen hindernis
11408,42,Maasmechelen teller 2,Maasmechelen,50.97043,5.6981,0.5642831647759657,50.96552363978163,5.696041565180322,2018,11,18,73107,Maasmechelen,Onbekend,Onbekend,"Nacht, openbare verlichting aanwezig en ontstoken",met lichtgewonden,8,Voetganger,3,Fiets,Buiten Kruispunt,Gewestweg,binnen bebouwde kom,Met een voetganger,Geen hindernis
11409,124,Beveren teller 2,Beveren,51.1964712,4.2361077,0.31423810908035466,51.19928921049731,4.235768586068178,2018,12,17,46003,Beveren,Normaal,Droog,"Nacht, openbare verlichting aanwezig en ontstoken",met lichtgewonden,9,personenauto,3,Fiets,Op Kruispunt,Gewestweg,binnen bebouwde kom,Tss. 2 best.: langs opzij (voor-/achterkant-flank),Geen hindernis
11414,140,Hasselt ring,Hasselt,50.9300038,5.3438616,0.8417421301718689,50.92252815120497,5.345751530980968,2018,12,13,71022,Hasselt,Normaal,Droog,Dag,met lichtgewonden,9,personenauto,3,Fiets,Op Kruispunt,Gemeenteweg,binnen bebouwde kom,Tss. 2 best.: langs opzij (voor-/achterkant-flank),Geen hindernis
11472,2,Brasschaat 2,Brasschaat,51.27512,4.47169,0.5245493013972407,51.27390639004617,4.464403108903711,2018,12,9,11008,Brasschaat,Normaal,Droog,Dag,met lichtgewonden,9,personenauto,3,Fiets,Op Kruispunt,Gemeenteweg,binnen bebouwde kom,Tss. 2 best.: langs opzij (voor-/achterkant-flank),Geen hindernis
11472,3,Brasschaat 1,Brasschaat,51.27503,4.47222,0.5579313240561913,51.27390639004617,4.464403108903711,2018,12,9,11008,Brasschaat,Normaal,Droog,Dag,met lichtgewonden,9,personenauto,3,Fiets,Op Kruispunt,Gemeenteweg,binnen bebouwde kom,Tss. 2 best.: langs opzij (voor-/achterkant-flank),Geen hindernis
11508,14,Genk,Genk,50.97172,5.48927,0.9714507939458147,50.963390137877425,5.493452933526825,2018,12,14,71016,Genk,Normaal,"Nat, plassen",Dag,met lichtgewonden,8,Voetganger,3,Fiets,Buiten Kruispunt,Gewestweg,binnen bebouwde kom,Met een voetganger,Geen hindernis
11509,25,Bree,Bree,51.13679500160176,5.597669323604317,0.7892072953765126,51.13987191032161,5.587475744759766,2018,12,18,72004,Bree,Normaal,Droog,"Nacht, openb. verlicht. aanw., maar niet ontstoken",met lichtgewonden,3,Fiets,10,"één bestuurder, geen hindernis",Buiten Kruispunt,Gewestweg,buiten bebouwde kom,"Eén bestuurder, geen hindernis (incl. val)",Geen hindernis
11512,151,Leuven,District Leuven,50.8690262,4.6854839,0.861141058708198,50.869007211458396,4.697755269258954,2018,12,17,24062,Leuven,Regenval,"Nat, plassen","Nacht, openbare verlichting aanwezig en ontstoken",met lichtgewonden,3,Fiets,9,personenauto,Op Kruispunt,Gewestweg,binnen bebouwde kom,Tss. 2 best.: langs opzij (voor-/achterkant-flank),Geen hindernis
11531,136,Gent R4,Gent,51.0876313,3.7587918,0.9773970399277122,51.0790239035758,3.755954943905447,2018,12,17,44021,Gent,Normaal,Droog,"Nacht, openbare verlichting aanwezig en ontstoken",met lichtgewonden,5,Lichte vrachtauto,3,Fiets,Buiten Kruispunt,Gemeenteweg,binnen bebouwde kom,Tussen 2 bestuurders: Flank tegen flank,Geen hindernis
11556,13,Gent,Gent,51.03018,3.70146,0.14269551273354933,51.0313212502949,3.7005268782191836,2018,12,8,44021,Gent,Onbekend,Onbekend,Onbekend,met lichtgewonden,3,Fiets,2,Andere weggebruiker,Buiten Kruispunt,Gemeenteweg,onbekend,Tussen 2 bestuurders: Flank tegen flank,Geen hindernis
11586,126,Hamme totem,Hamme,51.1017709,4.1469307,0.5830173109503397,51.09934435763388,4.139529048553343,2018,12,13,42008,Hamme,Normaal,Droog,Dag,met lichtgewonden,9,personenauto,3,Fiets,Buiten Kruispunt,Gemeenteweg,binnen bebouwde kom,Tussen 2 bestuurders: Flank tegen flank,Geen hindernis
11600,50,"Brugge, Sint-Andries",Brugge,51.19291,3.16252,0.6212542043271951,51.19503210468333,3.1707671486860924,2018,12,17,31005,Brugge,Normaal,Droog,"Nacht, openbare verlichting aanwezig en ontstoken",met lichtgewonden,6,Bromfiets,3,Fiets,Buiten Kruispunt,Gewestweg,buiten bebouwde kom,Tss. 2 best.: langs opzij (voor-/achterkant-flank),Geen hindernis
11600,51,"Brugge, Sint-Andries",Brugge,51.19281,3.16252,0.6255628018369195,51.19503210468333,3.1707671486860924,2018,12,17,31005,Brugge,Normaal,Droog,"Nacht, openbare verlichting aanwezig en ontstoken",met lichtgewonden,6,Bromfiets,3,Fiets,Buiten Kruispunt,Gewestweg,buiten bebouwde kom,Tss. 2 best.: langs opzij (voor-/achterkant-flank),Geen hindernis
11601,54,Brugge teller 2,Brugge,51.23015,3.22818,0.9273188020098263,51.22185114766238,3.226865549345649,2018,12,13,31005,Brugge,Normaal,Droog,Dag,met lichtgewonden,9,personenauto,3,Fiets,Op Kruispunt,Gewestweg,binnen bebouwde kom,Tussen 2 bestuurders: Flank tegen flank,Geen hindernis
11601,53,Brugge teller 1,Brugge,51.23023,3.228,0.9350290375602759,51.22185114766238,3.226865549345649,2018,12,13,31005,Brugge,Normaal,Droog,Dag,met lichtgewonden,9,personenauto,3,Fiets,Op Kruispunt,Gewestweg,binnen bebouwde kom,Tussen 2 bestuurders: Flank tegen flank,Geen hindernis
11612,15,Oostende 2,Oostende,51.21371,2.92743,0.993215910099643,51.21149641418573,2.9136159417641525,2018,12,16,35013,Oostende,Normaal,"Nat, plassen",Dag,met lichtgewonden,9,personenauto,3,Fiets,Op Kruispunt,Gemeenteweg,binnen bebouwde kom,Tss. 2 best.: langs opzij (voor-/achterkant-flank),Geen hindernis
11618,51,"Brugge, Sint-Andries",Brugge,51.19281,3.16252,0.6164238326160176,51.19091108051067,3.1542095819598175,2018,12,8,31012,Jabbeke,Normaal,"Nat, plassen",Dageraad - schemering,met lichtgewonden,3,Fiets,6,Bromfiets,Buiten Kruispunt,Gewestweg,buiten bebouwde kom,Tussen 2 bestuurders: Flank tegen flank,Geen hindernis
11618,50,"Brugge, Sint-Andries",Brugge,51.19291,3.16252,0.6203200973421747,51.19091108051067,3.1542095819598175,2018,12,8,31012,Jabbeke,Normaal,"Nat, plassen",Dageraad - schemering,met lichtgewonden,3,Fiets,6,Bromfiets,Buiten Kruispunt,Gewestweg,buiten bebouwde kom,Tussen 2 bestuurders: Flank tegen flank,Geen hindernis
11633,143,Eco Display Classic Budastraat,Kortrijk,50.83066,3.26286,0.6250074224429468,50.82506833254738,3.26195476400946,2018,12,17,34022,Kortrijk,Normaal,"Nat, plassen","Nacht, openbare verlichting aanwezig en ontstoken",met lichtgewonden,9,personenauto,3,Fiets,Op Kruispunt,Gemeenteweg,binnen bebouwde kom,Tss. 2 best.: langs opzij (voor-/achterkant-flank),Geen hindernis
11633,75,Kortrijk teller 2,Kortrijk,50.81925,3.25731,0.7245842862235868,50.82506833254738,3.26195476400946,2018,12,17,34022,Kortrijk,Normaal,"Nat, plassen","Nacht, openbare verlichting aanwezig en ontstoken",met lichtgewonden,9,personenauto,3,Fiets,Op Kruispunt,Gemeenteweg,binnen bebouwde kom,Tss. 2 best.: langs opzij (voor-/achterkant-flank),Geen hindernis
11633,74,Kortrijk teller 1,Kortrijk,50.81909,3.25728,0.7414442408863303,50.82506833254738,3.26195476400946,2018,12,17,34022,Kortrijk,Normaal,"Nat, plassen","Nacht, openbare verlichting aanwezig en ontstoken",met lichtgewonden,9,personenauto,3,Fiets,Op Kruispunt,Gemeenteweg,binnen bebouwde kom,Tss. 2 best.: langs opzij (voor-/achterkant-flank),Geen hindernis
11634,143,Eco Display Classic Budastraat,Kortrijk,50.83066,3.26286,0.5067522350334287,50.827787152734345,3.2572589717085028,2018,12,19,34022,Kortrijk,Normaal,Droog,"Nacht, openbare verlichting aanwezig en ontstoken",met lichtgewonden,9,personenauto,3,Fiets,Op Kruispunt,Gewestweg,binnen bebouwde kom,Tussen 2 bestuurders: Frontale botsing,Geen hindernis
11634,75,Kortrijk teller 2,Kortrijk,50.81925,3.25731,0.9492948391013223,50.827787152734345,3.2572589717085028,2018,12,19,34022,Kortrijk,Normaal,Droog,"Nacht, openbare verlichting aanwezig en ontstoken",met lichtgewonden,9,personenauto,3,Fiets,Op Kruispunt,Gewestweg,binnen bebouwde kom,Tussen 2 bestuurders: Frontale botsing,Geen hindernis
11634,74,Kortrijk teller 1,Kortrijk,50.81909,3.25728,0.9670803883511637,50.827787152734345,3.2572589717085028,2018,12,19,34022,Kortrijk,Normaal,Droog,"Nacht, openbare verlichting aanwezig en ontstoken",met lichtgewonden,9,personenauto,3,Fiets,Op Kruispunt,Gewestweg,binnen bebouwde kom,Tussen 2 bestuurders: Frontale botsing,Geen hindernis
11636,143,Eco Display Classic Budastraat,Kortrijk,50.83066,3.26286,0.8862399450495428,50.83862977218444,3.262982437403706,2018,12,11,34022,Kortrijk,Normaal,Droog,Dag,met lichtgewonden,3,Fiets,2,Andere weggebruiker,Buiten Kruispunt,Gewestweg,binnen bebouwde kom,Tss. 2 best.: langs opzij (voor-/achterkant-flank),Geen hindernis
11638,143,Eco Display Classic Budastraat,Kortrijk,50.83066,3.26286,0.9951674495675891,50.82430817790372,3.2728416076521256,2018,12,12,34022,Kortrijk,Onbekend,Droog,Dag,met lichtgewonden,6,Bromfiets,3,Fiets,Op Kruispunt,Gewestweg,binnen bebouwde kom,Tussen 2 bestuurders: Frontale botsing,Geen hindernis
11643,67,Ieper totem,Ieper,50.85018,2.85624,0.22808836841815372,50.849898210431476,2.859458172356224,2018,12,16,33011,Ieper,Regenval,"Nat, plassen","Nacht, openbare verlichting aanwezig en ontstoken",met lichtgewonden,5,Lichte vrachtauto,3,Fiets,Op Kruispunt,Gewestweg,binnen bebouwde kom,Tss. 2 best.: langs opzij (voor-/achterkant-flank),Geen hindernis
11643,68,Ieper,Ieper,50.85032,2.85608,0.24175117522593523,50.849898210431476,2.859458172356224,2018,12,16,33011,Ieper,Regenval,"Nat, plassen","Nacht, openbare verlichting aanwezig en ontstoken",met lichtgewonden,5,Lichte vrachtauto,3,Fiets,Op Kruispunt,Gewestweg,binnen bebouwde kom,Tss. 2 best.: langs opzij (voor-/achterkant-flank),Geen hindernis
11653,99,Mechelen teller 1,Mechelen,51.04564,4.46882,0.9595762123600781,51.03896801749956,4.477524946472191,2018,12,12,12025,Mechelen,Normaal,"Nat, plassen",Dag,met lichtgewonden,3,Fiets,9,personenauto,Buiten Kruispunt,Gemeenteweg,binnen bebouwde kom,Tss. 2 best.: langs opzij (voor-/achterkant-flank),Geen hindernis
11653,100,Mechelen teller 2,Mechelen,51.0457,4.46883,0.9643025406984993,51.03896801749956,4.477524946472191,2018,12,12,12025,Mechelen,Normaal,"Nat, plassen",Dag,met lichtgewonden,3,Fiets,9,personenauto,Buiten Kruispunt,Gemeenteweg,binnen bebouwde kom,Tss. 2 best.: langs opzij (voor-/achterkant-flank),Geen hindernis
11749,9,Heist op den Berg 2,Heist-op-den-Berg,51.06904,4.69524,0.8254452698742085,51.06475118262658,4.70488195737866,2019,1,7,12014,Heist-op-den-Berg,Normaal,Droog,"Nacht, openbare verlichting aanwezig en ontstoken",met lichtgewonden,9,personenauto,3,Fiets,Op Kruispunt,Gewestweg,buiten bebouwde kom,Tss. 2 best.: langs opzij (voor-/achterkant-flank),Geen hindernis
11769,110,Herentals totem,Herentals,51.1739426,4.811783,0.4738811208021888,51.17646867008192,4.806308205100924,2019,1,14,13011,Herentals,Normaal,"Nat, plassen",Dag,met lichtgewonden,3,Fiets,5,Lichte vrachtauto,Buiten Kruispunt,Gemeenteweg,buiten bebouwde kom,Tss. 2 best.: langs opzij (voor-/achterkant-flank),Geen hindernis
11769,94,Herentals teller 2,Herentals,51.17345,4.81283,0.5651358385262856,51.17646867008192,4.806308205100924,2019,1,14,13011,Herentals,Normaal,"Nat, plassen",Dag,met lichtgewonden,3,Fiets,5,Lichte vrachtauto,Buiten Kruispunt,Gemeenteweg,buiten bebouwde kom,Tss. 2 best.: langs opzij (voor-/achterkant-flank),Geen hindernis
11800,44,Maaseik teller 2,Maaseik,51.09359,5.79726,0.3997364649109616,51.09622812613818,5.793371550140307,2019,1,15,72021,Maaseik,Normaal,Droog,Dag,met lichtgewonden,9,personenauto,3,Fiets,Op Kruispunt,Gewestweg,binnen bebouwde kom,Tss. 2 best.: langs opzij (voor-/achterkant-flank),Geen hindernis
11800,43,Maaseik teller 1,Maaseik,51.09344,5.79715,0.4071122283688435,51.09622812613818,5.793371550140307,2019,1,15,72021,Maaseik,Normaal,Droog,Dag,met lichtgewonden,9,personenauto,3,Fiets,Op Kruispunt,Gewestweg,binnen bebouwde kom,Tss. 2 best.: langs opzij (voor-/achterkant-flank),Geen hindernis
11805,151,Leuven,District Leuven,50.8690262,4.6854839,0.428571001236505,50.870135261753134,4.691332876068482,2019,1,17,24062,Leuven,Normaal,Proper,"Nacht, openbare verlichting aanwezig en ontstoken",met lichtgewonden,9,personenauto,3,Fiets,Buiten Kruispunt,Gewestweg,binnen bebouwde kom,Tss. 2 best.: langs opzij (voor-/achterkant-flank),Geen hindernis
11807,69,Leuven teller 1,Leuven,50.87549,4.71526,0.7394337606733499,50.87598839011467,4.725768936723357,2019,1,14,24062,Leuven,Normaal,Droog,Dag,met lichtgewonden,9,personenauto,3,Fiets,Buiten Kruispunt,Gemeenteweg,binnen bebouwde kom,Tss. 2 best.: langs opzij (voor-/achterkant-flank),Geen hindernis
11809,77,Leuven teller 2,Leuven,50.88672,4.70796,0.8053704647954109,50.88697277954627,4.6964859366440574,2019,1,13,24062,Leuven,Normaal,"Nat, plassen",Dag,met lichtgewonden,9,personenauto,3,Fiets,Buiten Kruispunt,Gemeenteweg,binnen bebouwde kom,Tss. 2 best.: langs opzij (voor-/achterkant-flank),Geen hindernis
11809,107,leuven totem,Leuven,50.8870744,4.7087919,0.8633064174145456,50.88697277954627,4.6964859366440574,2019,1,13,24062,Leuven,Normaal,"Nat, plassen",Dag,met lichtgewonden,9,personenauto,3,Fiets,Buiten Kruispunt,Gemeenteweg,binnen bebouwde kom,Tss. 2 best.: langs opzij (voor-/achterkant-flank),Geen hindernis
11810,69,Leuven teller 1,Leuven,50.87549,4.71526,0.6704813358986487,50.8803230802743,4.709545828841716,2019,1,15,24062,Leuven,Normaal,Droog,Dag,met lichtgewonden,3,Fiets,8,Voetganger,Buiten Kruispunt,Gemeenteweg,binnen bebouwde kom,Met een voetganger,Geen hindernis
11810,77,Leuven teller 2,Leuven,50.88672,4.70796,0.7199523979818402,50.8803230802743,4.709545828841716,2019,1,15,24062,Leuven,Normaal,Droog,Dag,met lichtgewonden,3,Fiets,8,Voetganger,Buiten Kruispunt,Gemeenteweg,binnen bebouwde kom,Met een voetganger,Geen hindernis
11810,107,leuven totem,Leuven,50.8870744,4.7087919,0.752573326235541,50.8803230802743,4.709545828841716,2019,1,15,24062,Leuven,Normaal,Droog,Dag,met lichtgewonden,3,Fiets,8,Voetganger,Buiten Kruispunt,Gemeenteweg,binnen bebouwde kom,Met een voetganger,Geen hindernis
11811,77,Leuven teller 2,Leuven,50.88672,4.70796,0.5623693664302574,50.886187490614226,4.699987703856944,2019,1,21,24062,Leuven,Normaal,Droog,"Nacht, openbare verlichting aanwezig en ontstoken",met lichtgewonden,9,personenauto,3,Fiets,Buiten Kruispunt,Gemeenteweg,binnen bebouwde kom,Tss. 2 best.: langs opzij (voor-/achterkant-flank),Geen hindernis
11811,107,leuven totem,Leuven,50.8870744,4.7087919,0.6254218742749474,50.886187490614226,4.699987703856944,2019,1,21,24062,Leuven,Normaal,Droog,"Nacht, openbare verlichting aanwezig en ontstoken",met lichtgewonden,9,personenauto,3,Fiets,Buiten Kruispunt,Gemeenteweg,binnen bebouwde kom,Tss. 2 best.: langs opzij (voor-/achterkant-flank),Geen hindernis
11835,47,Vilvoorde,Vilvoorde,50.91372,4.41497,0.9525358050189027,50.91914075060472,4.425491158113647,2019,1,11,23088,Vilvoorde,Normaal,Droog,Dag,met lichtgewonden,3,Fiets,9,personenauto,Buiten Kruispunt,Gewestweg,buiten bebouwde kom,Tussen 2 bestuurders: Langs achteren,Geen hindernis
11839,13,Gent,Gent,51.03018,3.70146,0.9553307008113943,51.036174748873165,3.7112464561504863,2019,1,17,44021,Gent,Normaal,Droog,Dageraad - schemering,met lichtgewonden,3,Fiets,1,Autobus,Buiten Kruispunt,Gewestweg,binnen bebouwde kom,Tss. 2 best.: langs opzij (voor-/achterkant-flank),Geen hindernis
11849,13,Gent,Gent,51.03018,3.70146,0.9162490472016046,51.03792905604359,3.7059153950401367,2019,1,21,44021,Gent,Regenval,"Nat, plassen","Nacht, openbare verlichting aanwezig en ontstoken",met lichtgewonden,9,personenauto,3,Fiets,Op Kruispunt,Gemeenteweg,binnen bebouwde kom,Tss. 2 best.: langs opzij (voor-/achterkant-flank),Geen hindernis
11854,13,Gent,Gent,51.03018,3.70146,0.6240107995468984,51.03396491588804,3.708048418890613,2019,1,18,44021,Gent,Normaal,"Nat, plassen","Nacht, openbare verlichting aanwezig en ontstoken",met lichtgewonden,3,Fiets,9,personenauto,Op Kruispunt,Gewestweg,binnen bebouwde kom,Tss. 2 best.: langs opzij (voor-/achterkant-flank),Geen hindernis
11859,136,Gent R4,Gent,51.0876313,3.7587918,0.4894495858146331,51.09202145149219,3.7582839211928376,2019,1,7,44021,Gent,Normaal,"Nat, plassen","Nacht, openbare verlichting aanwezig en ontstoken",met lichtgewonden,9,personenauto,3,Fiets,Op Kruispunt,Gemeenteweg,binnen bebouwde kom,Tss. 2 best.: langs opzij (voor-/achterkant-flank),Geen hindernis
11925,10,Aalst 2,Aalst,50.93549,4.01571,0.8766710708285819,50.942223786649244,4.022217367262065,2019,1,8,41002,Aalst,Normaal,Droog,Dageraad - schemering,met lichtgewonden,9,personenauto,3,Fiets,Op Kruispunt,Gemeenteweg,binnen bebouwde kom,Tss. 2 best.: langs opzij (voor-/achterkant-flank),Geen hindernis
11933,122,Dendermonde teller 2,Dendermonde,51.0373918,4.1019222,0.7858858620405501,51.03163876307839,4.095393833626508,2019,1,15,42006,Dendermonde,Onbekend,Onbekend,Dag,met lichtgewonden,3,Fiets,3,Fiets,Buiten Kruispunt,Gemeenteweg,onbekend,Tss. 2 best.: langs opzij (voor-/achterkant-flank),Geen hindernis
11933,125,Dendermonde totem,Dendermonde,51.0372706,4.1025998,0.8037787186948958,51.03163876307839,4.095393833626508,2019,1,15,42006,Dendermonde,Onbekend,Onbekend,Dag,met lichtgewonden,3,Fiets,3,Fiets,Buiten Kruispunt,Gemeenteweg,onbekend,Tss. 2 best.: langs opzij (voor-/achterkant-flank),Geen hindernis
11979,143,Eco Display Classic Budastraat,Kortrijk,50.83066,3.26286,0.9487925500998159,50.834758052354125,3.2510102036155324,2019,1,14,34022,Kortrijk,Regenval,"Nat, plassen",Dag,met zwaargewonden,9,personenauto,3,Fiets,Buiten Kruispunt,Gemeenteweg,binnen bebouwde kom,Tussen 2 bestuurders: Langs achteren,Geen hindernis
11999,42,Maasmechelen teller 2,Maasmechelen,50.97043,5.6981,0.06945457153458556,50.97105001422321,5.698220233435995,2019,1,8,73107,Maasmechelen,Normaal,Droog,Dag,met lichtgewonden,5,Lichte vrachtauto,3,Fiets,Op Kruispunt,Gewestweg,binnen bebouwde kom,Tss. 2 best.: langs opzij (voor-/achterkant-flank),Geen hindernis