crash_row_id,site_id,site_name,site_gemeente,site_lat,site_long,distance_km,crash_lat,crash_long,DT_YEAR_COLLISION,DT_MONTH_COLLISION,DT_TIME,CD_NIS,TX_MUNTY_COLLISION_NL,TX_WEATHER_NL,TX_ROAD_CONDITION_NL,TX_LIGHT_CONDITION_NL,TX_CLASS_ACCIDENTS_NL,CD_ROAD_USR_TYPE1,TX_ROAD_USR_TYPE1_NL,CD_ROAD_USR_TYPE2,TX_ROAD_USR_TYPE2_NL,TX_CROSSWAY_NL,CD_ROAD_TYPE_NL,TX_BUILD_UP_AREA_NL,TX_COLLISION_TYPE_NL,TX_OBSTACLES_NL
11999,41,Maasmechelen teller 1,Maasmechelen,50.97025,5.69799,0.09040650873704086,50.97105001422321,5.698220233435995,2019,1,8,73107,Maasmechelen,Normaal,Droog,Dag,met lichtgewonden,5,Lichte vrachtauto,3,Fiets,Op Kruispunt,Gewestweg,binnen bebouwde kom,Tss. 2 best.: langs opzij (voor-/achterkant-flank),Geen hindernis
12000,41,Maasmechelen teller 1,Maasmechelen,50.97025,5.69799,0.3931780393121687,50.966834831314124,5.696535097797564,2019,1,8,73107,Maasmechelen,Normaal,Droog,Onbekend,met lichtgewonden,9,personenauto,3,Fiets,Op Kruispunt,Gewestweg,binnen bebouwde kom,Tss. 2 best.: langs opzij (voor-/achterkant-flank),Geen hindernis
12000,42,Maasmechelen teller 2,Maasmechelen,50.97043,5.6981,0.41451150217763383,50.966834831314124,5.696535097797564,2019,1,8,73107,Maasmechelen,Normaal,Droog,Onbekend,met lichtgewonden,9,personenauto,3,Fiets,Op Kruispunt,Gewestweg,binnen bebouwde kom,Tss. 2 best.: langs opzij (voor-/achterkant-flank),Geen hindernis
12005,124,Beveren teller 2,Beveren,51.1964712,4.2361077,0.39052929041321505,51.199967196244536,4.236644048150996,2019,1,7,46003,Beveren,Sneeuwval,"Ijzel, sneeuw","Nacht, openbare verlichting aanwezig en ontstoken",met lichtgewonden,6,Bromfiets,3,Fiets,Buiten Kruispunt,Gewestweg,buiten bebouwde kom,Tussen 2 bestuurders: Frontale botsing,Geen hindernis
12021,100,Mechelen teller 2,Mechelen,51.0457,4.46883,0.9845823690155432,51.052398785336976,4.459619111286588,2019,1,16,12025,Mechelen,Onbekend,"Nat, plassen",Dag,met lichtgewonden,9,personenauto,3,Fiets,Op Kruispunt,Gemeenteweg,buiten bebouwde kom,Tss. 2 best.: langs opzij (voor-/achterkant-flank),Geen hindernis
12021,99,Mechelen teller 1,Mechelen,51.04564,4.46882,0.9891849719207125,51.052398785336976,4.459619111286588,2019,1,16,12025,Mechelen,Onbekend,"Nat, plassen",Dag,met lichtgewonden,9,personenauto,3,Fiets,Op Kruispunt,Gemeenteweg,buiten bebouwde kom,Tss. 2 best.: langs opzij (voor-/achterkant-flank),Geen hindernis
12024,140,Hasselt ring,Hasselt,50.9300038,5.3438616,0.8985004815796059,50.931438941554546,5.331244669372855,2019,1,16,71022,Hasselt,Onbekend,"Nat, plassen",Dag,met lichtgewonden,3,Fiets,9,personenauto,Op Kruispunt,Gemeenteweg,binnen bebouwde kom,Tss. 2 best.: langs opzij (voor-/achterkant-flank),Geen hindernis
12027,138,Hasselt-Kempische brug,Hasselt,50.9405318,5.3422472,0.5759321930887272,50.93862217677495,5.349887730203391,2019,1,15,71022,Hasselt,Normaal,Droog,Dag,met lichtgewonden,9,personenauto,3,Fiets,Op Kruispunt,Gewestweg,binnen bebouwde kom,Tss. 2 best.: langs opzij (voor-/achterkant-flank),Geen hindernis
12027,137,Hasselt-Kempische brug,Hasselt,50.9411605,5.3417576,0.6357497162943667,50.93862217677495,5.349887730203391,2019,1,15,71022,Hasselt,Normaal,Droog,Dag,met lichtgewonden,9,personenauto,3,Fiets,Op Kruispunt,Gewestweg,binnen bebouwde kom,Tss. 2 best.: langs opzij (voor-/achterkant-flank),Geen hindernis
12031,131,Nevele,Deinze,51.0276612,3.558569,0.738402876285993,51.03281827935044,3.551916892898752,2019,1,15,44083,Deinze,Normaal,Droog,Dag,met lichtgewonden,3,Fiets,9,personenauto,Buiten Kruispunt,Gemeenteweg,binnen bebouwde kom,Tss. 2 best.: langs opzij (voor-/achterkant-flank),Geen hindernis
12138,13,Gent,Gent,51.03018,3.70146,0.8363221877864798,51.031182203104194,3.7133126095325295,2019,1,18,44021,Gent,Normaal,Droog,Onbekend,met lichtgewonden,9,personenauto,3,Fiets,Buiten Kruispunt,Gewestweg,binnen bebouwde kom,Tss. 2 best.: langs opzij (voor-/achterkant-flank),Geen hindernis
12160,135,Retie 2,Dessel,51.2544998,5.1040064,0.2731315940746873,51.252599161129325,5.106492518818529,2019,2,10,13006,Dessel,Normaal,Droog,Dag,met lichtgewonden,9,personenauto,3,Fiets,Op Kruispunt,Gewestweg,buiten bebouwde kom,Tussen 2 bestuurders: Frontale botsing,Geen hindernis
12160,134,Retie,Dessel,51.2548405,5.1037658,0.3132464432243902,51.252599161129325,5.106492518818529,2019,2,10,13006,Dessel,Normaal,Droog,Dag,met lichtgewonden,9,personenauto,3,Fiets,Op Kruispunt,Gewestweg,buiten bebouwde kom,Tussen 2 bestuurders: Frontale botsing,Geen hindernis
12164,94,Herentals teller 2,Herentals,51.17345,4.81283,0.7135403821233965,51.17509401413573,4.822723639889966,2019,2,17,13011,Herentals,Normaal,Droog,Dag,met lichtgewonden,9,personenauto,3,Fiets,Buiten Kruispunt,Gewestweg,binnen bebouwde kom,Tss. 2 best.: langs opzij (voor-/achterkant-flank),Geen hindernis
12164,110,Herentals totem,Herentals,51.1739426,4.811783,0.7733837027017024,51.17509401413573,4.822723639889966,2019,2,17,13011,Herentals,Normaal,Droog,Dag,met lichtgewonden,9,personenauto,3,Fiets,Buiten Kruispunt,Gewestweg,binnen bebouwde kom,Tss. 2 best.: langs opzij (voor-/achterkant-flank),Geen hindernis
12171,46,Pelt teller 2,Pelt,51.231,5.44375,0.9806124160082286,51.226846855234406,5.431326544584692,2019,2,18,72043,Pelt,Normaal,"Nat, plassen","Nacht, openbare verlichting aanwezig en ontstoken",met lichtgewonden,3,Fiets,9,personenauto,Buiten Kruispunt,Gewestweg,binnen bebouwde kom,Tss. 2 best.: langs opzij (voor-/achterkant-flank),Geen hindernis
12171,45,Pelt teller 1,Pelt,51.23127,5.44377,0.9963124228747087,51.226846855234406,5.431326544584692,2019,2,18,72043,Pelt,Normaal,"Nat, plassen","Nacht, openbare verlichting aanwezig en ontstoken",met lichtgewonden,3,Fiets,9,personenauto,Buiten Kruispunt,Gewestweg,binnen bebouwde kom,Tss. 2 best.: langs opzij (voor-/achterkant-flank),Geen hindernis
12199,25,Bree,Bree,51.13679500160176,5.597669323604317,0.3006876571208314,51.136188467116746,5.593469504278103,2019,2,17,72004,Bree,"Andere (dikke rook,...)",Droog,Dag,met lichtgewonden,3,Fiets,10,"één bestuurder, geen hindernis",Op Kruispunt,Gewestweg,buiten bebouwde kom,"Eén bestuurder, geen hindernis (incl. val)",Geen hindernis
12200,151,Leuven,District Leuven,50.8690262,4.6854839,0.5644784727264018,50.87261616184395,4.691171470653554,2019,2,9,24062,Leuven,Normaal,Droog,Dag,met lichtgewonden,9,personenauto,3,Fiets,Op Kruispunt,Gewestweg,binnen bebouwde kom,Tss. 2 best.: langs opzij (voor-/achterkant-flank),Geen hindernis
12205,69,Leuven teller 1,Leuven,50.87549,4.71526,0.7011541237406597,50.870059174331566,4.710182334307032,2019,2,7,24062,Leuven,Normaal,Droog,"Nacht, openbare verlichting aanwezig en ontstoken",met lichtgewonden,3,Fiets,5,Lichte vrachtauto,Op Kruispunt,Gewestweg,binnen bebouwde kom,Tss. 2 best.: langs opzij (voor-/achterkant-flank),Geen hindernis
12206,151,Leuven,District Leuven,50.8690262,4.6854839,0.9784636906550331,50.8638072184927,4.69670943181598,2019,2,18,24062,Leuven,Normaal,Droog,"Nacht, openbare verlichting aanwezig en ontstoken",met lichtgewonden,3,Fiets,3,Fiets,Op Kruispunt,Gemeenteweg,binnen bebouwde kom,Tussen 2 bestuurders: Frontale botsing,Geen hindernis
12208,107,leuven totem,Leuven,50.8870744,4.7087919,0.9417017685068497,50.88388621565447,4.721228493535964,2019,2,16,24062,Leuven,Normaal,Proper,Dag,met lichtgewonden,5,Lichte vrachtauto,3,Fiets,Buiten Kruispunt,Gewestweg,binnen bebouwde kom,Tussen 2 bestuurders: Flank tegen flank,Geen hindernis
12208,77,Leuven teller 2,Leuven,50.88672,4.70796,0.9826759236910825,50.88388621565447,4.721228493535964,2019,2,16,24062,Leuven,Normaal,Proper,Dag,met lichtgewonden,5,Lichte vrachtauto,3,Fiets,Buiten Kruispunt,Gewestweg,binnen bebouwde kom,Tussen 2 bestuurders: Flank tegen flank,Geen hindernis
12210,77,Leuven teller 2,Leuven,50.88672,4.70796,0.8296113324355037,50.88723257271122,4.696161283914562,2019,2,8,24062,Leuven,Normaal,Droog,Dag,met lichtgewonden,3,Fiets,9,personenauto,Op Kruispunt,Gemeenteweg,binnen bebouwde kom,Tss. 2 best.: langs opzij (voor-/achterkant-flank),Geen hindernis
12210,107,leuven totem,Leuven,50.8870744,4.7087919,0.8861781205031828,50.88723257271122,4.696161283914562,2019,2,8,24062,Leuven,Normaal,Droog,Dag,met lichtgewonden,3,Fiets,9,personenauto,Op Kruispunt,Gemeenteweg,binnen bebouwde kom,Tss. 2 best.: langs opzij (voor-/achterkant-flank),Geen hindernis
12222,26,Zaventem,Zaventem,50.86995,4.45444,0.6015994248519271,50.867085853619386,4.447166998932301,2019,2,8,23094,Zaventem,Normaal,"Nat, plassen",Dag,met lichtgewonden,3,Fiets,9,personenauto,Buiten Kruispunt,Gewestweg,binnen bebouwde kom,Tss. 2 best.: langs opzij (voor-/achterkant-flank),Geen hindernis
12238,109,Zemst,Zemst,50.9903936,4.4707023,0.8211038619207177,50.990734055321,4.482421310271492,2019,2,21,23096,Zemst,Normaal,Droog,"Nacht, openbare verlichting aanwezig en ontstoken",met lichtgewonden,3,Fiets,10,"één bestuurder, geen hindernis",Buiten Kruispunt,Gemeenteweg,binnen bebouwde kom,"Eén bestuurder, geen hindernis (incl. val)",Geen hindernis
12259,13,Gent,Gent,51.03018,3.70146,0.7893080526580848,51.027075602384144,3.711609892599944,2019,2,13,44021,Gent,Normaal,Droog,Dag,met lichtgewonden,3,Fiets,9,personenauto,Buiten Kruispunt,Gewestweg,binnen bebouwde kom,Tss. 2 best.: langs opzij (voor-/achterkant-flank),Geen hindernis
12288,119,Gent teller 2,Gent,51.0281795,3.7683918,0.49066674971277224,51.0247582024903,3.7728226383177237,2019,2,7,44040,Melle,Normaal,Droog,Dageraad - schemering,met lichtgewonden,8,Voetganger,3,Fiets,Op Kruispunt,Gewestweg,buiten bebouwde kom,Met een voetganger,Geen hindernis
12288,118,Gent teller 1,Gent,51.028049,3.7681359,0.49125966760006845,51.0247582024903,3.7728226383177237,2019,2,7,44040,Melle,Normaal,Droog,Dageraad - schemering,met lichtgewonden,8,Voetganger,3,Fiets,Op Kruispunt,Gewestweg,buiten bebouwde kom,Met een voetganger,Geen hindernis
12294,7,Evergem 1,Evergem,51.1089,3.70317,0.7046653771024022,51.1128825659523,3.7110217375440007,2019,2,18,44019,Evergem,Normaal,Droog,Dag,met lichtgewonden,9,personenauto,3,Fiets,Op Kruispunt,Gemeenteweg,binnen bebouwde kom,Tussen 2 bestuurders: Frontale botsing,Geen hindernis
12294,6,Evergem 2,Evergem,51.10894,3.70298,0.712285066851623,51.1128825659523,3.7110217375440007,2019,2,18,44019,Evergem,Normaal,Droog,Dag,met lichtgewonden,9,personenauto,3,Fiets,Op Kruispunt,Gemeenteweg,binnen bebouwde kom,Tussen 2 bestuurders: Frontale botsing,Geen hindernis
12296,7,Evergem 1,Evergem,51.1089,3.70317,0.44107038884168914,51.1125316554211,3.705711194837513,2019,2,19,44019,Evergem,Onbekend,Droog,"Nacht, geen openbare verlichting aanwezig",met lichtgewonden,3,Fiets,11,een weggebruiker tegen een hindernis,Buiten Kruispunt,Gemeenteweg,binnen bebouwde kom,Weggebruiker tegen hindernis buiten rijbaan,Andere hindernis
12296,6,Evergem 2,Evergem,51.10894,3.70298,0.4425523775541927,51.1125316554211,3.705711194837513,2019,2,19,44019,Evergem,Onbekend,Droog,"Nacht, geen openbare verlichting aanwezig",met lichtgewonden,3,Fiets,11,een weggebruiker tegen een hindernis,Buiten Kruispunt,Gemeenteweg,binnen bebouwde kom,Weggebruiker tegen hindernis buiten rijbaan,Andere hindernis
12339,121,Zele teller 2,Zele,51.0604067,4.0556696,0.02170435963800901,51.06032370925722,4.055388501979423,2019,2,7,42028,Zele,Normaal,Droog,Dag,met lichtgewonden,9,personenauto,3,Fiets,Op Kruispunt,Gemeenteweg,buiten bebouwde kom,Tss. 2 best.: langs opzij (voor-/achterkant-flank),Geen hindernis
12339,120,Zele teller 1,Zele,51.0607671,4.0547741,0.06537920165052842,51.06032370925722,4.055388501979423,2019,2,7,42028,Zele,Normaal,Droog,Dag,met lichtgewonden,9,personenauto,3,Fiets,Op Kruispunt,Gemeenteweg,buiten bebouwde kom,Tss. 2 best.: langs opzij (voor-/achterkant-flank),Geen hindernis
12371,125,Dendermonde totem,Dendermonde,51.0372706,4.1025998,0.4495988902270194,51.03325441643791,4.101855840596064,2019,2,14,42006,Dendermonde,Normaal,Droog,Dag,met lichtgewonden,3,Fiets,9,personenauto,Op Kruispunt,Gewestweg,binnen bebouwde kom,Tss. 2 best.: langs opzij (voor-/achterkant-flank),Geen hindernis
12371,122,Dendermonde teller 2,Dendermonde,51.0373918,4.1019222,0.4600794611025146,51.03325441643791,4.101855840596064,2019,2,14,42006,Dendermonde,Normaal,Droog,Dag,met lichtgewonden,3,Fiets,9,personenauto,Op Kruispunt,Gewestweg,binnen bebouwde kom,Tss. 2 best.: langs opzij (voor-/achterkant-flank),Geen hindernis
12372,125,Dendermonde totem,Dendermonde,51.0372706,4.1025998,0.6348242670623901,51.03183248183782,4.105363652318751,2019,2,5,42006,Dendermonde,Normaal,Droog,"Nacht, openbare verlichting aanwezig en ontstoken",met lichtgewonden,9,personenauto,3,Fiets,Buiten Kruispunt,Gemeenteweg,binnen bebouwde kom,Tussen 2 bestuurders: Langs achteren,Geen hindernis
12372,122,Dendermonde teller 2,Dendermonde,51.0373918,4.1019222,0.6633558599552006,51.03183248183782,4.105363652318751,2019,2,5,42006,Dendermonde,Normaal,Droog,"Nacht, openbare verlichting aanwezig en ontstoken",met lichtgewonden,9,personenauto,3,Fiets,Buiten Kruispunt,Gemeenteweg,binnen bebouwde kom,Tussen 2 bestuurders: Langs achteren,Geen hindernis
12376,122,Dendermonde teller 2,Dendermonde,51.0373918,4.1019222,0.9893958594208223,51.02978566600761,4.094580090799927,2019,2,12,42006,Dendermonde,Normaal,Droog,Dag,met lichtgewonden,3,Fiets,5,Lichte vrachtauto,Buiten Kruispunt,Gemeenteweg,binnen bebouwde kom,Tussen 2 bestuurders: Flank tegen flank,Geen hindernis
12384,54,Brugge teller 2,Brugge,51.23015,3.22818,0.9167451318453771,51.22194488945819,3.2268948647370994,2019,2,7,31005,Brugge,Normaal,Droog,Dag,met lichtgewonden,9,personenauto,3,Fiets,Op Kruispunt,Gemeenteweg,binnen bebouwde kom,Tussen 2 bestuurders: Frontale botsing,Geen hindernis
12384,53,Brugge teller 1,Brugge,51.23023,3.228,0.9244709348231477,51.22194488945819,3.2268948647370994,2019,2,7,31005,Brugge,Normaal,Droog,Dag,met lichtgewonden,9,personenauto,3,Fiets,Op Kruispunt,Gemeenteweg,binnen bebouwde kom,Tussen 2 bestuurders: Frontale botsing,Geen hindernis
12413,51,"Brugge, Sint-Andries",Brugge,51.19281,3.16252,0.857142032846222,51.18982943512051,3.1511769893276536,2019,2,12,31012,Jabbeke,Normaal,Droog,Dag,met lichtgewonden,9,personenauto,3,Fiets,Buiten Kruispunt,Gewestweg,binnen bebouwde kom,Tss. 2 best.: langs opzij (voor-/achterkant-flank),Geen hindernis
12413,50,"Brugge, Sint-Andries",Brugge,51.19291,3.16252,0.8615017575193884,51.18982943512051,3.1511769893276536,2019,2,12,31012,Jabbeke,Normaal,Droog,Dag,met lichtgewonden,9,personenauto,3,Fiets,Buiten Kruispunt,Gewestweg,binnen bebouwde kom,Tss. 2 best.: langs opzij (voor-/achterkant-flank),Geen hindernis
12418,55,Torhout teller 1,Torhout,51.07161,3.08261,0.6047840026592094,51.06906306220389,3.0902580265902637,2019,2,16,31033,Torhout,Regenval,"Nat, plassen",Dag,met lichtgewonden,9,personenauto,3,Fiets,Op Kruispunt,Gewestweg,binnen bebouwde kom,Tss. 2 best.: langs opzij (voor-/achterkant-flank),Geen hindernis
12418,56,Torhout teller 2,Torhout,51.07147,3.08244,0.6082969952065711,51.06906306220389,3.0902580265902637,2019,2,16,31033,Torhout,Regenval,"Nat, plassen",Dag,met lichtgewonden,9,personenauto,3,Fiets,Op Kruispunt,Gewestweg,binnen bebouwde kom,Tss. 2 best.: langs opzij (voor-/achterkant-flank),Geen hindernis
12434,143,Eco Display Classic Budastraat,Kortrijk,50.83066,3.26286,0.831816309469174,50.83813906603822,3.2626121610674494,2019,2,12,34022,Kortrijk,Normaal,Droog,Dag,met lichtgewonden,3,Fiets,9,personenauto,Op Kruispunt,Gewestweg,binnen bebouwde kom,Tss. 2 best.: langs opzij (voor-/achterkant-flank),Geen hindernis
12435,143,Eco Display Classic Budastraat,Kortrijk,50.83066,3.26286,0.5205512613801536,50.83407854685264,3.267923924948435,2019,2,7,34022,Kortrijk,Normaal,Droog,Dag,met lichtgewonden,9,personenauto,3,Fiets,Op Kruispunt,Gemeenteweg,binnen bebouwde kom,Tss. 2 best.: langs opzij (voor-/achterkant-flank),Geen hindernis
12435,17,Kortrijk 2,Kortrijk,50.83339,3.27773,0.6929010922530624,50.83407854685264,3.267923924948435,2019,2,7,34022,Kortrijk,Normaal,Droog,Dag,met lichtgewonden,9,personenauto,3,Fiets,Op Kruispunt,Gemeenteweg,binnen bebouwde kom,Tss. 2 best.: langs opzij (voor-/achterkant-flank),Geen hindernis
12435,16,Kortrijk 1,Kortrijk,50.83332,3.27777,0.6965931556866016,50.83407854685264,3.267923924948435,2019,2,7,34022,Kortrijk,Normaal,Droog,Dag,met lichtgewonden,9,personenauto,3,Fiets,Op Kruispunt,Gemeenteweg,binnen bebouwde kom,Tss. 2 best.: langs opzij (voor-/achterkant-flank),Geen hindernis
12436,75,Kortrijk teller 2,Kortrijk,50.81925,3.25731,0.11874173568693738,50.82024350339897,3.257929746279998,2019,2,21,34022,Kortrijk,Normaal,Droog,"Nacht, openbare verlichting aanwezig en ontstoken",met zwaargewonden,9,personenauto,3,Fiets,Buiten Kruispunt,Gewestweg,binnen bebouwde kom,Tussen 2 bestuurders: Langs achteren,Geen hindernis
12436,74,Kortrijk teller 1,Kortrijk,50.81909,3.25728,0.1361431335142103,50.82024350339897,3.257929746279998,2019,2,21,34022,Kortrijk,Normaal,Droog,"Nacht, openbare verlichting aanwezig en ontstoken",met zwaargewonden,9,personenauto,3,Fiets,Buiten Kruispunt,Gewestweg,binnen bebouwde kom,Tussen 2 bestuurders: Langs achteren,Geen hindernis
12438,143,Eco Display Classic Budastraat,Kortrijk,50.83066,3.26286,0.4818348434687021,50.82897106815998,3.256542093240895,2019,2,6,34022,Kortrijk,Normaal,Droog,"Nacht, openbare verlichting aanwezig en ontstoken",met lichtgewonden,9,personenauto,3,Fiets,Op Kruispunt,Gewestweg,binnen bebouwde kom,Tss. 2 best.: langs opzij (voor-/achterkant-flank),Geen hindernis
12441,74,Kortrijk teller 1,Kortrijk,50.81909,3.25728,0.9717195043174895,50.810888411046705,3.25250502515712,2019,2,7,34022,Kortrijk,Normaal,Droog,Dag,met zwaargewonden,3,Fiets,3,Fiets,Op Kruispunt,Gemeenteweg,binnen bebouwde kom,Tussen 2 bestuurders: Langs achteren,Geen hindernis
12441,75,Kortrijk teller 2,Kortrijk,50.81925,3.25731,0.9891530416326535,50.810888411046705,3.25250502515712,2019,2,7,34022,Kortrijk,Normaal,Droog,Dag,met zwaargewonden,3,Fiets,3,Fiets,Op Kruispunt,Gemeenteweg,binnen bebouwde kom,Tussen 2 bestuurders: Langs achteren,Geen hindernis
12442,75,Kortrijk teller 2,Kortrijk,50.81925,3.25731,0.8398324402203912,50.82036764779201,3.2691335205084657,2019,2,16,34022,Kortrijk,Normaal,Droog,Dag,met lichtgewonden,9,personenauto,3,Fiets,Op Kruispunt,Gewestweg,binnen bebouwde kom,Tussen 2 bestuurders: Flank tegen flank,Geen hindernis
12442,74,Kortrijk teller 1,Kortrijk,50.81909,3.25728,0.8447276416701901,50.82036764779201,3.2691335205084657,2019,2,16,34022,Kortrijk,Normaal,Droog,Dag,met lichtgewonden,9,personenauto,3,Fiets,Op Kruispunt,Gewestweg,binnen bebouwde kom,Tussen 2 bestuurders: Flank tegen flank,Geen hindernis
12445,75,Kortrijk teller 2,Kortrijk,50.81925,3.25731,0.6460287619362342,50.82495357724698,3.259061199610481,2019,2,20,34022,Kortrijk,Normaal,"Nat, plassen","Nacht, geen openbare verlichting aanwezig",met lichtgewonden,9,personenauto,3,Fiets,Op Kruispunt,Gewestweg,binnen bebouwde kom,Tss. 2 best.: langs opzij (voor-/achterkant-flank),Geen hindernis
12445,74,Kortrijk teller 1,Kortrijk,50.81909,3.25728,0.6638970601345524,50.82495357724698,3.259061199610481,2019,2,20,34022,Kortrijk,Normaal,"Nat, plassen","Nacht, geen openbare verlichting aanwezig",met lichtgewonden,9,personenauto,3,Fiets,Op Kruispunt,Gewestweg,binnen bebouwde kom,Tss. 2 best.: langs opzij (voor-/achterkant-flank),Geen hindernis
12445,143,Eco Display Classic Budastraat,Kortrijk,50.83066,3.26286,0.6883403972979208,50.82495357724698,3.259061199610481,2019,2,20,34022,Kortrijk,Normaal,"Nat, plassen","Nacht, geen openbare verlichting aanwezig",met lichtgewonden,9,personenauto,3,Fiets,Op Kruispunt,Gewestweg,binnen bebouwde kom,Tss. 2 best.: langs opzij (voor-/achterkant-flank),Geen hindernis
12446,143,Eco Display Classic Budastraat,Kortrijk,50.83066,3.26286,0.982297355484821,50.8243372508977,3.2726271489098706,2019,2,8,34022,Kortrijk,Normaal,Droog,Dag,met lichtgewonden,3,Fiets,5,Lichte vrachtauto,Op Kruispunt,Gewestweg,binnen bebouwde kom,Tss. 2 best.: langs opzij (voor-/achterkant-flank),Geen hindernis
12461,67,Ieper totem,Ieper,50.85018,2.85624,0.8776085361579739,50.847635522711485,2.8680732254285886,2019,2,14,33011,Ieper,Normaal,Droog,Dag,met lichtgewonden,3,Fiets,9,personenauto,Op Kruispunt,Gewestweg,binnen bebouwde kom,Tss. 2 best.: langs opzij (voor-/achterkant-flank),Geen hindernis
12461,68,Ieper,Ieper,50.85032,2.85608,0.8933282679543152,50.847635522711485,2.8680732254285886,2019,2,14,33011,Ieper,Normaal,Droog,Dag,met lichtgewonden,3,Fiets,9,personenauto,Op Kruispunt,Gewestweg,binnen bebouwde kom,Tss. 2 best.: langs opzij (voor-/achterkant-flank),Geen hindernis
12478,105,St. pieters leeuw teller 2,Halle,50.75509,4.24943,0.3376108211848478,50.75317971666747,4.253160267200762,2019,2,5,23027,Halle,Normaal,Droog,"Nacht, openbare verlichting aanwezig en ontstoken",met lichtgewonden,9,personenauto,3,Fiets,Op Kruispunt,Gemeenteweg,binnen bebouwde kom,Tss. 2 best.: langs opzij (voor-/achterkant-flank),Geen hindernis
12478,106,St. pieters leeuw teller 1,Sint-Pieters-Leeuw,50.75533,4.24951,0.3508678342864995,50.75317971666747,4.253160267200762,2019,2,5,23027,Halle,Normaal,Droog,"Nacht, openbare verlichting aanwezig en ontstoken",met lichtgewonden,9,personenauto,3,Fiets,Op Kruispunt,Gemeenteweg,binnen bebouwde kom,Tss. 2 best.: langs opzij (voor-/achterkant-flank),Geen hindernis
12491,138,Hasselt-Kempische brug,Hasselt,50.9405318,5.3422472,0.5759321930887272,50.93862217677495,5.349887730203391,2019,2,2,71022,Hasselt,Normaal,Droog,"Nacht, openbare verlichting aanwezig en ontstoken",met lichtgewonden,9,personenauto,3,Fiets,Op Kruispunt,Gewestweg,buiten bebouwde kom,Tss. 2 best.: langs opzij (voor-/achterkant-flank),Geen hindernis
12491,137,Hasselt-Kempische brug,Hasselt,50.9411605,5.3417576,0.6357497162943667,50.93862217677495,5.349887730203391,2019,2,2,71022,Hasselt,Normaal,Droog,"Nacht, openbare verlichting aanwezig en ontstoken",met lichtgewonden,9,personenauto,3,Fiets,Op Kruispunt,Gewestweg,buiten bebouwde kom,Tss. 2 best.: langs opzij (voor-/achterkant-flank),Geen hindernis
12497,140,Hasselt ring,Hasselt,50.9300038,5.3438616,0.6959072222197445,50.93340103571813,5.335521795917004,2019,2,17,71022,Hasselt,Normaal,Droog,Dag,met lichtgewonden,3,Fiets,6,Bromfiets,Buiten Kruispunt,Gewestweg,binnen bebouwde kom,Tussen 2 bestuurders: Frontale botsing,Geen hindernis
12497,138,Hasselt-Kempische brug,Hasselt,50.9405318,5.3422472,0.9223817267268407,50.93340103571813,5.335521795917004,2019,2,17,71022,Hasselt,Normaal,Droog,Dag,met lichtgewonden,3,Fiets,6,Bromfiets,Buiten Kruispunt,Gewestweg,binnen bebouwde kom,Tussen 2 bestuurders: Frontale botsing,Geen hindernis
12497,137,Hasselt-Kempische brug,Hasselt,50.9411605,5.3417576,0.9671479310515386,50.93340103571813,5.335521795917004,2019,2,17,71022,Hasselt,Normaal,Droog,Dag,met lichtgewonden,3,Fiets,6,Bromfiets,Buiten Kruispunt,Gewestweg,binnen bebouwde kom,Tussen 2 bestuurders: Frontale botsing,Geen hindernis
12795,2,Brasschaat 2,Brasschaat,51.27512,4.47169,0.6097771134555674,51.27272051981333,4.4638078704594335,2019,3,11,11008,Brasschaat,Normaal,Droog,Dag,met lichtgewonden,9,personenauto,3,Fiets,Op Kruispunt,Gemeenteweg,binnen bebouwde kom,Tss. 2 best.: langs opzij (voor-/achterkant-flank),Geen hindernis
12795,3,Brasschaat 1,Brasschaat,51.27503,4.47222,0.6390450545524375,51.27272051981333,4.4638078704594335,2019,3,11,11008,Brasschaat,Normaal,Droog,Dag,met lichtgewonden,9,personenauto,3,Fiets,Op Kruispunt,Gemeenteweg,binnen bebouwde kom,Tss. 2 best.: langs opzij (voor-/achterkant-flank),Geen hindernis
12831,103,Malle teller 1,Malle,51.31681,4.73872,0.8193547426597376,51.31283783598232,4.748649500640147,2019,4,10,11057,Malle,Normaal,Droog,Dag,met lichtgewonden,9,personenauto,3,Fiets,Buiten Kruispunt,Gemeenteweg,buiten bebouwde kom,Tussen 2 bestuurders: Flank tegen flank,Geen hindernis
12831,104,Malle teller 2,Malle,51.31682,4.73852,0.8316876450090952,51.31283783598232,4.748649500640147,2019,4,10,11057,Malle,Normaal,Droog,Dag,met lichtgewonden,9,personenauto,3,Fiets,Buiten Kruispunt,Gemeenteweg,buiten bebouwde kom,Tussen 2 bestuurders: Flank tegen flank,Geen hindernis
12858,96,Lier teller 2,Lier,51.11705,4.58444,0.042052272668087566,51.11722662537091,4.583907277224894,2019,4,16,12021,Lier,Normaal,Droog,Dag,met lichtgewonden,9,personenauto,3,Fiets,Op Kruispunt,Gewestweg,buiten bebouwde kom,Tss. 2 best.: langs opzij (voor-/achterkant-flank),Geen hindernis
12858,95,Lier teller 1,Lier,51.11687,4.58437,0.05114385794910293,51.11722662537091,4.583907277224894,2019,4,16,12021,Lier,Normaal,Droog,Dag,met lichtgewonden,9,personenauto,3,Fiets,Op Kruispunt,Gewestweg,buiten bebouwde kom,Tss. 2 best.: langs opzij (voor-/achterkant-flank),Geen hindernis