crash_row_id,site_id,site_name,site_gemeente,site_lat,site_long,distance_km,crash_lat,crash_long,DT_YEAR_COLLISION,DT_MONTH_COLLISION,DT_TIME,CD_NIS,TX_MUNTY_COLLISION_NL,TX_WEATHER_NL,TX_ROAD_CONDITION_NL,TX_LIGHT_CONDITION_NL,TX_CLASS_ACCIDENTS_NL,CD_ROAD_USR_TYPE1,TX_ROAD_USR_TYPE1_NL,CD_ROAD_USR_TYPE2,TX_ROAD_USR_TYPE2_NL,TX_CROSSWAY_NL,CD_ROAD_TYPE_NL,TX_BUILD_UP_AREA_NL,TX_COLLISION_TYPE_NL,TX_OBSTACLES_NL
12867,93,Nijlen teller 2,Nijlen,51.14998,4.64469,0.07710784450357656,51.14983376676341,4.643609385121834,2019,4,8,12026,Nijlen,Normaal,Droog,Dag,met lichtgewonden,3,Fiets,8,Voetganger,Buiten Kruispunt,Gewestweg,buiten bebouwde kom,Met een voetganger,Geen hindernis
12867,92,Nijlen teller 1,Nijlen,51.14989,4.64479,0.08258608552870263,51.14983376676341,4.643609385121834,2019,4,8,12026,Nijlen,Normaal,Droog,Dag,met lichtgewonden,3,Fiets,8,Voetganger,Buiten Kruispunt,Gewestweg,buiten bebouwde kom,Met een voetganger,Geen hindernis
12870,92,Nijlen teller 1,Nijlen,51.14989,4.64479,0.7786792135078164,51.15232961427953,4.655254637886467,2019,3,8,12026,Nijlen,Normaal,Droog,Dag,met lichtgewonden,9,personenauto,3,Fiets,Op Kruispunt,Gewestweg,buiten bebouwde kom,Tss. 2 best.: langs opzij (voor-/achterkant-flank),Geen hindernis
12870,93,Nijlen teller 2,Nijlen,51.14998,4.64469,0.7818193319578668,51.15232961427953,4.655254637886467,2019,3,8,12026,Nijlen,Normaal,Droog,Dag,met lichtgewonden,9,personenauto,3,Fiets,Op Kruispunt,Gewestweg,buiten bebouwde kom,Tss. 2 best.: langs opzij (voor-/achterkant-flank),Geen hindernis
12924,88,Westerlo teller 1,Westerlo,51.082,4.91325,0.588809137569711,51.087269167895364,4.912413760085517,2019,5,16,13049,Westerlo,Normaal,Droog,Dag,met lichtgewonden,3,Fiets,9,personenauto,Buiten Kruispunt,Gemeenteweg,binnen bebouwde kom,Tussen 2 bestuurders: Frontale botsing,Geen hindernis
12924,89,Westerlo teller 2,Westerlo,51.08191,4.91334,0.5994140547023155,51.087269167895364,4.912413760085517,2019,5,16,13049,Westerlo,Normaal,Droog,Dag,met lichtgewonden,3,Fiets,9,personenauto,Buiten Kruispunt,Gemeenteweg,binnen bebouwde kom,Tussen 2 bestuurders: Frontale botsing,Geen hindernis
12958,134,Retie,Dessel,51.2548405,5.1037658,0.2548531432966475,51.256590356685535,5.101400657787109,2019,3,12,13036,Retie,Normaal,Droog,Dag,met lichtgewonden,3,Fiets,3,Fiets,Buiten Kruispunt,Gewestweg,buiten bebouwde kom,Tussen 2 bestuurders: Flank tegen flank,Geen hindernis
12958,135,Retie 2,Dessel,51.2544998,5.1040064,0.29482242027428424,51.256590356685535,5.101400657787109,2019,3,12,13036,Retie,Normaal,Droog,Dag,met lichtgewonden,3,Fiets,3,Fiets,Buiten Kruispunt,Gewestweg,buiten bebouwde kom,Tussen 2 bestuurders: Flank tegen flank,Geen hindernis
12961,94,Herentals teller 2,Herentals,51.17345,4.81283,0.7512473937422064,51.177196344344246,4.8217978439352365,2019,4,15,13011,Herentals,Normaal,Droog,Dag,met lichtgewonden,3,Fiets,7,Motorfiets,Op Kruispunt,Gemeenteweg,binnen bebouwde kom,Tss. 2 best.: langs opzij (voor-/achterkant-flank),Geen hindernis
12961,110,Herentals totem,Herentals,51.1739426,4.811783,0.7863337652362727,51.177196344344246,4.8217978439352365,2019,4,15,13011,Herentals,Normaal,Droog,Dag,met lichtgewonden,3,Fiets,7,Motorfiets,Op Kruispunt,Gemeenteweg,binnen bebouwde kom,Tss. 2 best.: langs opzij (voor-/achterkant-flank),Geen hindernis
12963,110,Herentals totem,Herentals,51.1739426,4.811783,0.6739673123882027,51.17869718875112,4.805786832493451,2019,4,15,13011,Herentals,Normaal,Droog,Dag,dodelijk gewonden,3,Fiets,10,"één bestuurder, geen hindernis",Op Kruispunt,Gemeenteweg,buiten bebouwde kom,"Eén bestuurder, geen hindernis (incl. val)",Geen hindernis
12963,94,Herentals teller 2,Herentals,51.17345,4.81283,0.7625590886047963,51.17869718875112,4.805786832493451,2019,4,15,13011,Herentals,Normaal,Droog,Dag,dodelijk gewonden,3,Fiets,10,"één bestuurder, geen hindernis",Op Kruispunt,Gemeenteweg,buiten bebouwde kom,"Eén bestuurder, geen hindernis (incl. val)",Geen hindernis
12988,46,Pelt teller 2,Pelt,51.231,5.44375,0.02971415273591269,51.230859314927514,5.44338717557878,2019,5,12,72043,Pelt,Onbekend,Onbekend,Dag,met lichtgewonden,3,Fiets,9,personenauto,Op Kruispunt,Gewestweg,onbekend,Tss. 2 best.: langs opzij (voor-/achterkant-flank),Geen hindernis
12988,45,Pelt teller 1,Pelt,51.23127,5.44377,0.05287627819531873,51.230859314927514,5.44338717557878,2019,5,12,72043,Pelt,Onbekend,Onbekend,Dag,met lichtgewonden,3,Fiets,9,personenauto,Op Kruispunt,Gewestweg,onbekend,Tss. 2 best.: langs opzij (voor-/achterkant-flank),Geen hindernis
13030,21,Bilzen,Bilzen,50.86015,5.50161,0.8199027910396595,50.86644603117802,5.507690574090352,2019,5,16,73006,Bilzen,Normaal,Proper,Dag,met lichtgewonden,9,personenauto,3,Fiets,Buiten Kruispunt,Gewestweg,binnen bebouwde kom,Tss. 2 best.: langs opzij (voor-/achterkant-flank),Geen hindernis
13031,21,Bilzen,Bilzen,50.86015,5.50161,0.30048626938640094,50.86265878117716,5.503201123070752,2019,5,19,73006,Bilzen,Normaal,Droog,Dag,met lichtgewonden,3,Fiets,6,Bromfiets,Op Kruispunt,Gewestweg,buiten bebouwde kom,Tussen 2 bestuurders: Frontale botsing,Geen hindernis
13033,43,Maaseik teller 1,Maaseik,51.09344,5.79715,0.2585771219095304,51.09369989870253,5.79347056479287,2019,5,14,72021,Maaseik,Normaal,Droog,Dag,met lichtgewonden,9,personenauto,3,Fiets,Op Kruispunt,Gemeenteweg,binnen bebouwde kom,Tss. 2 best.: langs opzij (voor-/achterkant-flank),Geen hindernis
13033,44,Maaseik teller 2,Maaseik,51.09359,5.79726,0.2649206279264149,51.09369989870253,5.79347056479287,2019,5,14,72021,Maaseik,Normaal,Droog,Dag,met lichtgewonden,9,personenauto,3,Fiets,Op Kruispunt,Gemeenteweg,binnen bebouwde kom,Tss. 2 best.: langs opzij (voor-/achterkant-flank),Geen hindernis
13034,44,Maaseik teller 2,Maaseik,51.09359,5.79726,0.02430369582660021,51.093628828904414,5.79691752441957,2019,4,8,72021,Maaseik,Normaal,Droog,Dag,met lichtgewonden,3,Fiets,3,Fiets,Op Kruispunt,Gewestweg,binnen bebouwde kom,Tss. 2 best.: langs opzij (voor-/achterkant-flank),Geen hindernis
13034,43,Maaseik teller 1,Maaseik,51.09344,5.79715,0.026541427919624147,51.093628828904414,5.79691752441957,2019,4,8,72021,Maaseik,Normaal,Droog,Dag,met lichtgewonden,3,Fiets,3,Fiets,Op Kruispunt,Gewestweg,binnen bebouwde kom,Tss. 2 best.: langs opzij (voor-/achterkant-flank),Geen hindernis
13039,14,Genk,Genk,50.97172,5.48927,0.8024367600556218,50.97888245299913,5.490669892678071,2019,3,12,71016,Genk,Normaal,Droog,Dag,met lichtgewonden,3,Fiets,9,personenauto,Buiten Kruispunt,Gemeenteweg,binnen bebouwde kom,Tss. 2 best.: langs opzij (voor-/achterkant-flank),Geen hindernis
13044,14,Genk,Genk,50.97172,5.48927,0.4087581184046598,50.97539009131645,5.489602267838216,2019,5,16,71016,Genk,Normaal,Droog,Dag,met lichtgewonden,9,personenauto,3,Fiets,Buiten Kruispunt,Gemeenteweg,binnen bebouwde kom,Tss. 2 best.: langs opzij (voor-/achterkant-flank),Geen hindernis
13049,139,Houthalen-Helchteren,Houthalen-Helchteren,51.0644267,5.3819796,0.9056916906213693,51.05628661624702,5.382433497428268,2019,5,11,72039,Houthalen-Helchteren,Normaal,Droog,Dag,Met doden,4,Vrachtwagen,3,Fiets,Op Kruispunt,Gewestweg,binnen bebouwde kom,Tussen 2 bestuurders: Flank tegen flank,Geen hindernis
13058,69,Leuven teller 1,Leuven,50.87549,4.71526,0.9016822027385522,50.86766012321612,4.7119174817995555,2019,5,9,24062,Leuven,Normaal,Droog,Dag,met lichtgewonden,8,Voetganger,3,Fiets,Buiten Kruispunt,Gemeenteweg,binnen bebouwde kom,Met een voetganger,Geen hindernis
13060,69,Leuven teller 1,Leuven,50.87549,4.71526,0.21073652666595144,50.8736654659637,4.714447515395654,2019,4,8,24062,Leuven,Normaal,Droog,Dag,met lichtgewonden,3,Fiets,9,personenauto,Op Kruispunt,Gewestweg,binnen bebouwde kom,Tss. 2 best.: langs opzij (voor-/achterkant-flank),Geen hindernis
13064,69,Leuven teller 1,Leuven,50.87549,4.71526,0.49957026450022995,50.879975302607825,4.7156696231987345,2019,5,8,24062,Leuven,Normaal,Droog,Dag,met lichtgewonden,8,Voetganger,3,Fiets,Buiten Kruispunt,Gemeenteweg,binnen bebouwde kom,Met een voetganger,Geen hindernis
13064,77,Leuven teller 2,Leuven,50.88672,4.70796,0.9246548554461691,50.879975302607825,4.7156696231987345,2019,5,8,24062,Leuven,Normaal,Droog,Dag,met lichtgewonden,8,Voetganger,3,Fiets,Buiten Kruispunt,Gemeenteweg,binnen bebouwde kom,Met een voetganger,Geen hindernis
13064,107,leuven totem,Leuven,50.8870744,4.7087919,0.9251617751699336,50.879975302607825,4.7156696231987345,2019,5,8,24062,Leuven,Normaal,Droog,Dag,met lichtgewonden,8,Voetganger,3,Fiets,Buiten Kruispunt,Gemeenteweg,binnen bebouwde kom,Met een voetganger,Geen hindernis
13065,69,Leuven teller 1,Leuven,50.87549,4.71526,0.6195760934815487,50.876190826872104,4.7064997687589125,2019,5,11,24062,Leuven,Normaal,Droog,Dag,met lichtgewonden,3,Fiets,3,Fiets,Buiten Kruispunt,Gemeenteweg,binnen bebouwde kom,Tussen 2 bestuurders: Frontale botsing,Geen hindernis
13066,107,leuven totem,Leuven,50.8870744,4.7087919,0.5273241667654442,50.88380885893329,4.714242917777202,2019,5,8,24062,Leuven,Normaal,Droog,Dag,met lichtgewonden,3,Fiets,3,Fiets,Buiten Kruispunt,Gemeenteweg,binnen bebouwde kom,Tussen 2 bestuurders: Frontale botsing,Geen hindernis
13066,77,Leuven teller 2,Leuven,50.88672,4.70796,0.5468480348483984,50.88380885893329,4.714242917777202,2019,5,8,24062,Leuven,Normaal,Droog,Dag,met lichtgewonden,3,Fiets,3,Fiets,Buiten Kruispunt,Gemeenteweg,binnen bebouwde kom,Tussen 2 bestuurders: Frontale botsing,Geen hindernis
13066,69,Leuven teller 1,Leuven,50.87549,4.71526,0.9277631225659275,50.88380885893329,4.714242917777202,2019,5,8,24062,Leuven,Normaal,Droog,Dag,met lichtgewonden,3,Fiets,3,Fiets,Buiten Kruispunt,Gemeenteweg,binnen bebouwde kom,Tussen 2 bestuurders: Frontale botsing,Geen hindernis
13067,151,Leuven,District Leuven,50.8690262,4.6854839,0.6442705260926481,50.86997680765855,4.676427249116326,2019,5,11,24062,Leuven,Normaal,Droog,Dag,met lichtgewonden,3,Fiets,9,personenauto,Buiten Kruispunt,Gemeenteweg,binnen bebouwde kom,Tss. 2 best.: langs opzij (voor-/achterkant-flank),Geen hindernis
13068,77,Leuven teller 2,Leuven,50.88672,4.70796,0.9454607878041059,50.880920988731106,4.698103596378996,2019,5,10,24062,Leuven,Normaal,Droog,Dag,met lichtgewonden,5,Lichte vrachtauto,3,Fiets,Buiten Kruispunt,Gemeenteweg,binnen bebouwde kom,Tussen 2 bestuurders: Langs achteren,Geen hindernis
13069,151,Leuven,District Leuven,50.8690262,4.6854839,0.8884654265798801,50.870450265208966,4.697942168339712,2019,5,21,24062,Leuven,Onbekend,Onbekend,Dag,met lichtgewonden,3,Fiets,8,Voetganger,Buiten Kruispunt,Gemeenteweg,binnen bebouwde kom,Met een voetganger,Geen hindernis
13070,69,Leuven teller 1,Leuven,50.87549,4.71526,0.21902224732877174,50.8735267427057,4.715007457041504,2019,5,8,24062,Leuven,Normaal,Droog,Dag,met lichtgewonden,3,Fiets,3,Fiets,Buiten Kruispunt,Gewestweg,binnen bebouwde kom,Tussen 2 bestuurders: Flank tegen flank,Geen hindernis
13071,77,Leuven teller 2,Leuven,50.88672,4.70796,0.3355642347500892,50.884499638154544,4.704720349728411,2019,5,9,24062,Leuven,Onbekend,"Vuil (zand, grint, bladeren,...)",Dag,met lichtgewonden,3,Fiets,11,een weggebruiker tegen een hindernis,Op Kruispunt,Gemeenteweg,binnen bebouwde kom,Weggebruiker tegen hindernis op de rijbaan,Op de rijbaan: Lading
13071,107,leuven totem,Leuven,50.8870744,4.7087919,0.40440673149733863,50.884499638154544,4.704720349728411,2019,5,9,24062,Leuven,Onbekend,"Vuil (zand, grint, bladeren,...)",Dag,met lichtgewonden,3,Fiets,11,een weggebruiker tegen een hindernis,Op Kruispunt,Gemeenteweg,binnen bebouwde kom,Weggebruiker tegen hindernis op de rijbaan,Op de rijbaan: Lading
13073,77,Leuven teller 2,Leuven,50.88672,4.70796,0.8570911705665667,50.89139790331941,4.69824854215172,2019,5,13,24062,Leuven,Normaal,Droog,Dag,met lichtgewonden,9,personenauto,3,Fiets,Buiten Kruispunt,Gemeenteweg,binnen bebouwde kom,Tussen 2 bestuurders: Flank tegen flank,Geen hindernis
13073,107,leuven totem,Leuven,50.8870744,4.7087919,0.8820791931290627,50.89139790331941,4.69824854215172,2019,5,13,24062,Leuven,Normaal,Droog,Dag,met lichtgewonden,9,personenauto,3,Fiets,Buiten Kruispunt,Gemeenteweg,binnen bebouwde kom,Tussen 2 bestuurders: Flank tegen flank,Geen hindernis
13074,69,Leuven teller 1,Leuven,50.87549,4.71526,0.02760387117790124,50.87527754993093,4.715056483919494,2019,5,21,24062,Leuven,Normaal,Proper,Dageraad - schemering,met lichtgewonden,9,personenauto,3,Fiets,Op Kruispunt,Gewestweg,binnen bebouwde kom,Tussen 2 bestuurders: Frontale botsing,Geen hindernis
13075,77,Leuven teller 2,Leuven,50.88672,4.70796,0.6829560738100707,50.887387386228724,4.6982816394824205,2019,5,8,24062,Leuven,Normaal,Droog,Dag,met lichtgewonden,3,Fiets,11,een weggebruiker tegen een hindernis,Op Kruispunt,Gemeenteweg,binnen bebouwde kom,Weggebruiker tegen hindernis op de rijbaan,"Op de rijbaan: Werken (signal., aarde, toestel,…)"
13075,107,leuven totem,Leuven,50.8870744,4.7087919,0.7380860991431641,50.887387386228724,4.6982816394824205,2019,5,8,24062,Leuven,Normaal,Droog,Dag,met lichtgewonden,3,Fiets,11,een weggebruiker tegen een hindernis,Op Kruispunt,Gemeenteweg,binnen bebouwde kom,Weggebruiker tegen hindernis op de rijbaan,"Op de rijbaan: Werken (signal., aarde, toestel,…)"
13077,77,Leuven teller 2,Leuven,50.88672,4.70796,0.7055915142433336,50.88734398181712,4.6979500630475775,2019,5,7,24062,Leuven,Normaal,Droog,Dag,met lichtgewonden,3,Fiets,11,een weggebruiker tegen een hindernis,Buiten Kruispunt,Gemeenteweg,binnen bebouwde kom,Weggebruiker tegen hindernis buiten rijbaan,Andere hindernis
13077,107,leuven totem,Leuven,50.8870744,4.7087919,0.7611151658841355,50.88734398181712,4.6979500630475775,2019,5,7,24062,Leuven,Normaal,Droog,Dag,met lichtgewonden,3,Fiets,11,een weggebruiker tegen een hindernis,Buiten Kruispunt,Gemeenteweg,binnen bebouwde kom,Weggebruiker tegen hindernis buiten rijbaan,Andere hindernis
13078,69,Leuven teller 1,Leuven,50.87549,4.71526,0.43275035240485155,50.87907139017106,4.71284612125216,2019,5,18,24062,Leuven,Onbekend,Onbekend,Dag,met lichtgewonden,3,Fiets,6,Bromfiets,Op Kruispunt,Gemeenteweg,binnen bebouwde kom,Tussen 2 bestuurders: Flank tegen flank,Geen hindernis
13078,77,Leuven teller 2,Leuven,50.88672,4.70796,0.9169652508393661,50.87907139017106,4.71284612125216,2019,5,18,24062,Leuven,Onbekend,Onbekend,Dag,met lichtgewonden,3,Fiets,6,Bromfiets,Op Kruispunt,Gemeenteweg,binnen bebouwde kom,Tussen 2 bestuurders: Flank tegen flank,Geen hindernis
13078,107,leuven totem,Leuven,50.8870744,4.7087919,0.9342402510140166,50.87907139017106,4.71284612125216,2019,5,18,24062,Leuven,Onbekend,Onbekend,Dag,met lichtgewonden,3,Fiets,6,Bromfiets,Op Kruispunt,Gemeenteweg,binnen bebouwde kom,Tussen 2 bestuurders: Flank tegen flank,Geen hindernis
13079,107,leuven totem,Leuven,50.8870744,4.7087919,0.6562165946590895,50.88406737954036,4.716840995471227,2019,4,22,24062,Leuven,Onbekend,Onbekend,Onbekend,met lichtgewonden,9,personenauto,3,Fiets,Op Kruispunt,Gewestweg,binnen bebouwde kom,Tss. 2 best.: langs opzij (voor-/achterkant-flank),Geen hindernis
13079,77,Leuven teller 2,Leuven,50.88672,4.70796,0.6892973756893253,50.88406737954036,4.716840995471227,2019,4,22,24062,Leuven,Onbekend,Onbekend,Onbekend,met lichtgewonden,9,personenauto,3,Fiets,Op Kruispunt,Gewestweg,binnen bebouwde kom,Tss. 2 best.: langs opzij (voor-/achterkant-flank),Geen hindernis
13079,69,Leuven teller 1,Leuven,50.87549,4.71526,0.9601892969891831,50.88406737954036,4.716840995471227,2019,4,22,24062,Leuven,Onbekend,Onbekend,Onbekend,met lichtgewonden,9,personenauto,3,Fiets,Op Kruispunt,Gewestweg,binnen bebouwde kom,Tss. 2 best.: langs opzij (voor-/achterkant-flank),Geen hindernis
13080,77,Leuven teller 2,Leuven,50.88672,4.70796,0.4984876894625004,50.8824195067976,4.705953070074601,2019,5,14,24062,Leuven,Normaal,Droog,Dag,met lichtgewonden,3,Fiets,9,personenauto,Buiten Kruispunt,Gemeenteweg,binnen bebouwde kom,Tussen 2 bestuurders: Frontale botsing,Geen hindernis
13080,107,leuven totem,Leuven,50.8870744,4.7087919,0.5545896021639716,50.8824195067976,4.705953070074601,2019,5,14,24062,Leuven,Normaal,Droog,Dag,met lichtgewonden,3,Fiets,9,personenauto,Buiten Kruispunt,Gemeenteweg,binnen bebouwde kom,Tussen 2 bestuurders: Frontale botsing,Geen hindernis
13083,107,leuven totem,Leuven,50.8870744,4.7087919,0.6457166559251972,50.88240194362043,4.714257605364304,2019,4,20,24062,Leuven,Normaal,Droog,Dageraad - schemering,met lichtgewonden,3,Fiets,9,personenauto,Op Kruispunt,Gewestweg,binnen bebouwde kom,Tss. 2 best.: langs opzij (voor-/achterkant-flank),Geen hindernis
13083,77,Leuven teller 2,Leuven,50.88672,4.70796,0.6524674356014936,50.88240194362043,4.714257605364304,2019,4,20,24062,Leuven,Normaal,Droog,Dageraad - schemering,met lichtgewonden,3,Fiets,9,personenauto,Op Kruispunt,Gewestweg,binnen bebouwde kom,Tss. 2 best.: langs opzij (voor-/achterkant-flank),Geen hindernis
13083,69,Leuven teller 1,Leuven,50.87549,4.71526,0.771783994648162,50.88240194362043,4.714257605364304,2019,4,20,24062,Leuven,Normaal,Droog,Dageraad - schemering,met lichtgewonden,3,Fiets,9,personenauto,Op Kruispunt,Gewestweg,binnen bebouwde kom,Tss. 2 best.: langs opzij (voor-/achterkant-flank),Geen hindernis
13084,69,Leuven teller 1,Leuven,50.87549,4.71526,0.018620169846780547,50.87548490817614,4.714994745293066,2019,4,15,24062,Leuven,Normaal,Droog,Dag,met lichtgewonden,9,personenauto,3,Fiets,Buiten Kruispunt,Gewestweg,binnen bebouwde kom,Tss. 2 best.: langs opzij (voor-/achterkant-flank),Geen hindernis
13085,69,Leuven teller 1,Leuven,50.87549,4.71526,0.7486672191178897,50.88214687778643,4.716859293323704,2019,4,6,24062,Leuven,Normaal,"Ijzel, sneeuw",Dag,met lichtgewonden,3,Fiets,3,Fiets,Buiten Kruispunt,Gemeenteweg,binnen bebouwde kom,Tussen 2 bestuurders: Frontale botsing,Geen hindernis
13085,107,leuven totem,Leuven,50.8870744,4.7087919,0.7877155154154728,50.88214687778643,4.716859293323704,2019,4,6,24062,Leuven,Normaal,"Ijzel, sneeuw",Dag,met lichtgewonden,3,Fiets,3,Fiets,Buiten Kruispunt,Gemeenteweg,binnen bebouwde kom,Tussen 2 bestuurders: Frontale botsing,Geen hindernis
13085,77,Leuven teller 2,Leuven,50.88672,4.70796,0.8051882613084423,50.88214687778643,4.716859293323704,2019,4,6,24062,Leuven,Normaal,"Ijzel, sneeuw",Dag,met lichtgewonden,3,Fiets,3,Fiets,Buiten Kruispunt,Gemeenteweg,binnen bebouwde kom,Tussen 2 bestuurders: Frontale botsing,Geen hindernis
13086,77,Leuven teller 2,Leuven,50.88672,4.70796,0.9459296868834912,50.87988748354694,4.699927009706575,2019,4,18,24062,Leuven,Normaal,Droog,Dag,met lichtgewonden,3,Fiets,3,Fiets,Op Kruispunt,Gemeenteweg,binnen bebouwde kom,Tussen 2 bestuurders: Flank tegen flank,Geen hindernis
13087,151,Leuven,District Leuven,50.8690262,4.6854839,0.812281250088326,50.863509613827226,4.693071198333703,2019,4,11,24062,Leuven,Normaal,Droog,Dag,met lichtgewonden,9,personenauto,3,Fiets,Op Kruispunt,Gemeenteweg,binnen bebouwde kom,Tss. 2 best.: langs opzij (voor-/achterkant-flank),Geen hindernis
13089,69,Leuven teller 1,Leuven,50.87549,4.71526,0.6255180704089944,50.87323871835357,4.723429743037503,2019,4,19,24062,Leuven,Normaal,Droog,Dag,met lichtgewonden,3,Fiets,3,Fiets,Buiten Kruispunt,Gemeenteweg,binnen bebouwde kom,Tussen 2 bestuurders: Flank tegen flank,Geen hindernis
13093,107,leuven totem,Leuven,50.8870744,4.7087919,0.9672556754343193,50.88392151980624,4.72164275038418,2019,3,12,24062,Leuven,Normaal,Droog,Dag,met lichtgewonden,9,personenauto,3,Fiets,Buiten Kruispunt,Gewestweg,binnen bebouwde kom,Tss. 2 best.: langs opzij (voor-/achterkant-flank),Geen hindernis
13094,69,Leuven teller 1,Leuven,50.87549,4.71526,0.42271961499695426,50.8764597646316,4.7094345936542235,2019,3,10,24062,Leuven,Normaal,Droog,Dag,met lichtgewonden,3,Fiets,9,personenauto,Op Kruispunt,Gemeenteweg,binnen bebouwde kom,Tss. 2 best.: langs opzij (voor-/achterkant-flank),Geen hindernis
13097,69,Leuven teller 1,Leuven,50.87549,4.71526,0.4784108433417839,50.873969895911515,4.708881467000433,2019,3,20,24062,Leuven,Normaal,"Nat, plassen","Nacht, openbare verlichting aanwezig en ontstoken",met lichtgewonden,3,Fiets,6,Bromfiets,Op Kruispunt,Gemeenteweg,binnen bebouwde kom,Tussen 2 bestuurders: Flank tegen flank,Geen hindernis
13098,151,Leuven,District Leuven,50.8690262,4.6854839,0.9171387871243026,50.86881240495582,4.6985488646750735,2019,3,20,24062,Leuven,Normaal,"Nat, plassen","Nacht, openbare verlichting aanwezig en ontstoken",met lichtgewonden,9,personenauto,3,Fiets,Op Kruispunt,Gewestweg,binnen bebouwde kom,Tss. 2 best.: langs opzij (voor-/achterkant-flank),Geen hindernis
13101,77,Leuven teller 2,Leuven,50.88672,4.70796,0.8317589086398873,50.88046494756608,4.701457940107829,2019,3,10,24062,Leuven,Onbekend,Onbekend,Dag,met lichtgewonden,6,Bromfiets,3,Fiets,Buiten Kruispunt,Gemeenteweg,binnen bebouwde kom,Tss. 2 best.: langs opzij (voor-/achterkant-flank),Geen hindernis
13101,107,leuven totem,Leuven,50.8870744,4.7087919,0.8971277327864884,50.88046494756608,4.701457940107829,2019,3,10,24062,Leuven,Onbekend,Onbekend,Dag,met lichtgewonden,6,Bromfiets,3,Fiets,Buiten Kruispunt,Gemeenteweg,binnen bebouwde kom,Tss. 2 best.: langs opzij (voor-/achterkant-flank),Geen hindernis
13104,69,Leuven teller 1,Leuven,50.87549,4.71526,0.8692908352906572,50.88263875034744,4.7202748926445866,2019,4,13,24062,Leuven,Normaal,Droog,Dag,met lichtgewonden,9,personenauto,3,Fiets,Op Kruispunt,Gemeenteweg,binnen bebouwde kom,Tss. 2 best.: langs opzij (voor-/achterkant-flank),Geen hindernis
13104,107,leuven totem,Leuven,50.8870744,4.7087919,0.9445439872206687,50.88263875034744,4.7202748926445866,2019,4,13,24062,Leuven,Normaal,Droog,Dag,met lichtgewonden,9,personenauto,3,Fiets,Op Kruispunt,Gemeenteweg,binnen bebouwde kom,Tss. 2 best.: langs opzij (voor-/achterkant-flank),Geen hindernis
13104,77,Leuven teller 2,Leuven,50.88672,4.70796,0.9758455635469884,50.88263875034744,4.7202748926445866,2019,4,13,24062,Leuven,Normaal,Droog,Dag,met lichtgewonden,9,personenauto,3,Fiets,Op Kruispunt,Gemeenteweg,binnen bebouwde kom,Tss. 2 best.: langs opzij (voor-/achterkant-flank),Geen hindernis
13116,73,Herent teller 2,Herent,50.89128,4.64685,0.8283167507188961,50.88878085238272,4.65797457176166,2019,3,17,24038,Herent,Normaal,Droog,Dag,met lichtgewonden,3,Fiets,11,een weggebruiker tegen een hindernis,Buiten Kruispunt,Gewestweg,buiten bebouwde kom,Weggebruiker tegen hindernis op de rijbaan,"Op de rijbaan: Werken (signal., aarde, toestel,…)"
13116,72,Herent teller 1,Herent,50.89135,4.64689,0.8283257565033125,50.88878085238272,4.65797457176166,2019,3,17,24038,Herent,Normaal,Droog,Dag,met lichtgewonden,3,Fiets,11,een weggebruiker tegen een hindernis,Buiten Kruispunt,Gewestweg,buiten bebouwde kom,Weggebruiker tegen hindernis op de rijbaan,"Op de rijbaan: Werken (signal., aarde, toestel,…)"
13130,101,Diest teller 1,Diest,50.97799,5.04481,0.8078244264520864,50.97979833720073,5.055985679749611,2019,4,17,24020,Diest,Normaal,Droog,Dag,met lichtgewonden,9,personenauto,3,Fiets,Buiten Kruispunt,Gewestweg,binnen bebouwde kom,Tss. 2 best.: langs opzij (voor-/achterkant-flank),Geen hindernis
13130,102,Diest teller 2,Diest,50.9779,5.04474,0.8151065979503537,50.97979833720073,5.055985679749611,2019,4,17,24020,Diest,Normaal,Droog,Dag,met lichtgewonden,9,personenauto,3,Fiets,Buiten Kruispunt,Gewestweg,binnen bebouwde kom,Tss. 2 best.: langs opzij (voor-/achterkant-flank),Geen hindernis
13131,101,Diest teller 1,Diest,50.97799,5.04481,0.533041788601397,50.97932923286493,5.052120701471445,2019,4,5,24020,Diest,Onbekend,Droog,"Nacht, openbare verlichting aanwezig en ontstoken",met lichtgewonden,9,personenauto,3,Fiets,Buiten Kruispunt,Gewestweg,binnen bebouwde kom,Tss. 2 best.: langs opzij (voor-/achterkant-flank),Geen hindernis
13131,102,Diest teller 2,Diest,50.9779,5.04474,0.5406064080716089,50.97932923286493,5.052120701471445,2019,4,5,24020,Diest,Onbekend,Droog,"Nacht, openbare verlichting aanwezig en ontstoken",met lichtgewonden,9,personenauto,3,Fiets,Buiten Kruispunt,Gewestweg,binnen bebouwde kom,Tss. 2 best.: langs opzij (voor-/achterkant-flank),Geen hindernis
13133,101,Diest teller 1,Diest,50.97799,5.04481,0.7908370895054427,50.98363718805237,5.051677189311365,2019,3,10,24020,Diest,Normaal,Droog,Dag,met lichtgewonden,3,Fiets,5,Lichte vrachtauto,Op Kruispunt,Gemeenteweg,binnen bebouwde kom,Tss. 2 best.: langs opzij (voor-/achterkant-flank),Geen hindernis