crash_row_id,site_id,site_name,site_gemeente,site_lat,site_long,distance_km,crash_lat,crash_long,DT_YEAR_COLLISION,DT_MONTH_COLLISION,DT_TIME,CD_NIS,TX_MUNTY_COLLISION_NL,TX_WEATHER_NL,TX_ROAD_CONDITION_NL,TX_LIGHT_CONDITION_NL,TX_CLASS_ACCIDENTS_NL,CD_ROAD_USR_TYPE1,TX_ROAD_USR_TYPE1_NL,CD_ROAD_USR_TYPE2,TX_ROAD_USR_TYPE2_NL,TX_CROSSWAY_NL,CD_ROAD_TYPE_NL,TX_BUILD_UP_AREA_NL,TX_COLLISION_TYPE_NL,TX_OBSTACLES_NL
13133,102,Diest teller 2,Diest,50.9779,5.04474,0.8017654852513563,50.98363718805237,5.051677189311365,2019,3,10,24020,Diest,Normaal,Droog,Dag,met lichtgewonden,3,Fiets,5,Lichte vrachtauto,Op Kruispunt,Gemeenteweg,binnen bebouwde kom,Tss. 2 best.: langs opzij (voor-/achterkant-flank),Geen hindernis
13144,147,Overijse,District Vilvoorde-gewestwegen,50.7797555,4.4975769,0.9843716498834368,50.781902146576904,4.51116003127123,2019,5,17,23062,Overijse,Normaal,"Nat, plassen",Dag,met lichtgewonden,9,personenauto,3,Fiets,Buiten Kruispunt,Gewestweg,buiten bebouwde kom,Tss. 2 best.: langs opzij (voor-/achterkant-flank),Geen hindernis
13147,147,Overijse,District Vilvoorde-gewestwegen,50.7797555,4.4975769,0.6894836284808377,50.78536966960126,4.501740326328853,2019,4,11,23062,Overijse,Normaal,Droog,Dag,met lichtgewonden,9,personenauto,3,Fiets,Buiten Kruispunt,Gewestweg,buiten bebouwde kom,Tss. 2 best.: langs opzij (voor-/achterkant-flank),Geen hindernis
13147,145,Overijse,District Vilvoorde-gewestwegen,50.7885856,4.4908759,0.8433178661610227,50.78536966960126,4.501740326328853,2019,4,11,23062,Overijse,Normaal,Droog,Dag,met lichtgewonden,9,personenauto,3,Fiets,Buiten Kruispunt,Gewestweg,buiten bebouwde kom,Tss. 2 best.: langs opzij (voor-/achterkant-flank),Geen hindernis
13147,146,Overijse 2,District Vilvoorde-gewestwegen,50.7881478,4.4902818,0.8627185727267539,50.78536966960126,4.501740326328853,2019,4,11,23062,Overijse,Normaal,Droog,Dag,met lichtgewonden,9,personenauto,3,Fiets,Buiten Kruispunt,Gewestweg,buiten bebouwde kom,Tss. 2 best.: langs opzij (voor-/achterkant-flank),Geen hindernis
13151,86,Asse teller 2,Asse,50.89132,4.1709,0.983607620859108,50.88282891271368,4.166969075974398,2019,2,22,23086,Ternat,Onbekend,Onbekend,Onbekend,met lichtgewonden,3,Fiets,9,personenauto,Op Kruispunt,Gewestweg,onbekend,Tss. 2 best.: langs opzij (voor-/achterkant-flank),Geen hindernis
13159,152,Opwijk,District Vilvoorde-gewestwegen,50.968901168564656,4.149169474840164,0.374671416100963,50.97000593657287,4.154224367933789,2019,5,16,23060,Opwijk,Normaal,Droog,Dag,met lichtgewonden,5,Lichte vrachtauto,3,Fiets,Buiten Kruispunt,Gemeenteweg,binnen bebouwde kom,Tss. 2 best.: langs opzij (voor-/achterkant-flank),Geen hindernis
13180,27,Grimbergen,Meise,50.92127,4.34013,0.43759806947623126,50.917338169256176,4.3403963319959695,2019,5,16,23025,Grimbergen,Normaal,Droog,Dag,met lichtgewonden,3,Fiets,3,Fiets,Buiten Kruispunt,Gewestweg,buiten bebouwde kom,Tussen 2 bestuurders: Flank tegen flank,Geen hindernis
13193,71,Kampenhout teller 2,Kampenhout,50.95589,4.59164,0.30346048811177523,50.95335625518455,4.5900304291295715,2019,5,15,23038,Kampenhout,Normaal,Droog,Dag,met lichtgewonden,6,Bromfiets,3,Fiets,Op Kruispunt,Gewestweg,binnen bebouwde kom,Tss. 2 best.: langs opzij (voor-/achterkant-flank),Geen hindernis
13193,70,Kampenhout teller 1,Kampenhout,50.95682,4.59318,0.4438587917388444,50.95335625518455,4.5900304291295715,2019,5,15,23038,Kampenhout,Normaal,Droog,Dag,met lichtgewonden,6,Bromfiets,3,Fiets,Op Kruispunt,Gewestweg,binnen bebouwde kom,Tss. 2 best.: langs opzij (voor-/achterkant-flank),Geen hindernis
13203,118,Gent teller 1,Gent,51.028049,3.7681359,0.7505266094192165,51.028725019682916,3.757457998720723,2019,3,8,44021,Gent,Regenval,"Nat, plassen",Dag,met lichtgewonden,3,Fiets,9,personenauto,Buiten Kruispunt,Gemeenteweg,binnen bebouwde kom,Tussen 2 bestuurders: Flank tegen flank,Geen hindernis
13203,119,Gent teller 2,Gent,51.0281795,3.7683918,0.767050135897432,51.028725019682916,3.757457998720723,2019,3,8,44021,Gent,Regenval,"Nat, plassen",Dag,met lichtgewonden,3,Fiets,9,personenauto,Buiten Kruispunt,Gemeenteweg,binnen bebouwde kom,Tussen 2 bestuurders: Flank tegen flank,Geen hindernis
13248,118,Gent teller 1,Gent,51.028049,3.7681359,0.8474853279469875,51.032838934704486,3.758709436764451,2019,5,9,44021,Gent,Normaal,Droog,Dag,met lichtgewonden,9,personenauto,3,Fiets,Buiten Kruispunt,Gewestweg,binnen bebouwde kom,Tss. 2 best.: langs opzij (voor-/achterkant-flank),Geen hindernis
13248,119,Gent teller 2,Gent,51.0281795,3.7683918,0.852582474210183,51.032838934704486,3.758709436764451,2019,5,9,44021,Gent,Normaal,Droog,Dag,met lichtgewonden,9,personenauto,3,Fiets,Buiten Kruispunt,Gewestweg,binnen bebouwde kom,Tss. 2 best.: langs opzij (voor-/achterkant-flank),Geen hindernis
13255,118,Gent teller 1,Gent,51.028049,3.7681359,0.8670777914990669,51.03294659266793,3.75848754969325,2019,3,8,44021,Gent,Normaal,Droog,Dag,met lichtgewonden,9,personenauto,3,Fiets,Op Kruispunt,Gewestweg,binnen bebouwde kom,Tss. 2 best.: langs opzij (voor-/achterkant-flank),Geen hindernis
13255,119,Gent teller 2,Gent,51.0281795,3.7683918,0.8721795766362758,51.03294659266793,3.75848754969325,2019,3,8,44021,Gent,Normaal,Droog,Dag,met lichtgewonden,9,personenauto,3,Fiets,Op Kruispunt,Gewestweg,binnen bebouwde kom,Tss. 2 best.: langs opzij (voor-/achterkant-flank),Geen hindernis
13293,118,Gent teller 1,Gent,51.028049,3.7681359,0.933473585598924,51.02022061634854,3.7633159607093156,2019,3,0,44021,Gent,Normaal,"Nat, plassen+Proper","Nacht, openbare verlichting aanwezig en ontstoken",met lichtgewonden,3,Fiets,9,personenauto,Buiten Kruispunt,Gemeenteweg,binnen bebouwde kom,Tussen 2 bestuurders: Frontale botsing,Geen hindernis
13293,119,Gent teller 2,Gent,51.0281795,3.7683918,0.9535373386308034,51.02022061634854,3.7633159607093156,2019,3,0,44021,Gent,Normaal,"Nat, plassen+Proper","Nacht, openbare verlichting aanwezig en ontstoken",met lichtgewonden,3,Fiets,9,personenauto,Buiten Kruispunt,Gemeenteweg,binnen bebouwde kom,Tussen 2 bestuurders: Frontale botsing,Geen hindernis
13354,119,Gent teller 2,Gent,51.0281795,3.7683918,0.8254353866873706,51.022421672968854,3.775841056885225,2019,5,16,44040,Melle,Normaal,Droog,Dag,met lichtgewonden,7,Motorfiets,3,Fiets,Buiten Kruispunt,Gewestweg,buiten bebouwde kom,Tss. 2 best.: langs opzij (voor-/achterkant-flank),Geen hindernis
13354,118,Gent teller 1,Gent,51.028049,3.7681359,0.8257985030890629,51.022421672968854,3.775841056885225,2019,5,16,44040,Melle,Normaal,Droog,Dag,met lichtgewonden,7,Motorfiets,3,Fiets,Buiten Kruispunt,Gewestweg,buiten bebouwde kom,Tss. 2 best.: langs opzij (voor-/achterkant-flank),Geen hindernis
13362,116,Melle teller 2,Melle,50.9986113,3.8040599,0.5909402994184834,51.00242271114133,3.7981747747997017,2019,3,16,44040,Melle,Normaal,Droog,Dag,met lichtgewonden,3,Fiets,3,Fiets,Op Kruispunt,Gemeenteweg,binnen bebouwde kom,Tussen 2 bestuurders: Frontale botsing,Geen hindernis
13362,117,Melle teller 1,Melle,50.9986113,3.8040599,0.5909402994184834,51.00242271114133,3.7981747747997017,2019,3,16,44040,Melle,Normaal,Droog,Dag,met lichtgewonden,3,Fiets,3,Fiets,Op Kruispunt,Gemeenteweg,binnen bebouwde kom,Tussen 2 bestuurders: Frontale botsing,Geen hindernis
13363,119,Gent teller 2,Gent,51.0281795,3.7683918,0.5493636779599833,51.02571850114411,3.77520306805645,2019,3,16,44040,Melle,Normaal,Droog,Dag,met lichtgewonden,3,Fiets,11,een weggebruiker tegen een hindernis,Buiten Kruispunt,Gewestweg,binnen bebouwde kom,Weggebruiker tegen hindernis buiten rijbaan,Andere hindernis
13363,118,Gent teller 1,Gent,51.028049,3.7681359,0.5580686735853525,51.02571850114411,3.77520306805645,2019,3,16,44040,Melle,Normaal,Droog,Dag,met lichtgewonden,3,Fiets,11,een weggebruiker tegen een hindernis,Buiten Kruispunt,Gewestweg,binnen bebouwde kom,Weggebruiker tegen hindernis buiten rijbaan,Andere hindernis
13371,116,Melle teller 2,Melle,50.9986113,3.8040599,0.2550757160277464,51.000198573720574,3.8066914861634777,2019,3,16,44040,Melle,Normaal,Droog,Dag,met lichtgewonden,3,Fiets,9,personenauto,Buiten Kruispunt,Gewestweg,binnen bebouwde kom,Tss. 2 best.: langs opzij (voor-/achterkant-flank),Geen hindernis
13371,117,Melle teller 1,Melle,50.9986113,3.8040599,0.2550757160277464,51.000198573720574,3.8066914861634777,2019,3,16,44040,Melle,Normaal,Droog,Dag,met lichtgewonden,3,Fiets,9,personenauto,Buiten Kruispunt,Gewestweg,binnen bebouwde kom,Tss. 2 best.: langs opzij (voor-/achterkant-flank),Geen hindernis
13383,114,Deinze teller 1,Nazareth,50.9598305,3.555502,0.44503469040492916,50.95749026436058,3.5606566095144196,2019,4,7,44048,Nazareth,Normaal,"Nat, plassen",Dag,met lichtgewonden,3,Fiets,3,Fiets,Buiten Kruispunt,Gewestweg,buiten bebouwde kom,Tussen 2 bestuurders: Flank tegen flank,Geen hindernis
13383,113,Deinze teller 2,Deinze,50.96018,3.55578,0.45399468123253417,50.95749026436058,3.5606566095144196,2019,4,7,44048,Nazareth,Normaal,"Nat, plassen",Dag,met lichtgewonden,3,Fiets,3,Fiets,Buiten Kruispunt,Gewestweg,buiten bebouwde kom,Tussen 2 bestuurders: Flank tegen flank,Geen hindernis
13386,114,Deinze teller 1,Nazareth,50.9598305,3.555502,0.5390532291663326,50.95677065719688,3.5614715768200367,2019,3,17,44048,Nazareth,Onbekend,Onbekend,Onbekend,met lichtgewonden,3,Fiets,6,Bromfiets,Buiten Kruispunt,Gewestweg,onbekend,Tss. 2 best.: langs opzij (voor-/achterkant-flank),Geen hindernis
13386,113,Deinze teller 2,Deinze,50.96018,3.55578,0.5501178262803205,50.95677065719688,3.5614715768200367,2019,3,17,44048,Nazareth,Onbekend,Onbekend,Onbekend,met lichtgewonden,3,Fiets,6,Bromfiets,Buiten Kruispunt,Gewestweg,onbekend,Tss. 2 best.: langs opzij (voor-/achterkant-flank),Geen hindernis
13388,114,Deinze teller 1,Nazareth,50.9598305,3.555502,0.3479833527860964,50.95804240880253,3.5595795446688894,2019,3,12,44048,Nazareth,Normaal,Droog,Dag,met lichtgewonden,3,Fiets,11,een weggebruiker tegen een hindernis,Buiten Kruispunt,Gewestweg,buiten bebouwde kom,Weggebruiker tegen hindernis op de rijbaan,"Op de rijbaan: Verkeersdrempel, ezelsrug"
13388,113,Deinze teller 2,Deinze,50.96018,3.55578,0.35681068010364586,50.95804240880253,3.5595795446688894,2019,3,12,44048,Nazareth,Normaal,Droog,Dag,met lichtgewonden,3,Fiets,11,een weggebruiker tegen een hindernis,Buiten Kruispunt,Gewestweg,buiten bebouwde kom,Weggebruiker tegen hindernis op de rijbaan,"Op de rijbaan: Verkeersdrempel, ezelsrug"
13398,7,Evergem 1,Evergem,51.1089,3.70317,0.36831932879220486,51.107259180688374,3.7077529484710934,2019,4,11,44019,Evergem,Normaal,Droog,Dag,met lichtgewonden,3,Fiets,11,een weggebruiker tegen een hindernis,Buiten Kruispunt,Gemeenteweg,binnen bebouwde kom,Weggebruiker tegen hindernis buiten rijbaan,Andere hindernis
13398,6,Evergem 2,Evergem,51.10894,3.70298,0.3820549183127724,51.107259180688374,3.7077529484710934,2019,4,11,44019,Evergem,Normaal,Droog,Dag,met lichtgewonden,3,Fiets,11,een weggebruiker tegen een hindernis,Buiten Kruispunt,Gemeenteweg,binnen bebouwde kom,Weggebruiker tegen hindernis buiten rijbaan,Andere hindernis
13399,6,Evergem 2,Evergem,51.10894,3.70298,0.5164550448311122,51.11003034120048,3.6957889349194346,2019,5,15,44019,Evergem,Normaal,Droog,Dag,met lichtgewonden,5,Lichte vrachtauto,3,Fiets,Buiten Kruispunt,Gemeenteweg,binnen bebouwde kom,Tss. 2 best.: langs opzij (voor-/achterkant-flank),Geen hindernis
13399,7,Evergem 1,Evergem,51.1089,3.70317,0.5303943836363272,51.11003034120048,3.6957889349194346,2019,5,15,44019,Evergem,Normaal,Droog,Dag,met lichtgewonden,5,Lichte vrachtauto,3,Fiets,Buiten Kruispunt,Gemeenteweg,binnen bebouwde kom,Tss. 2 best.: langs opzij (voor-/achterkant-flank),Geen hindernis
13543,126,Hamme totem,Hamme,51.1017709,4.1469307,0.864570136050989,51.094458549700505,4.142722372955345,2019,5,12,42008,Hamme,Normaal,"Nat, plassen",Dag,met lichtgewonden,2,Andere weggebruiker,3,Fiets,Op Kruispunt,Gewestweg,binnen bebouwde kom,Tussen 2 bestuurders: Flank tegen flank,Geen hindernis
13546,126,Hamme totem,Hamme,51.1017709,4.1469307,0.8232919355855501,51.09454007233364,4.144395365604193,2019,5,18,42008,Hamme,Normaal,Droog,Dag,met lichtgewonden,3,Fiets,9,personenauto,Buiten Kruispunt,Gemeenteweg,binnen bebouwde kom,Tss. 2 best.: langs opzij (voor-/achterkant-flank),Geen hindernis
13558,152,Opwijk,District Vilvoorde-gewestwegen,50.968901168564656,4.149169474840164,0.9173674933732276,50.97669156056423,4.144857106781478,2019,5,11,42011,Lebbeke,Normaal,Droog,Dag,met lichtgewonden,6,Bromfiets,3,Fiets,Buiten Kruispunt,Gewestweg,buiten bebouwde kom,Tussen 2 bestuurders: Frontale botsing,Geen hindernis
13582,10,Aalst 2,Aalst,50.93549,4.01571,0.23039164435453313,50.93661192042773,4.018474146209859,2019,5,12,41002,Aalst,Normaal,Droog,Dag,met lichtgewonden,3,Fiets,9,personenauto,Buiten Kruispunt,Gemeenteweg,binnen bebouwde kom,Tss. 2 best.: langs opzij (voor-/achterkant-flank),Geen hindernis
13582,11,Aalst 3,Aalst,50.93385,4.01647,0.337699533087646,50.93661192042773,4.018474146209859,2019,5,12,41002,Aalst,Normaal,Droog,Dag,met lichtgewonden,3,Fiets,9,personenauto,Buiten Kruispunt,Gemeenteweg,binnen bebouwde kom,Tss. 2 best.: langs opzij (voor-/achterkant-flank),Geen hindernis
13582,19,Aalst 1,Aalst,50.93433,4.01471,0.36600266550148153,50.93661192042773,4.018474146209859,2019,5,12,41002,Aalst,Normaal,Droog,Dag,met lichtgewonden,3,Fiets,9,personenauto,Buiten Kruispunt,Gemeenteweg,binnen bebouwde kom,Tss. 2 best.: langs opzij (voor-/achterkant-flank),Geen hindernis
13584,10,Aalst 2,Aalst,50.93549,4.01571,0.5203837728126571,50.937284912829874,4.0225683803554855,2019,5,11,41002,Aalst,Normaal,Droog,Dag,met lichtgewonden,9,personenauto,3,Fiets,Buiten Kruispunt,Gemeenteweg,binnen bebouwde kom,Tss. 2 best.: langs opzij (voor-/achterkant-flank),Geen hindernis
13584,11,Aalst 3,Aalst,50.93385,4.01647,0.5731505030864706,50.937284912829874,4.0225683803554855,2019,5,11,41002,Aalst,Normaal,Droog,Dag,met lichtgewonden,9,personenauto,3,Fiets,Buiten Kruispunt,Gemeenteweg,binnen bebouwde kom,Tss. 2 best.: langs opzij (voor-/achterkant-flank),Geen hindernis
13584,19,Aalst 1,Aalst,50.93433,4.01471,0.6412445538506754,50.937284912829874,4.0225683803554855,2019,5,11,41002,Aalst,Normaal,Droog,Dag,met lichtgewonden,9,personenauto,3,Fiets,Buiten Kruispunt,Gemeenteweg,binnen bebouwde kom,Tss. 2 best.: langs opzij (voor-/achterkant-flank),Geen hindernis
13587,11,Aalst 3,Aalst,50.93385,4.01647,0.8530269817493323,50.93663511222716,4.027812514346105,2019,5,17,41002,Aalst,Normaal,"Ijzel, sneeuw",Dag,met lichtgewonden,3,Fiets,8,Voetganger,Buiten Kruispunt,Gewestweg,binnen bebouwde kom,Met een voetganger,Geen hindernis
13587,10,Aalst 2,Aalst,50.93549,4.01571,0.8575726088141257,50.93663511222716,4.027812514346105,2019,5,17,41002,Aalst,Normaal,"Ijzel, sneeuw",Dag,met lichtgewonden,3,Fiets,8,Voetganger,Buiten Kruispunt,Gewestweg,binnen bebouwde kom,Met een voetganger,Geen hindernis
13587,19,Aalst 1,Aalst,50.93433,4.01471,0.9532583970480311,50.93663511222716,4.027812514346105,2019,5,17,41002,Aalst,Normaal,"Ijzel, sneeuw",Dag,met lichtgewonden,3,Fiets,8,Voetganger,Buiten Kruispunt,Gewestweg,binnen bebouwde kom,Met een voetganger,Geen hindernis
13594,11,Aalst 3,Aalst,50.93385,4.01647,0.5668712767656481,50.93520923412382,4.024266561487674,2019,3,16,41002,Aalst,Normaal,Droog,Dag,met lichtgewonden,3,Fiets,8,Voetganger,Buiten Kruispunt,Gemeenteweg,binnen bebouwde kom,Met een voetganger,Geen hindernis
13594,10,Aalst 2,Aalst,50.93549,4.01571,0.600410675700293,50.93520923412382,4.024266561487674,2019,3,16,41002,Aalst,Normaal,Droog,Dag,met lichtgewonden,3,Fiets,8,Voetganger,Buiten Kruispunt,Gemeenteweg,binnen bebouwde kom,Met een voetganger,Geen hindernis
13594,19,Aalst 1,Aalst,50.93433,4.01471,0.6767803047364868,50.93520923412382,4.024266561487674,2019,3,16,41002,Aalst,Normaal,Droog,Dag,met lichtgewonden,3,Fiets,8,Voetganger,Buiten Kruispunt,Gemeenteweg,binnen bebouwde kom,Met een voetganger,Geen hindernis
13596,10,Aalst 2,Aalst,50.93549,4.01571,0.9460728026651012,50.943982160278644,4.016539649471028,2019,2,14,41002,Aalst,Normaal,Droog,Dag,met lichtgewonden,9,personenauto,3,Fiets,Op Kruispunt,Gemeenteweg,binnen bebouwde kom,Tussen 2 bestuurders: Flank tegen flank,Geen hindernis
13601,10,Aalst 2,Aalst,50.93549,4.01571,0.934733446266396,50.94059925315744,4.026303149325212,2019,3,12,41002,Aalst,Normaal,Droog,Dag,met zwaargewonden,3,Fiets,1,Autobus,Op Kruispunt,Gemeenteweg,binnen bebouwde kom,Tussen 2 bestuurders: Flank tegen flank,Geen hindernis
13620,122,Dendermonde teller 2,Dendermonde,51.0373918,4.1019222,0.9661754607938615,51.031762835363516,4.091396328990915,2019,4,7,42006,Dendermonde,Normaal,Droog,Dag,met lichtgewonden,9,personenauto,3,Fiets,Buiten Kruispunt,Gewestweg,binnen bebouwde kom,Tussen 2 bestuurders: Flank tegen flank,Geen hindernis
13620,125,Dendermonde totem,Dendermonde,51.0372706,4.1025998,0.9943841763921497,51.031762835363516,4.091396328990915,2019,4,7,42006,Dendermonde,Normaal,Droog,Dag,met lichtgewonden,9,personenauto,3,Fiets,Buiten Kruispunt,Gewestweg,binnen bebouwde kom,Tussen 2 bestuurders: Flank tegen flank,Geen hindernis
13626,125,Dendermonde totem,Dendermonde,51.0372706,4.1025998,0.9584430883694411,51.04553998640624,4.10646713720271,2019,5,0,42006,Dendermonde,Normaal,Droog,"Nacht, openbare verlichting aanwezig en ontstoken",met zwaargewonden,3,Fiets,9,personenauto,Buiten Kruispunt,Gewestweg,binnen bebouwde kom,Tussen 2 bestuurders: Langs achteren,Geen hindernis
13626,122,Dendermonde teller 2,Dendermonde,51.0373918,4.1019222,0.9601422055023994,51.04553998640624,4.10646713720271,2019,5,0,42006,Dendermonde,Normaal,Droog,"Nacht, openbare verlichting aanwezig en ontstoken",met zwaargewonden,3,Fiets,9,personenauto,Buiten Kruispunt,Gewestweg,binnen bebouwde kom,Tussen 2 bestuurders: Langs achteren,Geen hindernis
13629,122,Dendermonde teller 2,Dendermonde,51.0373918,4.1019222,0.6379860231816196,51.03184696938216,4.099577371387279,2019,4,16,42006,Dendermonde,Normaal,Droog,Dag,met lichtgewonden,9,personenauto,3,Fiets,Buiten Kruispunt,Gemeenteweg,binnen bebouwde kom,Tussen 2 bestuurders: Langs achteren,Geen hindernis
13629,125,Dendermonde totem,Dendermonde,51.0372706,4.1025998,0.6390397988717318,51.03184696938216,4.099577371387279,2019,4,16,42006,Dendermonde,Normaal,Droog,Dag,met lichtgewonden,9,personenauto,3,Fiets,Buiten Kruispunt,Gemeenteweg,binnen bebouwde kom,Tussen 2 bestuurders: Langs achteren,Geen hindernis
13630,122,Dendermonde teller 2,Dendermonde,51.0373918,4.1019222,0.351584076542741,51.04054479475176,4.10229873364481,2019,4,8,42006,Dendermonde,Normaal,Droog,Dageraad - schemering,met lichtgewonden,9,personenauto,3,Fiets,Buiten Kruispunt,Gewestweg,binnen bebouwde kom,Tss. 2 best.: langs opzij (voor-/achterkant-flank),Geen hindernis
13630,125,Dendermonde totem,Dendermonde,51.0372706,4.1025998,0.36468187822420123,51.04054479475176,4.10229873364481,2019,4,8,42006,Dendermonde,Normaal,Droog,Dageraad - schemering,met lichtgewonden,9,personenauto,3,Fiets,Buiten Kruispunt,Gewestweg,binnen bebouwde kom,Tss. 2 best.: langs opzij (voor-/achterkant-flank),Geen hindernis
13636,125,Dendermonde totem,Dendermonde,51.0372706,4.1025998,0.7049691394490213,51.03260432436805,4.109424893256029,2019,5,13,42006,Dendermonde,Normaal,Droog,Dag,met lichtgewonden,3,Fiets,9,personenauto,Buiten Kruispunt,Gemeenteweg,binnen bebouwde kom,Tss. 2 best.: langs opzij (voor-/achterkant-flank),Geen hindernis
13636,122,Dendermonde teller 2,Dendermonde,51.0373918,4.1019222,0.7474067797597599,51.03260432436805,4.109424893256029,2019,5,13,42006,Dendermonde,Normaal,Droog,Dag,met lichtgewonden,3,Fiets,9,personenauto,Buiten Kruispunt,Gemeenteweg,binnen bebouwde kom,Tss. 2 best.: langs opzij (voor-/achterkant-flank),Geen hindernis
13652,50,"Brugge, Sint-Andries",Brugge,51.19291,3.16252,0.852127544268452,51.1958890686736,3.173786706299577,2019,3,16,31005,Brugge,Normaal,Droog,Dag,met lichtgewonden,3,Fiets,9,personenauto,Buiten Kruispunt,Gewestweg,binnen bebouwde kom,Tussen 2 bestuurders: Langs achteren,Geen hindernis
13652,51,"Brugge, Sint-Andries",Brugge,51.19281,3.16252,0.8565122061388383,51.1958890686736,3.173786706299577,2019,3,16,31005,Brugge,Normaal,Droog,Dag,met lichtgewonden,3,Fiets,9,personenauto,Buiten Kruispunt,Gewestweg,binnen bebouwde kom,Tussen 2 bestuurders: Langs achteren,Geen hindernis
13663,54,Brugge teller 2,Brugge,51.23015,3.22818,0.7358931317982963,51.22356915500001,3.2270610622368343,2019,5,16,31005,Brugge,Normaal,Droog,Dag,met lichtgewonden,3,Fiets,9,personenauto,Buiten Kruispunt,Gewestweg,binnen bebouwde kom,Tss. 2 best.: langs opzij (voor-/achterkant-flank),Geen hindernis
13663,53,Brugge teller 1,Brugge,51.23023,3.228,0.7435324481873867,51.22356915500001,3.2270610622368343,2019,5,16,31005,Brugge,Normaal,Droog,Dag,met lichtgewonden,3,Fiets,9,personenauto,Buiten Kruispunt,Gewestweg,binnen bebouwde kom,Tss. 2 best.: langs opzij (voor-/achterkant-flank),Geen hindernis
13677,142,TEST Validatie BRUGGE Y2H22022134,Brugge,51.22632,3.24095,0.9453554629536519,51.234642565130784,3.243723050985473,2019,4,22,31005,Brugge,Normaal,Droog,"Nacht, openbare verlichting aanwezig en ontstoken",met lichtgewonden,3,Fiets,9,personenauto,Buiten Kruispunt,Gewestweg,binnen bebouwde kom,Tussen 2 bestuurders: Langs achteren,Geen hindernis
13677,52,Brugge,Brugge,51.22632,3.24095,0.9453554629536519,51.234642565130784,3.243723050985473,2019,4,22,31005,Brugge,Normaal,Droog,"Nacht, openbare verlichting aanwezig en ontstoken",met lichtgewonden,3,Fiets,9,personenauto,Buiten Kruispunt,Gewestweg,binnen bebouwde kom,Tussen 2 bestuurders: Langs achteren,Geen hindernis
13738,59,Ardooie teller 1,Ardooie,50.96784,3.18479,0.9079586684986458,50.97207882364924,3.1958726587294515,2019,4,18,37020,Ardooie,Regenval,"Nat, plassen",Dag,met lichtgewonden,3,Fiets,9,personenauto,Op Kruispunt,Gewestweg,binnen bebouwde kom,Tussen 2 bestuurders: Flank tegen flank,Geen hindernis
13738,60,Ardooie teller 2,Ardooie,50.96783,3.18411,0.949530484183573,50.97207882364924,3.1958726587294515,2019,4,18,37020,Ardooie,Regenval,"Nat, plassen",Dag,met lichtgewonden,3,Fiets,9,personenauto,Op Kruispunt,Gewestweg,binnen bebouwde kom,Tussen 2 bestuurders: Flank tegen flank,Geen hindernis
13740,59,Ardooie teller 1,Ardooie,50.96784,3.18479,0.2510552028456519,50.96913233540328,3.187729829943169,2019,4,19,37020,Ardooie,Normaal,Droog,Dag,met zwaargewonden,3,Fiets,10,"één bestuurder, geen hindernis",Buiten Kruispunt,Gewestweg,buiten bebouwde kom,"Eén bestuurder, geen hindernis (incl. val)",Geen hindernis
13740,60,Ardooie teller 2,Ardooie,50.96783,3.18411,0.29192771313123494,50.96913233540328,3.187729829943169,2019,4,19,37020,Ardooie,Normaal,Droog,Dag,met zwaargewonden,3,Fiets,10,"één bestuurder, geen hindernis",Buiten Kruispunt,Gewestweg,buiten bebouwde kom,"Eén bestuurder, geen hindernis (incl. val)",Geen hindernis
13744,59,Ardooie teller 1,Ardooie,50.96784,3.18479,0.8774887579642995,50.97050903780083,3.196582805396784,2019,3,7,37020,Ardooie,Normaal,Droog,Dageraad - schemering,met lichtgewonden,9,personenauto,3,Fiets,Op Kruispunt,Gemeenteweg,binnen bebouwde kom,Tss. 2 best.: langs opzij (voor-/achterkant-flank),Geen hindernis
13744,60,Ardooie teller 2,Ardooie,50.96783,3.18411,0.9227977827394692,50.97050903780083,3.196582805396784,2019,3,7,37020,Ardooie,Normaal,Droog,Dageraad - schemering,met lichtgewonden,9,personenauto,3,Fiets,Op Kruispunt,Gemeenteweg,binnen bebouwde kom,Tss. 2 best.: langs opzij (voor-/achterkant-flank),Geen hindernis
13745,18,Oostende 1,Oostende,51.21378,2.92765,0.2221425904780899,51.21557363155282,2.9262455226482347,2019,5,8,35013,Oostende,Normaal,Proper,Dag,met lichtgewonden,3,Fiets,3,Fiets,Buiten Kruispunt,Gemeenteweg,binnen bebouwde kom,Tss. 2 best.: langs opzij (voor-/achterkant-flank),Geen hindernis
13745,15,Oostende 2,Oostende,51.21371,2.92743,0.22304577898955646,51.21557363155282,2.9262455226482347,2019,5,8,35013,Oostende,Normaal,Proper,Dag,met lichtgewonden,3,Fiets,3,Fiets,Buiten Kruispunt,Gemeenteweg,binnen bebouwde kom,Tss. 2 best.: langs opzij (voor-/achterkant-flank),Geen hindernis
13746,18,Oostende 1,Oostende,51.21378,2.92765,0.6303678716459725,51.21772991329238,2.9341419111479445,2019,5,10,35013,Oostende,Normaal,Droog,Dag,met lichtgewonden,3,Fiets,9,personenauto,Buiten Kruispunt,Gemeenteweg,binnen bebouwde kom,Tss. 2 best.: langs opzij (voor-/achterkant-flank),Geen hindernis
13746,15,Oostende 2,Oostende,51.21371,2.92743,0.6468030332260364,51.21772991329238,2.9341419111479445,2019,5,10,35013,Oostende,Normaal,Droog,Dag,met lichtgewonden,3,Fiets,9,personenauto,Buiten Kruispunt,Gemeenteweg,binnen bebouwde kom,Tss. 2 best.: langs opzij (voor-/achterkant-flank),Geen hindernis