crash_row_id,site_id,site_name,site_gemeente,site_lat,site_long,distance_km,crash_lat,crash_long,DT_YEAR_COLLISION,DT_MONTH_COLLISION,DT_TIME,CD_NIS,TX_MUNTY_COLLISION_NL,TX_WEATHER_NL,TX_ROAD_CONDITION_NL,TX_LIGHT_CONDITION_NL,TX_CLASS_ACCIDENTS_NL,CD_ROAD_USR_TYPE1,TX_ROAD_USR_TYPE1_NL,CD_ROAD_USR_TYPE2,TX_ROAD_USR_TYPE2_NL,TX_CROSSWAY_NL,CD_ROAD_TYPE_NL,TX_BUILD_UP_AREA_NL,TX_COLLISION_TYPE_NL,TX_OBSTACLES_NL
13748,15,Oostende 2,Oostende,51.21371,2.92743,0.793001199620106,51.209292603555696,2.9184925870354563,2019,5,15,35013,Oostende,Normaal,Droog,Dag,met lichtgewonden,5,Lichte vrachtauto,3,Fiets,Op Kruispunt,Gemeenteweg,binnen bebouwde kom,Tss. 2 best.: langs opzij (voor-/achterkant-flank),Geen hindernis
13748,18,Oostende 1,Oostende,51.21378,2.92765,0.8098600829846692,51.209292603555696,2.9184925870354563,2019,5,15,35013,Oostende,Normaal,Droog,Dag,met lichtgewonden,5,Lichte vrachtauto,3,Fiets,Op Kruispunt,Gemeenteweg,binnen bebouwde kom,Tss. 2 best.: langs opzij (voor-/achterkant-flank),Geen hindernis
13757,18,Oostende 1,Oostende,51.21378,2.92765,0.9687446167708643,51.21552497460337,2.941276320408798,2019,5,16,35013,Oostende,Normaal,Droog,Dag,met lichtgewonden,3,Fiets,9,personenauto,Op Kruispunt,Gemeenteweg,binnen bebouwde kom,Tussen 2 bestuurders: Flank tegen flank,Geen hindernis
13757,15,Oostende 2,Oostende,51.21371,2.92743,0.9853280203914074,51.21552497460337,2.941276320408798,2019,5,16,35013,Oostende,Normaal,Droog,Dag,met lichtgewonden,3,Fiets,9,personenauto,Op Kruispunt,Gemeenteweg,binnen bebouwde kom,Tussen 2 bestuurders: Flank tegen flank,Geen hindernis
13768,18,Oostende 1,Oostende,51.21378,2.92765,0.1267299731946162,51.21482495773266,2.92692367764211,2019,5,17,35013,Oostende,Normaal,Droog,Dag,met lichtgewonden,9,personenauto,3,Fiets,Op Kruispunt,Gewestweg,binnen bebouwde kom,Tss. 2 best.: langs opzij (voor-/achterkant-flank),Geen hindernis
13768,15,Oostende 2,Oostende,51.21371,2.92743,0.1288961949713488,51.21482495773266,2.92692367764211,2019,5,17,35013,Oostende,Normaal,Droog,Dag,met lichtgewonden,9,personenauto,3,Fiets,Op Kruispunt,Gewestweg,binnen bebouwde kom,Tss. 2 best.: langs opzij (voor-/achterkant-flank),Geen hindernis
13776,55,Torhout teller 1,Torhout,51.07161,3.08261,0.408016659804768,51.07137809523059,3.088438034454089,2019,3,1,31033,Torhout,Normaal,Droog,"Nacht, openbare verlichting aanwezig en ontstoken",met lichtgewonden,3,Fiets,10,"één bestuurder, geen hindernis",Buiten Kruispunt,Gemeenteweg,binnen bebouwde kom,"Eén bestuurder, geen hindernis (incl. val)",Geen hindernis
13776,56,Torhout teller 2,Torhout,51.07147,3.08244,0.4192039930558866,51.07137809523059,3.088438034454089,2019,3,1,31033,Torhout,Normaal,Droog,"Nacht, openbare verlichting aanwezig en ontstoken",met lichtgewonden,3,Fiets,10,"één bestuurder, geen hindernis",Buiten Kruispunt,Gemeenteweg,binnen bebouwde kom,"Eén bestuurder, geen hindernis (incl. val)",Geen hindernis
13812,84,Roeselare totem,Izegem,50.91717,3.18772,0.784242987755681,50.9235586459165,3.1829801552612347,2019,4,16,36008,Izegem,Normaal,Droog,Dag,met lichtgewonden,5,Lichte vrachtauto,3,Fiets,Op Kruispunt,Gemeenteweg,buiten bebouwde kom,Tss. 2 best.: langs opzij (voor-/achterkant-flank),Geen hindernis
13828,84,Roeselare totem,Izegem,50.91717,3.18772,0.784242987755681,50.9235586459165,3.1829801552612347,2019,3,7,36008,Izegem,Normaal,Droog,Dag,met lichtgewonden,3,Fiets,9,personenauto,Op Kruispunt,Gemeenteweg,buiten bebouwde kom,Tss. 2 best.: langs opzij (voor-/achterkant-flank),Geen hindernis
13840,143,Eco Display Classic Budastraat,Kortrijk,50.83066,3.26286,0.8780044781662869,50.82475387966233,3.271156925957162,2019,5,8,34022,Kortrijk,Normaal,Droog,Dag,met lichtgewonden,9,personenauto,3,Fiets,Op Kruispunt,Gemeenteweg,binnen bebouwde kom,Tss. 2 best.: langs opzij (voor-/achterkant-flank),Geen hindernis
13842,75,Kortrijk teller 2,Kortrijk,50.81925,3.25731,0.43418166787299006,50.82304014982014,3.2587960630379116,2019,4,12,34022,Kortrijk,Normaal,Droog,Dag,met lichtgewonden,9,personenauto,3,Fiets,Op Kruispunt,Gewestweg,binnen bebouwde kom,Tss. 2 best.: langs opzij (voor-/achterkant-flank),Geen hindernis
13842,74,Kortrijk teller 1,Kortrijk,50.81909,3.25728,0.45196321081605406,50.82304014982014,3.2587960630379116,2019,4,12,34022,Kortrijk,Normaal,Droog,Dag,met lichtgewonden,9,personenauto,3,Fiets,Op Kruispunt,Gewestweg,binnen bebouwde kom,Tss. 2 best.: langs opzij (voor-/achterkant-flank),Geen hindernis
13842,143,Eco Display Classic Budastraat,Kortrijk,50.83066,3.26286,0.8940782127792999,50.82304014982014,3.2587960630379116,2019,4,12,34022,Kortrijk,Normaal,Droog,Dag,met lichtgewonden,9,personenauto,3,Fiets,Op Kruispunt,Gewestweg,binnen bebouwde kom,Tss. 2 best.: langs opzij (voor-/achterkant-flank),Geen hindernis
13844,143,Eco Display Classic Budastraat,Kortrijk,50.83066,3.26286,0.8747790160485073,50.824267846551656,3.2701202388317636,2019,4,7,34022,Kortrijk,Normaal,Droog,Dag,met lichtgewonden,3,Fiets,3,Fiets,Buiten Kruispunt,Gewestweg,binnen bebouwde kom,Tussen 2 bestuurders: Frontale botsing,Geen hindernis
13848,16,Kortrijk 1,Kortrijk,50.83332,3.27777,0.822608099101928,50.8263897073427,3.2736719891063997,2019,4,7,34022,Kortrijk,Normaal,Droog,Dag,met lichtgewonden,9,personenauto,3,Fiets,Buiten Kruispunt,Gemeenteweg,binnen bebouwde kom,Tss. 2 best.: langs opzij (voor-/achterkant-flank),Geen hindernis
13848,17,Kortrijk 2,Kortrijk,50.83339,3.27773,0.8289340414230822,50.8263897073427,3.2736719891063997,2019,4,7,34022,Kortrijk,Normaal,Droog,Dag,met lichtgewonden,9,personenauto,3,Fiets,Buiten Kruispunt,Gemeenteweg,binnen bebouwde kom,Tss. 2 best.: langs opzij (voor-/achterkant-flank),Geen hindernis
13848,143,Eco Display Classic Budastraat,Kortrijk,50.83066,3.26286,0.8956199804304953,50.8263897073427,3.2736719891063997,2019,4,7,34022,Kortrijk,Normaal,Droog,Dag,met lichtgewonden,9,personenauto,3,Fiets,Buiten Kruispunt,Gemeenteweg,binnen bebouwde kom,Tss. 2 best.: langs opzij (voor-/achterkant-flank),Geen hindernis
13850,74,Kortrijk teller 1,Kortrijk,50.81909,3.25728,0.4509805729074939,50.81649727380761,3.2622164849153177,2019,3,15,34022,Kortrijk,Normaal,Droog,Dag,met zwaargewonden,9,personenauto,3,Fiets,Op Kruispunt,Gewestweg,binnen bebouwde kom,Tss. 2 best.: langs opzij (voor-/achterkant-flank),Geen hindernis
13850,75,Kortrijk teller 2,Kortrijk,50.81925,3.25731,0.46097785654468576,50.81649727380761,3.2622164849153177,2019,3,15,34022,Kortrijk,Normaal,Droog,Dag,met zwaargewonden,9,personenauto,3,Fiets,Op Kruispunt,Gewestweg,binnen bebouwde kom,Tss. 2 best.: langs opzij (voor-/achterkant-flank),Geen hindernis
13851,143,Eco Display Classic Budastraat,Kortrijk,50.83066,3.26286,0.5407740442592806,50.82701710141957,3.257759067082015,2019,3,16,34022,Kortrijk,Normaal,Droog,Dag,met lichtgewonden,9,personenauto,3,Fiets,Op Kruispunt,Gewestweg,binnen bebouwde kom,Tss. 2 best.: langs opzij (voor-/achterkant-flank),Geen hindernis
13851,75,Kortrijk teller 2,Kortrijk,50.81925,3.25731,0.8642381339372294,50.82701710141957,3.257759067082015,2019,3,16,34022,Kortrijk,Normaal,Droog,Dag,met lichtgewonden,9,personenauto,3,Fiets,Op Kruispunt,Gewestweg,binnen bebouwde kom,Tss. 2 best.: langs opzij (voor-/achterkant-flank),Geen hindernis
13851,74,Kortrijk teller 1,Kortrijk,50.81909,3.25728,0.882095587657433,50.82701710141957,3.257759067082015,2019,3,16,34022,Kortrijk,Normaal,Droog,Dag,met lichtgewonden,9,personenauto,3,Fiets,Op Kruispunt,Gewestweg,binnen bebouwde kom,Tss. 2 best.: langs opzij (voor-/achterkant-flank),Geen hindernis
13854,75,Kortrijk teller 2,Kortrijk,50.81925,3.25731,0.8404469619590226,50.81912370785917,3.2692720571219036,2019,3,13,34022,Kortrijk,Normaal,Droog,Dag,met lichtgewonden,9,personenauto,3,Fiets,Buiten Kruispunt,Gewestweg,buiten bebouwde kom,Tussen 2 bestuurders: Flank tegen flank,Geen hindernis
13854,74,Kortrijk teller 1,Kortrijk,50.81909,3.25728,0.8424468999855493,50.81912370785917,3.2692720571219036,2019,3,13,34022,Kortrijk,Normaal,Droog,Dag,met lichtgewonden,9,personenauto,3,Fiets,Buiten Kruispunt,Gewestweg,buiten bebouwde kom,Tussen 2 bestuurders: Flank tegen flank,Geen hindernis
13858,16,Kortrijk 1,Kortrijk,50.83332,3.27777,0.7028018535632198,50.830353034191155,3.286605971757069,2019,5,12,34022,Kortrijk,Normaal,Droog,Dag,met lichtgewonden,6,Bromfiets,3,Fiets,Op Kruispunt,Gemeenteweg,binnen bebouwde kom,Tss. 2 best.: langs opzij (voor-/achterkant-flank),Geen hindernis
13858,17,Kortrijk 2,Kortrijk,50.83339,3.27773,0.7089574906173546,50.830353034191155,3.286605971757069,2019,5,12,34022,Kortrijk,Normaal,Droog,Dag,met lichtgewonden,6,Bromfiets,3,Fiets,Op Kruispunt,Gemeenteweg,binnen bebouwde kom,Tss. 2 best.: langs opzij (voor-/achterkant-flank),Geen hindernis
13860,75,Kortrijk teller 2,Kortrijk,50.81925,3.25731,0.8797131885793595,50.822713242167154,3.2685695302902515,2019,5,15,34022,Kortrijk,Normaal,Droog,Dag,met zwaargewonden,9,personenauto,3,Fiets,Buiten Kruispunt,Gewestweg,binnen bebouwde kom,Tussen 2 bestuurders: Flank tegen flank,Geen hindernis
13860,74,Kortrijk teller 1,Kortrijk,50.81909,3.25728,0.8895249881907848,50.822713242167154,3.2685695302902515,2019,5,15,34022,Kortrijk,Normaal,Droog,Dag,met zwaargewonden,9,personenauto,3,Fiets,Buiten Kruispunt,Gewestweg,binnen bebouwde kom,Tussen 2 bestuurders: Flank tegen flank,Geen hindernis
13860,143,Eco Display Classic Budastraat,Kortrijk,50.83066,3.26286,0.9703820959230761,50.822713242167154,3.2685695302902515,2019,5,15,34022,Kortrijk,Normaal,Droog,Dag,met zwaargewonden,9,personenauto,3,Fiets,Buiten Kruispunt,Gewestweg,binnen bebouwde kom,Tussen 2 bestuurders: Flank tegen flank,Geen hindernis
13868,16,Kortrijk 1,Kortrijk,50.83332,3.27777,0.452630316268211,50.83001049022886,3.274017614666834,2019,5,10,34022,Kortrijk,Normaal,Droog,Dag,met lichtgewonden,3,Fiets,9,personenauto,Op Kruispunt,Gewestweg,binnen bebouwde kom,Tss. 2 best.: langs opzij (voor-/achterkant-flank),Geen hindernis
13868,17,Kortrijk 2,Kortrijk,50.83339,3.27773,0.4573736984728557,50.83001049022886,3.274017614666834,2019,5,10,34022,Kortrijk,Normaal,Droog,Dag,met lichtgewonden,3,Fiets,9,personenauto,Op Kruispunt,Gewestweg,binnen bebouwde kom,Tss. 2 best.: langs opzij (voor-/achterkant-flank),Geen hindernis
13868,143,Eco Display Classic Budastraat,Kortrijk,50.83066,3.26286,0.7869518249784192,50.83001049022886,3.274017614666834,2019,5,10,34022,Kortrijk,Normaal,Droog,Dag,met lichtgewonden,3,Fiets,9,personenauto,Op Kruispunt,Gewestweg,binnen bebouwde kom,Tss. 2 best.: langs opzij (voor-/achterkant-flank),Geen hindernis
13869,16,Kortrijk 1,Kortrijk,50.83332,3.27777,0.6432490681059626,50.828455517293435,3.2728132280843503,2019,5,21,34022,Kortrijk,Normaal,Droog,"Nacht, openbare verlichting aanwezig en ontstoken",met lichtgewonden,9,personenauto,3,Fiets,Buiten Kruispunt,Gewestweg,binnen bebouwde kom,Tussen 2 bestuurders: Langs achteren,Geen hindernis
13869,17,Kortrijk 2,Kortrijk,50.83339,3.27773,0.6483071373150427,50.828455517293435,3.2728132280843503,2019,5,21,34022,Kortrijk,Normaal,Droog,"Nacht, openbare verlichting aanwezig en ontstoken",met lichtgewonden,9,personenauto,3,Fiets,Buiten Kruispunt,Gewestweg,binnen bebouwde kom,Tussen 2 bestuurders: Langs achteren,Geen hindernis
13869,143,Eco Display Classic Budastraat,Kortrijk,50.83066,3.26286,0.7407868531873084,50.828455517293435,3.2728132280843503,2019,5,21,34022,Kortrijk,Normaal,Droog,"Nacht, openbare verlichting aanwezig en ontstoken",met lichtgewonden,9,personenauto,3,Fiets,Buiten Kruispunt,Gewestweg,binnen bebouwde kom,Tussen 2 bestuurders: Langs achteren,Geen hindernis
13870,16,Kortrijk 1,Kortrijk,50.83332,3.27777,0.6919402792865224,50.82757786230181,3.2739732994517716,2019,3,16,34022,Kortrijk,"Sterke wind, rukwind",Onbekend,Dag,met lichtgewonden,9,personenauto,3,Fiets,Buiten Kruispunt,Gemeenteweg,binnen bebouwde kom,Tussen 2 bestuurders: Flank tegen flank,Geen hindernis
13870,17,Kortrijk 2,Kortrijk,50.83339,3.27773,0.6980624386928268,50.82757786230181,3.2739732994517716,2019,3,16,34022,Kortrijk,"Sterke wind, rukwind",Onbekend,Dag,met lichtgewonden,9,personenauto,3,Fiets,Buiten Kruispunt,Gemeenteweg,binnen bebouwde kom,Tussen 2 bestuurders: Flank tegen flank,Geen hindernis
13870,143,Eco Display Classic Budastraat,Kortrijk,50.83066,3.26286,0.8524648535721886,50.82757786230181,3.2739732994517716,2019,3,16,34022,Kortrijk,"Sterke wind, rukwind",Onbekend,Dag,met lichtgewonden,9,personenauto,3,Fiets,Buiten Kruispunt,Gemeenteweg,binnen bebouwde kom,Tussen 2 bestuurders: Flank tegen flank,Geen hindernis
13913,62,Wervik teller 1,Wervik,50.8058,3.09154,0.9900723584658099,50.80995308815819,3.0790763977757254,2019,3,8,33029,Wervik,Normaal,Droog,Dag,met lichtgewonden,9,personenauto,3,Fiets,Buiten Kruispunt,Gewestweg,binnen bebouwde kom,Tss. 2 best.: langs opzij (voor-/achterkant-flank),Geen hindernis
13921,62,Wervik teller 1,Wervik,50.8058,3.09154,0.8203003934609229,50.80923974391905,3.0812126660298658,2019,6,10,33029,Wervik,Normaal,Droog,Dag,met lichtgewonden,3,Fiets,9,personenauto,Buiten Kruispunt,Gewestweg,binnen bebouwde kom,Tussen 2 bestuurders: Flank tegen flank,Geen hindernis
13921,61,Wervik teller 2,Wervik,50.80555,3.0921,0.8680967022667101,50.80923974391905,3.0812126660298658,2019,6,10,33029,Wervik,Normaal,Droog,Dag,met lichtgewonden,3,Fiets,9,personenauto,Buiten Kruispunt,Gewestweg,binnen bebouwde kom,Tussen 2 bestuurders: Flank tegen flank,Geen hindernis
13924,67,Ieper totem,Ieper,50.85018,2.85624,0.6718051699296427,50.84891094643579,2.865595856249531,2019,3,13,33011,Ieper,Normaal,Droog,Dag,met lichtgewonden,3,Fiets,11,een weggebruiker tegen een hindernis,Buiten Kruispunt,Gewestweg,binnen bebouwde kom,Weggebruiker tegen hindernis buiten rijbaan,Andere hindernis
13924,68,Ieper,Ieper,50.85032,2.85608,0.6861766588006565,50.84891094643579,2.865595856249531,2019,3,13,33011,Ieper,Normaal,Droog,Dag,met lichtgewonden,3,Fiets,11,een weggebruiker tegen een hindernis,Buiten Kruispunt,Gewestweg,binnen bebouwde kom,Weggebruiker tegen hindernis buiten rijbaan,Andere hindernis
13926,67,Ieper totem,Ieper,50.85018,2.85624,0.22730307153588789,50.849893529109785,2.859445837979832,2019,4,8,33011,Ieper,Normaal,Droog,Dag,met lichtgewonden,9,personenauto,3,Fiets,Op Kruispunt,Gewestweg,binnen bebouwde kom,Tss. 2 best.: langs opzij (voor-/achterkant-flank),Geen hindernis
13926,68,Ieper,Ieper,50.85032,2.85608,0.24100367016543495,50.849893529109785,2.859445837979832,2019,4,8,33011,Ieper,Normaal,Droog,Dag,met lichtgewonden,9,personenauto,3,Fiets,Op Kruispunt,Gewestweg,binnen bebouwde kom,Tss. 2 best.: langs opzij (voor-/achterkant-flank),Geen hindernis
13944,41,Maasmechelen teller 1,Maasmechelen,50.97025,5.69799,0.391695436855666,50.967243093323674,5.695076114215035,2019,3,10,73107,Maasmechelen,Normaal,Droog,Dag,met lichtgewonden,3,Fiets,9,personenauto,Buiten Kruispunt,Gemeenteweg,binnen bebouwde kom,Tss. 2 best.: langs opzij (voor-/achterkant-flank),Geen hindernis
13944,42,Maasmechelen teller 2,Maasmechelen,50.97043,5.6981,0.41281064838419657,50.967243093323674,5.695076114215035,2019,3,10,73107,Maasmechelen,Normaal,Droog,Dag,met lichtgewonden,3,Fiets,9,personenauto,Buiten Kruispunt,Gemeenteweg,binnen bebouwde kom,Tss. 2 best.: langs opzij (voor-/achterkant-flank),Geen hindernis
13945,41,Maasmechelen teller 1,Maasmechelen,50.97025,5.69799,0.8758406515315675,50.96240466416545,5.699103673969478,2019,3,8,73107,Maasmechelen,Normaal,Droog,Dag,met lichtgewonden,9,personenauto,3,Fiets,Op Kruispunt,Gewestweg,binnen bebouwde kom,Tussen 2 bestuurders: Flank tegen flank,Geen hindernis
13945,42,Maasmechelen teller 2,Maasmechelen,50.97043,5.6981,0.8951402412074976,50.96240466416545,5.699103673969478,2019,3,8,73107,Maasmechelen,Normaal,Droog,Dag,met lichtgewonden,9,personenauto,3,Fiets,Op Kruispunt,Gewestweg,binnen bebouwde kom,Tussen 2 bestuurders: Flank tegen flank,Geen hindernis
13962,124,Beveren teller 2,Beveren,51.1964712,4.2361077,0.31510217343793245,51.199296773373256,4.235763743272178,2019,5,16,46003,Beveren,Normaal,Droog,Dag,met lichtgewonden,9,personenauto,3,Fiets,Op Kruispunt,Gewestweg,buiten bebouwde kom,Tss. 2 best.: langs opzij (voor-/achterkant-flank),Geen hindernis
13972,106,St. pieters leeuw teller 1,Sint-Pieters-Leeuw,50.75533,4.24951,0.7611962362304654,50.76124463636199,4.254958433789929,2019,3,9,23077,Sint-Pieters-Leeuw,Normaal,Droog,Dag,met lichtgewonden,3,Fiets,9,personenauto,Buiten Kruispunt,Gemeenteweg,binnen bebouwde kom,Tss. 2 best.: langs opzij (voor-/achterkant-flank),Geen hindernis
13972,105,St. pieters leeuw teller 2,Halle,50.75509,4.24943,0.7871341964433739,50.76124463636199,4.254958433789929,2019,3,9,23077,Sint-Pieters-Leeuw,Normaal,Droog,Dag,met lichtgewonden,3,Fiets,9,personenauto,Buiten Kruispunt,Gemeenteweg,binnen bebouwde kom,Tss. 2 best.: langs opzij (voor-/achterkant-flank),Geen hindernis
14011,140,Hasselt ring,Hasselt,50.9300038,5.3438616,0.9176580244324124,50.92481503077097,5.3336800903672055,2019,3,7,71022,Hasselt,Normaal,Droog,Dag,met lichtgewonden,9,personenauto,3,Fiets,Buiten Kruispunt,Gewestweg,binnen bebouwde kom,Tss. 2 best.: langs opzij (voor-/achterkant-flank),Geen hindernis
14015,137,Hasselt-Kempische brug,Hasselt,50.9411605,5.3417576,0.6262487863858226,50.94648149966483,5.344686760134927,2019,4,16,71022,Hasselt,Normaal,Droog,Dag,met lichtgewonden,3,Fiets,3,Fiets,Buiten Kruispunt,Gewestweg,buiten bebouwde kom,Tss. 2 best.: langs opzij (voor-/achterkant-flank),Geen hindernis
14015,138,Hasselt-Kempische brug,Hasselt,50.9405318,5.3422472,0.6832989819066267,50.94648149966483,5.344686760134927,2019,4,16,71022,Hasselt,Normaal,Droog,Dag,met lichtgewonden,3,Fiets,3,Fiets,Buiten Kruispunt,Gewestweg,buiten bebouwde kom,Tss. 2 best.: langs opzij (voor-/achterkant-flank),Geen hindernis
14034,24,Tienen 1,Tienen,50.8133795491886,4.935044252605416,0.03633009579095684,50.81305289451377,4.935054934931166,2019,4,18,24107,Tienen,Normaal,Droog,Dag,met lichtgewonden,3,Fiets,9,personenauto,Op Kruispunt,Gewestweg,binnen bebouwde kom,Tussen 2 bestuurders: Flank tegen flank,Geen hindernis
14034,23,Tienen 3,Tienen,50.81324,4.93447,0.04606298778421636,50.81305289451377,4.935054934931166,2019,4,18,24107,Tienen,Normaal,Droog,Dag,met lichtgewonden,3,Fiets,9,personenauto,Op Kruispunt,Gewestweg,binnen bebouwde kom,Tussen 2 bestuurders: Flank tegen flank,Geen hindernis
14034,22,Tienen 2,Tienen,50.81330800184882,4.935984252796022,0.07118840947257453,50.81305289451377,4.935054934931166,2019,4,18,24107,Tienen,Normaal,Droog,Dag,met lichtgewonden,3,Fiets,9,personenauto,Op Kruispunt,Gewestweg,binnen bebouwde kom,Tussen 2 bestuurders: Flank tegen flank,Geen hindernis
14036,22,Tienen 2,Tienen,50.81330800184882,4.935984252796022,0.8883861431433933,50.805405686824464,4.9378464617168785,2019,5,15,24107,Tienen,Onbekend,Onbekend,Dag,met lichtgewonden,2,Andere weggebruiker,3,Fiets,Buiten Kruispunt,Gemeenteweg,binnen bebouwde kom,Tss. 2 best.: langs opzij (voor-/achterkant-flank),Geen hindernis
14036,23,Tienen 3,Tienen,50.81324,4.93447,0.9028637681451296,50.805405686824464,4.9378464617168785,2019,5,15,24107,Tienen,Onbekend,Onbekend,Dag,met lichtgewonden,2,Andere weggebruiker,3,Fiets,Buiten Kruispunt,Gemeenteweg,binnen bebouwde kom,Tss. 2 best.: langs opzij (voor-/achterkant-flank),Geen hindernis
14036,24,Tienen 1,Tienen,50.8133795491886,4.935044252605416,0.9082518295034063,50.805405686824464,4.9378464617168785,2019,5,15,24107,Tienen,Onbekend,Onbekend,Dag,met lichtgewonden,2,Andere weggebruiker,3,Fiets,Buiten Kruispunt,Gemeenteweg,binnen bebouwde kom,Tss. 2 best.: langs opzij (voor-/achterkant-flank),Geen hindernis
14039,22,Tienen 2,Tienen,50.81330800184882,4.935984252796022,0.49718022249914057,50.81254623216732,4.942957187401451,2019,4,15,24107,Tienen,Normaal,Droog,Dag,met zwaargewonden,9,personenauto,3,Fiets,Op Kruispunt,Gewestweg,binnen bebouwde kom,Tss. 2 best.: langs opzij (voor-/achterkant-flank),Geen hindernis
14039,24,Tienen 1,Tienen,50.8133795491886,4.935044252605416,0.5636234798215904,50.81254623216732,4.942957187401451,2019,4,15,24107,Tienen,Normaal,Droog,Dag,met zwaargewonden,9,personenauto,3,Fiets,Op Kruispunt,Gewestweg,binnen bebouwde kom,Tss. 2 best.: langs opzij (voor-/achterkant-flank),Geen hindernis
14039,23,Tienen 3,Tienen,50.81324,4.93447,0.6012711173727727,50.81254623216732,4.942957187401451,2019,4,15,24107,Tienen,Normaal,Droog,Dag,met zwaargewonden,9,personenauto,3,Fiets,Op Kruispunt,Gewestweg,binnen bebouwde kom,Tss. 2 best.: langs opzij (voor-/achterkant-flank),Geen hindernis
14040,24,Tienen 1,Tienen,50.8133795491886,4.935044252605416,0.03633009579095684,50.81305289451377,4.935054934931166,2019,3,12,24107,Tienen,Normaal,Droog,Dag,met lichtgewonden,3,Fiets,9,personenauto,Buiten Kruispunt,Gewestweg,binnen bebouwde kom,Tussen 2 bestuurders: Flank tegen flank,Geen hindernis
14040,23,Tienen 3,Tienen,50.81324,4.93447,0.04606298778421636,50.81305289451377,4.935054934931166,2019,3,12,24107,Tienen,Normaal,Droog,Dag,met lichtgewonden,3,Fiets,9,personenauto,Buiten Kruispunt,Gewestweg,binnen bebouwde kom,Tussen 2 bestuurders: Flank tegen flank,Geen hindernis
14040,22,Tienen 2,Tienen,50.81330800184882,4.935984252796022,0.07118840947257453,50.81305289451377,4.935054934931166,2019,3,12,24107,Tienen,Normaal,Droog,Dag,met lichtgewonden,3,Fiets,9,personenauto,Buiten Kruispunt,Gewestweg,binnen bebouwde kom,Tussen 2 bestuurders: Flank tegen flank,Geen hindernis
14041,22,Tienen 2,Tienen,50.81330800184882,4.935984252796022,0.48678099834110955,50.809042201514934,4.937540857539957,2019,3,7,24107,Tienen,Normaal,Droog,Dag,met lichtgewonden,3,Fiets,8,Voetganger,Buiten Kruispunt,Gemeenteweg,buiten bebouwde kom,Met een voetganger,Geen hindernis
14041,24,Tienen 1,Tienen,50.8133795491886,4.935044252605416,0.5132009712732288,50.809042201514934,4.937540857539957,2019,3,7,24107,Tienen,Normaal,Droog,Dag,met lichtgewonden,3,Fiets,8,Voetganger,Buiten Kruispunt,Gemeenteweg,buiten bebouwde kom,Met een voetganger,Geen hindernis
14041,23,Tienen 3,Tienen,50.81324,4.93447,0.5142293493511241,50.809042201514934,4.937540857539957,2019,3,7,24107,Tienen,Normaal,Droog,Dag,met lichtgewonden,3,Fiets,8,Voetganger,Buiten Kruispunt,Gemeenteweg,buiten bebouwde kom,Met een voetganger,Geen hindernis
14042,22,Tienen 2,Tienen,50.81330800184882,4.935984252796022,0.4133204563664464,50.80965354293628,4.937059502848386,2019,3,15,24107,Tienen,Onbekend,Onbekend,Dag,met lichtgewonden,6,Bromfiets,3,Fiets,Op Kruispunt,Gemeenteweg,binnen bebouwde kom,Tss. 2 best.: langs opzij (voor-/achterkant-flank),Geen hindernis
14042,24,Tienen 1,Tienen,50.8133795491886,4.935044252605416,0.4378402083284337,50.80965354293628,4.937059502848386,2019,3,15,24107,Tienen,Onbekend,Onbekend,Dag,met lichtgewonden,6,Bromfiets,3,Fiets,Op Kruispunt,Gemeenteweg,binnen bebouwde kom,Tss. 2 best.: langs opzij (voor-/achterkant-flank),Geen hindernis
14042,23,Tienen 3,Tienen,50.81324,4.93447,0.43833877862598536,50.80965354293628,4.937059502848386,2019,3,15,24107,Tienen,Onbekend,Onbekend,Dag,met lichtgewonden,6,Bromfiets,3,Fiets,Op Kruispunt,Gemeenteweg,binnen bebouwde kom,Tss. 2 best.: langs opzij (voor-/achterkant-flank),Geen hindernis
14194,135,Retie 2,Dessel,51.2544998,5.1040064,0.619967470492367,51.249448089655026,5.107775920564935,2019,6,6,13006,Dessel,Normaal,Droog,Dag,met lichtgewonden,7,Motorfiets,3,Fiets,Buiten Kruispunt,Gewestweg,buiten bebouwde kom,Tss. 2 best.: langs opzij (voor-/achterkant-flank),Geen hindernis
14194,134,Retie,Dessel,51.2548405,5.1037658,0.6613784619369683,51.249448089655026,5.107775920564935,2019,6,6,13006,Dessel,Normaal,Droog,Dag,met lichtgewonden,7,Motorfiets,3,Fiets,Buiten Kruispunt,Gewestweg,buiten bebouwde kom,Tss. 2 best.: langs opzij (voor-/achterkant-flank),Geen hindernis
14225,43,Maaseik teller 1,Maaseik,51.09344,5.79715,0.3952932784384872,51.09383328317954,5.791524429716376,2019,6,12,72021,Maaseik,Normaal,Droog,Dag,met lichtgewonden,5,Lichte vrachtauto,3,Fiets,Buiten Kruispunt,Gewestweg,binnen bebouwde kom,Tss. 2 best.: langs opzij (voor-/achterkant-flank),Geen hindernis
14225,44,Maaseik teller 2,Maaseik,51.09359,5.79726,0.40146062065406424,51.09383328317954,5.791524429716376,2019,6,12,72021,Maaseik,Normaal,Droog,Dag,met lichtgewonden,5,Lichte vrachtauto,3,Fiets,Buiten Kruispunt,Gewestweg,binnen bebouwde kom,Tss. 2 best.: langs opzij (voor-/achterkant-flank),Geen hindernis
14230,14,Genk,Genk,50.97172,5.48927,0.859210728602274,50.966338017228985,5.480465527001272,2019,6,16,71016,Genk,Normaal,Droog,Dag,met lichtgewonden,9,personenauto,3,Fiets,Op Kruispunt,Gewestweg,buiten bebouwde kom,Tss. 2 best.: langs opzij (voor-/achterkant-flank),Geen hindernis