crash_row_id,site_id,site_name,site_gemeente,site_lat,site_long,distance_km,crash_lat,crash_long,DT_YEAR_COLLISION,DT_MONTH_COLLISION,DT_TIME,CD_NIS,TX_MUNTY_COLLISION_NL,TX_WEATHER_NL,TX_ROAD_CONDITION_NL,TX_LIGHT_CONDITION_NL,TX_CLASS_ACCIDENTS_NL,CD_ROAD_USR_TYPE1,TX_ROAD_USR_TYPE1_NL,CD_ROAD_USR_TYPE2,TX_ROAD_USR_TYPE2_NL,TX_CROSSWAY_NL,CD_ROAD_TYPE_NL,TX_BUILD_UP_AREA_NL,TX_COLLISION_TYPE_NL,TX_OBSTACLES_NL
14236,14,Genk,Genk,50.97172,5.48927,0.9109574012105147,50.966317628990645,5.499049848209713,2019,6,11,71016,Genk,Normaal,Droog,Dag,met lichtgewonden,3,Fiets,9,personenauto,Op Kruispunt,Gewestweg,binnen bebouwde kom,Tss. 2 best.: langs opzij (voor-/achterkant-flank),Geen hindernis
14239,69,Leuven teller 1,Leuven,50.87549,4.71526,0.7523049122377231,50.87992138201956,4.707157636304404,2019,6,14,24062,Leuven,Normaal,Droog,Dag,met lichtgewonden,9,personenauto,3,Fiets,Op Kruispunt,Gemeenteweg,binnen bebouwde kom,Tss. 2 best.: langs opzij (voor-/achterkant-flank),Geen hindernis
14239,77,Leuven teller 2,Leuven,50.88672,4.70796,0.7580644919749788,50.87992138201956,4.707157636304404,2019,6,14,24062,Leuven,Normaal,Droog,Dag,met lichtgewonden,9,personenauto,3,Fiets,Op Kruispunt,Gemeenteweg,binnen bebouwde kom,Tss. 2 best.: langs opzij (voor-/achterkant-flank),Geen hindernis
14239,107,leuven totem,Leuven,50.8870744,4.7087919,0.8035996828276064,50.87992138201956,4.707157636304404,2019,6,14,24062,Leuven,Normaal,Droog,Dag,met lichtgewonden,9,personenauto,3,Fiets,Op Kruispunt,Gemeenteweg,binnen bebouwde kom,Tss. 2 best.: langs opzij (voor-/achterkant-flank),Geen hindernis
14243,108,Heverlee teller 1,Leuven,50.8471728,4.6954674,0.7729574143524341,50.8541228028924,4.695685997504931,2019,6,14,24062,Leuven,Normaal,Droog,Dag,met lichtgewonden,3,Fiets,10,"één bestuurder, geen hindernis",Buiten Kruispunt,Gewestweg,binnen bebouwde kom,"Eén bestuurder, geen hindernis (incl. val)",Geen hindernis
14243,76,Heverlee teller 2,Leuven,50.84606,4.69597,0.8967644436925568,50.8541228028924,4.695685997504931,2019,6,14,24062,Leuven,Normaal,Droog,Dag,met lichtgewonden,3,Fiets,10,"één bestuurder, geen hindernis",Buiten Kruispunt,Gewestweg,binnen bebouwde kom,"Eén bestuurder, geen hindernis (incl. val)",Geen hindernis
14246,77,Leuven teller 2,Leuven,50.88672,4.70796,0.754674210452476,50.885912676612676,4.6972781552039695,2019,6,19,24062,Leuven,Normaal,Droog,Dag,met zwaargewonden,9,personenauto,3,Fiets,Buiten Kruispunt,Gemeenteweg,binnen bebouwde kom,Tussen 2 bestuurders: Langs achteren,Geen hindernis
14246,107,leuven totem,Leuven,50.8870744,4.7087919,0.8179345489489899,50.885912676612676,4.6972781552039695,2019,6,19,24062,Leuven,Normaal,Droog,Dag,met zwaargewonden,9,personenauto,3,Fiets,Buiten Kruispunt,Gemeenteweg,binnen bebouwde kom,Tussen 2 bestuurders: Langs achteren,Geen hindernis
14247,77,Leuven teller 2,Leuven,50.88672,4.70796,0.8618159953795087,50.879400716824556,4.7039194925630206,2019,6,17,24062,Leuven,Normaal,Droog,Dag,met zwaargewonden,3,Fiets,3,Fiets,Buiten Kruispunt,Gemeenteweg,binnen bebouwde kom,Tss. 2 best.: langs opzij (voor-/achterkant-flank),Geen hindernis
14247,69,Leuven teller 1,Leuven,50.87549,4.71526,0.9067467187809164,50.879400716824556,4.7039194925630206,2019,6,17,24062,Leuven,Normaal,Droog,Dag,met zwaargewonden,3,Fiets,3,Fiets,Buiten Kruispunt,Gemeenteweg,binnen bebouwde kom,Tss. 2 best.: langs opzij (voor-/achterkant-flank),Geen hindernis
14247,107,leuven totem,Leuven,50.8870744,4.7087919,0.9191926123859092,50.879400716824556,4.7039194925630206,2019,6,17,24062,Leuven,Normaal,Droog,Dag,met zwaargewonden,3,Fiets,3,Fiets,Buiten Kruispunt,Gemeenteweg,binnen bebouwde kom,Tss. 2 best.: langs opzij (voor-/achterkant-flank),Geen hindernis
14254,73,Herent teller 2,Herent,50.89128,4.64685,0.5944694603710351,50.893012416709745,4.638831832245215,2019,6,18,24038,Herent,Normaal,Droog,Dag,met zwaargewonden,3,Fiets,9,personenauto,Op Kruispunt,Gewestweg,buiten bebouwde kom,Tss. 2 best.: langs opzij (voor-/achterkant-flank),Geen hindernis
14254,72,Herent teller 1,Herent,50.89135,4.64689,0.5946585431081873,50.893012416709745,4.638831832245215,2019,6,18,24038,Herent,Normaal,Droog,Dag,met zwaargewonden,3,Fiets,9,personenauto,Op Kruispunt,Gewestweg,buiten bebouwde kom,Tss. 2 best.: langs opzij (voor-/achterkant-flank),Geen hindernis
14258,101,Diest teller 1,Diest,50.97799,5.04481,0.7141430094567426,50.98063911322248,5.05410261349862,2019,6,18,24020,Diest,Normaal,Droog,Dag,met lichtgewonden,3,Fiets,9,personenauto,Buiten Kruispunt,Gemeenteweg,binnen bebouwde kom,Tussen 2 bestuurders: Flank tegen flank,Geen hindernis
14258,102,Diest teller 2,Diest,50.9779,5.04474,0.7227705780756766,50.98063911322248,5.05410261349862,2019,6,18,24020,Diest,Normaal,Droog,Dag,met lichtgewonden,3,Fiets,9,personenauto,Buiten Kruispunt,Gemeenteweg,binnen bebouwde kom,Tussen 2 bestuurders: Flank tegen flank,Geen hindernis
14259,101,Diest teller 1,Diest,50.97799,5.04481,0.8078244264520864,50.97979833720073,5.055985679749611,2019,6,14,24020,Diest,Normaal,Droog,Dag,met lichtgewonden,9,personenauto,3,Fiets,Buiten Kruispunt,Gewestweg,binnen bebouwde kom,Tss. 2 best.: langs opzij (voor-/achterkant-flank),Geen hindernis
14259,102,Diest teller 2,Diest,50.9779,5.04474,0.8151065979503537,50.97979833720073,5.055985679749611,2019,6,14,24020,Diest,Normaal,Droog,Dag,met lichtgewonden,9,personenauto,3,Fiets,Buiten Kruispunt,Gewestweg,binnen bebouwde kom,Tss. 2 best.: langs opzij (voor-/achterkant-flank),Geen hindernis
14264,111,Zaventem totem,Zaventem,50.8871216,4.4597084,0.8694725181940178,50.882145464450964,4.469268977637076,2019,6,13,23094,Zaventem,Normaal,Droog,Dag,met lichtgewonden,3,Fiets,9,personenauto,Op Kruispunt,Gemeenteweg,binnen bebouwde kom,Tussen 2 bestuurders: Flank tegen flank,Geen hindernis
14280,71,Kampenhout teller 2,Kampenhout,50.95589,4.59164,0.6512412250130941,50.959253826588245,4.584028588541971,2019,6,18,23038,Kampenhout,Regenval,"Nat, plassen",Dag,met lichtgewonden,3,Fiets,10,"één bestuurder, geen hindernis",Buiten Kruispunt,Gemeenteweg,binnen bebouwde kom,"Eén bestuurder, geen hindernis (incl. val)",Geen hindernis
14280,70,Kampenhout teller 1,Kampenhout,50.95682,4.59318,0.6957600354261663,50.959253826588245,4.584028588541971,2019,6,18,23038,Kampenhout,Regenval,"Nat, plassen",Dag,met lichtgewonden,3,Fiets,10,"één bestuurder, geen hindernis",Buiten Kruispunt,Gemeenteweg,binnen bebouwde kom,"Eén bestuurder, geen hindernis (incl. val)",Geen hindernis
14336,116,Melle teller 2,Melle,50.9986113,3.8040599,0.6116690938813926,51.003593950692824,3.8003560796757063,2019,6,19,44040,Melle,Normaal,Droog,Dag,met lichtgewonden,9,personenauto,3,Fiets,Op Kruispunt,Gewestweg,binnen bebouwde kom,Tss. 2 best.: langs opzij (voor-/achterkant-flank),Geen hindernis
14336,117,Melle teller 1,Melle,50.9986113,3.8040599,0.6116690938813926,51.003593950692824,3.8003560796757063,2019,6,19,44040,Melle,Normaal,Droog,Dag,met lichtgewonden,9,personenauto,3,Fiets,Op Kruispunt,Gewestweg,binnen bebouwde kom,Tss. 2 best.: langs opzij (voor-/achterkant-flank),Geen hindernis
14343,114,Deinze teller 1,Nazareth,50.9598305,3.555502,0.8460537917312306,50.95563280323267,3.5454272041157404,2019,6,16,44048,Nazareth,Normaal,Droog,Dag,met lichtgewonden,3,Fiets,10,"één bestuurder, geen hindernis",Buiten Kruispunt,Gemeenteweg,buiten bebouwde kom,"Eén bestuurder, geen hindernis (incl. val)",Geen hindernis
14343,113,Deinze teller 2,Deinze,50.96018,3.55578,0.8839975406485351,50.95563280323267,3.5454272041157404,2019,6,16,44048,Nazareth,Normaal,Droog,Dag,met lichtgewonden,3,Fiets,10,"één bestuurder, geen hindernis",Buiten Kruispunt,Gemeenteweg,buiten bebouwde kom,"Eén bestuurder, geen hindernis (incl. val)",Geen hindernis
14351,7,Evergem 1,Evergem,51.1089,3.70317,0.6379520500402127,51.10558444279923,3.71062734166274,2019,6,22,44019,Evergem,Onbekend,"Nat, plassen","Nacht, openbare verlichting aanwezig en ontstoken",met zwaargewonden,9,personenauto,3,Fiets,Op Kruispunt,Gemeenteweg,binnen bebouwde kom,Tss. 2 best.: langs opzij (voor-/achterkant-flank),Geen hindernis
14351,6,Evergem 2,Evergem,51.10894,3.70298,0.6513603429354966,51.10558444279923,3.71062734166274,2019,6,22,44019,Evergem,Onbekend,"Nat, plassen","Nacht, openbare verlichting aanwezig en ontstoken",met zwaargewonden,9,personenauto,3,Fiets,Op Kruispunt,Gemeenteweg,binnen bebouwde kom,Tss. 2 best.: langs opzij (voor-/achterkant-flank),Geen hindernis
14400,126,Hamme totem,Hamme,51.1017709,4.1469307,0.7710474279619239,51.09521825626254,4.143318398886919,2019,6,18,42008,Hamme,Normaal,Droog,Dag,met lichtgewonden,9,personenauto,3,Fiets,Op Kruispunt,Gewestweg,binnen bebouwde kom,Tussen 2 bestuurders: Frontale botsing,Geen hindernis
14421,10,Aalst 2,Aalst,50.93549,4.01571,0.4786827760302317,50.93943157526531,4.018456778523198,2019,6,12,41002,Aalst,Normaal,Droog,Dag,met lichtgewonden,3,Fiets,11,een weggebruiker tegen een hindernis,Op Kruispunt,Gewestweg,binnen bebouwde kom,Weggebruiker tegen hindernis op de rijbaan,"Op de rijbaan: Werken (signal., aarde, toestel,…)"
14421,19,Aalst 1,Aalst,50.93433,4.01471,0.6250797567142486,50.93943157526531,4.018456778523198,2019,6,12,41002,Aalst,Normaal,Droog,Dag,met lichtgewonden,3,Fiets,11,een weggebruiker tegen een hindernis,Op Kruispunt,Gewestweg,binnen bebouwde kom,Weggebruiker tegen hindernis op de rijbaan,"Op de rijbaan: Werken (signal., aarde, toestel,…)"
14421,11,Aalst 3,Aalst,50.93385,4.01647,0.6360656337268189,50.93943157526531,4.018456778523198,2019,6,12,41002,Aalst,Normaal,Droog,Dag,met lichtgewonden,3,Fiets,11,een weggebruiker tegen een hindernis,Op Kruispunt,Gewestweg,binnen bebouwde kom,Weggebruiker tegen hindernis op de rijbaan,"Op de rijbaan: Werken (signal., aarde, toestel,…)"
14435,125,Dendermonde totem,Dendermonde,51.0372706,4.1025998,0.48803455769820014,51.03302316616406,4.104358147440273,2019,6,11,42006,Dendermonde,Normaal,Droog,Dag,met lichtgewonden,9,personenauto,3,Fiets,Op Kruispunt,Gewestweg,binnen bebouwde kom,Tss. 2 best.: langs opzij (voor-/achterkant-flank),Geen hindernis
14435,122,Dendermonde teller 2,Dendermonde,51.0373918,4.1019222,0.5147671592286311,51.03302316616406,4.104358147440273,2019,6,11,42006,Dendermonde,Normaal,Droog,Dag,met lichtgewonden,9,personenauto,3,Fiets,Op Kruispunt,Gewestweg,binnen bebouwde kom,Tss. 2 best.: langs opzij (voor-/achterkant-flank),Geen hindernis
14436,122,Dendermonde teller 2,Dendermonde,51.0373918,4.1019222,0.7301206916170462,51.03156716383011,4.097102112092146,2019,6,10,42006,Dendermonde,Normaal,Droog,Dag,met lichtgewonden,3,Fiets,11,een weggebruiker tegen een hindernis,Buiten Kruispunt,Gemeenteweg,binnen bebouwde kom,Weggebruiker tegen hindernis buiten rijbaan,Andere hindernis
14436,125,Dendermonde totem,Dendermonde,51.0372706,4.1025998,0.7416100740764149,51.03156716383011,4.097102112092146,2019,6,10,42006,Dendermonde,Normaal,Droog,Dag,met lichtgewonden,3,Fiets,11,een weggebruiker tegen een hindernis,Buiten Kruispunt,Gemeenteweg,binnen bebouwde kom,Weggebruiker tegen hindernis buiten rijbaan,Andere hindernis
14449,142,TEST Validatie BRUGGE Y2H22022134,Brugge,51.22632,3.24095,0.5997443268859812,51.222027746042784,3.235734781878332,2019,6,8,31005,Brugge,Normaal,Droog,Dag,met lichtgewonden,3,Fiets,9,personenauto,Buiten Kruispunt,Gemeenteweg,binnen bebouwde kom,Tss. 2 best.: langs opzij (voor-/achterkant-flank),Geen hindernis
14449,52,Brugge,Brugge,51.22632,3.24095,0.5997443268859812,51.222027746042784,3.235734781878332,2019,6,8,31005,Brugge,Normaal,Droog,Dag,met lichtgewonden,3,Fiets,9,personenauto,Buiten Kruispunt,Gemeenteweg,binnen bebouwde kom,Tss. 2 best.: langs opzij (voor-/achterkant-flank),Geen hindernis
14479,55,Torhout teller 1,Torhout,51.07161,3.08261,0.41402975982934775,51.07108167123371,3.088475795950188,2019,6,13,31033,Torhout,Normaal,Droog,Dag,met lichtgewonden,3,Fiets,9,personenauto,Op Kruispunt,Gemeenteweg,binnen bebouwde kom,Tss. 2 best.: langs opzij (voor-/achterkant-flank),Geen hindernis
14479,56,Torhout teller 2,Torhout,51.07147,3.08244,0.42392400158518606,51.07108167123371,3.088475795950188,2019,6,13,31033,Torhout,Normaal,Droog,Dag,met lichtgewonden,3,Fiets,9,personenauto,Op Kruispunt,Gemeenteweg,binnen bebouwde kom,Tss. 2 best.: langs opzij (voor-/achterkant-flank),Geen hindernis
14502,75,Kortrijk teller 2,Kortrijk,50.81925,3.25731,0.857263554924081,50.821808393249896,3.2688219307242505,2019,6,10,34022,Kortrijk,Normaal,Droog,Dag,met lichtgewonden,9,personenauto,3,Fiets,Buiten Kruispunt,Gewestweg,binnen bebouwde kom,Tss. 2 best.: langs opzij (voor-/achterkant-flank),Geen hindernis
14502,74,Kortrijk teller 1,Kortrijk,50.81909,3.25728,0.86530630406989,50.821808393249896,3.2688219307242505,2019,6,10,34022,Kortrijk,Normaal,Droog,Dag,met lichtgewonden,9,personenauto,3,Fiets,Buiten Kruispunt,Gewestweg,binnen bebouwde kom,Tss. 2 best.: langs opzij (voor-/achterkant-flank),Geen hindernis
14504,16,Kortrijk 1,Kortrijk,50.83332,3.27777,0.08330880892956541,50.833266195786685,3.2789531929038764,2019,6,17,34022,Kortrijk,Normaal,Droog,Dag,met lichtgewonden,3,Fiets,9,personenauto,Buiten Kruispunt,Gewestweg,binnen bebouwde kom,Tussen 2 bestuurders: Flank tegen flank,Geen hindernis
14504,17,Kortrijk 2,Kortrijk,50.83339,3.27773,0.08699885676525247,50.833266195786685,3.2789531929038764,2019,6,17,34022,Kortrijk,Normaal,Droog,Dag,met lichtgewonden,3,Fiets,9,personenauto,Buiten Kruispunt,Gewestweg,binnen bebouwde kom,Tussen 2 bestuurders: Flank tegen flank,Geen hindernis
14506,143,Eco Display Classic Budastraat,Kortrijk,50.83066,3.26286,0.507669675112178,50.827779995924814,3.2572513475960285,2019,6,13,34022,Kortrijk,Regenval,"Nat, plassen",Dag,met lichtgewonden,3,Fiets,9,personenauto,Op Kruispunt,Gewestweg,binnen bebouwde kom,Tss. 2 best.: langs opzij (voor-/achterkant-flank),Geen hindernis
14506,75,Kortrijk teller 2,Kortrijk,50.81925,3.25731,0.9485012188684315,50.827779995924814,3.2572513475960285,2019,6,13,34022,Kortrijk,Regenval,"Nat, plassen",Dag,met lichtgewonden,3,Fiets,9,personenauto,Op Kruispunt,Gewestweg,binnen bebouwde kom,Tss. 2 best.: langs opzij (voor-/achterkant-flank),Geen hindernis
14506,74,Kortrijk teller 1,Kortrijk,50.81909,3.25728,0.9662855554221322,50.827779995924814,3.2572513475960285,2019,6,13,34022,Kortrijk,Regenval,"Nat, plassen",Dag,met lichtgewonden,3,Fiets,9,personenauto,Op Kruispunt,Gewestweg,binnen bebouwde kom,Tss. 2 best.: langs opzij (voor-/achterkant-flank),Geen hindernis
14517,64,Nieuwpoort teller 1,Nieuwpoort,51.13359,2.75737,0.6955829335232114,51.12846596181149,2.7516519804872406,2019,6,12,38016,Nieuwpoort,Normaal,Droog,Dag,met lichtgewonden,3,Fiets,9,personenauto,Op Kruispunt,Gemeenteweg,binnen bebouwde kom,Tss. 2 best.: langs opzij (voor-/achterkant-flank),Geen hindernis
14517,65,Nieuwpoort teller 2,Nieuwpoort,51.13435,2.75511,0.6973522106347804,51.12846596181149,2.7516519804872406,2019,6,12,38016,Nieuwpoort,Normaal,Droog,Dag,met lichtgewonden,3,Fiets,9,personenauto,Op Kruispunt,Gemeenteweg,binnen bebouwde kom,Tss. 2 best.: langs opzij (voor-/achterkant-flank),Geen hindernis
14517,66,Nieuwpoort totem,Nieuwpoort,51.1347,2.74369,0.8883589305654578,51.12846596181149,2.7516519804872406,2019,6,12,38016,Nieuwpoort,Normaal,Droog,Dag,met lichtgewonden,3,Fiets,9,personenauto,Op Kruispunt,Gemeenteweg,binnen bebouwde kom,Tss. 2 best.: langs opzij (voor-/achterkant-flank),Geen hindernis
14517,63,Nieuwpoort teller 3,Nieuwpoort,51.13529,2.74289,0.9744632464794936,51.12846596181149,2.7516519804872406,2019,6,12,38016,Nieuwpoort,Normaal,Droog,Dag,met lichtgewonden,3,Fiets,9,personenauto,Op Kruispunt,Gemeenteweg,binnen bebouwde kom,Tss. 2 best.: langs opzij (voor-/achterkant-flank),Geen hindernis
14518,66,Nieuwpoort totem,Nieuwpoort,51.1347,2.74369,0.7125252176100253,51.12920963197766,2.7489552258850507,2019,6,17,38016,Nieuwpoort,Normaal,Droog,Dag,met zwaargewonden,9,personenauto,3,Fiets,Op Kruispunt,Gemeenteweg,binnen bebouwde kom,Tss. 2 best.: langs opzij (voor-/achterkant-flank),Geen hindernis
14518,65,Nieuwpoort teller 2,Nieuwpoort,51.13435,2.75511,0.7149483423920524,51.12920963197766,2.7489552258850507,2019,6,17,38016,Nieuwpoort,Normaal,Droog,Dag,met zwaargewonden,9,personenauto,3,Fiets,Op Kruispunt,Gemeenteweg,binnen bebouwde kom,Tss. 2 best.: langs opzij (voor-/achterkant-flank),Geen hindernis
14518,64,Nieuwpoort teller 1,Nieuwpoort,51.13359,2.75737,0.7628986878534771,51.12920963197766,2.7489552258850507,2019,6,17,38016,Nieuwpoort,Normaal,Droog,Dag,met zwaargewonden,9,personenauto,3,Fiets,Op Kruispunt,Gemeenteweg,binnen bebouwde kom,Tss. 2 best.: langs opzij (voor-/achterkant-flank),Geen hindernis
14518,63,Nieuwpoort teller 3,Nieuwpoort,51.13529,2.74289,0.7976414642705354,51.12920963197766,2.7489552258850507,2019,6,17,38016,Nieuwpoort,Normaal,Droog,Dag,met zwaargewonden,9,personenauto,3,Fiets,Op Kruispunt,Gemeenteweg,binnen bebouwde kom,Tss. 2 best.: langs opzij (voor-/achterkant-flank),Geen hindernis
14526,41,Maasmechelen teller 1,Maasmechelen,50.97025,5.69799,0.706313714402403,50.96409817684618,5.695477624577967,2019,6,18,73107,Maasmechelen,Normaal,Droog,Dag,met lichtgewonden,9,personenauto,3,Fiets,Op Kruispunt,Gewestweg,binnen bebouwde kom,Tussen 2 bestuurders: Frontale botsing,Geen hindernis
14526,42,Maasmechelen teller 2,Maasmechelen,50.97043,5.6981,0.7276207682294643,50.96409817684618,5.695477624577967,2019,6,18,73107,Maasmechelen,Normaal,Droog,Dag,met lichtgewonden,9,personenauto,3,Fiets,Op Kruispunt,Gewestweg,binnen bebouwde kom,Tussen 2 bestuurders: Frontale botsing,Geen hindernis
14546,140,Hasselt ring,Hasselt,50.9300038,5.3438616,0.17289508932051756,50.929578312471136,5.341488762190037,2019,6,14,71022,Hasselt,Normaal,Droog,Dag,met lichtgewonden,3,Fiets,8,Voetganger,Buiten Kruispunt,Gemeenteweg,binnen bebouwde kom,Met een voetganger,Geen hindernis
14550,140,Hasselt ring,Hasselt,50.9300038,5.3438616,0.5426310745931915,50.926182496165474,5.339046187719674,2019,6,15,71022,Hasselt,Normaal,Droog,Dag,met lichtgewonden,9,personenauto,3,Fiets,Op Kruispunt,Gemeenteweg,binnen bebouwde kom,Tss. 2 best.: langs opzij (voor-/achterkant-flank),Geen hindernis
14556,23,Tienen 3,Tienen,50.81324,4.93447,0.44626061487103547,50.81234260307698,4.928279192581891,2019,6,13,24107,Tienen,Normaal,Droog,Dag,met zwaargewonden,3,Fiets,11,een weggebruiker tegen een hindernis,Op Kruispunt,Gewestweg,binnen bebouwde kom,Weggebruiker tegen hindernis buiten rijbaan,Buiten de rijbaan: Verlichtingspaal
14556,24,Tienen 1,Tienen,50.8133795491886,4.935044252605416,0.4890926671396642,50.81234260307698,4.928279192581891,2019,6,13,24107,Tienen,Normaal,Droog,Dag,met zwaargewonden,3,Fiets,11,een weggebruiker tegen een hindernis,Op Kruispunt,Gewestweg,binnen bebouwde kom,Weggebruiker tegen hindernis buiten rijbaan,Buiten de rijbaan: Verlichtingspaal
14556,22,Tienen 2,Tienen,50.81330800184882,4.935984252796022,0.5518917063110345,50.81234260307698,4.928279192581891,2019,6,13,24107,Tienen,Normaal,Droog,Dag,met zwaargewonden,3,Fiets,11,een weggebruiker tegen een hindernis,Op Kruispunt,Gewestweg,binnen bebouwde kom,Weggebruiker tegen hindernis buiten rijbaan,Buiten de rijbaan: Verlichtingspaal
14675,96,Lier teller 2,Lier,51.11705,4.58444,0.9162032824598422,51.124611434041874,4.589655273712161,2019,7,14,12021,Lier,Normaal,Droog,Dag,met zwaargewonden,9,personenauto,3,Fiets,Buiten Kruispunt,Gemeenteweg,buiten bebouwde kom,Tss. 2 best.: langs opzij (voor-/achterkant-flank),Geen hindernis
14675,95,Lier teller 1,Lier,51.11687,4.58437,0.9365187072967779,51.124611434041874,4.589655273712161,2019,7,14,12021,Lier,Normaal,Droog,Dag,met zwaargewonden,9,personenauto,3,Fiets,Buiten Kruispunt,Gemeenteweg,buiten bebouwde kom,Tss. 2 best.: langs opzij (voor-/achterkant-flank),Geen hindernis
14679,92,Nijlen teller 1,Nijlen,51.14989,4.64479,0.9240541479688272,51.14423580479564,4.635081867792983,2019,7,17,12026,Nijlen,Normaal,Droog,Dag,met zwaargewonden,5,Lichte vrachtauto,3,Fiets,Op Kruispunt,Gewestweg,buiten bebouwde kom,Tss. 2 best.: langs opzij (voor-/achterkant-flank),Geen hindernis
14679,93,Nijlen teller 2,Nijlen,51.14998,4.64469,0.9258295200677247,51.14423580479564,4.635081867792983,2019,7,17,12026,Nijlen,Normaal,Droog,Dag,met zwaargewonden,5,Lichte vrachtauto,3,Fiets,Op Kruispunt,Gewestweg,buiten bebouwde kom,Tss. 2 best.: langs opzij (voor-/achterkant-flank),Geen hindernis
14715,110,Herentals totem,Herentals,51.1739426,4.811783,0.34803584479054606,51.17677512952864,4.809658863124588,2019,7,19,13011,Herentals,Normaal,Droog,Dag,met lichtgewonden,3,Fiets,9,personenauto,Buiten Kruispunt,Gemeenteweg,binnen bebouwde kom,Tss. 2 best.: langs opzij (voor-/achterkant-flank),Geen hindernis
14715,94,Herentals teller 2,Herentals,51.17345,4.81283,0.43078680545867215,51.17677512952864,4.809658863124588,2019,7,19,13011,Herentals,Normaal,Droog,Dag,met lichtgewonden,3,Fiets,9,personenauto,Buiten Kruispunt,Gemeenteweg,binnen bebouwde kom,Tss. 2 best.: langs opzij (voor-/achterkant-flank),Geen hindernis
14721,46,Pelt teller 2,Pelt,51.231,5.44375,0.7683231501314217,51.22945147190563,5.4329962142840955,2019,7,15,72043,Pelt,Onbekend,Droog,Dag,met lichtgewonden,3,Fiets,3,Fiets,Buiten Kruispunt,Gemeenteweg,binnen bebouwde kom,Tussen 2 bestuurders: Frontale botsing,Geen hindernis
14721,45,Pelt teller 1,Pelt,51.23127,5.44377,0.7769459733587166,51.22945147190563,5.4329962142840955,2019,7,15,72043,Pelt,Onbekend,Droog,Dag,met lichtgewonden,3,Fiets,3,Fiets,Buiten Kruispunt,Gemeenteweg,binnen bebouwde kom,Tussen 2 bestuurders: Frontale botsing,Geen hindernis
14723,45,Pelt teller 1,Pelt,51.23127,5.44377,0.7298238459907528,51.23574130893597,5.451443643317157,2019,7,21,72043,Pelt,Normaal,Droog,Dageraad - schemering,met zwaargewonden,3,Fiets,9,personenauto,Buiten Kruispunt,Gewestweg,buiten bebouwde kom,Tussen 2 bestuurders: Frontale botsing,Geen hindernis
14723,46,Pelt teller 2,Pelt,51.231,5.44375,0.7515913001304639,51.23574130893597,5.451443643317157,2019,7,21,72043,Pelt,Normaal,Droog,Dageraad - schemering,met zwaargewonden,3,Fiets,9,personenauto,Buiten Kruispunt,Gewestweg,buiten bebouwde kom,Tussen 2 bestuurders: Frontale botsing,Geen hindernis
14746,14,Genk,Genk,50.97172,5.48927,0.7081474955495984,50.97643991863063,5.482479852102249,2019,7,20,71016,Genk,Normaal,Droog,Dag,met lichtgewonden,3,Fiets,10,"één bestuurder, geen hindernis",Buiten Kruispunt,Gemeenteweg,buiten bebouwde kom,"Eén bestuurder, geen hindernis (incl. val)",Geen hindernis
14756,69,Leuven teller 1,Leuven,50.87549,4.71526,0.38652187209075656,50.877431782624576,4.7106907788874555,2019,7,21,24062,Leuven,Normaal,Droog,Dageraad - schemering,met lichtgewonden,3,Fiets,9,personenauto,Op Kruispunt,Gemeenteweg,binnen bebouwde kom,Tss. 2 best.: langs opzij (voor-/achterkant-flank),Geen hindernis
14762,77,Leuven teller 2,Leuven,50.88672,4.70796,0.7313637033010474,50.88036410241629,4.705277768381632,2019,7,8,24062,Leuven,Onbekend,Proper,Dag,met zwaargewonden,3,Fiets,10,"één bestuurder, geen hindernis",Op Kruispunt,Gemeenteweg,binnen bebouwde kom,"Eén bestuurder, geen hindernis (incl. val)",Geen hindernis
14762,107,leuven totem,Leuven,50.8870744,4.7087919,0.7858218393156858,50.88036410241629,4.705277768381632,2019,7,8,24062,Leuven,Onbekend,Proper,Dag,met zwaargewonden,3,Fiets,10,"één bestuurder, geen hindernis",Op Kruispunt,Gemeenteweg,binnen bebouwde kom,"Eén bestuurder, geen hindernis (incl. val)",Geen hindernis
14762,69,Leuven teller 1,Leuven,50.87549,4.71526,0.8855782641376743,50.88036410241629,4.705277768381632,2019,7,8,24062,Leuven,Onbekend,Proper,Dag,met zwaargewonden,3,Fiets,10,"één bestuurder, geen hindernis",Op Kruispunt,Gemeenteweg,binnen bebouwde kom,"Eén bestuurder, geen hindernis (incl. val)",Geen hindernis
14763,107,leuven totem,Leuven,50.8870744,4.7087919,0.6141074378119801,50.882475984678,4.713640259223299,2019,7,20,24062,Leuven,Normaal,Proper,Dag,met lichtgewonden,3,Fiets,11,een weggebruiker tegen een hindernis,Buiten Kruispunt,Gewestweg,binnen bebouwde kom,Weggebruiker tegen hindernis op de rijbaan,"Op de rijbaan: Put, straatgoot, tramspoor"
14763,77,Leuven teller 2,Leuven,50.88672,4.70796,0.6176451419782931,50.882475984678,4.713640259223299,2019,7,20,24062,Leuven,Normaal,Proper,Dag,met lichtgewonden,3,Fiets,11,een weggebruiker tegen een hindernis,Buiten Kruispunt,Gewestweg,binnen bebouwde kom,Weggebruiker tegen hindernis op de rijbaan,"Op de rijbaan: Put, straatgoot, tramspoor"