crash_row_id,site_id,site_name,site_gemeente,site_lat,site_long,distance_km,crash_lat,crash_long,DT_YEAR_COLLISION,DT_MONTH_COLLISION,DT_TIME,CD_NIS,TX_MUNTY_COLLISION_NL,TX_WEATHER_NL,TX_ROAD_CONDITION_NL,TX_LIGHT_CONDITION_NL,TX_CLASS_ACCIDENTS_NL,CD_ROAD_USR_TYPE1,TX_ROAD_USR_TYPE1_NL,CD_ROAD_USR_TYPE2,TX_ROAD_USR_TYPE2_NL,TX_CROSSWAY_NL,CD_ROAD_TYPE_NL,TX_BUILD_UP_AREA_NL,TX_COLLISION_TYPE_NL,TX_OBSTACLES_NL
14763,69,Leuven teller 1,Leuven,50.87549,4.71526,0.7850743769139781,50.882475984678,4.713640259223299,2019,7,20,24062,Leuven,Normaal,Proper,Dag,met lichtgewonden,3,Fiets,11,een weggebruiker tegen een hindernis,Buiten Kruispunt,Gewestweg,binnen bebouwde kom,Weggebruiker tegen hindernis op de rijbaan,"Op de rijbaan: Put, straatgoot, tramspoor"
14767,151,Leuven,District Leuven,50.8690262,4.6854839,0.19978777455058283,50.870770450790125,4.686167005934848,2019,7,9,24062,Leuven,Normaal,Droog,Dag,met lichtgewonden,9,personenauto,3,Fiets,Buiten Kruispunt,Gemeenteweg,buiten bebouwde kom,Tussen 2 bestuurders: Langs achteren,Geen hindernis
14768,77,Leuven teller 2,Leuven,50.88672,4.70796,0.3355642347500892,50.884499638154544,4.704720349728411,2019,7,15,24062,Leuven,Normaal,Droog,Dag,met zwaargewonden,3,Fiets,9,personenauto,Op Kruispunt,Gemeenteweg,binnen bebouwde kom,Tss. 2 best.: langs opzij (voor-/achterkant-flank),Geen hindernis
14768,107,leuven totem,Leuven,50.8870744,4.7087919,0.40440673149733863,50.884499638154544,4.704720349728411,2019,7,15,24062,Leuven,Normaal,Droog,Dag,met zwaargewonden,3,Fiets,9,personenauto,Op Kruispunt,Gemeenteweg,binnen bebouwde kom,Tss. 2 best.: langs opzij (voor-/achterkant-flank),Geen hindernis
14769,69,Leuven teller 1,Leuven,50.87549,4.71526,0.4784108433417839,50.873969895911515,4.708881467000433,2019,7,15,24062,Leuven,Normaal,Proper,Dag,met lichtgewonden,9,personenauto,3,Fiets,Op Kruispunt,Gemeenteweg,binnen bebouwde kom,Tss. 2 best.: langs opzij (voor-/achterkant-flank),Geen hindernis
14770,151,Leuven,District Leuven,50.8690262,4.6854839,0.51618157005182,50.87206791766729,4.691040702652305,2019,7,17,24062,Leuven,Normaal,Droog,Dag,met lichtgewonden,3,Fiets,9,personenauto,Op Kruispunt,Gewestweg,binnen bebouwde kom,Tss. 2 best.: langs opzij (voor-/achterkant-flank),Geen hindernis
14772,77,Leuven teller 2,Leuven,50.88672,4.70796,0.7729221401563681,50.88077821163754,4.702242320614778,2019,7,18,24062,Leuven,Normaal,Droog,Dag,met lichtgewonden,3,Fiets,9,personenauto,Op Kruispunt,Gemeenteweg,binnen bebouwde kom,Tss. 2 best.: langs opzij (voor-/achterkant-flank),Geen hindernis
14772,107,leuven totem,Leuven,50.8870744,4.7087919,0.8374102471439361,50.88077821163754,4.702242320614778,2019,7,18,24062,Leuven,Normaal,Droog,Dag,met lichtgewonden,3,Fiets,9,personenauto,Op Kruispunt,Gemeenteweg,binnen bebouwde kom,Tss. 2 best.: langs opzij (voor-/achterkant-flank),Geen hindernis
14773,151,Leuven,District Leuven,50.8690262,4.6854839,0.2455622374386681,50.87115451654673,4.6845501060327015,2019,7,9,24062,Leuven,Normaal,Droog,Dag,met lichtgewonden,9,personenauto,3,Fiets,Buiten Kruispunt,Gemeenteweg,binnen bebouwde kom,Tussen 2 bestuurders: Frontale botsing,Geen hindernis
14774,69,Leuven teller 1,Leuven,50.87549,4.71526,0.7077994742618238,50.88168134242373,4.7176029932383745,2019,7,21,24062,Leuven,Normaal,Onbekend,Dag,met lichtgewonden,9,personenauto,3,Fiets,Buiten Kruispunt,Gewestweg,binnen bebouwde kom,Tss. 2 best.: langs opzij (voor-/achterkant-flank),Geen hindernis
14774,107,leuven totem,Leuven,50.8870744,4.7087919,0.861207476945875,50.88168134242373,4.7176029932383745,2019,7,21,24062,Leuven,Normaal,Onbekend,Dag,met lichtgewonden,9,personenauto,3,Fiets,Buiten Kruispunt,Gewestweg,binnen bebouwde kom,Tss. 2 best.: langs opzij (voor-/achterkant-flank),Geen hindernis
14774,77,Leuven teller 2,Leuven,50.88672,4.70796,0.8783629278677426,50.88168134242373,4.7176029932383745,2019,7,21,24062,Leuven,Normaal,Onbekend,Dag,met lichtgewonden,9,personenauto,3,Fiets,Buiten Kruispunt,Gewestweg,binnen bebouwde kom,Tss. 2 best.: langs opzij (voor-/achterkant-flank),Geen hindernis
14776,77,Leuven teller 2,Leuven,50.88672,4.70796,0.4062586096336746,50.883071095828306,4.7082526307787775,2019,7,12,24062,Leuven,Normaal,Droog,Dag,met lichtgewonden,3,Fiets,3,Fiets,Buiten Kruispunt,Gemeenteweg,binnen bebouwde kom,Tussen 2 bestuurders: Flank tegen flank,Geen hindernis
14776,107,leuven totem,Leuven,50.8870744,4.7087919,0.44675167518286585,50.883071095828306,4.7082526307787775,2019,7,12,24062,Leuven,Normaal,Droog,Dag,met lichtgewonden,3,Fiets,3,Fiets,Buiten Kruispunt,Gemeenteweg,binnen bebouwde kom,Tussen 2 bestuurders: Flank tegen flank,Geen hindernis
14776,69,Leuven teller 1,Leuven,50.87549,4.71526,0.975866471724507,50.883071095828306,4.7082526307787775,2019,7,12,24062,Leuven,Normaal,Droog,Dag,met lichtgewonden,3,Fiets,3,Fiets,Buiten Kruispunt,Gemeenteweg,binnen bebouwde kom,Tussen 2 bestuurders: Flank tegen flank,Geen hindernis
14790,12,Tervuren,Kraainem,50.81896,4.47803,0.19951763475706158,50.820712488465546,4.477420406665074,2019,7,21,23099,Kraainem,Normaal,Droog,Dag,met lichtgewonden,9,personenauto,3,Fiets,Buiten Kruispunt,Gewestweg,buiten bebouwde kom,Tussen 2 bestuurders: Flank tegen flank,Geen hindernis
14807,27,Grimbergen,Meise,50.92127,4.34013,0.22821475820148715,50.919367351308296,4.338909264695265,2019,7,8,23025,Grimbergen,Normaal,Droog,Dag,met lichtgewonden,7,Motorfiets,3,Fiets,Op Kruispunt,Gewestweg,buiten bebouwde kom,Tss. 2 best.: langs opzij (voor-/achterkant-flank),Geen hindernis
14855,116,Melle teller 2,Melle,50.9986113,3.8040599,0.3410405583239336,50.99575661058917,3.8022780753785574,2019,7,16,44040,Melle,Normaal,Droog,Dag,met lichtgewonden,9,personenauto,3,Fiets,Op Kruispunt,Gewestweg,binnen bebouwde kom,Tss. 2 best.: langs opzij (voor-/achterkant-flank),Geen hindernis
14855,117,Melle teller 1,Melle,50.9986113,3.8040599,0.3410405583239336,50.99575661058917,3.8022780753785574,2019,7,16,44040,Melle,Normaal,Droog,Dag,met lichtgewonden,9,personenauto,3,Fiets,Op Kruispunt,Gewestweg,binnen bebouwde kom,Tss. 2 best.: langs opzij (voor-/achterkant-flank),Geen hindernis
14917,10,Aalst 2,Aalst,50.93549,4.01571,0.9909983257002739,50.94372748260917,4.021108502113207,2019,7,21,41002,Aalst,Normaal,Droog,"Nacht, openbare verlichting aanwezig en ontstoken",met lichtgewonden,9,personenauto,3,Fiets,Buiten Kruispunt,Gewestweg,binnen bebouwde kom,Tss. 2 best.: langs opzij (voor-/achterkant-flank),Geen hindernis
14921,10,Aalst 2,Aalst,50.93549,4.01571,0.7886315020926874,50.94160298191683,4.010003138896513,2019,7,19,41002,Aalst,Normaal,Droog,Dag,met lichtgewonden,3,Fiets,9,personenauto,Buiten Kruispunt,Gemeenteweg,binnen bebouwde kom,Tss. 2 best.: langs opzij (voor-/achterkant-flank),Geen hindernis
14921,19,Aalst 1,Aalst,50.93433,4.01471,0.8733857891954426,50.94160298191683,4.010003138896513,2019,7,19,41002,Aalst,Normaal,Droog,Dag,met lichtgewonden,3,Fiets,9,personenauto,Buiten Kruispunt,Gemeenteweg,binnen bebouwde kom,Tss. 2 best.: langs opzij (voor-/achterkant-flank),Geen hindernis
14921,11,Aalst 3,Aalst,50.93385,4.01647,0.9739297050727473,50.94160298191683,4.010003138896513,2019,7,19,41002,Aalst,Normaal,Droog,Dag,met lichtgewonden,3,Fiets,9,personenauto,Buiten Kruispunt,Gemeenteweg,binnen bebouwde kom,Tss. 2 best.: langs opzij (voor-/achterkant-flank),Geen hindernis
14939,142,TEST Validatie BRUGGE Y2H22022134,Brugge,51.22632,3.24095,0.6682167185283548,51.22257167525485,3.2334498254541266,2019,7,8,31005,Brugge,Normaal,Droog+Proper,Dag,met lichtgewonden,3,Fiets,9,personenauto,Op Kruispunt,Gewestweg,binnen bebouwde kom,Tss. 2 best.: langs opzij (voor-/achterkant-flank),Geen hindernis
14939,52,Brugge,Brugge,51.22632,3.24095,0.6682167185283548,51.22257167525485,3.2334498254541266,2019,7,8,31005,Brugge,Normaal,Droog+Proper,Dag,met lichtgewonden,3,Fiets,9,personenauto,Op Kruispunt,Gewestweg,binnen bebouwde kom,Tss. 2 best.: langs opzij (voor-/achterkant-flank),Geen hindernis
14939,54,Brugge teller 2,Brugge,51.23015,3.22818,0.9191075909880713,51.22257167525485,3.2334498254541266,2019,7,8,31005,Brugge,Normaal,Droog+Proper,Dag,met lichtgewonden,3,Fiets,9,personenauto,Op Kruispunt,Gewestweg,binnen bebouwde kom,Tss. 2 best.: langs opzij (voor-/achterkant-flank),Geen hindernis
14939,53,Brugge teller 1,Brugge,51.23023,3.228,0.9323015794767424,51.22257167525485,3.2334498254541266,2019,7,8,31005,Brugge,Normaal,Droog+Proper,Dag,met lichtgewonden,3,Fiets,9,personenauto,Op Kruispunt,Gewestweg,binnen bebouwde kom,Tss. 2 best.: langs opzij (voor-/achterkant-flank),Geen hindernis
14941,142,TEST Validatie BRUGGE Y2H22022134,Brugge,51.22632,3.24095,0.514267899368567,51.22316642334739,3.2355481117497127,2019,7,13,31005,Brugge,Normaal,Droog,Dag,met lichtgewonden,9,personenauto,3,Fiets,Buiten Kruispunt,Gewestweg,binnen bebouwde kom,Tss. 2 best.: langs opzij (voor-/achterkant-flank),Geen hindernis
14941,52,Brugge,Brugge,51.22632,3.24095,0.514267899368567,51.22316642334739,3.2355481117497127,2019,7,13,31005,Brugge,Normaal,Droog,Dag,met lichtgewonden,9,personenauto,3,Fiets,Buiten Kruispunt,Gewestweg,binnen bebouwde kom,Tss. 2 best.: langs opzij (voor-/achterkant-flank),Geen hindernis
14941,54,Brugge teller 2,Brugge,51.23015,3.22818,0.9307308945195171,51.22316642334739,3.2355481117497127,2019,7,13,31005,Brugge,Normaal,Droog,Dag,met lichtgewonden,9,personenauto,3,Fiets,Buiten Kruispunt,Gewestweg,binnen bebouwde kom,Tss. 2 best.: langs opzij (voor-/achterkant-flank),Geen hindernis
14941,53,Brugge teller 1,Brugge,51.23023,3.228,0.9450785125112354,51.22316642334739,3.2355481117497127,2019,7,13,31005,Brugge,Normaal,Droog,Dag,met lichtgewonden,9,personenauto,3,Fiets,Buiten Kruispunt,Gewestweg,binnen bebouwde kom,Tss. 2 best.: langs opzij (voor-/achterkant-flank),Geen hindernis
14960,59,Ardooie teller 1,Ardooie,50.96784,3.18479,0.8774887579642995,50.97050903780083,3.196582805396784,2019,7,5,37020,Ardooie,Mist (zichtbaarheid minder dan 100m),Droog,Dageraad - schemering,met lichtgewonden,9,personenauto,3,Fiets,Op Kruispunt,Gemeenteweg,buiten bebouwde kom,Tss. 2 best.: langs opzij (voor-/achterkant-flank),Geen hindernis
14960,60,Ardooie teller 2,Ardooie,50.96783,3.18411,0.9227977827394692,50.97050903780083,3.196582805396784,2019,7,5,37020,Ardooie,Mist (zichtbaarheid minder dan 100m),Droog,Dageraad - schemering,met lichtgewonden,9,personenauto,3,Fiets,Op Kruispunt,Gemeenteweg,buiten bebouwde kom,Tss. 2 best.: langs opzij (voor-/achterkant-flank),Geen hindernis
14986,65,Nieuwpoort teller 2,Nieuwpoort,51.13435,2.75511,0.5840373808350022,51.13958591456518,2.755772182709018,2019,7,10,35011,Middelkerke,Normaal,Droog,Dag,met zwaargewonden,9,personenauto,3,Fiets,Buiten Kruispunt,Gewestweg,buiten bebouwde kom,Tss. 2 best.: langs opzij (voor-/achterkant-flank),Geen hindernis
14986,64,Nieuwpoort teller 1,Nieuwpoort,51.13359,2.75737,0.6759714184131107,51.13958591456518,2.755772182709018,2019,7,10,35011,Middelkerke,Normaal,Droog,Dag,met zwaargewonden,9,personenauto,3,Fiets,Buiten Kruispunt,Gewestweg,buiten bebouwde kom,Tss. 2 best.: langs opzij (voor-/achterkant-flank),Geen hindernis
15009,143,Eco Display Classic Budastraat,Kortrijk,50.83066,3.26286,0.5872701225740617,50.82545165029073,3.2614736971017737,2019,7,6,34022,Kortrijk,Normaal,Droog,Dag,met lichtgewonden,9,personenauto,3,Fiets,Buiten Kruispunt,Gemeenteweg,binnen bebouwde kom,Tss. 2 best.: langs opzij (voor-/achterkant-flank),Geen hindernis
15009,75,Kortrijk teller 2,Kortrijk,50.81925,3.25731,0.7490531980563584,50.82545165029073,3.2614736971017737,2019,7,6,34022,Kortrijk,Normaal,Droog,Dag,met lichtgewonden,9,personenauto,3,Fiets,Buiten Kruispunt,Gemeenteweg,binnen bebouwde kom,Tss. 2 best.: langs opzij (voor-/achterkant-flank),Geen hindernis
15009,74,Kortrijk teller 1,Kortrijk,50.81909,3.25728,0.7662714838897868,50.82545165029073,3.2614736971017737,2019,7,6,34022,Kortrijk,Normaal,Droog,Dag,met lichtgewonden,9,personenauto,3,Fiets,Buiten Kruispunt,Gemeenteweg,binnen bebouwde kom,Tss. 2 best.: langs opzij (voor-/achterkant-flank),Geen hindernis
15010,143,Eco Display Classic Budastraat,Kortrijk,50.83066,3.26286,0.5646948688082496,50.832436176596204,3.2553272781019933,2019,7,17,34022,Kortrijk,Normaal,Droog,Dag,met lichtgewonden,9,personenauto,3,Fiets,Buiten Kruispunt,Gewestweg,binnen bebouwde kom,Tss. 2 best.: langs opzij (voor-/achterkant-flank),Geen hindernis
15011,17,Kortrijk 2,Kortrijk,50.83339,3.27773,0.4444441588689381,50.83403303458583,3.271483824052507,2019,7,16,34022,Kortrijk,Normaal,Droog,Dag,met lichtgewonden,3,Fiets,9,personenauto,Buiten Kruispunt,Gewestweg,binnen bebouwde kom,Tss. 2 best.: langs opzij (voor-/achterkant-flank),Geen hindernis
15011,16,Kortrijk 1,Kortrijk,50.83332,3.27777,0.4485275163984999,50.83403303458583,3.271483824052507,2019,7,16,34022,Kortrijk,Normaal,Droog,Dag,met lichtgewonden,3,Fiets,9,personenauto,Buiten Kruispunt,Gewestweg,binnen bebouwde kom,Tss. 2 best.: langs opzij (voor-/achterkant-flank),Geen hindernis
15011,143,Eco Display Classic Budastraat,Kortrijk,50.83066,3.26286,0.7123794108441458,50.83403303458583,3.271483824052507,2019,7,16,34022,Kortrijk,Normaal,Droog,Dag,met lichtgewonden,3,Fiets,9,personenauto,Buiten Kruispunt,Gewestweg,binnen bebouwde kom,Tss. 2 best.: langs opzij (voor-/achterkant-flank),Geen hindernis
15014,17,Kortrijk 2,Kortrijk,50.83339,3.27773,0.4444441588689381,50.83403303458583,3.271483824052507,2019,7,9,34022,Kortrijk,Normaal,Droog,Dag,met lichtgewonden,3,Fiets,9,personenauto,Op Kruispunt,Gewestweg,buiten bebouwde kom,Tss. 2 best.: langs opzij (voor-/achterkant-flank),Geen hindernis
15014,16,Kortrijk 1,Kortrijk,50.83332,3.27777,0.4485275163984999,50.83403303458583,3.271483824052507,2019,7,9,34022,Kortrijk,Normaal,Droog,Dag,met lichtgewonden,3,Fiets,9,personenauto,Op Kruispunt,Gewestweg,buiten bebouwde kom,Tss. 2 best.: langs opzij (voor-/achterkant-flank),Geen hindernis
15014,143,Eco Display Classic Budastraat,Kortrijk,50.83066,3.26286,0.7123794108441458,50.83403303458583,3.271483824052507,2019,7,9,34022,Kortrijk,Normaal,Droog,Dag,met lichtgewonden,3,Fiets,9,personenauto,Op Kruispunt,Gewestweg,buiten bebouwde kom,Tss. 2 best.: langs opzij (voor-/achterkant-flank),Geen hindernis
15032,62,Wervik teller 1,Wervik,50.8058,3.09154,0.978092155178409,50.813624556095036,3.085180387992961,2019,7,7,33029,Wervik,Normaal,Droog,Dag,met lichtgewonden,9,personenauto,3,Fiets,Buiten Kruispunt,Gemeenteweg,binnen bebouwde kom,Tss. 2 best.: langs opzij (voor-/achterkant-flank),Geen hindernis
15065,140,Hasselt ring,Hasselt,50.9300038,5.3438616,0.020636890745595816,50.929828099769914,5.343956450518034,2019,7,12,71022,Hasselt,Normaal,Droog,Dag,met lichtgewonden,9,personenauto,3,Fiets,Op Kruispunt,Gewestweg,binnen bebouwde kom,Tss. 2 best.: langs opzij (voor-/achterkant-flank),Geen hindernis
15066,140,Hasselt ring,Hasselt,50.9300038,5.3438616,0.9226697440185113,50.930288908321295,5.330703900898841,2019,7,13,71022,Hasselt,Onbekend,Onbekend,Dag,met lichtgewonden,9,personenauto,3,Fiets,Buiten Kruispunt,Gemeenteweg,onbekend,Tussen 2 bestuurders: Langs achteren,Geen hindernis
15069,140,Hasselt ring,Hasselt,50.9300038,5.3438616,0.7286868258087295,50.93271806559473,5.3343975859053065,2019,7,17,71022,Hasselt,Normaal,Droog,Dag,met lichtgewonden,9,personenauto,3,Fiets,Op Kruispunt,Gewestweg,binnen bebouwde kom,Tss. 2 best.: langs opzij (voor-/achterkant-flank),Geen hindernis
15072,22,Tienen 2,Tienen,50.81330800184882,4.935984252796022,0.6314005009850109,50.81115835230315,4.944302019193615,2019,7,17,24107,Tienen,Normaal,Droog,Dag,met lichtgewonden,9,personenauto,3,Fiets,Buiten Kruispunt,Gewestweg,binnen bebouwde kom,Tss. 2 best.: langs opzij (voor-/achterkant-flank),Geen hindernis
15072,24,Tienen 1,Tienen,50.8133795491886,4.935044252605416,0.69576437539085,50.81115835230315,4.944302019193615,2019,7,17,24107,Tienen,Normaal,Droog,Dag,met lichtgewonden,9,personenauto,3,Fiets,Buiten Kruispunt,Gewestweg,binnen bebouwde kom,Tss. 2 best.: langs opzij (voor-/achterkant-flank),Geen hindernis
15072,23,Tienen 3,Tienen,50.81324,4.93447,0.7285468857140612,50.81115835230315,4.944302019193615,2019,7,17,24107,Tienen,Normaal,Droog,Dag,met lichtgewonden,9,personenauto,3,Fiets,Buiten Kruispunt,Gewestweg,binnen bebouwde kom,Tss. 2 best.: langs opzij (voor-/achterkant-flank),Geen hindernis
15189,3,Brasschaat 1,Brasschaat,51.27503,4.47222,0.7808490146865151,51.28174913453005,4.4754831351248425,2019,8,11,11008,Brasschaat,Normaal,Droog,Dag,met lichtgewonden,9,personenauto,3,Fiets,Buiten Kruispunt,Gewestweg,buiten bebouwde kom,Tss. 2 best.: langs opzij (voor-/achterkant-flank),Geen hindernis
15189,2,Brasschaat 2,Brasschaat,51.27512,4.47169,0.7829207725996964,51.28174913453005,4.4754831351248425,2019,8,11,11008,Brasschaat,Normaal,Droog,Dag,met lichtgewonden,9,personenauto,3,Fiets,Buiten Kruispunt,Gewestweg,buiten bebouwde kom,Tss. 2 best.: langs opzij (voor-/achterkant-flank),Geen hindernis
15231,98,Geel teller 2,Geel,51.1481,4.99643,0.9329961141357083,51.148349316746874,4.983060278290291,2019,8,9,13008,Geel,Normaal,Droog,Dag,met lichtgewonden,9,personenauto,3,Fiets,Op Kruispunt,Gewestweg,buiten bebouwde kom,Tss. 2 best.: langs opzij (voor-/achterkant-flank),Geen hindernis
15231,97,Geel teller 1,Geel,51.14813,4.99698,0.9712544393801895,51.148349316746874,4.983060278290291,2019,8,9,13008,Geel,Normaal,Droog,Dag,met lichtgewonden,9,personenauto,3,Fiets,Op Kruispunt,Gewestweg,buiten bebouwde kom,Tss. 2 best.: langs opzij (voor-/achterkant-flank),Geen hindernis
15265,25,Bree,Bree,51.13679500160176,5.597669323604317,0.6102614233705405,51.14191445526304,5.600821548546129,2019,8,20,72004,Bree,Normaal,Droog,Dageraad - schemering,met zwaargewonden,3,Fiets,10,"één bestuurder, geen hindernis",Op Kruispunt,Gewestweg,binnen bebouwde kom,"Eén bestuurder, geen hindernis (incl. val)",Geen hindernis
15268,25,Bree,Bree,51.13679500160176,5.597669323604317,0.7603408759992595,51.13924147998441,5.607845930067978,2019,8,19,72004,Bree,Normaal,Droog,Dag,met lichtgewonden,3,Fiets,9,personenauto,Op Kruispunt,Gewestweg,buiten bebouwde kom,Tss. 2 best.: langs opzij (voor-/achterkant-flank),Geen hindernis
15275,14,Genk,Genk,50.97172,5.48927,0.37882809061755973,50.97276287685536,5.484119361573103,2019,8,20,71016,Genk,Normaal,Droog,Dageraad - schemering,met lichtgewonden,3,Fiets,9,personenauto,Op Kruispunt,Gemeenteweg,binnen bebouwde kom,Tss. 2 best.: langs opzij (voor-/achterkant-flank),Geen hindernis
15281,69,Leuven teller 1,Leuven,50.87549,4.71526,0.35840406103249817,50.87414452400875,4.719901634659071,2019,8,17,24062,Leuven,Normaal,Droog,Dag,met lichtgewonden,3,Fiets,3,Fiets,Buiten Kruispunt,Gewestweg,binnen bebouwde kom,Tussen 2 bestuurders: Frontale botsing,Geen hindernis
15282,69,Leuven teller 1,Leuven,50.87549,4.71526,0.5977351179741374,50.88086457673048,4.715096969784686,2019,8,15,24062,Leuven,Normaal,Droog,Dag,met lichtgewonden,3,Fiets,8,Voetganger,Buiten Kruispunt,Gewestweg,binnen bebouwde kom,Met een voetganger,Geen hindernis
15282,107,leuven totem,Leuven,50.8870744,4.7087919,0.8200200821066232,50.88086457673048,4.715096969784686,2019,8,15,24062,Leuven,Normaal,Droog,Dag,met lichtgewonden,3,Fiets,8,Voetganger,Buiten Kruispunt,Gewestweg,binnen bebouwde kom,Met een voetganger,Geen hindernis
15282,77,Leuven teller 2,Leuven,50.88672,4.70796,0.821339318090066,50.88086457673048,4.715096969784686,2019,8,15,24062,Leuven,Normaal,Droog,Dag,met lichtgewonden,3,Fiets,8,Voetganger,Buiten Kruispunt,Gewestweg,binnen bebouwde kom,Met een voetganger,Geen hindernis
15283,69,Leuven teller 1,Leuven,50.87549,4.71526,0.9885768085462204,50.867416826297614,4.70935960375654,2019,8,9,24062,Leuven,Normaal,Droog,Dag,met lichtgewonden,3,Fiets,8,Voetganger,Op Kruispunt,Gemeenteweg,binnen bebouwde kom,Met een voetganger,Geen hindernis
15284,77,Leuven teller 2,Leuven,50.88672,4.70796,0.047272627550616356,50.88701039837109,4.707467818581537,2019,8,14,24062,Leuven,Normaal,Droog,Dag,met lichtgewonden,3,Fiets,10,"één bestuurder, geen hindernis",Buiten Kruispunt,Gemeenteweg,binnen bebouwde kom,"Eén bestuurder, geen hindernis (incl. val)",Geen hindernis
15284,107,leuven totem,Leuven,50.8870744,4.7087919,0.09315319776556719,50.88701039837109,4.707467818581537,2019,8,14,24062,Leuven,Normaal,Droog,Dag,met lichtgewonden,3,Fiets,10,"één bestuurder, geen hindernis",Buiten Kruispunt,Gemeenteweg,binnen bebouwde kom,"Eén bestuurder, geen hindernis (incl. val)",Geen hindernis
15285,69,Leuven teller 1,Leuven,50.87549,4.71526,0.49957026450022995,50.879975302607825,4.7156696231987345,2019,8,17,24062,Leuven,Normaal,Droog,Dag,met zwaargewonden,3,Fiets,3,Fiets,Buiten Kruispunt,Gemeenteweg,binnen bebouwde kom,Tussen 2 bestuurders: Frontale botsing,Geen hindernis
15285,77,Leuven teller 2,Leuven,50.88672,4.70796,0.9246548554461691,50.879975302607825,4.7156696231987345,2019,8,17,24062,Leuven,Normaal,Droog,Dag,met zwaargewonden,3,Fiets,3,Fiets,Buiten Kruispunt,Gemeenteweg,binnen bebouwde kom,Tussen 2 bestuurders: Frontale botsing,Geen hindernis
15285,107,leuven totem,Leuven,50.8870744,4.7087919,0.9251617751699336,50.879975302607825,4.7156696231987345,2019,8,17,24062,Leuven,Normaal,Droog,Dag,met zwaargewonden,3,Fiets,3,Fiets,Buiten Kruispunt,Gemeenteweg,binnen bebouwde kom,Tussen 2 bestuurders: Frontale botsing,Geen hindernis
15287,151,Leuven,District Leuven,50.8690262,4.6854839,0.8536963245000855,50.86186202526098,4.681110705705236,2019,8,11,24062,Leuven,Normaal,Droog,Dag,met lichtgewonden,8,Voetganger,3,Fiets,Op Kruispunt,Gemeenteweg,binnen bebouwde kom,Met een voetganger,Geen hindernis
15288,69,Leuven teller 1,Leuven,50.87549,4.71526,0.7646530495650091,50.8822486073132,4.717271047803731,2019,8,17,24062,Leuven,Normaal,Droog,Dag,met lichtgewonden,3,Fiets,3,Fiets,Buiten Kruispunt,Gemeenteweg,binnen bebouwde kom,Tussen 2 bestuurders: Frontale botsing,Geen hindernis
15288,107,leuven totem,Leuven,50.8870744,4.7087919,0.8010965262537337,50.8822486073132,4.717271047803731,2019,8,17,24062,Leuven,Normaal,Droog,Dag,met lichtgewonden,3,Fiets,3,Fiets,Buiten Kruispunt,Gemeenteweg,binnen bebouwde kom,Tussen 2 bestuurders: Frontale botsing,Geen hindernis
15288,77,Leuven teller 2,Leuven,50.88672,4.70796,0.8208843381616189,50.8822486073132,4.717271047803731,2019,8,17,24062,Leuven,Normaal,Droog,Dag,met lichtgewonden,3,Fiets,3,Fiets,Buiten Kruispunt,Gemeenteweg,binnen bebouwde kom,Tussen 2 bestuurders: Frontale botsing,Geen hindernis
15289,69,Leuven teller 1,Leuven,50.87549,4.71526,0.7419429319500124,50.87996472989993,4.707415681214298,2019,8,18,24062,Leuven,Normaal,Droog,Dag,met lichtgewonden,8,Voetganger,3,Fiets,Buiten Kruispunt,Gemeenteweg,binnen bebouwde kom,Met een voetganger,Geen hindernis
15289,77,Leuven teller 2,Leuven,50.88672,4.70796,0.7521217405385358,50.87996472989993,4.707415681214298,2019,8,18,24062,Leuven,Normaal,Droog,Dag,met lichtgewonden,8,Voetganger,3,Fiets,Buiten Kruispunt,Gemeenteweg,binnen bebouwde kom,Met een voetganger,Geen hindernis
15289,107,leuven totem,Leuven,50.8870744,4.7087919,0.7964326492825121,50.87996472989993,4.707415681214298,2019,8,18,24062,Leuven,Normaal,Droog,Dag,met lichtgewonden,8,Voetganger,3,Fiets,Buiten Kruispunt,Gemeenteweg,binnen bebouwde kom,Met een voetganger,Geen hindernis
15290,151,Leuven,District Leuven,50.8690262,4.6854839,0.5591450540599704,50.87186596863352,4.692059807583148,2019,8,9,24062,Leuven,Normaal,Droog,Dag,met lichtgewonden,3,Fiets,8,Voetganger,Buiten Kruispunt,Gewestweg,binnen bebouwde kom,Met een voetganger,Geen hindernis
15292,77,Leuven teller 2,Leuven,50.88672,4.70796,0.9820516793905922,50.879151869206815,4.70074439130016,2019,8,4,24062,Leuven,Normaal,Droog,"Nacht, openbare verlichting aanwezig en ontstoken",met lichtgewonden,3,Fiets,11,een weggebruiker tegen een hindernis,Buiten Kruispunt,Gemeenteweg,binnen bebouwde kom,Weggebruiker tegen hindernis op de rijbaan,"Op de rijbaan: Verkeersdrempel, ezelsrug"
15293,69,Leuven teller 1,Leuven,50.87549,4.71526,0.3973983595556553,50.87197513259239,4.716285039450503,2019,8,17,24062,Leuven,Normaal,Droog,Dag,met lichtgewonden,3,Fiets,8,Voetganger,Op Kruispunt,Gemeenteweg,binnen bebouwde kom,Met een voetganger,Geen hindernis
15294,69,Leuven teller 1,Leuven,50.87549,4.71526,0.6520468409587507,50.871804115055525,4.722487488306654,2019,8,10,24062,Leuven,Normaal,Droog,Dag,met lichtgewonden,3,Fiets,9,personenauto,Buiten Kruispunt,Gewestweg,binnen bebouwde kom,Tss. 2 best.: langs opzij (voor-/achterkant-flank),Geen hindernis