crash_row_id,site_id,site_name,site_gemeente,site_lat,site_long,distance_km,crash_lat,crash_long,DT_YEAR_COLLISION,DT_MONTH_COLLISION,DT_TIME,CD_NIS,TX_MUNTY_COLLISION_NL,TX_WEATHER_NL,TX_ROAD_CONDITION_NL,TX_LIGHT_CONDITION_NL,TX_CLASS_ACCIDENTS_NL,CD_ROAD_USR_TYPE1,TX_ROAD_USR_TYPE1_NL,CD_ROAD_USR_TYPE2,TX_ROAD_USR_TYPE2_NL,TX_CROSSWAY_NL,CD_ROAD_TYPE_NL,TX_BUILD_UP_AREA_NL,TX_COLLISION_TYPE_NL,TX_OBSTACLES_NL
15296,151,Leuven,District Leuven,50.8690262,4.6854839,0.8536963245000855,50.86186202526098,4.681110705705236,2019,8,11,24062,Leuven,Normaal,Droog,Dag,met lichtgewonden,3,Fiets,10,"één bestuurder, geen hindernis",Op Kruispunt,Gemeenteweg,binnen bebouwde kom,"Eén bestuurder, geen hindernis (incl. val)",Geen hindernis
15297,69,Leuven teller 1,Leuven,50.87549,4.71526,0.48019933024136685,50.875690824153814,4.708423516915582,2019,8,8,24062,Leuven,Normaal,Droog,Dag,met lichtgewonden,9,personenauto,3,Fiets,Op Kruispunt,Gemeenteweg,binnen bebouwde kom,Tss. 2 best.: langs opzij (voor-/achterkant-flank),Geen hindernis
15319,111,Zaventem totem,Zaventem,50.8871216,4.4597084,0.8213397785690237,50.88114682261954,4.466592421230541,2019,8,22,23094,Zaventem,Normaal,Droog,"Nacht, openbare verlichting aanwezig en ontstoken",dodelijk gewonden,5,Lichte vrachtauto,3,Fiets,Op Kruispunt,Gewestweg,binnen bebouwde kom,Tss. 2 best.: langs opzij (voor-/achterkant-flank),Geen hindernis
15321,148,Hoeilaart,District Leuven,50.76699493,4.44471001,0.992095432390324,50.76102214029613,4.455188770223501,2019,8,19,23033,Hoeilaart,Normaal,Droog,Dag,met lichtgewonden,3,Fiets,9,personenauto,Op Kruispunt,Gemeenteweg,binnen bebouwde kom,Tss. 2 best.: langs opzij (voor-/achterkant-flank),Geen hindernis
15332,1,Machelen,Machelen,50.91618331151478,4.456121776137429,0.5972105578423624,50.91910250387679,4.448970789183537,2019,8,7,23047,Machelen,Normaal,Droog,Dag,met lichtgewonden,9,personenauto,3,Fiets,Buiten Kruispunt,Gewestweg,binnen bebouwde kom,Tss. 2 best.: langs opzij (voor-/achterkant-flank),Geen hindernis
15333,109,Zemst,Zemst,50.9903936,4.4707023,0.8636561215539746,50.98419199023743,4.4632737458221,2019,8,16,23096,Zemst,Normaal,Droog,Dag,met lichtgewonden,9,personenauto,3,Fiets,Op Kruispunt,Gewestweg,binnen bebouwde kom,Tss. 2 best.: langs opzij (voor-/achterkant-flank),Geen hindernis
15346,118,Gent teller 1,Gent,51.028049,3.7681359,0.43345208149258985,51.03054866287151,3.7633798822174054,2019,8,13,44021,Gent,Normaal,Droog,Dag,met lichtgewonden,9,personenauto,3,Fiets,Buiten Kruispunt,Gewestweg,buiten bebouwde kom,Tss. 2 best.: langs opzij (voor-/achterkant-flank),Geen hindernis
15346,119,Gent teller 2,Gent,51.0281795,3.7683918,0.43846207656224284,51.03054866287151,3.7633798822174054,2019,8,13,44021,Gent,Normaal,Droog,Dag,met lichtgewonden,9,personenauto,3,Fiets,Buiten Kruispunt,Gewestweg,buiten bebouwde kom,Tss. 2 best.: langs opzij (voor-/achterkant-flank),Geen hindernis
15347,13,Gent,Gent,51.03018,3.70146,0.7456113937780368,51.03625501181394,3.696946309255329,2019,8,17,44021,Gent,Normaal,Droog,Dag,met lichtgewonden,3,Fiets,9,personenauto,Buiten Kruispunt,Gemeenteweg,binnen bebouwde kom,Tss. 2 best.: langs opzij (voor-/achterkant-flank),Geen hindernis
15352,13,Gent,Gent,51.03018,3.70146,0.843333280391722,51.02457422285852,3.7095822445199005,2019,8,17,44021,Gent,Normaal,Droog,Dag,met lichtgewonden,3,Fiets,3,Fiets,Op Kruispunt,Gewestweg,binnen bebouwde kom,Tussen 2 bestuurders: Frontale botsing,Geen hindernis
15368,128,Lokeren teller 1,Lokeren,51.09644,3.97023,0.707773896424272,51.10269115459096,3.9683201569765285,2019,8,17,46014,Lokeren,Normaal,Droog,Dag,met lichtgewonden,3,Fiets,3,Fiets,Op Kruispunt,Gemeenteweg,binnen bebouwde kom,Tss. 2 best.: langs opzij (voor-/achterkant-flank),Geen hindernis
15368,129,Lokeren teller 2,Lokeren,51.09612,3.97025,0.7430013015770874,51.10269115459096,3.9683201569765285,2019,8,17,46014,Lokeren,Normaal,Droog,Dag,met lichtgewonden,3,Fiets,3,Fiets,Op Kruispunt,Gemeenteweg,binnen bebouwde kom,Tss. 2 best.: langs opzij (voor-/achterkant-flank),Geen hindernis
15382,116,Melle teller 2,Melle,50.9986113,3.8040599,0.49817587109084255,50.99445365779628,3.8014077113527063,2019,8,8,44040,Melle,Normaal,Droog,Dag,met lichtgewonden,9,personenauto,3,Fiets,Buiten Kruispunt,Gewestweg,binnen bebouwde kom,Tss. 2 best.: langs opzij (voor-/achterkant-flank),Geen hindernis
15382,117,Melle teller 1,Melle,50.9986113,3.8040599,0.49817587109084255,50.99445365779628,3.8014077113527063,2019,8,8,44040,Melle,Normaal,Droog,Dag,met lichtgewonden,9,personenauto,3,Fiets,Buiten Kruispunt,Gewestweg,binnen bebouwde kom,Tss. 2 best.: langs opzij (voor-/achterkant-flank),Geen hindernis
15389,114,Deinze teller 1,Nazareth,50.9598305,3.555502,0.3479833527860964,50.95804240880253,3.5595795446688894,2019,8,19,44048,Nazareth,Normaal,Droog,Dag,met lichtgewonden,3,Fiets,10,"één bestuurder, geen hindernis",Buiten Kruispunt,Gewestweg,buiten bebouwde kom,"Eén bestuurder, geen hindernis (incl. val)",Geen hindernis
15389,113,Deinze teller 2,Deinze,50.96018,3.55578,0.35681068010364586,50.95804240880253,3.5595795446688894,2019,8,19,44048,Nazareth,Normaal,Droog,Dag,met lichtgewonden,3,Fiets,10,"één bestuurder, geen hindernis",Buiten Kruispunt,Gewestweg,buiten bebouwde kom,"Eén bestuurder, geen hindernis (incl. val)",Geen hindernis
15505,15,Oostende 2,Oostende,51.21371,2.92743,0.8699482181680498,51.208873522771114,2.9176134008487686,2019,8,14,35013,Oostende,Normaal,Droog,Dag,met lichtgewonden,9,personenauto,3,Fiets,Buiten Kruispunt,Gemeenteweg,binnen bebouwde kom,Tss. 2 best.: langs opzij (voor-/achterkant-flank),Geen hindernis
15505,18,Oostende 1,Oostende,51.21378,2.92765,0.8868116421202269,51.208873522771114,2.9176134008487686,2019,8,14,35013,Oostende,Normaal,Droog,Dag,met lichtgewonden,9,personenauto,3,Fiets,Buiten Kruispunt,Gemeenteweg,binnen bebouwde kom,Tss. 2 best.: langs opzij (voor-/achterkant-flank),Geen hindernis
15507,18,Oostende 1,Oostende,51.21378,2.92765,0.6276981485735598,51.217120633108024,2.9349145010087034,2019,8,8,35013,Oostende,Normaal,"Vuil (zand, grint, bladeren,...)",Dag,met lichtgewonden,3,Fiets,11,een weggebruiker tegen een hindernis,Buiten Kruispunt,Gemeenteweg,binnen bebouwde kom,Weggebruiker tegen hindernis op de rijbaan,Op de rijbaan: Lading
15507,15,Oostende 2,Oostende,51.21371,2.92743,0.6446628967003011,51.217120633108024,2.9349145010087034,2019,8,8,35013,Oostende,Normaal,"Vuil (zand, grint, bladeren,...)",Dag,met lichtgewonden,3,Fiets,11,een weggebruiker tegen een hindernis,Buiten Kruispunt,Gemeenteweg,binnen bebouwde kom,Weggebruiker tegen hindernis op de rijbaan,Op de rijbaan: Lading
15539,16,Kortrijk 1,Kortrijk,50.83332,3.27777,0.32159014624255167,50.83179507418797,3.2816608869329476,2019,8,18,34022,Kortrijk,Normaal,"Nat, plassen",Dag,met zwaargewonden,3,Fiets,8,Voetganger,Buiten Kruispunt,Gemeenteweg,binnen bebouwde kom,Met een voetganger,Geen hindernis
15539,17,Kortrijk 2,Kortrijk,50.83339,3.27773,0.3281211373152332,50.83179507418797,3.2816608869329476,2019,8,18,34022,Kortrijk,Normaal,"Nat, plassen",Dag,met zwaargewonden,3,Fiets,8,Voetganger,Buiten Kruispunt,Gemeenteweg,binnen bebouwde kom,Met een voetganger,Geen hindernis
15542,143,Eco Display Classic Budastraat,Kortrijk,50.83066,3.26286,0.588385284355514,50.825439800364514,3.261489647431482,2019,8,17,34022,Kortrijk,Normaal,Droog,Dag,met lichtgewonden,3,Fiets,9,personenauto,Buiten Kruispunt,Gemeenteweg,binnen bebouwde kom,Tss. 2 best.: langs opzij (voor-/achterkant-flank),Geen hindernis
15542,75,Kortrijk teller 2,Kortrijk,50.81925,3.25731,0.7482792422572484,50.825439800364514,3.261489647431482,2019,8,17,34022,Kortrijk,Normaal,Droog,Dag,met lichtgewonden,3,Fiets,9,personenauto,Buiten Kruispunt,Gemeenteweg,binnen bebouwde kom,Tss. 2 best.: langs opzij (voor-/achterkant-flank),Geen hindernis
15542,74,Kortrijk teller 1,Kortrijk,50.81909,3.25728,0.7654873986932592,50.825439800364514,3.261489647431482,2019,8,17,34022,Kortrijk,Normaal,Droog,Dag,met lichtgewonden,3,Fiets,9,personenauto,Buiten Kruispunt,Gemeenteweg,binnen bebouwde kom,Tss. 2 best.: langs opzij (voor-/achterkant-flank),Geen hindernis
15543,17,Kortrijk 2,Kortrijk,50.83339,3.27773,0.7218827237328321,50.83815961193889,3.2847037783878674,2019,8,16,34022,Kortrijk,Normaal,Droog,Dag,met lichtgewonden,9,personenauto,3,Fiets,Buiten Kruispunt,Gewestweg,binnen bebouwde kom,Tss. 2 best.: langs opzij (voor-/achterkant-flank),Geen hindernis
15543,16,Kortrijk 1,Kortrijk,50.83332,3.27777,0.7257330217826128,50.83815961193889,3.2847037783878674,2019,8,16,34022,Kortrijk,Normaal,Droog,Dag,met lichtgewonden,9,personenauto,3,Fiets,Buiten Kruispunt,Gewestweg,binnen bebouwde kom,Tss. 2 best.: langs opzij (voor-/achterkant-flank),Geen hindernis
15556,66,Nieuwpoort totem,Nieuwpoort,51.1347,2.74369,0.44708292338078837,51.13229678844838,2.7488269268480936,2019,8,15,38016,Nieuwpoort,Normaal,Droog,Dag,met lichtgewonden,9,personenauto,3,Fiets,Op Kruispunt,Gemeenteweg,binnen bebouwde kom,Tss. 2 best.: langs opzij (voor-/achterkant-flank),Geen hindernis
15556,65,Nieuwpoort teller 2,Nieuwpoort,51.13435,2.75511,0.49429250274909065,51.13229678844838,2.7488269268480936,2019,8,15,38016,Nieuwpoort,Normaal,Droog,Dag,met lichtgewonden,9,personenauto,3,Fiets,Op Kruispunt,Gemeenteweg,binnen bebouwde kom,Tss. 2 best.: langs opzij (voor-/achterkant-flank),Geen hindernis
15556,63,Nieuwpoort teller 3,Nieuwpoort,51.13529,2.74289,0.5313937434759919,51.13229678844838,2.7488269268480936,2019,8,15,38016,Nieuwpoort,Normaal,Droog,Dag,met lichtgewonden,9,personenauto,3,Fiets,Op Kruispunt,Gemeenteweg,binnen bebouwde kom,Tss. 2 best.: langs opzij (voor-/achterkant-flank),Geen hindernis
15556,64,Nieuwpoort teller 1,Nieuwpoort,51.13359,2.75737,0.6132050852928351,51.13229678844838,2.7488269268480936,2019,8,15,38016,Nieuwpoort,Normaal,Droog,Dag,met lichtgewonden,9,personenauto,3,Fiets,Op Kruispunt,Gemeenteweg,binnen bebouwde kom,Tss. 2 best.: langs opzij (voor-/achterkant-flank),Geen hindernis
15557,66,Nieuwpoort totem,Nieuwpoort,51.1347,2.74369,0.2778875511761648,51.133182108597964,2.746853856853749,2019,8,14,38016,Nieuwpoort,Normaal,Droog,Dag,met lichtgewonden,5,Lichte vrachtauto,3,Fiets,Buiten Kruispunt,Gewestweg,binnen bebouwde kom,Tss. 2 best.: langs opzij (voor-/achterkant-flank),Geen hindernis
15557,63,Nieuwpoort teller 3,Nieuwpoort,51.13529,2.74289,0.36253514109919327,51.133182108597964,2.746853856853749,2019,8,14,38016,Nieuwpoort,Normaal,Droog,Dag,met lichtgewonden,5,Lichte vrachtauto,3,Fiets,Buiten Kruispunt,Gewestweg,binnen bebouwde kom,Tss. 2 best.: langs opzij (voor-/achterkant-flank),Geen hindernis
15557,65,Nieuwpoort teller 2,Nieuwpoort,51.13435,2.75511,0.5905309140606627,51.133182108597964,2.746853856853749,2019,8,14,38016,Nieuwpoort,Normaal,Droog,Dag,met lichtgewonden,5,Lichte vrachtauto,3,Fiets,Buiten Kruispunt,Gewestweg,binnen bebouwde kom,Tss. 2 best.: langs opzij (voor-/achterkant-flank),Geen hindernis
15557,64,Nieuwpoort teller 1,Nieuwpoort,51.13359,2.75737,0.7351734358738125,51.133182108597964,2.746853856853749,2019,8,14,38016,Nieuwpoort,Normaal,Droog,Dag,met lichtgewonden,5,Lichte vrachtauto,3,Fiets,Buiten Kruispunt,Gewestweg,binnen bebouwde kom,Tss. 2 best.: langs opzij (voor-/achterkant-flank),Geen hindernis
15568,41,Maasmechelen teller 1,Maasmechelen,50.97025,5.69799,0.706313714402403,50.96409817684618,5.695477624577967,2019,8,14,73107,Maasmechelen,Normaal,Droog,Dag,met lichtgewonden,9,personenauto,3,Fiets,Op Kruispunt,Gewestweg,buiten bebouwde kom,Tussen 2 bestuurders: Flank tegen flank,Geen hindernis
15568,42,Maasmechelen teller 2,Maasmechelen,50.97043,5.6981,0.7276207682294643,50.96409817684618,5.695477624577967,2019,8,14,73107,Maasmechelen,Normaal,Droog,Dag,met lichtgewonden,9,personenauto,3,Fiets,Op Kruispunt,Gewestweg,buiten bebouwde kom,Tussen 2 bestuurders: Flank tegen flank,Geen hindernis
15571,124,Beveren teller 2,Beveren,51.1964712,4.2361077,0.31510217343793245,51.199296773373256,4.235763743272178,2019,8,23,46003,Beveren,Normaal,Droog+Proper,"Nacht, openbare verlichting aanwezig en ontstoken",met lichtgewonden,9,personenauto,3,Fiets,Op Kruispunt,Gewestweg,binnen bebouwde kom,Tussen 2 bestuurders: Flank tegen flank,Geen hindernis
15588,140,Hasselt ring,Hasselt,50.9300038,5.3438616,0.09063784140360265,50.93054466814085,5.344829174696124,2019,8,14,71022,Hasselt,Normaal,Droog,Dag,met lichtgewonden,6,Bromfiets,3,Fiets,Buiten Kruispunt,Gewestweg,binnen bebouwde kom,Tussen 2 bestuurders: Frontale botsing,Geen hindernis
15595,138,Hasselt-Kempische brug,Hasselt,50.9405318,5.3422472,0.6021863547557806,50.935314643457346,5.339942150878716,2019,8,22,71022,Hasselt,Normaal,Droog,"Nacht, openbare verlichting aanwezig en ontstoken",met zwaargewonden,3,Fiets,7,Motorfiets,Buiten Kruispunt,Gewestweg,binnen bebouwde kom,Tss. 2 best.: langs opzij (voor-/achterkant-flank),Geen hindernis
15595,140,Hasselt ring,Hasselt,50.9300038,5.3438616,0.6512908682251574,50.935314643457346,5.339942150878716,2019,8,22,71022,Hasselt,Normaal,Droog,"Nacht, openbare verlichting aanwezig en ontstoken",met zwaargewonden,3,Fiets,7,Motorfiets,Buiten Kruispunt,Gewestweg,binnen bebouwde kom,Tss. 2 best.: langs opzij (voor-/achterkant-flank),Geen hindernis
15595,137,Hasselt-Kempische brug,Hasselt,50.9411605,5.3417576,0.6623598977526156,50.935314643457346,5.339942150878716,2019,8,22,71022,Hasselt,Normaal,Droog,"Nacht, openbare verlichting aanwezig en ontstoken",met zwaargewonden,3,Fiets,7,Motorfiets,Buiten Kruispunt,Gewestweg,binnen bebouwde kom,Tss. 2 best.: langs opzij (voor-/achterkant-flank),Geen hindernis
15599,30,Herk De Stad,Herk-de-Stad,50.94374,5.17691,0.6327461893039764,50.938748336528754,5.172574184666057,2019,8,17,71024,Herk-de-Stad,Regenval,"Nat, plassen",Dag,met lichtgewonden,9,personenauto,3,Fiets,Op Kruispunt,Gewestweg,binnen bebouwde kom,Tss. 2 best.: langs opzij (voor-/achterkant-flank),Geen hindernis
15599,31,Herk De Stad,Herk-de-Stad,50.94366,5.1775,0.6460633607418259,50.938748336528754,5.172574184666057,2019,8,17,71024,Herk-de-Stad,Regenval,"Nat, plassen",Dag,met lichtgewonden,9,personenauto,3,Fiets,Op Kruispunt,Gewestweg,binnen bebouwde kom,Tss. 2 best.: langs opzij (voor-/achterkant-flank),Geen hindernis
15786,9,Heist op den Berg 2,Heist-op-den-Berg,51.06904,4.69524,0.06452259779731256,51.06913315192366,4.696151450496053,2019,9,5,12014,Heist-op-den-Berg,Normaal,Droog,"Nacht, openbare verlichting aanwezig en ontstoken",met lichtgewonden,9,personenauto,3,Fiets,Op Kruispunt,Gewestweg,buiten bebouwde kom,Tss. 2 best.: langs opzij (voor-/achterkant-flank),Geen hindernis
15786,8,Heist op den Berg 1,Heist-op-den-Berg,51.06759,4.68823,0.5794912524970697,51.06913315192366,4.696151450496053,2019,9,5,12014,Heist-op-den-Berg,Normaal,Droog,"Nacht, openbare verlichting aanwezig en ontstoken",met lichtgewonden,9,personenauto,3,Fiets,Op Kruispunt,Gewestweg,buiten bebouwde kom,Tss. 2 best.: langs opzij (voor-/achterkant-flank),Geen hindernis
15806,112,Geel teller 2,Westerlo,51.1354992,4.9394789,0.5455356034511357,51.1339076149101,4.932083130669169,2019,9,14,13049,Westerlo,Normaal,Droog,Dag,met lichtgewonden,3,Fiets,9,personenauto,Buiten Kruispunt,Gemeenteweg,buiten bebouwde kom,Tussen 2 bestuurders: Flank tegen flank,Geen hindernis
15806,127,Geel totem,Westerlo,51.1342966,4.9400421,0.5570172682424899,51.1339076149101,4.932083130669169,2019,9,14,13049,Westerlo,Normaal,Droog,Dag,met lichtgewonden,3,Fiets,9,personenauto,Buiten Kruispunt,Gemeenteweg,buiten bebouwde kom,Tussen 2 bestuurders: Flank tegen flank,Geen hindernis
15813,98,Geel teller 2,Geel,51.1481,4.99643,0.4687883911393286,51.15201623159803,4.993941310451439,2019,9,16,13008,Geel,Onbekend,Onbekend,Onbekend,met lichtgewonden,3,Fiets,9,personenauto,Op Kruispunt,Gewestweg,onbekend,Tss. 2 best.: langs opzij (voor-/achterkant-flank),Geen hindernis
15813,97,Geel teller 1,Geel,51.14813,4.99698,0.48130938528628575,51.15201623159803,4.993941310451439,2019,9,16,13008,Geel,Onbekend,Onbekend,Onbekend,met lichtgewonden,3,Fiets,9,personenauto,Op Kruispunt,Gewestweg,onbekend,Tss. 2 best.: langs opzij (voor-/achterkant-flank),Geen hindernis
15834,46,Pelt teller 2,Pelt,51.231,5.44375,0.7210720705092248,51.22840957456345,5.434256391984523,2019,9,15,72043,Pelt,Normaal,Droog,Dag,met lichtgewonden,5,Lichte vrachtauto,3,Fiets,Op Kruispunt,Gewestweg,binnen bebouwde kom,Tussen 2 bestuurders: Langs achteren,Geen hindernis
15834,45,Pelt teller 1,Pelt,51.23127,5.44377,0.7348349209877374,51.22840957456345,5.434256391984523,2019,9,15,72043,Pelt,Normaal,Droog,Dag,met lichtgewonden,5,Lichte vrachtauto,3,Fiets,Op Kruispunt,Gewestweg,binnen bebouwde kom,Tussen 2 bestuurders: Langs achteren,Geen hindernis
15835,46,Pelt teller 2,Pelt,51.231,5.44375,0.8767900814411761,51.22881473018891,5.431651083625419,2019,9,11,72043,Pelt,Normaal,Droog,Dag,dodelijk gewonden,3,Fiets,9,personenauto,Op Kruispunt,Gewestweg,binnen bebouwde kom,Tss. 2 best.: langs opzij (voor-/achterkant-flank),Geen hindernis
15835,45,Pelt teller 1,Pelt,51.23127,5.44377,0.8869029253396544,51.22881473018891,5.431651083625419,2019,9,11,72043,Pelt,Normaal,Droog,Dag,dodelijk gewonden,3,Fiets,9,personenauto,Op Kruispunt,Gewestweg,binnen bebouwde kom,Tss. 2 best.: langs opzij (voor-/achterkant-flank),Geen hindernis
15866,25,Bree,Bree,51.13679500160176,5.597669323604317,0.4670887882289473,51.14029862594112,5.593976046887849,2019,9,18,72004,Bree,Normaal,Droog,Dag,met lichtgewonden,9,personenauto,3,Fiets,Op Kruispunt,Gewestweg,binnen bebouwde kom,Tss. 2 best.: langs opzij (voor-/achterkant-flank),Geen hindernis
15873,151,Leuven,District Leuven,50.8690262,4.6854839,0.531288690720806,50.8733245609156,4.688790147896725,2019,9,17,24062,Leuven,Normaal,Droog,Dag,met lichtgewonden,3,Fiets,3,Fiets,Op Kruispunt,Gewestweg,binnen bebouwde kom,Tss. 2 best.: langs opzij (voor-/achterkant-flank),Geen hindernis
15875,69,Leuven teller 1,Leuven,50.87549,4.71526,0.8862515402134559,50.868896506590495,4.708164222830899,2019,9,10,24062,Leuven,Normaal,Droog,Dag,met lichtgewonden,9,personenauto,3,Fiets,Op Kruispunt,Gewestweg,binnen bebouwde kom,Tss. 2 best.: langs opzij (voor-/achterkant-flank),Geen hindernis
15877,69,Leuven teller 1,Leuven,50.87549,4.71526,0.31728926103155397,50.87473224313443,4.71090034658775,2019,9,16,24062,Leuven,Normaal,Droog,Dag,met zwaargewonden,5,Lichte vrachtauto,3,Fiets,Buiten Kruispunt,Gemeenteweg,binnen bebouwde kom,Tss. 2 best.: langs opzij (voor-/achterkant-flank),Geen hindernis
15879,107,leuven totem,Leuven,50.8870744,4.7087919,0.8693870691129689,50.88378446630509,4.720034597645212,2019,9,15,24062,Leuven,Normaal,Droog,Dag,met lichtgewonden,5,Lichte vrachtauto,3,Fiets,Op Kruispunt,Gewestweg,binnen bebouwde kom,Tss. 2 best.: langs opzij (voor-/achterkant-flank),Geen hindernis
15879,77,Leuven teller 2,Leuven,50.88672,4.70796,0.9077532160636071,50.88378446630509,4.720034597645212,2019,9,15,24062,Leuven,Normaal,Droog,Dag,met lichtgewonden,5,Lichte vrachtauto,3,Fiets,Op Kruispunt,Gewestweg,binnen bebouwde kom,Tss. 2 best.: langs opzij (voor-/achterkant-flank),Geen hindernis
15879,69,Leuven teller 1,Leuven,50.87549,4.71526,0.9812507662724205,50.88378446630509,4.720034597645212,2019,9,15,24062,Leuven,Normaal,Droog,Dag,met lichtgewonden,5,Lichte vrachtauto,3,Fiets,Op Kruispunt,Gewestweg,binnen bebouwde kom,Tss. 2 best.: langs opzij (voor-/achterkant-flank),Geen hindernis
15885,69,Leuven teller 1,Leuven,50.87549,4.71526,0.2363150152565407,50.87338254661795,4.715694722758002,2019,9,8,24062,Leuven,Normaal,Droog,Dag,met lichtgewonden,3,Fiets,10,"één bestuurder, geen hindernis",Buiten Kruispunt,Gewestweg,buiten bebouwde kom,"Eén bestuurder, geen hindernis (incl. val)",Geen hindernis
15887,151,Leuven,District Leuven,50.8690262,4.6854839,0.6849265305649858,50.866089983957124,4.6940636906344,2019,10,8,24062,Leuven,Regenval,"Nat, plassen",Dageraad - schemering,met lichtgewonden,3,Fiets,3,Fiets,Buiten Kruispunt,Gemeenteweg,binnen bebouwde kom,Tussen 2 bestuurders: Frontale botsing,Geen hindernis
15888,69,Leuven teller 1,Leuven,50.87549,4.71526,0.5241696695359442,50.87719129619747,4.722227175684837,2019,10,8,24062,Leuven,Regenval,"Nat, plassen",Dag,met lichtgewonden,9,personenauto,3,Fiets,Buiten Kruispunt,Gemeenteweg,binnen bebouwde kom,Tussen 2 bestuurders: Flank tegen flank,Geen hindernis
15889,77,Leuven teller 2,Leuven,50.88672,4.70796,0.8296113324355037,50.88723257271122,4.696161283914562,2019,9,7,24062,Leuven,Normaal,Proper,Dag,met lichtgewonden,3,Fiets,10,"één bestuurder, geen hindernis",Op Kruispunt,Gemeenteweg,binnen bebouwde kom,"Eén bestuurder, geen hindernis (incl. val)",Geen hindernis
15889,107,leuven totem,Leuven,50.8870744,4.7087919,0.8861781205031828,50.88723257271122,4.696161283914562,2019,9,7,24062,Leuven,Normaal,Proper,Dag,met lichtgewonden,3,Fiets,10,"één bestuurder, geen hindernis",Op Kruispunt,Gemeenteweg,binnen bebouwde kom,"Eén bestuurder, geen hindernis (incl. val)",Geen hindernis
15890,107,leuven totem,Leuven,50.8870744,4.7087919,0.3420978241338949,50.884535076300565,4.711545196818949,2019,9,17,24062,Leuven,Regenval,"Nat, plassen",Dag,met lichtgewonden,3,Fiets,9,personenauto,Buiten Kruispunt,Gewestweg,binnen bebouwde kom,Tussen 2 bestuurders: Frontale botsing,Geen hindernis
15890,77,Leuven teller 2,Leuven,50.88672,4.70796,0.34968297722505853,50.884535076300565,4.711545196818949,2019,9,17,24062,Leuven,Regenval,"Nat, plassen",Dag,met lichtgewonden,3,Fiets,9,personenauto,Buiten Kruispunt,Gewestweg,binnen bebouwde kom,Tussen 2 bestuurders: Frontale botsing,Geen hindernis
15891,69,Leuven teller 1,Leuven,50.87549,4.71526,0.6685098015849767,50.88033635856717,4.709621501965054,2019,9,14,24062,Leuven,Normaal,Droog,Dag,met lichtgewonden,3,Fiets,3,Fiets,Op Kruispunt,Gemeenteweg,binnen bebouwde kom,Tussen 2 bestuurders: Flank tegen flank,Geen hindernis
15891,77,Leuven teller 2,Leuven,50.88672,4.70796,0.7193347926925634,50.88033635856717,4.709621501965054,2019,9,14,24062,Leuven,Normaal,Droog,Dag,met lichtgewonden,3,Fiets,3,Fiets,Op Kruispunt,Gemeenteweg,binnen bebouwde kom,Tussen 2 bestuurders: Flank tegen flank,Geen hindernis
15891,107,leuven totem,Leuven,50.8870744,4.7087919,0.7514929805905297,50.88033635856717,4.709621501965054,2019,9,14,24062,Leuven,Normaal,Droog,Dag,met lichtgewonden,3,Fiets,3,Fiets,Op Kruispunt,Gemeenteweg,binnen bebouwde kom,Tussen 2 bestuurders: Flank tegen flank,Geen hindernis
15894,151,Leuven,District Leuven,50.8690262,4.6854839,0.7917199829835414,50.86466586413427,4.694402584901563,2019,9,7,24062,Leuven,Normaal,Droog,Dag,met lichtgewonden,9,personenauto,3,Fiets,Buiten Kruispunt,Gemeenteweg,binnen bebouwde kom,Tussen 2 bestuurders: Flank tegen flank,Geen hindernis
15914,26,Zaventem,Zaventem,50.86995,4.45444,0.9218483113016316,50.870064280009856,4.4413044742443715,2019,9,16,23094,Zaventem,Normaal,Droog,Dag,met lichtgewonden,3,Fiets,9,personenauto,Buiten Kruispunt,Gemeenteweg,binnen bebouwde kom,Tss. 2 best.: langs opzij (voor-/achterkant-flank),Geen hindernis
15915,111,Zaventem totem,Zaventem,50.8871216,4.4597084,0.6672543736683246,50.890123314873364,4.467945236703243,2019,9,7,23094,Zaventem,Normaal,Droog,Dag,met lichtgewonden,3,Fiets,9,personenauto,Op Kruispunt,Gemeenteweg,binnen bebouwde kom,Tussen 2 bestuurders: Frontale botsing,Geen hindernis
15917,145,Overijse,District Vilvoorde-gewestwegen,50.7885856,4.4908759,0.35705015611856844,50.79119680280584,4.487919750506833,2019,9,12,23062,Overijse,Regenval,"Nat, plassen",Dag,met lichtgewonden,3,Fiets,9,personenauto,Buiten Kruispunt,Gewestweg,buiten bebouwde kom,Tussen 2 bestuurders: Langs achteren,Geen hindernis
15917,146,Overijse 2,District Vilvoorde-gewestwegen,50.7881478,4.4902818,0.3775081252476073,50.79119680280584,4.487919750506833,2019,9,12,23062,Overijse,Regenval,"Nat, plassen",Dag,met lichtgewonden,3,Fiets,9,personenauto,Buiten Kruispunt,Gewestweg,buiten bebouwde kom,Tussen 2 bestuurders: Langs achteren,Geen hindernis
15957,118,Gent teller 1,Gent,51.028049,3.7681359,0.8670777914990669,51.03294659266793,3.75848754969325,2019,9,9,44021,Gent,Normaal,Droog,Dag,met lichtgewonden,3,Fiets,9,personenauto,Op Kruispunt,Gewestweg,binnen bebouwde kom,Tss. 2 best.: langs opzij (voor-/achterkant-flank),Geen hindernis
15957,119,Gent teller 2,Gent,51.0281795,3.7683918,0.8721795766362758,51.03294659266793,3.75848754969325,2019,9,9,44021,Gent,Normaal,Droog,Dag,met lichtgewonden,3,Fiets,9,personenauto,Op Kruispunt,Gewestweg,binnen bebouwde kom,Tss. 2 best.: langs opzij (voor-/achterkant-flank),Geen hindernis
15964,118,Gent teller 1,Gent,51.028049,3.7681359,0.07693901600687722,51.028473185891265,3.7672667261311434,2019,9,11,44021,Gent,Normaal,Droog+Proper,Dag,met lichtgewonden,3,Fiets,9,personenauto,Op Kruispunt,Gewestweg,binnen bebouwde kom,Tss. 2 best.: langs opzij (voor-/achterkant-flank),Geen hindernis