crash_row_id,site_id,site_name,site_gemeente,site_lat,site_long,distance_km,crash_lat,crash_long,DT_YEAR_COLLISION,DT_MONTH_COLLISION,DT_TIME,CD_NIS,TX_MUNTY_COLLISION_NL,TX_WEATHER_NL,TX_ROAD_CONDITION_NL,TX_LIGHT_CONDITION_NL,TX_CLASS_ACCIDENTS_NL,CD_ROAD_USR_TYPE1,TX_ROAD_USR_TYPE1_NL,CD_ROAD_USR_TYPE2,TX_ROAD_USR_TYPE2_NL,TX_CROSSWAY_NL,CD_ROAD_TYPE_NL,TX_BUILD_UP_AREA_NL,TX_COLLISION_TYPE_NL,TX_OBSTACLES_NL
16506,72,Herent teller 1,Herent,50.89135,4.64689,0.1395773811096192,50.89216131514188,4.645371548770334,2019,10,13,24038,Herent,Normaal,Onbekend,Dag,met lichtgewonden,3,Fiets,10,"één bestuurder, geen hindernis",Buiten Kruispunt,Gemeenteweg,binnen bebouwde kom,"Eén bestuurder, geen hindernis (incl. val)",Geen hindernis
16506,73,Herent teller 2,Herent,50.89128,4.64685,0.14267825731298261,50.89216131514188,4.645371548770334,2019,10,13,24038,Herent,Normaal,Onbekend,Dag,met lichtgewonden,3,Fiets,10,"één bestuurder, geen hindernis",Buiten Kruispunt,Gemeenteweg,binnen bebouwde kom,"Eén bestuurder, geen hindernis (incl. val)",Geen hindernis
16508,101,Diest teller 1,Diest,50.97799,5.04481,0.7175847587907465,50.98057166211818,5.054204041106424,2019,10,11,24020,Diest,Regenval,"Nat, plassen",Dag,met lichtgewonden,1,Autobus,3,Fiets,Op Kruispunt,Gemeenteweg,binnen bebouwde kom,Tussen 2 bestuurders: Flank tegen flank,Geen hindernis
16508,102,Diest teller 2,Diest,50.9779,5.04474,0.7261160118697869,50.98057166211818,5.054204041106424,2019,10,11,24020,Diest,Regenval,"Nat, plassen",Dag,met lichtgewonden,1,Autobus,3,Fiets,Op Kruispunt,Gemeenteweg,binnen bebouwde kom,Tussen 2 bestuurders: Flank tegen flank,Geen hindernis
16513,145,Overijse,District Vilvoorde-gewestwegen,50.7885856,4.4908759,0.12653254794415708,50.7895345531823,4.49186929085864,2019,10,12,23062,Overijse,Normaal,Droog,Dag,met lichtgewonden,3,Fiets,9,personenauto,Buiten Kruispunt,Gewestweg,binnen bebouwde kom,Tss. 2 best.: langs opzij (voor-/achterkant-flank),Geen hindernis
16513,146,Overijse 2,District Vilvoorde-gewestwegen,50.7881478,4.4902818,0.19034342994347628,50.7895345531823,4.49186929085864,2019,10,12,23062,Overijse,Normaal,Droog,Dag,met lichtgewonden,3,Fiets,9,personenauto,Buiten Kruispunt,Gewestweg,binnen bebouwde kom,Tss. 2 best.: langs opzij (voor-/achterkant-flank),Geen hindernis
16580,119,Gent teller 2,Gent,51.0281795,3.7683918,0.3693081815409359,51.03123708449281,3.77045394603687,2019,10,9,44021,Gent,Normaal,"Nat, plassen",Dag,met lichtgewonden,3,Fiets,10,"één bestuurder, geen hindernis",Op Kruispunt,Gemeenteweg,binnen bebouwde kom,"Eén bestuurder, geen hindernis (incl. val)",Geen hindernis
16580,118,Gent teller 1,Gent,51.028049,3.7681359,0.38980511409111945,51.03123708449281,3.77045394603687,2019,10,9,44021,Gent,Normaal,"Nat, plassen",Dag,met lichtgewonden,3,Fiets,10,"één bestuurder, geen hindernis",Op Kruispunt,Gemeenteweg,binnen bebouwde kom,"Eén bestuurder, geen hindernis (incl. val)",Geen hindernis
16590,13,Gent,Gent,51.03018,3.70146,0.6536519620302154,51.0270481598066,3.709369742100162,2019,10,7,44021,Gent,Normaal,Droog,Dag,met lichtgewonden,3,Fiets,3,Fiets,Buiten Kruispunt,Gewestweg,binnen bebouwde kom,Tussen 2 bestuurders: Langs achteren,Geen hindernis
16615,116,Melle teller 2,Melle,50.9986113,3.8040599,0.8014010863673867,51.0048057948418,3.798205810408859,2019,10,8,44040,Melle,Normaal,Droog,Dag,met lichtgewonden,9,personenauto,3,Fiets,Op Kruispunt,Gewestweg,binnen bebouwde kom,Tss. 2 best.: langs opzij (voor-/achterkant-flank),Geen hindernis
16615,117,Melle teller 1,Melle,50.9986113,3.8040599,0.8014010863673867,51.0048057948418,3.798205810408859,2019,10,8,44040,Melle,Normaal,Droog,Dag,met lichtgewonden,9,personenauto,3,Fiets,Op Kruispunt,Gewestweg,binnen bebouwde kom,Tss. 2 best.: langs opzij (voor-/achterkant-flank),Geen hindernis
16618,116,Melle teller 2,Melle,50.9986113,3.8040599,0.48943134673506516,50.99452926111693,3.801443902985994,2019,10,20,44040,Melle,Normaal,Droog,"Nacht, openbare verlichting aanwezig en ontstoken",met lichtgewonden,3,Fiets,8,Voetganger,Buiten Kruispunt,Gewestweg,binnen bebouwde kom,Met een voetganger,Geen hindernis
16618,117,Melle teller 1,Melle,50.9986113,3.8040599,0.48943134673506516,50.99452926111693,3.801443902985994,2019,10,20,44040,Melle,Normaal,Droog,"Nacht, openbare verlichting aanwezig en ontstoken",met lichtgewonden,3,Fiets,8,Voetganger,Buiten Kruispunt,Gewestweg,binnen bebouwde kom,Met een voetganger,Geen hindernis
16658,126,Hamme totem,Hamme,51.1017709,4.1469307,0.96593248661171,51.10096899508204,4.133155998421182,2019,10,16,42008,Hamme,Normaal,Droog,Dag,met lichtgewonden,3,Fiets,9,personenauto,Buiten Kruispunt,Gemeenteweg,binnen bebouwde kom,Tussen 2 bestuurders: Flank tegen flank,Geen hindernis
16663,125,Dendermonde totem,Dendermonde,51.0372706,4.1025998,0.6885022605471859,51.033509294207384,4.110421331269983,2019,11,16,42006,Dendermonde,Onbekend,Onbekend,Onbekend,met lichtgewonden,3,Fiets,10,"één bestuurder, geen hindernis",Buiten Kruispunt,Gewestweg,buiten bebouwde kom,"Eén bestuurder, geen hindernis (incl. val)",Geen hindernis
16663,122,Dendermonde teller 2,Dendermonde,51.0373918,4.1019222,0.7345473318091642,51.033509294207384,4.110421331269983,2019,11,16,42006,Dendermonde,Onbekend,Onbekend,Onbekend,met lichtgewonden,3,Fiets,10,"één bestuurder, geen hindernis",Buiten Kruispunt,Gewestweg,buiten bebouwde kom,"Eén bestuurder, geen hindernis (incl. val)",Geen hindernis
16690,122,Dendermonde teller 2,Dendermonde,51.0373918,4.1019222,0.46944163394004873,51.04160550568819,4.102337513567091,2019,10,11,42006,Dendermonde,Normaal,Droog,Dag,met lichtgewonden,9,personenauto,3,Fiets,Buiten Kruispunt,Gewestweg,binnen bebouwde kom,Tss. 2 best.: langs opzij (voor-/achterkant-flank),Geen hindernis
16690,125,Dendermonde totem,Dendermonde,51.0372706,4.1025998,0.48236823826887965,51.04160550568819,4.102337513567091,2019,10,11,42006,Dendermonde,Normaal,Droog,Dag,met lichtgewonden,9,personenauto,3,Fiets,Buiten Kruispunt,Gewestweg,binnen bebouwde kom,Tss. 2 best.: langs opzij (voor-/achterkant-flank),Geen hindernis
16699,54,Brugge teller 2,Brugge,51.23015,3.22818,0.9911194454887444,51.221321952053295,3.2262156144614735,2019,10,16,31005,Brugge,Normaal,Droog,Dag,met lichtgewonden,9,personenauto,3,Fiets,Op Kruispunt,Gewestweg,binnen bebouwde kom,Tss. 2 best.: langs opzij (voor-/achterkant-flank),Geen hindernis
16699,53,Brugge teller 1,Brugge,51.23023,3.228,0.9982931218983077,51.221321952053295,3.2262156144614735,2019,10,16,31005,Brugge,Normaal,Droog,Dag,met lichtgewonden,9,personenauto,3,Fiets,Op Kruispunt,Gewestweg,binnen bebouwde kom,Tss. 2 best.: langs opzij (voor-/achterkant-flank),Geen hindernis
16719,15,Oostende 2,Oostende,51.21371,2.92743,0.793001199620106,51.209292603555696,2.9184925870354563,2019,10,13,35013,Oostende,Normaal,Droog,Dag,met lichtgewonden,9,personenauto,3,Fiets,Op Kruispunt,Gemeenteweg,binnen bebouwde kom,Tss. 2 best.: langs opzij (voor-/achterkant-flank),Geen hindernis
16719,18,Oostende 1,Oostende,51.21378,2.92765,0.8098600829846692,51.209292603555696,2.9184925870354563,2019,10,13,35013,Oostende,Normaal,Droog,Dag,met lichtgewonden,9,personenauto,3,Fiets,Op Kruispunt,Gemeenteweg,binnen bebouwde kom,Tss. 2 best.: langs opzij (voor-/achterkant-flank),Geen hindernis
16720,18,Oostende 1,Oostende,51.21378,2.92765,0.7809777634040874,51.21938175536132,2.934413858531427,2019,10,8,35013,Oostende,Normaal,Droog,Dag,met lichtgewonden,3,Fiets,9,personenauto,Buiten Kruispunt,Gemeenteweg,binnen bebouwde kom,Tss. 2 best.: langs opzij (voor-/achterkant-flank),Geen hindernis
16720,15,Oostende 2,Oostende,51.21371,2.92743,0.796464760681123,51.21938175536132,2.934413858531427,2019,10,8,35013,Oostende,Normaal,Droog,Dag,met lichtgewonden,3,Fiets,9,personenauto,Buiten Kruispunt,Gemeenteweg,binnen bebouwde kom,Tss. 2 best.: langs opzij (voor-/achterkant-flank),Geen hindernis
16727,55,Torhout teller 1,Torhout,51.07161,3.08261,0.720593815506179,51.06846148031487,3.0916241121334225,2019,10,16,31033,Torhout,Normaal,Droog,Dag,met lichtgewonden,9,personenauto,3,Fiets,Op Kruispunt,Gewestweg,buiten bebouwde kom,Tss. 2 best.: langs opzij (voor-/achterkant-flank),Geen hindernis
16727,56,Torhout teller 2,Torhout,51.07147,3.08244,0.7236728364789035,51.06846148031487,3.0916241121334225,2019,10,16,31033,Torhout,Normaal,Droog,Dag,met lichtgewonden,9,personenauto,3,Fiets,Op Kruispunt,Gewestweg,buiten bebouwde kom,Tss. 2 best.: langs opzij (voor-/achterkant-flank),Geen hindernis
16746,143,Eco Display Classic Budastraat,Kortrijk,50.83066,3.26286,0.5987357246494336,50.83210325731223,3.254646742797995,2019,10,9,34022,Kortrijk,Normaal,Droog,Dag,met lichtgewonden,9,personenauto,3,Fiets,Op Kruispunt,Gewestweg,binnen bebouwde kom,Tussen 2 bestuurders: Frontale botsing,Geen hindernis
16748,75,Kortrijk teller 2,Kortrijk,50.81925,3.25731,0.2834026197311985,50.82169886006849,3.258428115038701,2019,10,8,34022,Kortrijk,Normaal,Droog,Dag,met lichtgewonden,3,Fiets,9,personenauto,Op Kruispunt,Gewestweg,binnen bebouwde kom,Tss. 2 best.: langs opzij (voor-/achterkant-flank),Geen hindernis
16748,74,Kortrijk teller 1,Kortrijk,50.81909,3.25728,0.3010950031169017,50.82169886006849,3.258428115038701,2019,10,8,34022,Kortrijk,Normaal,Droog,Dag,met lichtgewonden,3,Fiets,9,personenauto,Op Kruispunt,Gewestweg,binnen bebouwde kom,Tss. 2 best.: langs opzij (voor-/achterkant-flank),Geen hindernis
16750,75,Kortrijk teller 2,Kortrijk,50.81925,3.25731,0.6519630538520521,50.82364101914061,3.263460374749474,2019,10,17,34022,Kortrijk,Normaal,Droog,Dag,met lichtgewonden,9,personenauto,3,Fiets,Op Kruispunt,Gewestweg,binnen bebouwde kom,Tss. 2 best.: langs opzij (voor-/achterkant-flank),Geen hindernis
16750,74,Kortrijk teller 1,Kortrijk,50.81909,3.25728,0.6667621809650728,50.82364101914061,3.263460374749474,2019,10,17,34022,Kortrijk,Normaal,Droog,Dag,met lichtgewonden,9,personenauto,3,Fiets,Op Kruispunt,Gewestweg,binnen bebouwde kom,Tss. 2 best.: langs opzij (voor-/achterkant-flank),Geen hindernis
16750,143,Eco Display Classic Budastraat,Kortrijk,50.83066,3.26286,0.7816134192657073,50.82364101914061,3.263460374749474,2019,10,17,34022,Kortrijk,Normaal,Droog,Dag,met lichtgewonden,9,personenauto,3,Fiets,Op Kruispunt,Gewestweg,binnen bebouwde kom,Tss. 2 best.: langs opzij (voor-/achterkant-flank),Geen hindernis
16752,17,Kortrijk 2,Kortrijk,50.83339,3.27773,0.7013975156850509,50.83704822799527,3.285866567663971,2019,10,15,34022,Kortrijk,Onbekend,Onbekend,Dag,met lichtgewonden,9,personenauto,3,Fiets,Buiten Kruispunt,Gemeenteweg,buiten bebouwde kom,Tss. 2 best.: langs opzij (voor-/achterkant-flank),Geen hindernis
16752,16,Kortrijk 1,Kortrijk,50.83332,3.27777,0.7036687621998091,50.83704822799527,3.285866567663971,2019,10,15,34022,Kortrijk,Onbekend,Onbekend,Dag,met lichtgewonden,9,personenauto,3,Fiets,Buiten Kruispunt,Gemeenteweg,buiten bebouwde kom,Tss. 2 best.: langs opzij (voor-/achterkant-flank),Geen hindernis
16757,143,Eco Display Classic Budastraat,Kortrijk,50.83066,3.26286,0.5178506762224686,50.827521496700925,3.2574126317883216,2019,10,7,34022,Kortrijk,Regenval,"Nat, plassen",Dageraad - schemering,met lichtgewonden,3,Fiets,8,Voetganger,Buiten Kruispunt,Gewestweg,binnen bebouwde kom,Met een voetganger,Geen hindernis
16757,75,Kortrijk teller 2,Kortrijk,50.81925,3.25731,0.919776722094599,50.827521496700925,3.2574126317883216,2019,10,7,34022,Kortrijk,Regenval,"Nat, plassen",Dageraad - schemering,met lichtgewonden,3,Fiets,8,Voetganger,Buiten Kruispunt,Gewestweg,binnen bebouwde kom,Met een voetganger,Geen hindernis
16757,74,Kortrijk teller 1,Kortrijk,50.81909,3.25728,0.9375859459582657,50.827521496700925,3.2574126317883216,2019,10,7,34022,Kortrijk,Regenval,"Nat, plassen",Dageraad - schemering,met lichtgewonden,3,Fiets,8,Voetganger,Buiten Kruispunt,Gewestweg,binnen bebouwde kom,Met een voetganger,Geen hindernis
16758,143,Eco Display Classic Budastraat,Kortrijk,50.83066,3.26286,0.9951674495675891,50.82430817790372,3.2728416076521256,2019,10,10,34022,Kortrijk,Normaal,Droog,Dag,met lichtgewonden,3,Fiets,3,Fiets,Buiten Kruispunt,Gewestweg,binnen bebouwde kom,Tussen 2 bestuurders: Frontale botsing,Geen hindernis
16766,143,Eco Display Classic Budastraat,Kortrijk,50.83066,3.26286,0.6038528256003178,50.82701917606804,3.269239181720388,2019,10,18,34022,Kortrijk,Normaal,Droog,Dag,met lichtgewonden,9,personenauto,3,Fiets,Op Kruispunt,Gemeenteweg,binnen bebouwde kom,Tss. 2 best.: langs opzij (voor-/achterkant-flank),Geen hindernis
16766,16,Kortrijk 1,Kortrijk,50.83332,3.27777,0.9218694507010389,50.82701917606804,3.269239181720388,2019,10,18,34022,Kortrijk,Normaal,Droog,Dag,met lichtgewonden,9,personenauto,3,Fiets,Op Kruispunt,Gemeenteweg,binnen bebouwde kom,Tss. 2 best.: langs opzij (voor-/achterkant-flank),Geen hindernis
16766,17,Kortrijk 2,Kortrijk,50.83339,3.27773,0.9259868200945955,50.82701917606804,3.269239181720388,2019,10,18,34022,Kortrijk,Normaal,Droog,Dag,met lichtgewonden,9,personenauto,3,Fiets,Op Kruispunt,Gemeenteweg,binnen bebouwde kom,Tss. 2 best.: langs opzij (voor-/achterkant-flank),Geen hindernis
16770,64,Nieuwpoort teller 1,Nieuwpoort,51.13359,2.75737,0.9458467748654942,51.12877715629901,2.768546516358129,2019,10,8,38016,Nieuwpoort,Normaal,"Nat, plassen",Dageraad - schemering,met lichtgewonden,9,personenauto,3,Fiets,Op Kruispunt,Gewestweg,buiten bebouwde kom,Tss. 2 best.: langs opzij (voor-/achterkant-flank),Geen hindernis
16771,65,Nieuwpoort teller 2,Nieuwpoort,51.13435,2.75511,0.34205195109738457,51.13741850304103,2.7554553932112884,2019,10,12,38016,Nieuwpoort,Normaal,"Nat, plassen",Dag,met lichtgewonden,3,Fiets,9,personenauto,Op Kruispunt,Gewestweg,binnen bebouwde kom,Tss. 2 best.: langs opzij (voor-/achterkant-flank),Geen hindernis
16771,64,Nieuwpoort teller 1,Nieuwpoort,51.13359,2.75737,0.44617782175497295,51.13741850304103,2.7554553932112884,2019,10,12,38016,Nieuwpoort,Normaal,"Nat, plassen",Dag,met lichtgewonden,3,Fiets,9,personenauto,Op Kruispunt,Gewestweg,binnen bebouwde kom,Tss. 2 best.: langs opzij (voor-/achterkant-flank),Geen hindernis
16771,66,Nieuwpoort totem,Nieuwpoort,51.1347,2.74369,0.874780433735365,51.13741850304103,2.7554553932112884,2019,10,12,38016,Nieuwpoort,Normaal,"Nat, plassen",Dag,met lichtgewonden,3,Fiets,9,personenauto,Op Kruispunt,Gewestweg,binnen bebouwde kom,Tss. 2 best.: langs opzij (voor-/achterkant-flank),Geen hindernis
16771,63,Nieuwpoort teller 3,Nieuwpoort,51.13529,2.74289,0.9080904527752819,51.13741850304103,2.7554553932112884,2019,10,12,38016,Nieuwpoort,Normaal,"Nat, plassen",Dag,met lichtgewonden,3,Fiets,9,personenauto,Op Kruispunt,Gewestweg,binnen bebouwde kom,Tss. 2 best.: langs opzij (voor-/achterkant-flank),Geen hindernis
16772,65,Nieuwpoort teller 2,Nieuwpoort,51.13435,2.75511,0.10528509991094462,51.133970259483895,2.753727739821087,2019,10,15,38016,Nieuwpoort,Normaal,Droog,Dag,met zwaargewonden,8,Voetganger,3,Fiets,Buiten Kruispunt,Gewestweg,binnen bebouwde kom,Met een voetganger,Geen hindernis
16772,64,Nieuwpoort teller 1,Nieuwpoort,51.13359,2.75737,0.25763313878973304,51.133970259483895,2.753727739821087,2019,10,15,38016,Nieuwpoort,Normaal,Droog,Dag,met zwaargewonden,8,Voetganger,3,Fiets,Buiten Kruispunt,Gewestweg,binnen bebouwde kom,Met een voetganger,Geen hindernis
16772,66,Nieuwpoort totem,Nieuwpoort,51.1347,2.74369,0.7050624668467446,51.133970259483895,2.753727739821087,2019,10,15,38016,Nieuwpoort,Normaal,Droog,Dag,met zwaargewonden,8,Voetganger,3,Fiets,Buiten Kruispunt,Gewestweg,binnen bebouwde kom,Met een voetganger,Geen hindernis
16772,63,Nieuwpoort teller 3,Nieuwpoort,51.13529,2.74289,0.7702999236933373,51.133970259483895,2.753727739821087,2019,10,15,38016,Nieuwpoort,Normaal,Droog,Dag,met zwaargewonden,8,Voetganger,3,Fiets,Buiten Kruispunt,Gewestweg,binnen bebouwde kom,Met een voetganger,Geen hindernis
16797,140,Hasselt ring,Hasselt,50.9300038,5.3438616,0.7286868258087295,50.93271806559473,5.3343975859053065,2019,10,15,71022,Hasselt,Normaal,Droog,Dag,met lichtgewonden,3,Fiets,9,personenauto,Op Kruispunt,Gewestweg,binnen bebouwde kom,Tss. 2 best.: langs opzij (voor-/achterkant-flank),Geen hindernis
16799,138,Hasselt-Kempische brug,Hasselt,50.9405318,5.3422472,0.5759321930887272,50.93862217677495,5.349887730203391,2019,10,20,71022,Hasselt,Normaal,Droog,"Nacht, openbare verlichting aanwezig en ontstoken",met lichtgewonden,3,Fiets,9,personenauto,Op Kruispunt,Gewestweg,buiten bebouwde kom,Tss. 2 best.: langs opzij (voor-/achterkant-flank),Geen hindernis
16799,137,Hasselt-Kempische brug,Hasselt,50.9411605,5.3417576,0.6357497162943667,50.93862217677495,5.349887730203391,2019,10,20,71022,Hasselt,Normaal,Droog,"Nacht, openbare verlichting aanwezig en ontstoken",met lichtgewonden,3,Fiets,9,personenauto,Op Kruispunt,Gewestweg,buiten bebouwde kom,Tss. 2 best.: langs opzij (voor-/achterkant-flank),Geen hindernis
16803,140,Hasselt ring,Hasselt,50.9300038,5.3438616,0.4645142420884845,50.92942235850563,5.337298073809321,2019,10,7,71022,Hasselt,Normaal,Droog,Dageraad - schemering,met lichtgewonden,3,Fiets,11,een weggebruiker tegen een hindernis,Buiten Kruispunt,Gemeenteweg,binnen bebouwde kom,Weggebruiker tegen hindernis op de rijbaan,"Op de rijbaan: Werken (signal., aarde, toestel,…)"
16805,137,Hasselt-Kempische brug,Hasselt,50.9411605,5.3417576,0.8050872555886243,50.94800913913138,5.345485958886816,2019,10,6,71022,Hasselt,Normaal,"Nat, plassen","Nacht, openbare verlichting aanwezig en ontstoken",met lichtgewonden,3,Fiets,6,Bromfiets,Op Kruispunt,Gewestweg,binnen bebouwde kom,Tussen 2 bestuurders: Frontale botsing,Geen hindernis
16805,138,Hasselt-Kempische brug,Hasselt,50.9405318,5.3422472,0.8618497113488256,50.94800913913138,5.345485958886816,2019,10,6,71022,Hasselt,Normaal,"Nat, plassen","Nacht, openbare verlichting aanwezig en ontstoken",met lichtgewonden,3,Fiets,6,Bromfiets,Op Kruispunt,Gewestweg,binnen bebouwde kom,Tussen 2 bestuurders: Frontale botsing,Geen hindernis
16807,140,Hasselt ring,Hasselt,50.9300038,5.3438616,0.5843550600815289,50.9298867971768,5.335525604905323,2019,10,10,71022,Hasselt,Normaal,Droog,Dag,met lichtgewonden,3,Fiets,8,Voetganger,Buiten Kruispunt,Gemeenteweg,binnen bebouwde kom,Met een voetganger,Geen hindernis
16989,110,Herentals totem,Herentals,51.1739426,4.811783,0.8218927977018733,51.17145460192201,4.800681858369868,2019,11,11,13011,Herentals,Normaal,"Vuil (zand, grint, bladeren,...)",Dag,met lichtgewonden,6,Bromfiets,3,Fiets,Op Kruispunt,Gewestweg,buiten bebouwde kom,Tussen 2 bestuurders: Flank tegen flank,Geen hindernis
16989,94,Herentals teller 2,Herentals,51.17345,4.81283,0.8755113026077855,51.17145460192201,4.800681858369868,2019,11,11,13011,Herentals,Normaal,"Vuil (zand, grint, bladeren,...)",Dag,met lichtgewonden,6,Bromfiets,3,Fiets,Op Kruispunt,Gewestweg,buiten bebouwde kom,Tussen 2 bestuurders: Flank tegen flank,Geen hindernis
16991,37,Lommel teller 1,Lommel,51.23299,5.29211,0.7463835273203202,51.23191028085411,5.302690292084572,2019,11,12,72020,Lommel,Normaal,"Nat, plassen",Dag,met lichtgewonden,3,Fiets,9,personenauto,Op Kruispunt,Gewestweg,binnen bebouwde kom,Tss. 2 best.: langs opzij (voor-/achterkant-flank),Geen hindernis
16991,38,Lommel teller 2,Lommel,51.23277,5.29189,0.7580357523492315,51.23191028085411,5.302690292084572,2019,11,12,72020,Lommel,Normaal,"Nat, plassen",Dag,met lichtgewonden,3,Fiets,9,personenauto,Op Kruispunt,Gewestweg,binnen bebouwde kom,Tss. 2 best.: langs opzij (voor-/achterkant-flank),Geen hindernis
17027,14,Genk,Genk,50.97172,5.48927,0.5565380190989395,50.96866873352731,5.482969744911954,2019,11,15,71016,Genk,Normaal,Droog,Dag,met lichtgewonden,9,personenauto,3,Fiets,Op Kruispunt,Gemeenteweg,buiten bebouwde kom,Tss. 2 best.: langs opzij (voor-/achterkant-flank),Geen hindernis
17029,151,Leuven,District Leuven,50.8690262,4.6854839,0.7312930331605695,50.87446985798112,4.691331897562859,2019,11,2,24062,Leuven,Regenval,"Nat, plassen","Nacht, openbare verlichting aanwezig en ontstoken",met lichtgewonden,3,Fiets,10,"één bestuurder, geen hindernis",Buiten Kruispunt,Gemeenteweg,binnen bebouwde kom,"Eén bestuurder, geen hindernis (incl. val)",Geen hindernis
17031,151,Leuven,District Leuven,50.8690262,4.6854839,0.8510905362291011,50.86520038332208,4.695987888085433,2019,11,19,24062,Leuven,Regenval,"Nat, plassen","Nacht, openbare verlichting aanwezig en ontstoken",met lichtgewonden,9,personenauto,3,Fiets,Buiten Kruispunt,Gewestweg,binnen bebouwde kom,Tss. 2 best.: langs opzij (voor-/achterkant-flank),Geen hindernis
17032,69,Leuven teller 1,Leuven,50.87549,4.71526,0.8800763005984791,50.86905564008467,4.707956509643332,2019,11,9,24062,Leuven,Normaal,Droog,Dag,met lichtgewonden,9,personenauto,3,Fiets,Op Kruispunt,Gewestweg,binnen bebouwde kom,Tss. 2 best.: langs opzij (voor-/achterkant-flank),Geen hindernis
17034,77,Leuven teller 2,Leuven,50.88672,4.70796,0.4779996243289913,50.88245762543811,4.707075407978598,2019,11,9,24062,Leuven,Normaal,Proper,Dag,met lichtgewonden,9,personenauto,3,Fiets,Op Kruispunt,Gemeenteweg,binnen bebouwde kom,Tss. 2 best.: langs opzij (voor-/achterkant-flank),Geen hindernis
17034,107,leuven totem,Leuven,50.8870744,4.7087919,0.5272948388932921,50.88245762543811,4.707075407978598,2019,11,9,24062,Leuven,Normaal,Proper,Dag,met lichtgewonden,9,personenauto,3,Fiets,Op Kruispunt,Gemeenteweg,binnen bebouwde kom,Tss. 2 best.: langs opzij (voor-/achterkant-flank),Geen hindernis
17034,69,Leuven teller 1,Leuven,50.87549,4.71526,0.9643639123529976,50.88245762543811,4.707075407978598,2019,11,9,24062,Leuven,Normaal,Proper,Dag,met lichtgewonden,9,personenauto,3,Fiets,Op Kruispunt,Gemeenteweg,binnen bebouwde kom,Tss. 2 best.: langs opzij (voor-/achterkant-flank),Geen hindernis
17035,77,Leuven teller 2,Leuven,50.88672,4.70796,0.9770423283777939,50.879135579637584,4.700927871137181,2019,11,9,24062,Leuven,Normaal,"Nat, plassen",Dag,met lichtgewonden,3,Fiets,10,"één bestuurder, geen hindernis",Op Kruispunt,Gemeenteweg,binnen bebouwde kom,"Eén bestuurder, geen hindernis (incl. val)",Geen hindernis
17037,151,Leuven,District Leuven,50.8690262,4.6854839,0.8859858931163326,50.86106494826316,4.6859980521643365,2019,11,20,24062,Leuven,Normaal,Droog,"Nacht, openbare verlichting aanwezig en ontstoken",met lichtgewonden,9,personenauto,3,Fiets,Op Kruispunt,Gemeenteweg,buiten bebouwde kom,Tss. 2 best.: langs opzij (voor-/achterkant-flank),Geen hindernis
17038,69,Leuven teller 1,Leuven,50.87549,4.71526,0.7779984070016795,50.8763440556511,4.726265333497353,2019,11,17,24062,Leuven,Onbekend,Droog,Onbekend,met lichtgewonden,3,Fiets,10,"één bestuurder, geen hindernis",Buiten Kruispunt,Gemeenteweg,buiten bebouwde kom,"Eén bestuurder, geen hindernis (incl. val)",Geen hindernis
17039,69,Leuven teller 1,Leuven,50.87549,4.71526,0.5901271957727778,50.87200931124617,4.721608836420379,2019,11,14,24062,Leuven,Normaal,"Nat, plassen",Dag,met zwaargewonden,3,Fiets,9,personenauto,Buiten Kruispunt,Gewestweg,binnen bebouwde kom,Tussen 2 bestuurders: Frontale botsing,Geen hindernis
17040,151,Leuven,District Leuven,50.8690262,4.6854839,0.8736196545544438,50.86884192438051,4.6979296814048555,2019,11,16,24062,Leuven,Normaal,Droog,Dag,met zwaargewonden,9,personenauto,3,Fiets,Buiten Kruispunt,Gewestweg,binnen bebouwde kom,Tss. 2 best.: langs opzij (voor-/achterkant-flank),Geen hindernis
17041,69,Leuven teller 1,Leuven,50.87549,4.71526,0.7611164512111953,50.87464277492781,4.726024032970021,2019,11,13,24062,Leuven,Regenval,"Nat, plassen",Dag,met lichtgewonden,3,Fiets,11,een weggebruiker tegen een hindernis,Buiten Kruispunt,Gemeenteweg,binnen bebouwde kom,Weggebruiker tegen hindernis op de rijbaan,"Op de rijbaan: Werken (signal., aarde, toestel,…)"
17043,77,Leuven teller 2,Leuven,50.88672,4.70796,0.7402618045565686,50.885231723209685,4.697674377555155,2019,11,10,24062,Leuven,Regenval,"Nat, plassen",Dag,met lichtgewonden,3,Fiets,10,"één bestuurder, geen hindernis",Buiten Kruispunt,Gemeenteweg,binnen bebouwde kom,"Eén bestuurder, geen hindernis (incl. val)",Geen hindernis
17043,107,leuven totem,Leuven,50.8870744,4.7087919,0.8063477527723687,50.885231723209685,4.697674377555155,2019,11,10,24062,Leuven,Regenval,"Nat, plassen",Dag,met lichtgewonden,3,Fiets,10,"één bestuurder, geen hindernis",Buiten Kruispunt,Gemeenteweg,binnen bebouwde kom,"Eén bestuurder, geen hindernis (incl. val)",Geen hindernis
17045,77,Leuven teller 2,Leuven,50.88672,4.70796,0.9849629272116421,50.879429183550684,4.699986225928219,2019,11,10,24062,Leuven,Normaal,Droog,Dag,met lichtgewonden,3,Fiets,3,Fiets,Buiten Kruispunt,Gemeenteweg,binnen bebouwde kom,Tussen 2 bestuurders: Frontale botsing,Geen hindernis