crash_row_id,site_id,site_name,site_gemeente,site_lat,site_long,distance_km,crash_lat,crash_long,DT_YEAR_COLLISION,DT_MONTH_COLLISION,DT_TIME,CD_NIS,TX_MUNTY_COLLISION_NL,TX_WEATHER_NL,TX_ROAD_CONDITION_NL,TX_LIGHT_CONDITION_NL,TX_CLASS_ACCIDENTS_NL,CD_ROAD_USR_TYPE1,TX_ROAD_USR_TYPE1_NL,CD_ROAD_USR_TYPE2,TX_ROAD_USR_TYPE2_NL,TX_CROSSWAY_NL,CD_ROAD_TYPE_NL,TX_BUILD_UP_AREA_NL,TX_COLLISION_TYPE_NL,TX_OBSTACLES_NL
17063,147,Overijse,District Vilvoorde-gewestwegen,50.7797555,4.4975769,0.6918266277394659,50.78540740784929,4.501690945025338,2019,11,18,23062,Overijse,Normaal,Proper,"Nacht, openbare verlichting aanwezig en ontstoken",met zwaargewonden,9,personenauto,3,Fiets,Op Kruispunt,Gewestweg,buiten bebouwde kom,Tss. 2 best.: langs opzij (voor-/achterkant-flank),Geen hindernis
17063,145,Overijse,District Vilvoorde-gewestwegen,50.7885856,4.4908759,0.8383975791295928,50.78540740784929,4.501690945025338,2019,11,18,23062,Overijse,Normaal,Proper,"Nacht, openbare verlichting aanwezig en ontstoken",met zwaargewonden,9,personenauto,3,Fiets,Op Kruispunt,Gewestweg,buiten bebouwde kom,Tss. 2 best.: langs opzij (voor-/achterkant-flank),Geen hindernis
17063,146,Overijse 2,District Vilvoorde-gewestwegen,50.7881478,4.4902818,0.8579786182324539,50.78540740784929,4.501690945025338,2019,11,18,23062,Overijse,Normaal,Proper,"Nacht, openbare verlichting aanwezig en ontstoken",met zwaargewonden,9,personenauto,3,Fiets,Op Kruispunt,Gewestweg,buiten bebouwde kom,Tss. 2 best.: langs opzij (voor-/achterkant-flank),Geen hindernis
17070,70,Kampenhout teller 1,Kampenhout,50.95682,4.59318,0.33847686772156327,50.958779083091166,4.596878703411882,2019,11,8,23038,Kampenhout,Normaal,"Nat, plassen",Dag,met lichtgewonden,9,personenauto,3,Fiets,Buiten Kruispunt,Gewestweg,buiten bebouwde kom,Tss. 2 best.: langs opzij (voor-/achterkant-flank),Geen hindernis
17070,71,Kampenhout teller 2,Kampenhout,50.95589,4.59164,0.4876862313888355,50.958779083091166,4.596878703411882,2019,11,8,23038,Kampenhout,Normaal,"Nat, plassen",Dag,met lichtgewonden,9,personenauto,3,Fiets,Buiten Kruispunt,Gewestweg,buiten bebouwde kom,Tss. 2 best.: langs opzij (voor-/achterkant-flank),Geen hindernis
17072,109,Zemst,Zemst,50.9903936,4.4707023,0.34792467861340154,50.987264860675864,4.470761576075733,2019,11,8,23096,Zemst,Onbekend,Onbekend,Onbekend,met lichtgewonden,9,personenauto,3,Fiets,Op Kruispunt,Gewestweg,binnen bebouwde kom,Tss. 2 best.: langs opzij (voor-/achterkant-flank),Geen hindernis
17074,136,Gent R4,Gent,51.0876313,3.7587918,0.3746543759966808,51.0909901845293,3.7583693758783125,2019,11,7,44021,Gent,Normaal,Droog,Dageraad - schemering,met zwaargewonden,3,Fiets,3,Fiets,Buiten Kruispunt,Gemeenteweg,binnen bebouwde kom,Tss. 2 best.: langs opzij (voor-/achterkant-flank),Geen hindernis
17083,136,Gent R4,Gent,51.0876313,3.7587918,0.7427486705757107,51.092371194795604,3.7662851549903826,2019,11,17,44021,Gent,Normaal,Droog,Dag,met lichtgewonden,3,Fiets,3,Fiets,Buiten Kruispunt,Gemeenteweg,binnen bebouwde kom,Tussen 2 bestuurders: Flank tegen flank,Geen hindernis
17088,13,Gent,Gent,51.03018,3.70146,0.7836916146949239,51.034044657160656,3.710831903529847,2019,11,8,44021,Gent,Onbekend,"Nat, plassen",Dag,met lichtgewonden,3,Fiets,9,personenauto,Buiten Kruispunt,Gemeenteweg,binnen bebouwde kom,Tussen 2 bestuurders: Flank tegen flank,Geen hindernis
17096,118,Gent teller 1,Gent,51.028049,3.7681359,0.6449141155763904,51.03172324877586,3.76100050222694,2019,11,21,44021,Gent,Regenval,"Nat, plassen","Nacht, openbare verlichting aanwezig en ontstoken",met lichtgewonden,3,Fiets,5,Lichte vrachtauto,Op Kruispunt,Gewestweg,binnen bebouwde kom,Tss. 2 best.: langs opzij (voor-/achterkant-flank),Geen hindernis
17096,119,Gent teller 2,Gent,51.0281795,3.7683918,0.6499590692903574,51.03172324877586,3.76100050222694,2019,11,21,44021,Gent,Regenval,"Nat, plassen","Nacht, openbare verlichting aanwezig en ontstoken",met lichtgewonden,3,Fiets,5,Lichte vrachtauto,Op Kruispunt,Gewestweg,binnen bebouwde kom,Tss. 2 best.: langs opzij (voor-/achterkant-flank),Geen hindernis
17097,13,Gent,Gent,51.03018,3.70146,0.8048119420730979,51.032614334350704,3.6906216297950865,2019,11,12,44021,Gent,Normaal,Droog,Dag,met lichtgewonden,3,Fiets,6,Bromfiets,Buiten Kruispunt,Autosnelweg,buiten bebouwde kom,Tussen 2 bestuurders: Frontale botsing,Geen hindernis
17099,118,Gent teller 1,Gent,51.028049,3.7681359,0.15399916432454985,51.02889976058706,3.7663983025813472,2019,11,13,44021,Gent,Normaal,Droog,Dag,met lichtgewonden,3,Fiets,9,personenauto,Buiten Kruispunt,Gewestweg,binnen bebouwde kom,Tussen 2 bestuurders: Langs achteren,Geen hindernis
17099,119,Gent teller 2,Gent,51.0281795,3.7683918,0.16078076588424872,51.02889976058706,3.7663983025813472,2019,11,13,44021,Gent,Normaal,Droog,Dag,met lichtgewonden,3,Fiets,9,personenauto,Buiten Kruispunt,Gewestweg,binnen bebouwde kom,Tussen 2 bestuurders: Langs achteren,Geen hindernis
17104,136,Gent R4,Gent,51.0876313,3.7587918,0.21120117049951184,51.08951931187354,3.758461483535758,2019,11,20,44021,Gent,Onbekend,Onbekend,"Nacht, openbare verlichting aanwezig en ontstoken",met lichtgewonden,3,Fiets,9,personenauto,Op Kruispunt,Gemeenteweg,binnen bebouwde kom,Tss. 2 best.: langs opzij (voor-/achterkant-flank),Geen hindernis
17122,116,Melle teller 2,Melle,50.9986113,3.8040599,0.6000250489130586,51.00294820111002,3.7989576689477715,2019,11,16,44040,Melle,Normaal,Droog,Dageraad - schemering,met lichtgewonden,3,Fiets,5,Lichte vrachtauto,Buiten Kruispunt,Gemeenteweg,binnen bebouwde kom,Tss. 2 best.: langs opzij (voor-/achterkant-flank),Geen hindernis
17122,117,Melle teller 1,Melle,50.9986113,3.8040599,0.6000250489130586,51.00294820111002,3.7989576689477715,2019,11,16,44040,Melle,Normaal,Droog,Dageraad - schemering,met lichtgewonden,3,Fiets,5,Lichte vrachtauto,Buiten Kruispunt,Gemeenteweg,binnen bebouwde kom,Tss. 2 best.: langs opzij (voor-/achterkant-flank),Geen hindernis
17160,126,Hamme totem,Hamme,51.1017709,4.1469307,0.4160066364528767,51.09806441353662,4.1461205579039815,2019,11,18,42008,Hamme,Normaal,Droog,"Nacht, openbare verlichting aanwezig en ontstoken",met lichtgewonden,3,Fiets,9,personenauto,Buiten Kruispunt,Gemeenteweg,binnen bebouwde kom,Tussen 2 bestuurders: Flank tegen flank,Geen hindernis
17180,11,Aalst 3,Aalst,50.93385,4.01647,0.9313531603085089,50.92616451963178,4.01118665706496,2019,11,11,41002,Aalst,Normaal,Droog,Dag,met lichtgewonden,3,Fiets,9,personenauto,Op Kruispunt,Gemeenteweg,binnen bebouwde kom,Tussen 2 bestuurders: Flank tegen flank,Geen hindernis
17180,19,Aalst 1,Aalst,50.93433,4.01471,0.9409372681702438,50.92616451963178,4.01118665706496,2019,11,11,41002,Aalst,Normaal,Droog,Dag,met lichtgewonden,3,Fiets,9,personenauto,Op Kruispunt,Gemeenteweg,binnen bebouwde kom,Tussen 2 bestuurders: Flank tegen flank,Geen hindernis
17184,10,Aalst 2,Aalst,50.93549,4.01571,0.5747992718999,50.93853037269357,4.022344097101615,2019,11,12,41002,Aalst,Normaal,Droog+Proper,Dag,met lichtgewonden,5,Lichte vrachtauto,3,Fiets,Buiten Kruispunt,Gewestweg,binnen bebouwde kom,Tussen 2 bestuurders: Frontale botsing,Geen hindernis
17184,11,Aalst 3,Aalst,50.93385,4.01647,0.6635365274442225,50.93853037269357,4.022344097101615,2019,11,12,41002,Aalst,Normaal,Droog+Proper,Dag,met lichtgewonden,5,Lichte vrachtauto,3,Fiets,Buiten Kruispunt,Gewestweg,binnen bebouwde kom,Tussen 2 bestuurders: Frontale botsing,Geen hindernis
17184,19,Aalst 1,Aalst,50.93433,4.01471,0.7101485097207434,50.93853037269357,4.022344097101615,2019,11,12,41002,Aalst,Normaal,Droog+Proper,Dag,met lichtgewonden,5,Lichte vrachtauto,3,Fiets,Buiten Kruispunt,Gewestweg,binnen bebouwde kom,Tussen 2 bestuurders: Frontale botsing,Geen hindernis
17189,122,Dendermonde teller 2,Dendermonde,51.0373918,4.1019222,0.7078685122993004,51.03154270674233,4.097926325400022,2019,11,15,42006,Dendermonde,Normaal,Droog,Dag,met lichtgewonden,9,personenauto,3,Fiets,Buiten Kruispunt,Gemeenteweg,binnen bebouwde kom,Tss. 2 best.: langs opzij (voor-/achterkant-flank),Geen hindernis
17189,125,Dendermonde totem,Dendermonde,51.0372706,4.1025998,0.7158576893874126,51.03154270674233,4.097926325400022,2019,11,15,42006,Dendermonde,Normaal,Droog,Dag,met lichtgewonden,9,personenauto,3,Fiets,Buiten Kruispunt,Gemeenteweg,binnen bebouwde kom,Tss. 2 best.: langs opzij (voor-/achterkant-flank),Geen hindernis
17190,125,Dendermonde totem,Dendermonde,51.0372706,4.1025998,0.6533961422277966,51.03289030099231,4.108828487845802,2019,11,20,42006,Dendermonde,Normaal,Droog,"Nacht, openbare verlichting aanwezig en ontstoken",met lichtgewonden,3,Fiets,9,personenauto,Op Kruispunt,Gewestweg,binnen bebouwde kom,Tussen 2 bestuurders: Flank tegen flank,Geen hindernis
17190,122,Dendermonde teller 2,Dendermonde,51.0373918,4.1019222,0.6955233863418621,51.03289030099231,4.108828487845802,2019,11,20,42006,Dendermonde,Normaal,Droog,"Nacht, openbare verlichting aanwezig en ontstoken",met lichtgewonden,3,Fiets,9,personenauto,Op Kruispunt,Gewestweg,binnen bebouwde kom,Tussen 2 bestuurders: Flank tegen flank,Geen hindernis
17228,15,Oostende 2,Oostende,51.21371,2.92743,0.31852563525185695,51.21113369629238,2.9294291953905565,2019,11,12,35013,Oostende,Normaal,Droog,Dag,met lichtgewonden,9,personenauto,3,Fiets,Buiten Kruispunt,Gemeenteweg,binnen bebouwde kom,Tss. 2 best.: langs opzij (voor-/achterkant-flank),Geen hindernis
17228,18,Oostende 1,Oostende,51.21378,2.92765,0.3192890835685659,51.21113369629238,2.9294291953905565,2019,11,12,35013,Oostende,Normaal,Droog,Dag,met lichtgewonden,9,personenauto,3,Fiets,Buiten Kruispunt,Gemeenteweg,binnen bebouwde kom,Tss. 2 best.: langs opzij (voor-/achterkant-flank),Geen hindernis
17229,15,Oostende 2,Oostende,51.21371,2.92743,0.867802214966643,51.20870081619874,2.9178767909868975,2019,11,15,35013,Oostende,Normaal,"Nat, plassen",Dag,met lichtgewonden,3,Fiets,9,personenauto,Op Kruispunt,Gemeenteweg,binnen bebouwde kom,Tussen 2 bestuurders: Langs achteren,Geen hindernis
17229,18,Oostende 1,Oostende,51.21378,2.92765,0.8845577465636484,51.20870081619874,2.9178767909868975,2019,11,15,35013,Oostende,Normaal,"Nat, plassen",Dag,met lichtgewonden,3,Fiets,9,personenauto,Op Kruispunt,Gemeenteweg,binnen bebouwde kom,Tussen 2 bestuurders: Langs achteren,Geen hindernis
17256,143,Eco Display Classic Budastraat,Kortrijk,50.83066,3.26286,0.5238076213503646,50.83091213322603,3.2554124583703854,2019,11,9,34022,Kortrijk,Normaal,Droog,Dag,met lichtgewonden,4,Vrachtwagen,3,Fiets,Op Kruispunt,Gewestweg,binnen bebouwde kom,Tss. 2 best.: langs opzij (voor-/achterkant-flank),Geen hindernis
17259,143,Eco Display Classic Budastraat,Kortrijk,50.83066,3.26286,0.7997642384816619,50.8246225771041,3.2690486263384066,2019,11,21,34022,Kortrijk,Normaal,Droog,"Nacht, openbare verlichting aanwezig en ontstoken",met lichtgewonden,9,personenauto,3,Fiets,Op Kruispunt,Gemeenteweg,binnen bebouwde kom,Tss. 2 best.: langs opzij (voor-/achterkant-flank),Geen hindernis
17260,75,Kortrijk teller 2,Kortrijk,50.81925,3.25731,0.6400851797668212,50.823620297002634,3.263240592281338,2019,11,8,34022,Kortrijk,Normaal,Droog,Dag,met lichtgewonden,6,Bromfiets,3,Fiets,Buiten Kruispunt,Gewestweg,binnen bebouwde kom,Tss. 2 best.: langs opzij (voor-/achterkant-flank),Geen hindernis
17260,74,Kortrijk teller 1,Kortrijk,50.81909,3.25728,0.6550403920730037,50.823620297002634,3.263240592281338,2019,11,8,34022,Kortrijk,Normaal,Droog,Dag,met lichtgewonden,6,Bromfiets,3,Fiets,Buiten Kruispunt,Gewestweg,binnen bebouwde kom,Tss. 2 best.: langs opzij (voor-/achterkant-flank),Geen hindernis
17260,143,Eco Display Classic Budastraat,Kortrijk,50.83066,3.26286,0.7832355723310738,50.823620297002634,3.263240592281338,2019,11,8,34022,Kortrijk,Normaal,Droog,Dag,met lichtgewonden,6,Bromfiets,3,Fiets,Buiten Kruispunt,Gewestweg,binnen bebouwde kom,Tss. 2 best.: langs opzij (voor-/achterkant-flank),Geen hindernis
17261,74,Kortrijk teller 1,Kortrijk,50.81909,3.25728,0.9033212646027721,50.81338050317632,3.2664267875713824,2019,11,7,34022,Kortrijk,Normaal,"Nat, plassen","Nacht, openbare verlichting aanwezig en ontstoken",met lichtgewonden,9,personenauto,3,Fiets,Op Kruispunt,Gewestweg,binnen bebouwde kom,Tss. 2 best.: langs opzij (voor-/achterkant-flank),Geen hindernis
17261,75,Kortrijk teller 2,Kortrijk,50.81925,3.25731,0.914434382829085,50.81338050317632,3.2664267875713824,2019,11,7,34022,Kortrijk,Normaal,"Nat, plassen","Nacht, openbare verlichting aanwezig en ontstoken",met lichtgewonden,9,personenauto,3,Fiets,Op Kruispunt,Gewestweg,binnen bebouwde kom,Tss. 2 best.: langs opzij (voor-/achterkant-flank),Geen hindernis
17264,143,Eco Display Classic Budastraat,Kortrijk,50.83066,3.26286,0.8718080598588348,50.82361805579648,3.268317129771939,2019,11,21,34022,Kortrijk,Normaal,Droog,"Nacht, openbare verlichting aanwezig en ontstoken",met zwaargewonden,3,Fiets,8,Voetganger,Buiten Kruispunt,Gewestweg,binnen bebouwde kom,Met een voetganger,Geen hindernis
17264,75,Kortrijk teller 2,Kortrijk,50.81925,3.25731,0.9131058984088744,50.82361805579648,3.268317129771939,2019,11,21,34022,Kortrijk,Normaal,Droog,"Nacht, openbare verlichting aanwezig en ontstoken",met zwaargewonden,3,Fiets,8,Voetganger,Buiten Kruispunt,Gewestweg,binnen bebouwde kom,Met een voetganger,Geen hindernis
17264,74,Kortrijk teller 1,Kortrijk,50.81909,3.25728,0.9244603132469763,50.82361805579648,3.268317129771939,2019,11,21,34022,Kortrijk,Normaal,Droog,"Nacht, openbare verlichting aanwezig en ontstoken",met zwaargewonden,3,Fiets,8,Voetganger,Buiten Kruispunt,Gewestweg,binnen bebouwde kom,Met een voetganger,Geen hindernis
17286,42,Maasmechelen teller 2,Maasmechelen,50.97043,5.6981,0.9421969555319991,50.978652631203175,5.701349499633698,2019,11,12,73107,Maasmechelen,Normaal,Droog,Dag,met lichtgewonden,3,Fiets,9,personenauto,Buiten Kruispunt,Gewestweg,buiten bebouwde kom,Tussen 2 bestuurders: Flank tegen flank,Geen hindernis
17286,41,Maasmechelen teller 1,Maasmechelen,50.97025,5.69799,0.9634832356054097,50.978652631203175,5.701349499633698,2019,11,12,73107,Maasmechelen,Normaal,Droog,Dag,met lichtgewonden,3,Fiets,9,personenauto,Buiten Kruispunt,Gewestweg,buiten bebouwde kom,Tussen 2 bestuurders: Flank tegen flank,Geen hindernis
17302,99,Mechelen teller 1,Mechelen,51.04564,4.46882,0.6567153386835887,51.04300955228223,4.4772305174294855,2019,11,17,12025,Mechelen,Normaal,"Nat, plassen",Dag,met lichtgewonden,3,Fiets,9,personenauto,Buiten Kruispunt,Gewestweg,binnen bebouwde kom,Tss. 2 best.: langs opzij (voor-/achterkant-flank),Geen hindernis
17302,100,Mechelen teller 2,Mechelen,51.0457,4.46883,0.6590905169354362,51.04300955228223,4.4772305174294855,2019,11,17,12025,Mechelen,Normaal,"Nat, plassen",Dag,met lichtgewonden,3,Fiets,9,personenauto,Buiten Kruispunt,Gewestweg,binnen bebouwde kom,Tss. 2 best.: langs opzij (voor-/achterkant-flank),Geen hindernis
17309,99,Mechelen teller 1,Mechelen,51.04564,4.46882,0.6753060486357615,51.03993898268396,4.472149331220082,2019,11,18,12025,Mechelen,Normaal,Droog,"Nacht, openbare verlichting aanwezig en ontstoken",met lichtgewonden,6,Bromfiets,3,Fiets,Op Kruispunt,Gewestweg,binnen bebouwde kom,Tussen 2 bestuurders: Frontale botsing,Geen hindernis
17309,100,Mechelen teller 2,Mechelen,51.0457,4.46883,0.6813342994014995,51.03993898268396,4.472149331220082,2019,11,18,12025,Mechelen,Normaal,Droog,"Nacht, openbare verlichting aanwezig en ontstoken",met lichtgewonden,6,Bromfiets,3,Fiets,Op Kruispunt,Gewestweg,binnen bebouwde kom,Tussen 2 bestuurders: Frontale botsing,Geen hindernis
17322,140,Hasselt ring,Hasselt,50.9300038,5.3438616,0.5612506254760949,50.9259682975291,5.33905157803523,2019,11,8,71022,Hasselt,Normaal,Droog,Dag,met lichtgewonden,9,personenauto,3,Fiets,Buiten Kruispunt,Gemeenteweg,binnen bebouwde kom,Tss. 2 best.: langs opzij (voor-/achterkant-flank),Geen hindernis
17327,140,Hasselt ring,Hasselt,50.9300038,5.3438616,0.8216807955477623,50.92701456892668,5.333139611715867,2019,11,9,71022,Hasselt,Normaal,"Nat, plassen",Dag,met lichtgewonden,3,Fiets,3,Fiets,Buiten Kruispunt,Gemeenteweg,binnen bebouwde kom,Tussen 2 bestuurders: Frontale botsing,Geen hindernis
17328,140,Hasselt ring,Hasselt,50.9300038,5.3438616,0.22851356683640853,50.927949076014464,5.343801607425412,2019,11,16,71022,Hasselt,Normaal,Droog,Dag,met lichtgewonden,9,personenauto,3,Fiets,Buiten Kruispunt,Gemeenteweg,binnen bebouwde kom,Tussen 2 bestuurders: Flank tegen flank,Geen hindernis
17329,140,Hasselt ring,Hasselt,50.9300038,5.3438616,0.8747440468558525,50.92235004356947,5.340976991325706,2019,11,8,71022,Hasselt,Normaal,Droog,Dag,met lichtgewonden,9,personenauto,3,Fiets,Op Kruispunt,Gewestweg,binnen bebouwde kom,Tss. 2 best.: langs opzij (voor-/achterkant-flank),Geen hindernis
17335,22,Tienen 2,Tienen,50.81330800184882,4.935984252796022,0.8614734384250895,50.81833839444778,4.945310025781055,2019,11,7,24107,Tienen,Normaal,Droog,Dag,met lichtgewonden,9,personenauto,3,Fiets,Op Kruispunt,Gemeenteweg,binnen bebouwde kom,Tussen 2 bestuurders: Flank tegen flank,Geen hindernis
17335,24,Tienen 1,Tienen,50.8133795491886,4.935044252605416,0.9078520266537615,50.81833839444778,4.945310025781055,2019,11,7,24107,Tienen,Normaal,Droog,Dag,met lichtgewonden,9,personenauto,3,Fiets,Op Kruispunt,Gemeenteweg,binnen bebouwde kom,Tussen 2 bestuurders: Flank tegen flank,Geen hindernis
17335,23,Tienen 3,Tienen,50.81324,4.93447,0.9494056976181583,50.81833839444778,4.945310025781055,2019,11,7,24107,Tienen,Normaal,Droog,Dag,met lichtgewonden,9,personenauto,3,Fiets,Op Kruispunt,Gemeenteweg,binnen bebouwde kom,Tussen 2 bestuurders: Flank tegen flank,Geen hindernis
17458,112,Geel teller 2,Westerlo,51.1354992,4.9394789,0.9761385423189818,51.13691457966832,4.925671456117022,2019,12,6,13049,Westerlo,Onbekend,Onbekend,Dageraad - schemering,met lichtgewonden,3,Fiets,9,personenauto,Op Kruispunt,Gemeenteweg,buiten bebouwde kom,Tss. 2 best.: langs opzij (voor-/achterkant-flank),Geen hindernis
17459,88,Westerlo teller 1,Westerlo,51.082,4.91325,0.7554201732833927,51.08879218043646,4.913024537879075,2019,12,12,13049,Westerlo,Normaal,Droog,Dag,met lichtgewonden,5,Lichte vrachtauto,3,Fiets,Buiten Kruispunt,Gemeenteweg,binnen bebouwde kom,Tss. 2 best.: langs opzij (voor-/achterkant-flank),Geen hindernis
17459,89,Westerlo teller 2,Westerlo,51.08191,4.91334,0.7655807075449994,51.08879218043646,4.913024537879075,2019,12,12,13049,Westerlo,Normaal,Droog,Dag,met lichtgewonden,5,Lichte vrachtauto,3,Fiets,Buiten Kruispunt,Gemeenteweg,binnen bebouwde kom,Tss. 2 best.: langs opzij (voor-/achterkant-flank),Geen hindernis
17497,107,leuven totem,Leuven,50.8870744,4.7087919,0.6471331557157743,50.88584809672676,4.717809987350149,2019,12,20,24062,Leuven,Regenval,"Nat, plassen","Nacht, openbare verlichting aanwezig en ontstoken",met lichtgewonden,9,personenauto,3,Fiets,Op Kruispunt,Gemeenteweg,binnen bebouwde kom,Tss. 2 best.: langs opzij (voor-/achterkant-flank),Geen hindernis
17497,77,Leuven teller 2,Leuven,50.88672,4.70796,0.6977314929074641,50.88584809672676,4.717809987350149,2019,12,20,24062,Leuven,Regenval,"Nat, plassen","Nacht, openbare verlichting aanwezig en ontstoken",met lichtgewonden,9,personenauto,3,Fiets,Op Kruispunt,Gemeenteweg,binnen bebouwde kom,Tss. 2 best.: langs opzij (voor-/achterkant-flank),Geen hindernis
17498,151,Leuven,District Leuven,50.8690262,4.6854839,0.9404074169017673,50.8690530564726,4.69888480421886,2019,12,20,24062,Leuven,Normaal,Droog,"Nacht, openbare verlichting aanwezig en ontstoken",met lichtgewonden,3,Fiets,8,Voetganger,Buiten Kruispunt,Gemeenteweg,binnen bebouwde kom,Met een voetganger,Geen hindernis
17499,151,Leuven,District Leuven,50.8690262,4.6854839,0.5301273893970647,50.86963523737816,4.692976461417668,2019,12,18,24062,Leuven,Normaal,Droog,Dageraad - schemering,met lichtgewonden,3,Fiets,3,Fiets,Buiten Kruispunt,Gewestweg,binnen bebouwde kom,Tussen 2 bestuurders: Flank tegen flank,Geen hindernis
17503,151,Leuven,District Leuven,50.8690262,4.6854839,0.9014353620691173,50.877069589354186,4.683880201617781,2019,12,16,24062,Leuven,Normaal,Droog,Dag,met lichtgewonden,3,Fiets,9,personenauto,Op Kruispunt,Gewestweg,binnen bebouwde kom,Tss. 2 best.: langs opzij (voor-/achterkant-flank),Geen hindernis
17504,69,Leuven teller 1,Leuven,50.87549,4.71526,0.7045696093510941,50.87692306207984,4.705478408093182,2019,12,21,24062,Leuven,Normaal,Droog,"Nacht, openbare verlichting aanwezig en ontstoken",met lichtgewonden,3,Fiets,6,Bromfiets,Op Kruispunt,Gemeenteweg,buiten bebouwde kom,Tussen 2 bestuurders: Frontale botsing,Geen hindernis
17506,151,Leuven,District Leuven,50.8690262,4.6854839,0.5301273893970647,50.86963523737816,4.692976461417668,2019,12,15,24062,Leuven,Onbekend,Onbekend,Dag,met lichtgewonden,9,personenauto,3,Fiets,Buiten Kruispunt,Gewestweg,binnen bebouwde kom,Tss. 2 best.: langs opzij (voor-/achterkant-flank),Geen hindernis
17507,77,Leuven teller 2,Leuven,50.88672,4.70796,0.6682455844214935,50.88075451051713,4.70911300816206,2019,11,8,24062,Leuven,Normaal,Droog,"Nacht, openbare verlichting aanwezig en ontstoken",met lichtgewonden,1,Autobus,3,Fiets,Buiten Kruispunt,Gemeenteweg,binnen bebouwde kom,Tussen 2 bestuurders: Flank tegen flank,Geen hindernis
17507,107,leuven totem,Leuven,50.8870744,4.7087919,0.7031005990557008,50.88075451051713,4.70911300816206,2019,11,8,24062,Leuven,Normaal,Droog,"Nacht, openbare verlichting aanwezig en ontstoken",met lichtgewonden,1,Autobus,3,Fiets,Buiten Kruispunt,Gemeenteweg,binnen bebouwde kom,Tussen 2 bestuurders: Flank tegen flank,Geen hindernis
17507,69,Leuven teller 1,Leuven,50.87549,4.71526,0.7271030707173853,50.88075451051713,4.70911300816206,2019,11,8,24062,Leuven,Normaal,Droog,"Nacht, openbare verlichting aanwezig en ontstoken",met lichtgewonden,1,Autobus,3,Fiets,Buiten Kruispunt,Gemeenteweg,binnen bebouwde kom,Tussen 2 bestuurders: Flank tegen flank,Geen hindernis
17512,102,Diest teller 2,Diest,50.9779,5.04474,0.5149598944805034,50.97428480803953,5.040143026436877,2019,12,12,24020,Diest,Normaal,"Nat, plassen",Dag,met zwaargewonden,9,personenauto,3,Fiets,Op Kruispunt,Gewestweg,binnen bebouwde kom,Tss. 2 best.: langs opzij (voor-/achterkant-flank),Geen hindernis
17512,101,Diest teller 1,Diest,50.97799,5.04481,0.5258405290396312,50.97428480803953,5.040143026436877,2019,12,12,24020,Diest,Normaal,"Nat, plassen",Dag,met zwaargewonden,9,personenauto,3,Fiets,Op Kruispunt,Gewestweg,binnen bebouwde kom,Tss. 2 best.: langs opzij (voor-/achterkant-flank),Geen hindernis
17553,13,Gent,Gent,51.03018,3.70146,0.7992573638086021,51.02814351501386,3.7124205639269277,2019,12,8,44021,Gent,Normaal,Droog,Dag,met lichtgewonden,3,Fiets,6,Bromfiets,Buiten Kruispunt,Gewestweg,binnen bebouwde kom,Tussen 2 bestuurders: Frontale botsing,Geen hindernis
17554,13,Gent,Gent,51.03018,3.70146,0.3614359187444228,51.03223013978526,3.6974491721102423,2019,12,8,44021,Gent,Normaal,"Ijzel, sneeuw",Dag,met lichtgewonden,3,Fiets,10,"één bestuurder, geen hindernis",Buiten Kruispunt,Autosnelweg,buiten bebouwde kom,"Eén bestuurder, geen hindernis (incl. val)",Geen hindernis
17578,118,Gent teller 1,Gent,51.028049,3.7681359,0.9969426388405952,51.01912688136758,3.7695399443215316,2019,12,14,44040,Melle,Normaal,Droog,Dag,met lichtgewonden,9,personenauto,3,Fiets,Op Kruispunt,Gemeenteweg,binnen bebouwde kom,Tss. 2 best.: langs opzij (voor-/achterkant-flank),Geen hindernis
17622,128,Lokeren teller 1,Lokeren,51.09644,3.97023,0.707773896424272,51.10269115459096,3.9683201569765285,2019,12,8,46014,Lokeren,Onbekend,"Ijzel, sneeuw",Onbekend,met lichtgewonden,3,Fiets,10,"één bestuurder, geen hindernis",Op Kruispunt,Gemeenteweg,onbekend,"Eén bestuurder, geen hindernis (incl. val)",Geen hindernis
17622,129,Lokeren teller 2,Lokeren,51.09612,3.97025,0.7430013015770874,51.10269115459096,3.9683201569765285,2019,12,8,46014,Lokeren,Onbekend,"Ijzel, sneeuw",Onbekend,met lichtgewonden,3,Fiets,10,"één bestuurder, geen hindernis",Op Kruispunt,Gemeenteweg,onbekend,"Eén bestuurder, geen hindernis (incl. val)",Geen hindernis
17625,126,Hamme totem,Hamme,51.1017709,4.1469307,0.8340091465223491,51.09759000496139,4.137014458038742,2019,12,18,42008,Hamme,Regenval,"Nat, plassen","Nacht, openbare verlichting aanwezig en ontstoken",met lichtgewonden,3,Fiets,9,personenauto,Op Kruispunt,Gemeenteweg,binnen bebouwde kom,Tss. 2 best.: langs opzij (voor-/achterkant-flank),Geen hindernis