crash_row_id,site_id,site_name,site_gemeente,site_lat,site_long,distance_km,crash_lat,crash_long,DT_YEAR_COLLISION,DT_MONTH_COLLISION,DT_TIME,CD_NIS,TX_MUNTY_COLLISION_NL,TX_WEATHER_NL,TX_ROAD_CONDITION_NL,TX_LIGHT_CONDITION_NL,TX_CLASS_ACCIDENTS_NL,CD_ROAD_USR_TYPE1,TX_ROAD_USR_TYPE1_NL,CD_ROAD_USR_TYPE2,TX_ROAD_USR_TYPE2_NL,TX_CROSSWAY_NL,CD_ROAD_TYPE_NL,TX_BUILD_UP_AREA_NL,TX_COLLISION_TYPE_NL,TX_OBSTACLES_NL
17644,122,Dendermonde teller 2,Dendermonde,51.0373918,4.1019222,0.45472058356722406,51.041443715395815,4.102800764843539,2019,12,19,42006,Dendermonde,Normaal,"Nat, plassen","Nacht, openbare verlichting aanwezig en ontstoken",met zwaargewonden,9,personenauto,3,Fiets,Op Kruispunt,Gewestweg,binnen bebouwde kom,Tss. 2 best.: langs opzij (voor-/achterkant-flank),Geen hindernis
17644,125,Dendermonde totem,Dendermonde,51.0372706,4.1025998,0.4642419476074075,51.041443715395815,4.102800764843539,2019,12,19,42006,Dendermonde,Normaal,"Nat, plassen","Nacht, openbare verlichting aanwezig en ontstoken",met zwaargewonden,9,personenauto,3,Fiets,Op Kruispunt,Gewestweg,binnen bebouwde kom,Tss. 2 best.: langs opzij (voor-/achterkant-flank),Geen hindernis
17647,20,Brugge,Brugge,51.17416,3.20048,0.47221115852026085,51.17048904821702,3.197074667969287,2019,12,19,31005,Brugge,Normaal,Droog,"Nacht, openbare verlichting aanwezig en ontstoken",met lichtgewonden,9,personenauto,3,Fiets,Buiten Kruispunt,Gewestweg,binnen bebouwde kom,Tss. 2 best.: langs opzij (voor-/achterkant-flank),Geen hindernis
17668,15,Oostende 2,Oostende,51.21371,2.92743,0.9242765636295605,51.216939893335415,2.9152028464299224,2019,12,13,35013,Oostende,Normaal,Droog,Dag,met lichtgewonden,3,Fiets,9,personenauto,Buiten Kruispunt,Gemeenteweg,buiten bebouwde kom,Tss. 2 best.: langs opzij (voor-/achterkant-flank),Geen hindernis
17668,18,Oostende 1,Oostende,51.21378,2.92765,0.9354628428345284,51.216939893335415,2.9152028464299224,2019,12,13,35013,Oostende,Normaal,Droog,Dag,met lichtgewonden,3,Fiets,9,personenauto,Buiten Kruispunt,Gemeenteweg,buiten bebouwde kom,Tss. 2 best.: langs opzij (voor-/achterkant-flank),Geen hindernis
17696,143,Eco Display Classic Budastraat,Kortrijk,50.83066,3.26286,0.5244120240472709,50.83086090142319,3.2553999439291346,2019,12,17,34022,Kortrijk,Normaal,"Nat, plassen","Nacht, openbare verlichting aanwezig en ontstoken",met lichtgewonden,9,personenauto,3,Fiets,Op Kruispunt,Gewestweg,binnen bebouwde kom,Tussen 2 bestuurders: Flank tegen flank,Geen hindernis
17700,16,Kortrijk 1,Kortrijk,50.83332,3.27777,0.874196450932026,50.82624943123071,3.2832121018729845,2019,12,8,34022,Kortrijk,Onbekend,Onbekend,Onbekend,met lichtgewonden,3,Fiets,10,"één bestuurder, geen hindernis",Op Kruispunt,Gemeenteweg,binnen bebouwde kom,"Eén bestuurder, geen hindernis (incl. val)",Geen hindernis
17700,17,Kortrijk 2,Kortrijk,50.83339,3.27773,0.8824253164973435,50.82624943123071,3.2832121018729845,2019,12,8,34022,Kortrijk,Onbekend,Onbekend,Onbekend,met lichtgewonden,3,Fiets,10,"één bestuurder, geen hindernis",Op Kruispunt,Gemeenteweg,binnen bebouwde kom,"Eén bestuurder, geen hindernis (incl. val)",Geen hindernis
17701,75,Kortrijk teller 2,Kortrijk,50.81925,3.25731,0.8398324402203912,50.82036764779201,3.2691335205084657,2019,12,11,34022,Kortrijk,Normaal,Droog,Dag,met lichtgewonden,9,personenauto,3,Fiets,Op Kruispunt,Gewestweg,binnen bebouwde kom,Tss. 2 best.: langs opzij (voor-/achterkant-flank),Geen hindernis
17701,74,Kortrijk teller 1,Kortrijk,50.81909,3.25728,0.8447276416701901,50.82036764779201,3.2691335205084657,2019,12,11,34022,Kortrijk,Normaal,Droog,Dag,met lichtgewonden,9,personenauto,3,Fiets,Op Kruispunt,Gewestweg,binnen bebouwde kom,Tss. 2 best.: langs opzij (voor-/achterkant-flank),Geen hindernis
17702,75,Kortrijk teller 2,Kortrijk,50.81925,3.25731,0.2883644082214217,50.82174464602702,3.2584315908331276,2019,12,12,34022,Kortrijk,Normaal,Droog,Dag,met lichtgewonden,3,Fiets,9,personenauto,Op Kruispunt,Gewestweg,binnen bebouwde kom,Tss. 2 best.: langs opzij (voor-/achterkant-flank),Geen hindernis
17702,74,Kortrijk teller 1,Kortrijk,50.81909,3.25728,0.30606759496688396,50.82174464602702,3.2584315908331276,2019,12,12,34022,Kortrijk,Normaal,Droog,Dag,met lichtgewonden,3,Fiets,9,personenauto,Op Kruispunt,Gewestweg,binnen bebouwde kom,Tss. 2 best.: langs opzij (voor-/achterkant-flank),Geen hindernis
17717,64,Nieuwpoort teller 1,Nieuwpoort,51.13359,2.75737,0.586752416964575,51.12854185547067,2.754921590407924,2019,12,6,38016,Nieuwpoort,Onbekend,Onbekend,"Nacht, openbare verlichting aanwezig en ontstoken",met lichtgewonden,9,personenauto,3,Fiets,Op Kruispunt,Gemeenteweg,binnen bebouwde kom,Tussen 2 bestuurders: Frontale botsing,Geen hindernis
17717,65,Nieuwpoort teller 2,Nieuwpoort,51.13435,2.75511,0.6459700047392631,51.12854185547067,2.754921590407924,2019,12,6,38016,Nieuwpoort,Onbekend,Onbekend,"Nacht, openbare verlichting aanwezig en ontstoken",met lichtgewonden,9,personenauto,3,Fiets,Op Kruispunt,Gemeenteweg,binnen bebouwde kom,Tussen 2 bestuurders: Frontale botsing,Geen hindernis
17742,100,Mechelen teller 2,Mechelen,51.0457,4.46883,0.7924180732803113,51.051322095667096,4.475795910458352,2019,12,6,12025,Mechelen,Normaal,"Ijzel, sneeuw","Nacht, openbare verlichting aanwezig en ontstoken",met lichtgewonden,3,Fiets,9,personenauto,Buiten Kruispunt,Gewestweg,binnen bebouwde kom,Tss. 2 best.: langs opzij (voor-/achterkant-flank),Geen hindernis
17742,99,Mechelen teller 1,Mechelen,51.04564,4.46882,0.7981191021346861,51.051322095667096,4.475795910458352,2019,12,6,12025,Mechelen,Normaal,"Ijzel, sneeuw","Nacht, openbare verlichting aanwezig en ontstoken",met lichtgewonden,3,Fiets,9,personenauto,Buiten Kruispunt,Gewestweg,binnen bebouwde kom,Tss. 2 best.: langs opzij (voor-/achterkant-flank),Geen hindernis
17744,140,Hasselt ring,Hasselt,50.9300038,5.3438616,0.7649906145770007,50.93367919351396,5.334633945246306,2019,12,4,71022,Hasselt,"Andere (dikke rook,...)",Droog,Dag,met lichtgewonden,3,Fiets,10,"één bestuurder, geen hindernis",Buiten Kruispunt,Gemeenteweg,binnen bebouwde kom,"Eén bestuurder, geen hindernis (incl. val)",Geen hindernis
17744,138,Hasselt-Kempische brug,Hasselt,50.9405318,5.3422472,0.9301629209151675,50.93367919351396,5.334633945246306,2019,12,4,71022,Hasselt,"Andere (dikke rook,...)",Droog,Dag,met lichtgewonden,3,Fiets,10,"één bestuurder, geen hindernis",Buiten Kruispunt,Gemeenteweg,binnen bebouwde kom,"Eén bestuurder, geen hindernis (incl. val)",Geen hindernis
17744,137,Hasselt-Kempische brug,Hasselt,50.9411605,5.3417576,0.9701527142799802,50.93367919351396,5.334633945246306,2019,12,4,71022,Hasselt,"Andere (dikke rook,...)",Droog,Dag,met lichtgewonden,3,Fiets,10,"één bestuurder, geen hindernis",Buiten Kruispunt,Gemeenteweg,binnen bebouwde kom,"Eén bestuurder, geen hindernis (incl. val)",Geen hindernis
17747,140,Hasselt ring,Hasselt,50.9300038,5.3438616,0.7355201617673696,50.93258041508875,5.334195266728341,2019,12,16,71022,Hasselt,Normaal,Onbekend,Dag,met lichtgewonden,3,Fiets,8,Voetganger,Buiten Kruispunt,Gewestweg,binnen bebouwde kom,Met een voetganger,Geen hindernis
17750,140,Hasselt ring,Hasselt,50.9300038,5.3438616,0.15855136109308512,50.93061617064223,5.345904698174438,2019,12,11,71022,Hasselt,Normaal,Droog,Dag,met lichtgewonden,3,Fiets,9,personenauto,Op Kruispunt,Gewestweg,binnen bebouwde kom,Tss. 2 best.: langs opzij (voor-/achterkant-flank),Geen hindernis
17754,69,Leuven teller 1,Leuven,50.87549,4.71526,0.3988995691180371,50.87694932970861,4.710066397818199,2020,1,1,24062,Leuven,Normaal,Proper,"Nacht, openbare verlichting aanwezig en ontstoken",met lichtgewonden,3,Fiets,10,"één bestuurder, geen hindernis",Buiten Kruispunt,Gemeenteweg,binnen bebouwde kom,"Eén bestuurder, geen hindernis (incl. val)",Geen hindernis
17755,101,Diest teller 1,Diest,50.97799,5.04481,0.7378072726136627,50.98228565548597,5.052842335928879,2020,1,11,24020,Diest,Normaal,Droog,Dag,met lichtgewonden,8,Voetganger,3,Fiets,Buiten Kruispunt,Gemeenteweg,binnen bebouwde kom,Met een voetganger,Geen hindernis
17755,102,Diest teller 2,Diest,50.9779,5.04474,0.7480347473117832,50.98228565548597,5.052842335928879,2020,1,11,24020,Diest,Normaal,Droog,Dag,met lichtgewonden,8,Voetganger,3,Fiets,Buiten Kruispunt,Gemeenteweg,binnen bebouwde kom,Met een voetganger,Geen hindernis
17759,124,Beveren teller 2,Beveren,51.1964712,4.2361077,0.8684130230963863,51.18866176085973,4.235983673848945,2020,1,11,46003,Beveren,Normaal,Droog,Dag,met lichtgewonden,9,personenauto,3,Fiets,Op Kruispunt,Gewestweg,buiten bebouwde kom,Tss. 2 best.: langs opzij (voor-/achterkant-flank),Geen hindernis
17897,88,Westerlo teller 1,Westerlo,51.082,4.91325,0.7758703559478732,51.088922563944145,4.911857987607169,2020,1,16,13049,Westerlo,Normaal,Droog,Dag,met lichtgewonden,3,Fiets,3,Fiets,Buiten Kruispunt,Gewestweg,binnen bebouwde kom,Tussen 2 bestuurders: Frontale botsing,Geen hindernis
17897,89,Westerlo teller 2,Westerlo,51.08191,4.91334,0.7866025870674521,51.088922563944145,4.911857987607169,2020,1,16,13049,Westerlo,Normaal,Droog,Dag,met lichtgewonden,3,Fiets,3,Fiets,Buiten Kruispunt,Gewestweg,binnen bebouwde kom,Tussen 2 bestuurders: Frontale botsing,Geen hindernis
17900,89,Westerlo teller 2,Westerlo,51.08191,4.91334,0.42865533542367545,51.078251756922846,4.915275291157868,2020,1,16,13013,Herselt,Normaal,Droog,Dag,met lichtgewonden,3,Fiets,3,Fiets,Buiten Kruispunt,Gewestweg,buiten bebouwde kom,Tss. 2 best.: langs opzij (voor-/achterkant-flank),Geen hindernis
17900,88,Westerlo teller 1,Westerlo,51.082,4.91325,0.44014391320532953,51.078251756922846,4.915275291157868,2020,1,16,13013,Herselt,Normaal,Droog,Dag,met lichtgewonden,3,Fiets,3,Fiets,Buiten Kruispunt,Gewestweg,buiten bebouwde kom,Tss. 2 best.: langs opzij (voor-/achterkant-flank),Geen hindernis
17936,151,Leuven,District Leuven,50.8690262,4.6854839,0.4888430111395371,50.872577223727426,4.68959088516436,2020,1,17,24062,Leuven,Normaal,Droog,"Nacht, openbare verlichting aanwezig en ontstoken",met lichtgewonden,3,Fiets,3,Fiets,Buiten Kruispunt,Gewestweg,binnen bebouwde kom,Tussen 2 bestuurders: Flank tegen flank,Geen hindernis
17938,151,Leuven,District Leuven,50.8690262,4.6854839,0.6585677714318446,50.86979819287367,4.694788616397143,2020,1,7,24062,Leuven,Normaal,"Nat, plassen","Nacht, openb. verlicht. aanw., maar niet ontstoken",met lichtgewonden,9,personenauto,3,Fiets,Op Kruispunt,Gewestweg,binnen bebouwde kom,Tss. 2 best.: langs opzij (voor-/achterkant-flank),Geen hindernis
17942,77,Leuven teller 2,Leuven,50.88672,4.70796,0.8135090440949411,50.887202282128484,4.696388118719363,2020,1,12,24062,Leuven,Normaal,Droog,Dag,met lichtgewonden,3,Fiets,3,Fiets,Op Kruispunt,Gemeenteweg,binnen bebouwde kom,Tss. 2 best.: langs opzij (voor-/achterkant-flank),Geen hindernis
17942,107,leuven totem,Leuven,50.8870744,4.7087919,0.8702081922984206,50.887202282128484,4.696388118719363,2020,1,12,24062,Leuven,Normaal,Droog,Dag,met lichtgewonden,3,Fiets,3,Fiets,Op Kruispunt,Gemeenteweg,binnen bebouwde kom,Tss. 2 best.: langs opzij (voor-/achterkant-flank),Geen hindernis
17944,69,Leuven teller 1,Leuven,50.87549,4.71526,0.5014806003515901,50.87230384684858,4.720318147306994,2020,1,18,24062,Leuven,Normaal,Droog,"Nacht, openbare verlichting aanwezig en ontstoken",met lichtgewonden,3,Fiets,3,Fiets,Op Kruispunt,Gewestweg,binnen bebouwde kom,Tss. 2 best.: langs opzij (voor-/achterkant-flank),Geen hindernis
17946,77,Leuven teller 2,Leuven,50.88672,4.70796,0.9077776041226127,50.87951938489793,4.701862400497542,2020,1,1,24062,Leuven,Normaal,"Nat, plassen","Nacht, openbare verlichting aanwezig en ontstoken",met lichtgewonden,3,Fiets,11,een weggebruiker tegen een hindernis,Op Kruispunt,Gemeenteweg,binnen bebouwde kom,Weggebruiker tegen hindernis op de rijbaan,"Op de rijbaan: Put, straatgoot, tramspoor"
17946,107,leuven totem,Leuven,50.8870744,4.7087919,0.9705934776637201,50.87951938489793,4.701862400497542,2020,1,1,24062,Leuven,Normaal,"Nat, plassen","Nacht, openbare verlichting aanwezig en ontstoken",met lichtgewonden,3,Fiets,11,een weggebruiker tegen een hindernis,Op Kruispunt,Gemeenteweg,binnen bebouwde kom,Weggebruiker tegen hindernis op de rijbaan,"Op de rijbaan: Put, straatgoot, tramspoor"
17947,151,Leuven,District Leuven,50.8690262,4.6854839,0.8343622700727057,50.875773775995825,4.690685413436057,2020,1,19,24062,Leuven,Normaal,Droog,Dageraad - schemering,met lichtgewonden,9,personenauto,3,Fiets,Op Kruispunt,Gemeenteweg,binnen bebouwde kom,Tussen 2 bestuurders: Langs achteren,Geen hindernis
17948,151,Leuven,District Leuven,50.8690262,4.6854839,0.8884313639953699,50.870449894805894,4.697941781285649,2020,1,8,24062,Leuven,Onbekend,Droog,Onbekend,met lichtgewonden,9,personenauto,3,Fiets,Buiten Kruispunt,Gemeenteweg,binnen bebouwde kom,Tussen 2 bestuurders: Langs achteren,Geen hindernis
17954,69,Leuven teller 1,Leuven,50.87549,4.71526,0.4248356090074112,50.872578435325885,4.719180395839789,2020,1,23,24062,Leuven,Normaal,Droog,"Nacht, openbare verlichting aanwezig en ontstoken",met lichtgewonden,3,Fiets,9,personenauto,Op Kruispunt,Gewestweg,binnen bebouwde kom,Tss. 2 best.: langs opzij (voor-/achterkant-flank),Geen hindernis
17968,80,Wemmel teller 1,Wemmel,50.91418,4.29571,0.5652468600287536,50.910324639344786,4.300964729199799,2020,1,17,23102,Wemmel,"Sterke wind, rukwind","Nat, plassen","Nacht, openbare verlichting aanwezig en ontstoken",met lichtgewonden,3,Fiets,9,personenauto,Op Kruispunt,Gemeenteweg,binnen bebouwde kom,Tss. 2 best.: langs opzij (voor-/achterkant-flank),Geen hindernis
17968,81,Wemmel teller 2,Wemmel,50.91439,4.29568,0.5844858771081629,50.910324639344786,4.300964729199799,2020,1,17,23102,Wemmel,"Sterke wind, rukwind","Nat, plassen","Nacht, openbare verlichting aanwezig en ontstoken",met lichtgewonden,3,Fiets,9,personenauto,Op Kruispunt,Gemeenteweg,binnen bebouwde kom,Tss. 2 best.: langs opzij (voor-/achterkant-flank),Geen hindernis
17982,13,Gent,Gent,51.03018,3.70146,0.4311521687860973,51.03174441055453,3.707101345213822,2020,1,14,44021,Gent,Normaal,"Nat, plassen",Dag,met lichtgewonden,9,personenauto,3,Fiets,Op Kruispunt,Gewestweg,binnen bebouwde kom,Tss. 2 best.: langs opzij (voor-/achterkant-flank),Geen hindernis
18026,7,Evergem 1,Evergem,51.1089,3.70317,0.22938009193561082,51.10833180049553,3.7063285266335333,2020,1,8,44019,Evergem,Normaal,Droog,Dag,met lichtgewonden,9,personenauto,3,Fiets,Buiten Kruispunt,Gemeenteweg,binnen bebouwde kom,Tussen 2 bestuurders: Flank tegen flank,Geen hindernis
18026,6,Evergem 2,Evergem,51.10894,3.70298,0.24335732316937475,51.10833180049553,3.7063285266335333,2020,1,8,44019,Evergem,Normaal,Droog,Dag,met lichtgewonden,9,personenauto,3,Fiets,Buiten Kruispunt,Gemeenteweg,binnen bebouwde kom,Tussen 2 bestuurders: Flank tegen flank,Geen hindernis
18081,122,Dendermonde teller 2,Dendermonde,51.0373918,4.1019222,0.9270630782153646,51.045723181359854,4.102420844304772,2020,1,17,42006,Dendermonde,Normaal,Droog,Dag,met lichtgewonden,3,Fiets,9,personenauto,Op Kruispunt,Gemeenteweg,binnen bebouwde kom,Tss. 2 best.: langs opzij (voor-/achterkant-flank),Geen hindernis
18081,125,Dendermonde totem,Dendermonde,51.0372706,4.1025998,0.9399674371497213,51.045723181359854,4.102420844304772,2020,1,17,42006,Dendermonde,Normaal,Droog,Dag,met lichtgewonden,3,Fiets,9,personenauto,Op Kruispunt,Gemeenteweg,binnen bebouwde kom,Tss. 2 best.: langs opzij (voor-/achterkant-flank),Geen hindernis
18082,122,Dendermonde teller 2,Dendermonde,51.0373918,4.1019222,0.5411293020958025,51.04216374242483,4.103440422862885,2020,1,12,42006,Dendermonde,Normaal,Droog,Dag,met lichtgewonden,9,personenauto,3,Fiets,Buiten Kruispunt,Gewestweg,binnen bebouwde kom,Tss. 2 best.: langs opzij (voor-/achterkant-flank),Geen hindernis
18082,125,Dendermonde totem,Dendermonde,51.0372706,4.1025998,0.5472578602725067,51.04216374242483,4.103440422862885,2020,1,12,42006,Dendermonde,Normaal,Droog,Dag,met lichtgewonden,9,personenauto,3,Fiets,Buiten Kruispunt,Gewestweg,binnen bebouwde kom,Tss. 2 best.: langs opzij (voor-/achterkant-flank),Geen hindernis
18084,125,Dendermonde totem,Dendermonde,51.0372706,4.1025998,0.6533961422277966,51.03289030099231,4.108828487845802,2020,1,16,42006,Dendermonde,Normaal,Droog,Dag,met lichtgewonden,3,Fiets,6,Bromfiets,Op Kruispunt,Gewestweg,binnen bebouwde kom,Tussen 2 bestuurders: Frontale botsing,Geen hindernis
18084,122,Dendermonde teller 2,Dendermonde,51.0373918,4.1019222,0.6955233863418621,51.03289030099231,4.108828487845802,2020,1,16,42006,Dendermonde,Normaal,Droog,Dag,met lichtgewonden,3,Fiets,6,Bromfiets,Op Kruispunt,Gewestweg,binnen bebouwde kom,Tussen 2 bestuurders: Frontale botsing,Geen hindernis
18114,59,Ardooie teller 1,Ardooie,50.96784,3.18479,0.9400814095299465,50.96633351942603,3.197999737146696,2020,1,13,37020,Ardooie,Regenval,"Nat, plassen",Dag,met lichtgewonden,3,Fiets,6,Bromfiets,Buiten Kruispunt,Gemeenteweg,buiten bebouwde kom,Tussen 2 bestuurders: Flank tegen flank,Geen hindernis
18114,60,Ardooie teller 2,Ardooie,50.96783,3.18411,0.9867860611340986,50.96633351942603,3.197999737146696,2020,1,13,37020,Ardooie,Regenval,"Nat, plassen",Dag,met lichtgewonden,3,Fiets,6,Bromfiets,Buiten Kruispunt,Gemeenteweg,buiten bebouwde kom,Tussen 2 bestuurders: Flank tegen flank,Geen hindernis
18116,18,Oostende 1,Oostende,51.21378,2.92765,0.667419577851554,51.21694399383785,2.9357927889133557,2020,1,8,35013,Oostende,Normaal,Droog,Dag,met lichtgewonden,9,personenauto,3,Fiets,Op Kruispunt,Gemeenteweg,binnen bebouwde kom,Tussen 2 bestuurders: Frontale botsing,Geen hindernis
18116,15,Oostende 2,Oostende,51.21371,2.92743,0.6845461133684977,51.21694399383785,2.9357927889133557,2020,1,8,35013,Oostende,Normaal,Droog,Dag,met lichtgewonden,9,personenauto,3,Fiets,Op Kruispunt,Gemeenteweg,binnen bebouwde kom,Tussen 2 bestuurders: Frontale botsing,Geen hindernis
18138,143,Eco Display Classic Budastraat,Kortrijk,50.83066,3.26286,0.16895933814656783,50.83176647826808,3.264508836720953,2020,1,12,34022,Kortrijk,Onbekend,Onbekend,Dag,met lichtgewonden,9,personenauto,3,Fiets,Buiten Kruispunt,Gemeenteweg,binnen bebouwde kom,Tss. 2 best.: langs opzij (voor-/achterkant-flank),Geen hindernis
18138,17,Kortrijk 2,Kortrijk,50.83339,3.27773,0.94590176664279,50.83176647826808,3.264508836720953,2020,1,12,34022,Kortrijk,Onbekend,Onbekend,Dag,met lichtgewonden,9,personenauto,3,Fiets,Buiten Kruispunt,Gemeenteweg,binnen bebouwde kom,Tss. 2 best.: langs opzij (voor-/achterkant-flank),Geen hindernis
18138,16,Kortrijk 1,Kortrijk,50.83332,3.27777,0.947209762771719,50.83176647826808,3.264508836720953,2020,1,12,34022,Kortrijk,Onbekend,Onbekend,Dag,met lichtgewonden,9,personenauto,3,Fiets,Buiten Kruispunt,Gemeenteweg,binnen bebouwde kom,Tss. 2 best.: langs opzij (voor-/achterkant-flank),Geen hindernis
18140,16,Kortrijk 1,Kortrijk,50.83332,3.27777,0.7550934562562877,50.82675832328612,3.2750012792236176,2020,1,6,34022,Kortrijk,Onbekend,Onbekend,Onbekend,met lichtgewonden,3,Fiets,11,een weggebruiker tegen een hindernis,Op Kruispunt,Gemeenteweg,binnen bebouwde kom,Weggebruiker tegen hindernis buiten rijbaan,Buiten de rijbaan: Andere paal
18140,17,Kortrijk 2,Kortrijk,50.83339,3.27773,0.7619056715093165,50.82675832328612,3.2750012792236176,2020,1,6,34022,Kortrijk,Onbekend,Onbekend,Onbekend,met lichtgewonden,3,Fiets,11,een weggebruiker tegen een hindernis,Op Kruispunt,Gemeenteweg,binnen bebouwde kom,Weggebruiker tegen hindernis buiten rijbaan,Buiten de rijbaan: Andere paal
18140,143,Eco Display Classic Budastraat,Kortrijk,50.83066,3.26286,0.9567646615838115,50.82675832328612,3.2750012792236176,2020,1,6,34022,Kortrijk,Onbekend,Onbekend,Onbekend,met lichtgewonden,3,Fiets,11,een weggebruiker tegen een hindernis,Op Kruispunt,Gemeenteweg,binnen bebouwde kom,Weggebruiker tegen hindernis buiten rijbaan,Buiten de rijbaan: Andere paal
18143,143,Eco Display Classic Budastraat,Kortrijk,50.83066,3.26286,0.7964027623963991,50.83781549239829,3.2623685081308516,2020,1,14,34022,Kortrijk,Normaal,Droog,Dag,met lichtgewonden,9,personenauto,3,Fiets,Buiten Kruispunt,Gewestweg,binnen bebouwde kom,Tss. 2 best.: langs opzij (voor-/achterkant-flank),Geen hindernis
18144,75,Kortrijk teller 2,Kortrijk,50.81925,3.25731,0.8480679563099436,50.821473269665944,3.2688581967146413,2020,1,21,34022,Kortrijk,Normaal,Droog,"Nacht, openbare verlichting aanwezig en ontstoken",met zwaargewonden,9,personenauto,3,Fiets,Op Kruispunt,Gewestweg,binnen bebouwde kom,Tss. 2 best.: langs opzij (voor-/achterkant-flank),Geen hindernis
18144,74,Kortrijk teller 1,Kortrijk,50.81909,3.25728,0.8554287165577794,50.821473269665944,3.2688581967146413,2020,1,21,34022,Kortrijk,Normaal,Droog,"Nacht, openbare verlichting aanwezig en ontstoken",met zwaargewonden,9,personenauto,3,Fiets,Op Kruispunt,Gewestweg,binnen bebouwde kom,Tss. 2 best.: langs opzij (voor-/achterkant-flank),Geen hindernis
18147,16,Kortrijk 1,Kortrijk,50.83332,3.27777,0.6680197686193137,50.828237167381744,3.2828405050590286,2020,1,15,34022,Kortrijk,Onbekend,Onbekend,Dag,met lichtgewonden,3,Fiets,9,personenauto,Op Kruispunt,Gemeenteweg,binnen bebouwde kom,Tss. 2 best.: langs opzij (voor-/achterkant-flank),Geen hindernis
18147,17,Kortrijk 2,Kortrijk,50.83339,3.27773,0.6761049775974077,50.828237167381744,3.2828405050590286,2020,1,15,34022,Kortrijk,Onbekend,Onbekend,Dag,met lichtgewonden,3,Fiets,9,personenauto,Op Kruispunt,Gemeenteweg,binnen bebouwde kom,Tss. 2 best.: langs opzij (voor-/achterkant-flank),Geen hindernis
18174,124,Beveren teller 2,Beveren,51.1964712,4.2361077,0.6111638298542978,51.20123084679886,4.231721135497196,2020,1,12,46003,Beveren,Regenval,"Nat, plassen",Dag,met lichtgewonden,3,Fiets,8,Voetganger,Buiten Kruispunt,Gewestweg,buiten bebouwde kom,Met een voetganger,Geen hindernis
18179,99,Mechelen teller 1,Mechelen,51.04564,4.46882,0.2491773531830932,51.043536194308004,4.470047567033322,2020,1,9,12025,Mechelen,Onbekend,Onbekend,Dag,met lichtgewonden,3,Fiets,3,Fiets,Buiten Kruispunt,Gewestweg,binnen bebouwde kom,Tussen 2 bestuurders: Langs achteren,Geen hindernis
18179,100,Mechelen teller 2,Mechelen,51.0457,4.46883,0.2552171723050315,51.043536194308004,4.470047567033322,2020,1,9,12025,Mechelen,Onbekend,Onbekend,Dag,met lichtgewonden,3,Fiets,3,Fiets,Buiten Kruispunt,Gewestweg,binnen bebouwde kom,Tussen 2 bestuurders: Langs achteren,Geen hindernis
18180,99,Mechelen teller 1,Mechelen,51.04564,4.46882,0.6245073126920626,51.0444679243432,4.477556420672118,2020,1,13,12025,Mechelen,Normaal,Droog,Dag,met zwaargewonden,9,personenauto,3,Fiets,Op Kruispunt,Gewestweg,binnen bebouwde kom,Tss. 2 best.: langs opzij (voor-/achterkant-flank),Geen hindernis
18180,100,Mechelen teller 2,Mechelen,51.0457,4.46883,0.6252511334012807,51.0444679243432,4.477556420672118,2020,1,13,12025,Mechelen,Normaal,Droog,Dag,met zwaargewonden,9,personenauto,3,Fiets,Op Kruispunt,Gewestweg,binnen bebouwde kom,Tss. 2 best.: langs opzij (voor-/achterkant-flank),Geen hindernis
18182,99,Mechelen teller 1,Mechelen,51.04564,4.46882,0.5378164500576664,51.04298909167316,4.475254565231804,2020,1,12,12025,Mechelen,Normaal,Droog,Dag,met lichtgewonden,9,personenauto,3,Fiets,Buiten Kruispunt,Gemeenteweg,binnen bebouwde kom,Tss. 2 best.: langs opzij (voor-/achterkant-flank),Geen hindernis
18182,100,Mechelen teller 2,Mechelen,51.0457,4.46883,0.5409209720753217,51.04298909167316,4.475254565231804,2020,1,12,12025,Mechelen,Normaal,Droog,Dag,met lichtgewonden,9,personenauto,3,Fiets,Buiten Kruispunt,Gemeenteweg,binnen bebouwde kom,Tss. 2 best.: langs opzij (voor-/achterkant-flank),Geen hindernis
18189,140,Hasselt ring,Hasselt,50.9300038,5.3438616,0.33677561271692785,50.932762984785626,5.345843285754379,2020,1,17,71022,Hasselt,Normaal,Droog,Dag,met lichtgewonden,3,Fiets,9,personenauto,Buiten Kruispunt,Gemeenteweg,binnen bebouwde kom,Tss. 2 best.: langs opzij (voor-/achterkant-flank),Geen hindernis
18189,138,Hasselt-Kempische brug,Hasselt,50.9405318,5.3422472,0.8998552491713565,50.932762984785626,5.345843285754379,2020,1,17,71022,Hasselt,Normaal,Droog,Dag,met lichtgewonden,3,Fiets,9,personenauto,Buiten Kruispunt,Gemeenteweg,binnen bebouwde kom,Tss. 2 best.: langs opzij (voor-/achterkant-flank),Geen hindernis
18189,137,Hasselt-Kempische brug,Hasselt,50.9411605,5.3417576,0.9766645298295923,50.932762984785626,5.345843285754379,2020,1,17,71022,Hasselt,Normaal,Droog,Dag,met lichtgewonden,3,Fiets,9,personenauto,Buiten Kruispunt,Gemeenteweg,binnen bebouwde kom,Tss. 2 best.: langs opzij (voor-/achterkant-flank),Geen hindernis
18191,140,Hasselt ring,Hasselt,50.9300038,5.3438616,0.6870426076119012,50.92468982108866,5.338860059551976,2020,1,10,71022,Hasselt,Normaal,Droog,Dag,met zwaargewonden,3,Fiets,9,personenauto,Op Kruispunt,Gewestweg,binnen bebouwde kom,Tss. 2 best.: langs opzij (voor-/achterkant-flank),Geen hindernis