crash_row_id,site_id,site_name,site_gemeente,site_lat,site_long,distance_km,crash_lat,crash_long,DT_YEAR_COLLISION,DT_MONTH_COLLISION,DT_TIME,CD_NIS,TX_MUNTY_COLLISION_NL,TX_WEATHER_NL,TX_ROAD_CONDITION_NL,TX_LIGHT_CONDITION_NL,TX_CLASS_ACCIDENTS_NL,CD_ROAD_USR_TYPE1,TX_ROAD_USR_TYPE1_NL,CD_ROAD_USR_TYPE2,TX_ROAD_USR_TYPE2_NL,TX_CROSSWAY_NL,CD_ROAD_TYPE_NL,TX_BUILD_UP_AREA_NL,TX_COLLISION_TYPE_NL,TX_OBSTACLES_NL
18793,128,Lokeren teller 1,Lokeren,51.09644,3.97023,0.6468800834799872,51.10221588009968,3.971336584282796,2020,3,8,46014,Lokeren,Normaal,"Nat, plassen",Dag,met lichtgewonden,1,Autobus,3,Fiets,Buiten Kruispunt,Gemeenteweg,binnen bebouwde kom,Tussen 2 bestuurders: Flank tegen flank,Geen hindernis
18793,129,Lokeren teller 2,Lokeren,51.09612,3.97025,0.6820642028374585,51.10221588009968,3.971336584282796,2020,3,8,46014,Lokeren,Normaal,"Nat, plassen",Dag,met lichtgewonden,1,Autobus,3,Fiets,Buiten Kruispunt,Gemeenteweg,binnen bebouwde kom,Tussen 2 bestuurders: Flank tegen flank,Geen hindernis
18821,125,Dendermonde totem,Dendermonde,51.0372706,4.1025998,0.47870676435132914,51.03311620346807,4.104395407049491,2020,3,10,42006,Dendermonde,Normaal,Droog,Dag,met lichtgewonden,3,Fiets,9,personenauto,Buiten Kruispunt,Gewestweg,binnen bebouwde kom,Tussen 2 bestuurders: Flank tegen flank,Geen hindernis
18821,122,Dendermonde teller 2,Dendermonde,51.0373918,4.1019222,0.5059008573632625,51.03311620346807,4.104395407049491,2020,3,10,42006,Dendermonde,Normaal,Droog,Dag,met lichtgewonden,3,Fiets,9,personenauto,Buiten Kruispunt,Gewestweg,binnen bebouwde kom,Tussen 2 bestuurders: Flank tegen flank,Geen hindernis
18822,142,TEST Validatie BRUGGE Y2H22022134,Brugge,51.22632,3.24095,0.2511880981224165,51.22415903229776,3.239898972972341,2020,3,14,31005,Brugge,Normaal,Droog,Dag,met lichtgewonden,3,Fiets,9,personenauto,Buiten Kruispunt,Gemeenteweg,binnen bebouwde kom,Tss. 2 best.: langs opzij (voor-/achterkant-flank),Geen hindernis
18822,52,Brugge,Brugge,51.22632,3.24095,0.2511880981224165,51.22415903229776,3.239898972972341,2020,3,14,31005,Brugge,Normaal,Droog,Dag,met lichtgewonden,3,Fiets,9,personenauto,Buiten Kruispunt,Gemeenteweg,binnen bebouwde kom,Tss. 2 best.: langs opzij (voor-/achterkant-flank),Geen hindernis
18823,54,Brugge teller 2,Brugge,51.23015,3.22818,0.43072946964626535,51.22877886264948,3.2339654360596644,2020,3,10,31005,Brugge,Normaal,Droog+Proper,Dag,met zwaargewonden,9,personenauto,3,Fiets,Op Kruispunt,Gemeenteweg,binnen bebouwde kom,Tss. 2 best.: langs opzij (voor-/achterkant-flank),Geen hindernis
18823,53,Brugge teller 1,Brugge,51.23023,3.228,0.44561685632083536,51.22877886264948,3.2339654360596644,2020,3,10,31005,Brugge,Normaal,Droog+Proper,Dag,met zwaargewonden,9,personenauto,3,Fiets,Op Kruispunt,Gemeenteweg,binnen bebouwde kom,Tss. 2 best.: langs opzij (voor-/achterkant-flank),Geen hindernis
18823,52,Brugge,Brugge,51.22632,3.24095,0.5579429310919286,51.22877886264948,3.2339654360596644,2020,3,10,31005,Brugge,Normaal,Droog+Proper,Dag,met zwaargewonden,9,personenauto,3,Fiets,Op Kruispunt,Gemeenteweg,binnen bebouwde kom,Tss. 2 best.: langs opzij (voor-/achterkant-flank),Geen hindernis
18823,142,TEST Validatie BRUGGE Y2H22022134,Brugge,51.22632,3.24095,0.5579429310919286,51.22877886264948,3.2339654360596644,2020,3,10,31005,Brugge,Normaal,Droog+Proper,Dag,met zwaargewonden,9,personenauto,3,Fiets,Op Kruispunt,Gemeenteweg,binnen bebouwde kom,Tss. 2 best.: langs opzij (voor-/achterkant-flank),Geen hindernis
18825,142,TEST Validatie BRUGGE Y2H22022134,Brugge,51.22632,3.24095,0.5715823810311629,51.223363538067,3.234235476025377,2020,3,18,31005,Brugge,Normaal,Droog+Proper,Dag,met zwaargewonden,5,Lichte vrachtauto,3,Fiets,Buiten Kruispunt,Gemeenteweg,binnen bebouwde kom,Tss. 2 best.: langs opzij (voor-/achterkant-flank),Geen hindernis
18825,52,Brugge,Brugge,51.22632,3.24095,0.5715823810311629,51.223363538067,3.234235476025377,2020,3,18,31005,Brugge,Normaal,Droog+Proper,Dag,met zwaargewonden,5,Lichte vrachtauto,3,Fiets,Buiten Kruispunt,Gemeenteweg,binnen bebouwde kom,Tss. 2 best.: langs opzij (voor-/achterkant-flank),Geen hindernis
18825,54,Brugge teller 2,Brugge,51.23015,3.22818,0.8644409397627456,51.223363538067,3.234235476025377,2020,3,18,31005,Brugge,Normaal,Droog+Proper,Dag,met zwaargewonden,5,Lichte vrachtauto,3,Fiets,Buiten Kruispunt,Gemeenteweg,binnen bebouwde kom,Tss. 2 best.: langs opzij (voor-/achterkant-flank),Geen hindernis
18825,53,Brugge teller 1,Brugge,51.23023,3.228,0.8783452039230093,51.223363538067,3.234235476025377,2020,3,18,31005,Brugge,Normaal,Droog+Proper,Dag,met zwaargewonden,5,Lichte vrachtauto,3,Fiets,Buiten Kruispunt,Gemeenteweg,binnen bebouwde kom,Tss. 2 best.: langs opzij (voor-/achterkant-flank),Geen hindernis
18868,16,Kortrijk 1,Kortrijk,50.83332,3.27777,0.452630316268211,50.83001049022886,3.274017614666834,2020,3,8,34022,Kortrijk,Normaal,Droog,Dag,met lichtgewonden,9,personenauto,3,Fiets,Op Kruispunt,Gewestweg,binnen bebouwde kom,Tss. 2 best.: langs opzij (voor-/achterkant-flank),Geen hindernis
18868,17,Kortrijk 2,Kortrijk,50.83339,3.27773,0.4573736984728557,50.83001049022886,3.274017614666834,2020,3,8,34022,Kortrijk,Normaal,Droog,Dag,met lichtgewonden,9,personenauto,3,Fiets,Op Kruispunt,Gewestweg,binnen bebouwde kom,Tss. 2 best.: langs opzij (voor-/achterkant-flank),Geen hindernis
18868,143,Eco Display Classic Budastraat,Kortrijk,50.83066,3.26286,0.7869518249784192,50.83001049022886,3.274017614666834,2020,3,8,34022,Kortrijk,Normaal,Droog,Dag,met lichtgewonden,9,personenauto,3,Fiets,Op Kruispunt,Gewestweg,binnen bebouwde kom,Tss. 2 best.: langs opzij (voor-/achterkant-flank),Geen hindernis
18869,16,Kortrijk 1,Kortrijk,50.83332,3.27777,0.5832944975931362,50.82809852610676,3.2785671608585085,2020,3,10,34022,Kortrijk,Normaal,Droog,Dag,met lichtgewonden,9,personenauto,3,Fiets,Op Kruispunt,Gemeenteweg,binnen bebouwde kom,Tussen 2 bestuurders: Frontale botsing,Geen hindernis
18869,17,Kortrijk 2,Kortrijk,50.83339,3.27773,0.5913153958930837,50.82809852610676,3.2785671608585085,2020,3,10,34022,Kortrijk,Normaal,Droog,Dag,met lichtgewonden,9,personenauto,3,Fiets,Op Kruispunt,Gemeenteweg,binnen bebouwde kom,Tussen 2 bestuurders: Frontale botsing,Geen hindernis
18871,75,Kortrijk teller 2,Kortrijk,50.81925,3.25731,0.5156885989129958,50.8234444417283,3.2604420030688943,2020,2,18,34022,Kortrijk,Onbekend,Onbekend,Onbekend,met lichtgewonden,3,Fiets,8,Voetganger,Buiten Kruispunt,Gewestweg,binnen bebouwde kom,Met een voetganger,Geen hindernis
18871,74,Kortrijk teller 1,Kortrijk,50.81909,3.25728,0.5327089374466614,50.8234444417283,3.2604420030688943,2020,2,18,34022,Kortrijk,Onbekend,Onbekend,Onbekend,met lichtgewonden,3,Fiets,8,Voetganger,Buiten Kruispunt,Gewestweg,binnen bebouwde kom,Met een voetganger,Geen hindernis
18871,143,Eco Display Classic Budastraat,Kortrijk,50.83066,3.26286,0.8201114690590482,50.8234444417283,3.2604420030688943,2020,2,18,34022,Kortrijk,Onbekend,Onbekend,Onbekend,met lichtgewonden,3,Fiets,8,Voetganger,Buiten Kruispunt,Gewestweg,binnen bebouwde kom,Met een voetganger,Geen hindernis
18898,140,Hasselt ring,Hasselt,50.9300038,5.3438616,0.8005599982015003,50.92986296462123,5.332440735680124,2020,3,8,71022,Hasselt,Normaal,Droog,Dag,met lichtgewonden,9,personenauto,3,Fiets,Op Kruispunt,Gewestweg,binnen bebouwde kom,Tss. 2 best.: langs opzij (voor-/achterkant-flank),Geen hindernis
18899,140,Hasselt ring,Hasselt,50.9300038,5.3438616,0.6130189137938685,50.92540406964893,5.339040023413534,2020,3,8,71022,Hasselt,Normaal,Droog,Dag,met lichtgewonden,1,Autobus,3,Fiets,Op Kruispunt,Gemeenteweg,binnen bebouwde kom,Tussen 2 bestuurders: Flank tegen flank,Geen hindernis
18990,88,Westerlo teller 1,Westerlo,51.082,4.91325,0.7401016160574865,51.08778877831061,4.9184794284981335,2020,4,15,13049,Westerlo,Normaal,Droog,Dag,met lichtgewonden,3,Fiets,11,een weggebruiker tegen een hindernis,Buiten Kruispunt,Gemeenteweg,binnen bebouwde kom,Weggebruiker tegen hindernis buiten rijbaan,Andere hindernis
18990,89,Westerlo teller 2,Westerlo,51.08191,4.91334,0.745775566503139,51.08778877831061,4.9184794284981335,2020,4,15,13049,Westerlo,Normaal,Droog,Dag,met lichtgewonden,3,Fiets,11,een weggebruiker tegen een hindernis,Buiten Kruispunt,Gemeenteweg,binnen bebouwde kom,Weggebruiker tegen hindernis buiten rijbaan,Andere hindernis
19011,107,leuven totem,Leuven,50.8870744,4.7087919,0.1047909955586994,50.886631351861205,4.710110382825859,2020,4,7,24062,Leuven,Normaal,Droog,Dag,met lichtgewonden,3,Fiets,3,Fiets,Op Kruispunt,Gewestweg,binnen bebouwde kom,Tss. 2 best.: langs opzij (voor-/achterkant-flank),Geen hindernis
19011,77,Leuven teller 2,Leuven,50.88672,4.70796,0.15116681375685964,50.886631351861205,4.710110382825859,2020,4,7,24062,Leuven,Normaal,Droog,Dag,met lichtgewonden,3,Fiets,3,Fiets,Op Kruispunt,Gewestweg,binnen bebouwde kom,Tss. 2 best.: langs opzij (voor-/achterkant-flank),Geen hindernis
19013,151,Leuven,District Leuven,50.8690262,4.6854839,0.9908820847074777,50.864069834256156,4.697217936775649,2020,4,16,24062,Leuven,Normaal,Onbekend,Dag,met lichtgewonden,3,Fiets,10,"één bestuurder, geen hindernis",Buiten Kruispunt,Gemeenteweg,binnen bebouwde kom,"Eén bestuurder, geen hindernis (incl. val)",Geen hindernis
19014,77,Leuven teller 2,Leuven,50.88672,4.70796,0.9465437448395114,50.88607504676656,4.694505344131629,2020,4,17,24062,Leuven,Normaal,Droog,Dag,met lichtgewonden,3,Fiets,11,een weggebruiker tegen een hindernis,Buiten Kruispunt,Gemeenteweg,binnen bebouwde kom,Weggebruiker tegen hindernis op de rijbaan,Op de rijbaan: Dier (wild dier)
19015,69,Leuven teller 1,Leuven,50.87549,4.71526,0.5819625429122349,50.87997673855533,4.71953054116517,2020,4,18,24062,Leuven,Normaal,Droog,Dag,met lichtgewonden,3,Fiets,9,personenauto,Buiten Kruispunt,Gemeenteweg,binnen bebouwde kom,Tussen 2 bestuurders: Frontale botsing,Geen hindernis
19016,69,Leuven teller 1,Leuven,50.87549,4.71526,0.631168327791991,50.880639268450565,4.711474667011317,2020,4,17,24062,Leuven,Normaal,Droog,Dag,met lichtgewonden,3,Fiets,6,Bromfiets,Buiten Kruispunt,Gemeenteweg,binnen bebouwde kom,Tussen 2 bestuurders: Flank tegen flank,Geen hindernis
19016,77,Leuven teller 2,Leuven,50.88672,4.70796,0.7196994430195,50.880639268450565,4.711474667011317,2020,4,17,24062,Leuven,Normaal,Droog,Dag,met lichtgewonden,3,Fiets,6,Bromfiets,Buiten Kruispunt,Gemeenteweg,binnen bebouwde kom,Tussen 2 bestuurders: Flank tegen flank,Geen hindernis
19016,107,leuven totem,Leuven,50.8870744,4.7087919,0.7398902321805528,50.880639268450565,4.711474667011317,2020,4,17,24062,Leuven,Normaal,Droog,Dag,met lichtgewonden,3,Fiets,6,Bromfiets,Buiten Kruispunt,Gemeenteweg,binnen bebouwde kom,Tussen 2 bestuurders: Flank tegen flank,Geen hindernis
19019,77,Leuven teller 2,Leuven,50.88672,4.70796,0.9457177841555208,50.87970380367323,4.700340513624644,2020,5,10,24062,Leuven,Normaal,Droog,Dag,met lichtgewonden,3,Fiets,10,"één bestuurder, geen hindernis",Buiten Kruispunt,Gemeenteweg,binnen bebouwde kom,"Eén bestuurder, geen hindernis (incl. val)",Geen hindernis
19025,87,Aarschot,Aarschot,50.99084,4.81259,0.5762881506192046,50.989168201753074,4.8203834599987365,2020,3,12,24001,Aarschot,Onbekend,Onbekend,Dag,met lichtgewonden,3,Fiets,11,een weggebruiker tegen een hindernis,Buiten Kruispunt,Gemeenteweg,buiten bebouwde kom,Weggebruiker tegen hindernis op de rijbaan,"Op de rijbaan: Werken (signal., aarde, toestel,…)"
19037,12,Tervuren,Kraainem,50.81896,4.47803,0.17473059259368434,50.82049592762108,4.477504560426494,2020,4,15,23099,Kraainem,Normaal,Droog,Dag,met lichtgewonden,3,Fiets,10,"één bestuurder, geen hindernis",Op Kruispunt,Gewestweg,buiten bebouwde kom,"Eén bestuurder, geen hindernis (incl. val)",Geen hindernis
19044,80,Wemmel teller 1,Wemmel,50.91418,4.29571,0.8772401407295188,50.9138445047152,4.308211583396804,2020,4,19,23102,Wemmel,Normaal,Droog,Dag,met lichtgewonden,1,Autobus,3,Fiets,Buiten Kruispunt,Gemeenteweg,binnen bebouwde kom,Tussen 2 bestuurders: Flank tegen flank,Geen hindernis
19044,81,Wemmel teller 2,Wemmel,50.91439,4.29568,0.8806391974775142,50.9138445047152,4.308211583396804,2020,4,19,23102,Wemmel,Normaal,Droog,Dag,met lichtgewonden,1,Autobus,3,Fiets,Buiten Kruispunt,Gemeenteweg,binnen bebouwde kom,Tussen 2 bestuurders: Flank tegen flank,Geen hindernis
19048,152,Opwijk,District Vilvoorde-gewestwegen,50.968901168564656,4.149169474840164,0.08082439130923798,50.969211017264804,4.1502135918748095,2020,5,13,23060,Opwijk,Normaal,Droog,Dag,dodelijk gewonden,9,personenauto,3,Fiets,Op Kruispunt,Gewestweg,buiten bebouwde kom,Tss. 2 best.: langs opzij (voor-/achterkant-flank),Geen hindernis
19069,136,Gent R4,Gent,51.0876313,3.7587918,0.42171362822029074,51.09141235232123,3.758321747452217,2020,4,21,44021,Gent,Normaal,Droog,"Nacht, openbare verlichting aanwezig en ontstoken",met lichtgewonden,9,personenauto,3,Fiets,Buiten Kruispunt,Gemeenteweg,binnen bebouwde kom,Tss. 2 best.: langs opzij (voor-/achterkant-flank),Geen hindernis
19087,118,Gent teller 1,Gent,51.028049,3.7681359,0.7622937569919617,51.021265208948904,3.7697079190926637,2020,4,8,44040,Melle,Normaal,Droog,Dag,met lichtgewonden,3,Fiets,9,personenauto,Buiten Kruispunt,Gemeenteweg,binnen bebouwde kom,Tss. 2 best.: langs opzij (voor-/achterkant-flank),Geen hindernis
19087,119,Gent teller 2,Gent,51.0281795,3.7683918,0.7743248183364766,51.021265208948904,3.7697079190926637,2020,4,8,44040,Melle,Normaal,Droog,Dag,met lichtgewonden,3,Fiets,9,personenauto,Buiten Kruispunt,Gemeenteweg,binnen bebouwde kom,Tss. 2 best.: langs opzij (voor-/achterkant-flank),Geen hindernis
19088,114,Deinze teller 1,Nazareth,50.9598305,3.555502,0.13910552742198876,50.95860839551678,3.555077547290702,2020,4,16,44048,Nazareth,Normaal,Droog,Dag,met lichtgewonden,3,Fiets,11,een weggebruiker tegen een hindernis,Buiten Kruispunt,Gemeenteweg,buiten bebouwde kom,Weggebruiker tegen hindernis op de rijbaan,"Op de rijbaan: Put, straatgoot, tramspoor"
19088,113,Deinze teller 2,Deinze,50.96018,3.55578,0.18154786909269968,50.95860839551678,3.555077547290702,2020,4,16,44048,Nazareth,Normaal,Droog,Dag,met lichtgewonden,3,Fiets,11,een weggebruiker tegen een hindernis,Buiten Kruispunt,Gemeenteweg,buiten bebouwde kom,Weggebruiker tegen hindernis op de rijbaan,"Op de rijbaan: Put, straatgoot, tramspoor"
19135,10,Aalst 2,Aalst,50.93549,4.01571,0.8389165293649731,50.939821842573956,4.025512205354549,2020,4,11,41002,Aalst,Normaal,Droog,Dag,met lichtgewonden,3,Fiets,8,Voetganger,Op Kruispunt,Gemeenteweg,binnen bebouwde kom,Met een voetganger,Geen hindernis
19135,11,Aalst 3,Aalst,50.93385,4.01647,0.9178280442027918,50.939821842573956,4.025512205354549,2020,4,11,41002,Aalst,Normaal,Droog,Dag,met lichtgewonden,3,Fiets,8,Voetganger,Op Kruispunt,Gemeenteweg,binnen bebouwde kom,Met een voetganger,Geen hindernis
19135,19,Aalst 1,Aalst,50.93433,4.01471,0.9725531354489314,50.939821842573956,4.025512205354549,2020,4,11,41002,Aalst,Normaal,Droog,Dag,met lichtgewonden,3,Fiets,8,Voetganger,Op Kruispunt,Gemeenteweg,binnen bebouwde kom,Met een voetganger,Geen hindernis
19172,143,Eco Display Classic Budastraat,Kortrijk,50.83066,3.26286,0.31566774151945803,50.83307916523323,3.2652120244813134,2020,4,18,34022,Kortrijk,Normaal,Droog,Dag,met lichtgewonden,3,Fiets,3,Fiets,Buiten Kruispunt,Gemeenteweg,binnen bebouwde kom,Tussen 2 bestuurders: Frontale botsing,Geen hindernis
19172,17,Kortrijk 2,Kortrijk,50.83339,3.27773,0.8797972836382131,50.83307916523323,3.2652120244813134,2020,4,18,34022,Kortrijk,Normaal,Droog,Dag,met lichtgewonden,3,Fiets,3,Fiets,Buiten Kruispunt,Gemeenteweg,binnen bebouwde kom,Tussen 2 bestuurders: Frontale botsing,Geen hindernis
19172,16,Kortrijk 1,Kortrijk,50.83332,3.27777,0.8823343899624689,50.83307916523323,3.2652120244813134,2020,4,18,34022,Kortrijk,Normaal,Droog,Dag,met lichtgewonden,3,Fiets,3,Fiets,Buiten Kruispunt,Gemeenteweg,binnen bebouwde kom,Tussen 2 bestuurders: Frontale botsing,Geen hindernis
19199,137,Hasselt-Kempische brug,Hasselt,50.9411605,5.3417576,0.842325996265231,50.94873517887518,5.341613939556261,2020,4,14,71022,Hasselt,Normaal,Droog,Dag,met lichtgewonden,9,personenauto,3,Fiets,Op Kruispunt,Gemeenteweg,buiten bebouwde kom,Tss. 2 best.: langs opzij (voor-/achterkant-flank),Geen hindernis
19199,138,Hasselt-Kempische brug,Hasselt,50.9405318,5.3422472,0.9132524365472576,50.94873517887518,5.341613939556261,2020,4,14,71022,Hasselt,Normaal,Droog,Dag,met lichtgewonden,9,personenauto,3,Fiets,Op Kruispunt,Gemeenteweg,buiten bebouwde kom,Tss. 2 best.: langs opzij (voor-/achterkant-flank),Geen hindernis
19201,137,Hasselt-Kempische brug,Hasselt,50.9411605,5.3417576,0.32027143145224934,50.94385064058742,5.3433908740049265,2020,4,5,71022,Hasselt,Normaal,Droog,Dag,met lichtgewonden,6,Bromfiets,3,Fiets,Op Kruispunt,Gewestweg,buiten bebouwde kom,Tussen 2 bestuurders: Flank tegen flank,Geen hindernis
19201,138,Hasselt-Kempische brug,Hasselt,50.9405318,5.3422472,0.37763761394752193,50.94385064058742,5.3433908740049265,2020,4,5,71022,Hasselt,Normaal,Droog,Dag,met lichtgewonden,6,Bromfiets,3,Fiets,Op Kruispunt,Gewestweg,buiten bebouwde kom,Tussen 2 bestuurders: Flank tegen flank,Geen hindernis
19208,48,As,As,51.00509,5.60389,0.7227237475018371,51.00397664342949,5.593713673264808,2020,4,16,71002,As,Normaal,Droog,Dag,met lichtgewonden,3,Fiets,3,Fiets,Buiten Kruispunt,Gemeenteweg,binnen bebouwde kom,Tss. 2 best.: langs opzij (voor-/achterkant-flank),Geen hindernis
19212,139,Houthalen-Helchteren,Houthalen-Helchteren,51.0644267,5.3819796,0.6130899568564744,51.0661762298457,5.373659370006421,2020,4,15,72039,Houthalen-Helchteren,Normaal,Droog,Dag,met lichtgewonden,3,Fiets,3,Fiets,Buiten Kruispunt,Gemeenteweg,buiten bebouwde kom,Tussen 2 bestuurders: Flank tegen flank,Geen hindernis
19213,23,Tienen 3,Tienen,50.81324,4.93447,0.914625038300492,50.80502736575109,4.935195514201635,2020,4,9,24107,Tienen,Onbekend,Droog,Dag,met lichtgewonden,9,personenauto,3,Fiets,Buiten Kruispunt,Gemeenteweg,binnen bebouwde kom,Tussen 2 bestuurders: Frontale botsing,Geen hindernis
19213,22,Tienen 2,Tienen,50.81330800184882,4.935984252796022,0.9224310827434449,50.80502736575109,4.935195514201635,2020,4,9,24107,Tienen,Onbekend,Droog,Dag,met lichtgewonden,9,personenauto,3,Fiets,Buiten Kruispunt,Gemeenteweg,binnen bebouwde kom,Tussen 2 bestuurders: Frontale botsing,Geen hindernis
19213,24,Tienen 1,Tienen,50.8133795491886,4.935044252605416,0.928781238355601,50.80502736575109,4.935195514201635,2020,4,9,24107,Tienen,Onbekend,Droog,Dag,met lichtgewonden,9,personenauto,3,Fiets,Buiten Kruispunt,Gemeenteweg,binnen bebouwde kom,Tussen 2 bestuurders: Frontale botsing,Geen hindernis
19324,127,Geel totem,Westerlo,51.1342966,4.9400421,0.8507762949469689,51.12684844516236,4.937251837425651,2020,5,14,13049,Westerlo,Normaal,Droog,Dag,met lichtgewonden,7,Motorfiets,3,Fiets,Op Kruispunt,Gemeenteweg,buiten bebouwde kom,Tss. 2 best.: langs opzij (voor-/achterkant-flank),Geen hindernis
19324,112,Geel teller 2,Westerlo,51.1354992,4.9394789,0.9743922065282309,51.12684844516236,4.937251837425651,2020,5,14,13049,Westerlo,Normaal,Droog,Dag,met lichtgewonden,7,Motorfiets,3,Fiets,Op Kruispunt,Gemeenteweg,buiten bebouwde kom,Tss. 2 best.: langs opzij (voor-/achterkant-flank),Geen hindernis
19359,151,Leuven,District Leuven,50.8690262,4.6854839,0.8557914090612635,50.86901408681771,4.6976790585254005,2020,5,17,24062,Leuven,Normaal,Droog,Dag,met lichtgewonden,3,Fiets,9,personenauto,Op Kruispunt,Gewestweg,buiten bebouwde kom,Tussen 2 bestuurders: Flank tegen flank,Geen hindernis
19360,151,Leuven,District Leuven,50.8690262,4.6854839,0.7929260672765583,50.86415451802408,4.693734872627527,2020,5,19,24062,Leuven,Normaal,Droog,Dag,met lichtgewonden,3,Fiets,3,Fiets,Op Kruispunt,Gemeenteweg,binnen bebouwde kom,Tss. 2 best.: langs opzij (voor-/achterkant-flank),Geen hindernis
19366,107,leuven totem,Leuven,50.8870744,4.7087919,0.7653364987245604,50.882574273933876,4.717046872095997,2020,5,16,24062,Leuven,Normaal,Droog,Dag,met lichtgewonden,3,Fiets,11,een weggebruiker tegen een hindernis,Op Kruispunt,Gewestweg,binnen bebouwde kom,Weggebruiker tegen hindernis buiten rijbaan,Andere hindernis
19366,77,Leuven teller 2,Leuven,50.88672,4.70796,0.7866723127152374,50.882574273933876,4.717046872095997,2020,5,16,24062,Leuven,Normaal,Droog,Dag,met lichtgewonden,3,Fiets,11,een weggebruiker tegen een hindernis,Op Kruispunt,Gewestweg,binnen bebouwde kom,Weggebruiker tegen hindernis buiten rijbaan,Andere hindernis
19366,69,Leuven teller 1,Leuven,50.87549,4.71526,0.7976487906639531,50.882574273933876,4.717046872095997,2020,5,16,24062,Leuven,Normaal,Droog,Dag,met lichtgewonden,3,Fiets,11,een weggebruiker tegen een hindernis,Op Kruispunt,Gewestweg,binnen bebouwde kom,Weggebruiker tegen hindernis buiten rijbaan,Andere hindernis
19367,69,Leuven teller 1,Leuven,50.87549,4.71526,0.5530369749946228,50.87213335299522,4.721075998347171,2020,5,16,24062,Leuven,Normaal,Droog,Dag,met lichtgewonden,3,Fiets,3,Fiets,Buiten Kruispunt,Gewestweg,binnen bebouwde kom,Tussen 2 bestuurders: Frontale botsing,Geen hindernis
19369,151,Leuven,District Leuven,50.8690262,4.6854839,0.9058250906882318,50.87105789979098,4.697984438367081,2020,5,22,24062,Leuven,Normaal,Droog,"Nacht, openbare verlichting aanwezig en ontstoken",met lichtgewonden,3,Fiets,10,"één bestuurder, geen hindernis",Op Kruispunt,Gemeenteweg,binnen bebouwde kom,"Eén bestuurder, geen hindernis (incl. val)",Geen hindernis
19373,69,Leuven teller 1,Leuven,50.87549,4.71526,0.6452649248251137,50.88129250517704,4.7153809343668,2020,5,8,24062,Leuven,Normaal,Droog,Dag,met zwaargewonden,3,Fiets,11,een weggebruiker tegen een hindernis,Buiten Kruispunt,Gewestweg,binnen bebouwde kom,Weggebruiker tegen hindernis buiten rijbaan,Andere hindernis
19373,107,leuven totem,Leuven,50.8870744,4.7087919,0.7918342938639206,50.88129250517704,4.7153809343668,2020,5,8,24062,Leuven,Normaal,Droog,Dag,met zwaargewonden,3,Fiets,11,een weggebruiker tegen een hindernis,Buiten Kruispunt,Gewestweg,binnen bebouwde kom,Weggebruiker tegen hindernis buiten rijbaan,Andere hindernis
19373,77,Leuven teller 2,Leuven,50.88672,4.70796,0.7970206604167503,50.88129250517704,4.7153809343668,2020,5,8,24062,Leuven,Normaal,Droog,Dag,met zwaargewonden,3,Fiets,11,een weggebruiker tegen een hindernis,Buiten Kruispunt,Gewestweg,binnen bebouwde kom,Weggebruiker tegen hindernis buiten rijbaan,Andere hindernis
19390,111,Zaventem totem,Zaventem,50.8871216,4.4597084,0.7463898995618911,50.88229987432787,4.467110553169134,2020,5,12,23094,Zaventem,Normaal,Droog,Dag,met lichtgewonden,3,Fiets,9,personenauto,Op Kruispunt,Gemeenteweg,binnen bebouwde kom,Tss. 2 best.: langs opzij (voor-/achterkant-flank),Geen hindernis
19391,26,Zaventem,Zaventem,50.86995,4.45444,0.2903701892907045,50.86805183843388,4.4515983149961516,2020,5,18,23094,Zaventem,Normaal,Droog,Dag,met lichtgewonden,3,Fiets,9,personenauto,Op Kruispunt,Gewestweg,binnen bebouwde kom,Tss. 2 best.: langs opzij (voor-/achterkant-flank),Geen hindernis
19416,71,Kampenhout teller 2,Kampenhout,50.95589,4.59164,0.5538132232608974,50.95974725811277,4.586637871262519,2020,5,16,23038,Kampenhout,Normaal,Droog,Dag,met lichtgewonden,9,personenauto,3,Fiets,Buiten Kruispunt,Gewestweg,buiten bebouwde kom,Tss. 2 best.: langs opzij (voor-/achterkant-flank),Geen hindernis
19416,70,Kampenhout teller 1,Kampenhout,50.95682,4.59318,0.5620548488419109,50.95974725811277,4.586637871262519,2020,5,16,23038,Kampenhout,Normaal,Droog,Dag,met lichtgewonden,9,personenauto,3,Fiets,Buiten Kruispunt,Gewestweg,buiten bebouwde kom,Tss. 2 best.: langs opzij (voor-/achterkant-flank),Geen hindernis
19433,118,Gent teller 1,Gent,51.028049,3.7681359,0.32035140909425586,51.02732607546648,3.763701785043914,2020,5,17,44021,Gent,Normaal,Droog,Dag,met lichtgewonden,3,Fiets,3,Fiets,Buiten Kruispunt,Gemeenteweg,binnen bebouwde kom,Tussen 2 bestuurders: Langs achteren,Geen hindernis
19433,119,Gent teller 2,Gent,51.0281795,3.7683918,0.34144982347214914,51.02732607546648,3.763701785043914,2020,5,17,44021,Gent,Normaal,Droog,Dag,met lichtgewonden,3,Fiets,3,Fiets,Buiten Kruispunt,Gemeenteweg,binnen bebouwde kom,Tussen 2 bestuurders: Langs achteren,Geen hindernis
19462,119,Gent teller 2,Gent,51.0281795,3.7683918,0.9940732262872342,51.02707923426895,3.7824978702436782,2020,5,19,44040,Melle,Normaal,Droog,Dag,met lichtgewonden,3,Fiets,3,Fiets,Buiten Kruispunt,Gewestweg,buiten bebouwde kom,Tss. 2 best.: langs opzij (voor-/achterkant-flank),Geen hindernis