crash_row_id,site_id,site_name,site_gemeente,site_lat,site_long,distance_km,crash_lat,crash_long,DT_YEAR_COLLISION,DT_MONTH_COLLISION,DT_TIME,CD_NIS,TX_MUNTY_COLLISION_NL,TX_WEATHER_NL,TX_ROAD_CONDITION_NL,TX_LIGHT_CONDITION_NL,TX_CLASS_ACCIDENTS_NL,CD_ROAD_USR_TYPE1,TX_ROAD_USR_TYPE1_NL,CD_ROAD_USR_TYPE2,TX_ROAD_USR_TYPE2_NL,TX_CROSSWAY_NL,CD_ROAD_TYPE_NL,TX_BUILD_UP_AREA_NL,TX_COLLISION_TYPE_NL,TX_OBSTACLES_NL
19469,116,Melle teller 2,Melle,50.9986113,3.8040599,0.8679706569583527,50.99141520762074,3.799254461553714,2020,5,16,44040,Melle,Normaal,Droog,Dag,met lichtgewonden,3,Fiets,11,een weggebruiker tegen een hindernis,Buiten Kruispunt,Gewestweg,buiten bebouwde kom,Weggebruiker tegen hindernis op de rijbaan,"Op de rijbaan: Werken (signal., aarde, toestel,…)"
19469,117,Melle teller 1,Melle,50.9986113,3.8040599,0.8679706569583527,50.99141520762074,3.799254461553714,2020,5,16,44040,Melle,Normaal,Droog,Dag,met lichtgewonden,3,Fiets,11,een weggebruiker tegen een hindernis,Buiten Kruispunt,Gewestweg,buiten bebouwde kom,Weggebruiker tegen hindernis op de rijbaan,"Op de rijbaan: Werken (signal., aarde, toestel,…)"
19477,114,Deinze teller 1,Nazareth,50.9598305,3.555502,0.15341634654916594,50.95907164998989,3.5573313838009755,2020,5,14,44048,Nazareth,Normaal,Droog,Dag,met zwaargewonden,3,Fiets,11,een weggebruiker tegen een hindernis,Buiten Kruispunt,Gewestweg,buiten bebouwde kom,Weggebruiker tegen hindernis op de rijbaan,"Op de rijbaan: Verkeersdrempel, ezelsrug"
19477,113,Deinze teller 2,Deinze,50.96018,3.55578,0.16430135759326384,50.95907164998989,3.5573313838009755,2020,5,14,44048,Nazareth,Normaal,Droog,Dag,met zwaargewonden,3,Fiets,11,een weggebruiker tegen een hindernis,Buiten Kruispunt,Gewestweg,buiten bebouwde kom,Weggebruiker tegen hindernis op de rijbaan,"Op de rijbaan: Verkeersdrempel, ezelsrug"
19479,114,Deinze teller 1,Nazareth,50.9598305,3.555502,0.15341634654916594,50.95907164998989,3.5573313838009755,2020,5,13,44048,Nazareth,Normaal,Droog,Dag,met lichtgewonden,3,Fiets,11,een weggebruiker tegen een hindernis,Buiten Kruispunt,Gewestweg,buiten bebouwde kom,Weggebruiker tegen hindernis op de rijbaan,"Op de rijbaan: Verkeersdrempel, ezelsrug"
19479,113,Deinze teller 2,Deinze,50.96018,3.55578,0.16430135759326384,50.95907164998989,3.5573313838009755,2020,5,13,44048,Nazareth,Normaal,Droog,Dag,met lichtgewonden,3,Fiets,11,een weggebruiker tegen een hindernis,Buiten Kruispunt,Gewestweg,buiten bebouwde kom,Weggebruiker tegen hindernis op de rijbaan,"Op de rijbaan: Verkeersdrempel, ezelsrug"
19485,7,Evergem 1,Evergem,51.1089,3.70317,0.4764063965171428,51.111922723239175,3.708006332727842,2020,5,16,44019,Evergem,Normaal,Droog,Dag,met zwaargewonden,3,Fiets,10,"één bestuurder, geen hindernis",Buiten Kruispunt,Gemeenteweg,binnen bebouwde kom,"Eén bestuurder, geen hindernis (incl. val)",Geen hindernis
19485,6,Evergem 2,Evergem,51.10894,3.70298,0.4828305444381775,51.111922723239175,3.708006332727842,2020,5,16,44019,Evergem,Normaal,Droog,Dag,met zwaargewonden,3,Fiets,10,"één bestuurder, geen hindernis",Buiten Kruispunt,Gemeenteweg,binnen bebouwde kom,"Eén bestuurder, geen hindernis (incl. val)",Geen hindernis
19535,126,Hamme totem,Hamme,51.1017709,4.1469307,0.3057581620497282,51.100803379434055,4.142831758249503,2020,5,14,42008,Hamme,Normaal,Droog,Dag,met zwaargewonden,9,personenauto,3,Fiets,Op Kruispunt,Gewestweg,binnen bebouwde kom,Tss. 2 best.: langs opzij (voor-/achterkant-flank),Geen hindernis
19577,50,"Brugge, Sint-Andries",Brugge,51.19291,3.16252,0.9391275378023847,51.19605174462092,3.1750298843796183,2020,5,17,31005,Brugge,Normaal,Droog,Dag,met lichtgewonden,3,Fiets,9,personenauto,Op Kruispunt,Gewestweg,binnen bebouwde kom,Tss. 2 best.: langs opzij (voor-/achterkant-flank),Geen hindernis
19577,51,"Brugge, Sint-Andries",Brugge,51.19281,3.16252,0.9433212212903628,51.19605174462092,3.1750298843796183,2020,5,17,31005,Brugge,Normaal,Droog,Dag,met lichtgewonden,3,Fiets,9,personenauto,Op Kruispunt,Gewestweg,binnen bebouwde kom,Tss. 2 best.: langs opzij (voor-/achterkant-flank),Geen hindernis
19607,15,Oostende 2,Oostende,51.21371,2.92743,0.9123186876734595,51.21545130940093,2.9146303546460866,2020,5,17,35013,Oostende,Normaal,Droog,Dag,met lichtgewonden,9,personenauto,3,Fiets,Op Kruispunt,Gemeenteweg,binnen bebouwde kom,Tss. 2 best.: langs opzij (voor-/achterkant-flank),Geen hindernis
19607,18,Oostende 1,Oostende,51.21378,2.92765,0.9257043424158122,51.21545130940093,2.9146303546460866,2020,5,17,35013,Oostende,Normaal,Droog,Dag,met lichtgewonden,9,personenauto,3,Fiets,Op Kruispunt,Gemeenteweg,binnen bebouwde kom,Tss. 2 best.: langs opzij (voor-/achterkant-flank),Geen hindernis
19617,56,Torhout teller 2,Torhout,51.07147,3.08244,0.6175538152376516,51.06684195674009,3.0873258109461195,2020,5,16,31033,Torhout,Normaal,"Vuil (zand, grint, bladeren,...)",Dag,met lichtgewonden,3,Fiets,11,een weggebruiker tegen een hindernis,Buiten Kruispunt,Gemeenteweg,binnen bebouwde kom,Weggebruiker tegen hindernis op de rijbaan,Op de rijbaan: Lading
19617,55,Torhout teller 1,Torhout,51.07161,3.08261,0.6242338647021846,51.06684195674009,3.0873258109461195,2020,5,16,31033,Torhout,Normaal,"Vuil (zand, grint, bladeren,...)",Dag,met lichtgewonden,3,Fiets,11,een weggebruiker tegen een hindernis,Buiten Kruispunt,Gemeenteweg,binnen bebouwde kom,Weggebruiker tegen hindernis op de rijbaan,Op de rijbaan: Lading
19618,56,Torhout teller 2,Torhout,51.07147,3.08244,0.4618444062114991,51.07341723467088,3.0766012130947176,2020,5,13,31033,Torhout,Normaal,Droog,Dag,met zwaargewonden,3,Fiets,9,personenauto,Buiten Kruispunt,Gewestweg,buiten bebouwde kom,Tss. 2 best.: langs opzij (voor-/achterkant-flank),Geen hindernis
19618,55,Torhout teller 1,Torhout,51.07161,3.08261,0.46543801184407835,51.07341723467088,3.0766012130947176,2020,5,13,31033,Torhout,Normaal,Droog,Dag,met zwaargewonden,3,Fiets,9,personenauto,Buiten Kruispunt,Gewestweg,buiten bebouwde kom,Tss. 2 best.: langs opzij (voor-/achterkant-flank),Geen hindernis
19646,75,Kortrijk teller 2,Kortrijk,50.81925,3.25731,0.6538836572536938,50.820280948398285,3.2664739597172945,2020,6,16,34022,Kortrijk,Normaal,Droog,Dag,met lichtgewonden,3,Fiets,9,personenauto,Buiten Kruispunt,Gemeenteweg,binnen bebouwde kom,Tss. 2 best.: langs opzij (voor-/achterkant-flank),Geen hindernis
19646,74,Kortrijk teller 1,Kortrijk,50.81909,3.25728,0.6593016364913322,50.820280948398285,3.2664739597172945,2020,6,16,34022,Kortrijk,Normaal,Droog,Dag,met lichtgewonden,3,Fiets,9,personenauto,Buiten Kruispunt,Gemeenteweg,binnen bebouwde kom,Tss. 2 best.: langs opzij (voor-/achterkant-flank),Geen hindernis
19705,140,Hasselt ring,Hasselt,50.9300038,5.3438616,0.8459228500321697,50.92532104329411,5.33434936714809,2020,5,15,71022,Hasselt,Normaal,Droog,Dag,met lichtgewonden,3,Fiets,3,Fiets,Buiten Kruispunt,Gewestweg,binnen bebouwde kom,Tussen 2 bestuurders: Flank tegen flank,Geen hindernis
19707,140,Hasselt ring,Hasselt,50.9300038,5.3438616,0.4204474133693556,50.92791581872312,5.338860043902138,2020,5,19,71022,Hasselt,Normaal,Droog,Dag,met lichtgewonden,3,Fiets,9,personenauto,Op Kruispunt,Gemeenteweg,binnen bebouwde kom,Tussen 2 bestuurders: Flank tegen flank,Geen hindernis
19727,14,Genk,Genk,50.97172,5.48927,0.9702242307285371,50.96438230982253,5.481772795830137,2020,6,13,71016,Genk,Normaal,Droog,Dag,met lichtgewonden,7,Motorfiets,3,Fiets,Op Kruispunt,Gewestweg,binnen bebouwde kom,Tss. 2 best.: langs opzij (voor-/achterkant-flank),Geen hindernis
19864,89,Westerlo teller 2,Westerlo,51.08191,4.91334,0.9854629999032478,51.07350785197434,4.917827160325759,2020,6,6,13013,Herselt,Normaal,Droog,Dag,met lichtgewonden,7,Motorfiets,3,Fiets,Op Kruispunt,Gewestweg,buiten bebouwde kom,Tss. 2 best.: langs opzij (voor-/achterkant-flank),Geen hindernis
19864,88,Westerlo teller 1,Westerlo,51.082,4.91325,0.9969545046608653,51.07350785197434,4.917827160325759,2020,6,6,13013,Herselt,Normaal,Droog,Dag,met lichtgewonden,7,Motorfiets,3,Fiets,Op Kruispunt,Gewestweg,buiten bebouwde kom,Tss. 2 best.: langs opzij (voor-/achterkant-flank),Geen hindernis
19874,135,Retie 2,Dessel,51.2544998,5.1040064,0.6417796903959323,51.24927539077268,5.107925712916818,2020,6,4,13006,Dessel,Onbekend,Droog,Dageraad - schemering,met lichtgewonden,3,Fiets,4,Vrachtwagen,Op Kruispunt,Gewestweg,buiten bebouwde kom,Tss. 2 best.: langs opzij (voor-/achterkant-flank),Geen hindernis
19874,134,Retie,Dessel,51.2548405,5.1037658,0.6831889166342426,51.24927539077268,5.107925712916818,2020,6,4,13006,Dessel,Onbekend,Droog,Dageraad - schemering,met lichtgewonden,3,Fiets,4,Vrachtwagen,Op Kruispunt,Gewestweg,buiten bebouwde kom,Tss. 2 best.: langs opzij (voor-/achterkant-flank),Geen hindernis
19878,110,Herentals totem,Herentals,51.1739426,4.811783,0.6503847387981027,51.17935367478207,4.8153252852302355,2020,6,7,13011,Herentals,Normaal,Droog,Dag,met lichtgewonden,9,personenauto,3,Fiets,Buiten Kruispunt,Gemeenteweg,buiten bebouwde kom,Tss. 2 best.: langs opzij (voor-/achterkant-flank),Geen hindernis
19878,94,Herentals teller 2,Herentals,51.17345,4.81283,0.6791141799005982,51.17935367478207,4.8153252852302355,2020,6,7,13011,Herentals,Normaal,Droog,Dag,met lichtgewonden,9,personenauto,3,Fiets,Buiten Kruispunt,Gemeenteweg,buiten bebouwde kom,Tss. 2 best.: langs opzij (voor-/achterkant-flank),Geen hindernis
19901,69,Leuven teller 1,Leuven,50.87549,4.71526,0.7416954396053557,50.87947444669889,4.706782081397381,2020,6,15,24062,Leuven,Normaal,Droog,Dag,met lichtgewonden,3,Fiets,11,een weggebruiker tegen een hindernis,Op Kruispunt,Gemeenteweg,binnen bebouwde kom,Weggebruiker tegen hindernis buiten rijbaan,Andere hindernis
19901,77,Leuven teller 2,Leuven,50.88672,4.70796,0.8098954911409119,50.87947444669889,4.706782081397381,2020,6,15,24062,Leuven,Normaal,Droog,Dag,met lichtgewonden,3,Fiets,11,een weggebruiker tegen een hindernis,Op Kruispunt,Gemeenteweg,binnen bebouwde kom,Weggebruiker tegen hindernis buiten rijbaan,Andere hindernis
19901,107,leuven totem,Leuven,50.8870744,4.7087919,0.856757538951932,50.87947444669889,4.706782081397381,2020,6,15,24062,Leuven,Normaal,Droog,Dag,met lichtgewonden,3,Fiets,11,een weggebruiker tegen een hindernis,Op Kruispunt,Gemeenteweg,binnen bebouwde kom,Weggebruiker tegen hindernis buiten rijbaan,Andere hindernis
19903,151,Leuven,District Leuven,50.8690262,4.6854839,0.9171387871243026,50.86881240495582,4.6985488646750735,2020,6,16,24062,Leuven,Normaal,Droog,Dag,met lichtgewonden,3,Fiets,10,"één bestuurder, geen hindernis",Op Kruispunt,Gewestweg,binnen bebouwde kom,"Eén bestuurder, geen hindernis (incl. val)",Geen hindernis
19904,151,Leuven,District Leuven,50.8690262,4.6854839,0.9771780898138562,50.87779977479255,4.686280778286201,2020,6,14,24062,Leuven,Normaal,Onbekend,Dag,met lichtgewonden,3,Fiets,9,personenauto,Buiten Kruispunt,Gemeenteweg,binnen bebouwde kom,Tussen 2 bestuurders: Langs achteren,Geen hindernis
19906,77,Leuven teller 2,Leuven,50.88672,4.70796,0.7406205714628231,50.88411958541751,4.6982402056289905,2020,6,12,24062,Leuven,Normaal,Droog,Dag,met lichtgewonden,3,Fiets,1,Autobus,Op Kruispunt,Gemeenteweg,binnen bebouwde kom,Tss. 2 best.: langs opzij (voor-/achterkant-flank),Geen hindernis
19906,107,leuven totem,Leuven,50.8870744,4.7087919,0.8098421824861022,50.88411958541751,4.6982402056289905,2020,6,12,24062,Leuven,Normaal,Droog,Dag,met lichtgewonden,3,Fiets,1,Autobus,Op Kruispunt,Gemeenteweg,binnen bebouwde kom,Tss. 2 best.: langs opzij (voor-/achterkant-flank),Geen hindernis
19908,77,Leuven teller 2,Leuven,50.88672,4.70796,0.6659577900811027,50.88141735914884,4.703547000801074,2020,6,14,24062,Leuven,Normaal,Droog,Dag,met lichtgewonden,3,Fiets,10,"één bestuurder, geen hindernis",Buiten Kruispunt,Gemeenteweg,binnen bebouwde kom,"Eén bestuurder, geen hindernis (incl. val)",Geen hindernis
19908,107,leuven totem,Leuven,50.8870744,4.7087919,0.7287405499638712,50.88141735914884,4.703547000801074,2020,6,14,24062,Leuven,Normaal,Droog,Dag,met lichtgewonden,3,Fiets,10,"één bestuurder, geen hindernis",Buiten Kruispunt,Gemeenteweg,binnen bebouwde kom,"Eén bestuurder, geen hindernis (incl. val)",Geen hindernis
19909,107,leuven totem,Leuven,50.8870744,4.7087919,0.7737644222115647,50.882501603627766,4.717105969425453,2020,6,8,24062,Leuven,Normaal,Droog,Dag,met lichtgewonden,3,Fiets,10,"één bestuurder, geen hindernis",Buiten Kruispunt,Gewestweg,binnen bebouwde kom,"Eén bestuurder, geen hindernis (incl. val)",Geen hindernis
19909,69,Leuven teller 1,Leuven,50.87549,4.71526,0.7903385366559766,50.882501603627766,4.717105969425453,2020,6,8,24062,Leuven,Normaal,Droog,Dag,met lichtgewonden,3,Fiets,10,"één bestuurder, geen hindernis",Buiten Kruispunt,Gewestweg,binnen bebouwde kom,"Eén bestuurder, geen hindernis (incl. val)",Geen hindernis
19909,77,Leuven teller 2,Leuven,50.88672,4.70796,0.7947779002056679,50.882501603627766,4.717105969425453,2020,6,8,24062,Leuven,Normaal,Droog,Dag,met lichtgewonden,3,Fiets,10,"één bestuurder, geen hindernis",Buiten Kruispunt,Gewestweg,binnen bebouwde kom,"Eén bestuurder, geen hindernis (incl. val)",Geen hindernis
19910,77,Leuven teller 2,Leuven,50.88672,4.70796,0.5878632426687231,50.88169185434205,4.7053710497860095,2020,6,14,24062,Leuven,Normaal,Droog,Dag,met lichtgewonden,3,Fiets,10,"één bestuurder, geen hindernis",Buiten Kruispunt,Gemeenteweg,binnen bebouwde kom,"Eén bestuurder, geen hindernis (incl. val)",Geen hindernis
19910,107,leuven totem,Leuven,50.8870744,4.7087919,0.6448299134803467,50.88169185434205,4.7053710497860095,2020,6,14,24062,Leuven,Normaal,Droog,Dag,met lichtgewonden,3,Fiets,10,"één bestuurder, geen hindernis",Buiten Kruispunt,Gemeenteweg,binnen bebouwde kom,"Eén bestuurder, geen hindernis (incl. val)",Geen hindernis
19910,69,Leuven teller 1,Leuven,50.87549,4.71526,0.9782339483336736,50.88169185434205,4.7053710497860095,2020,6,14,24062,Leuven,Normaal,Droog,Dag,met lichtgewonden,3,Fiets,10,"één bestuurder, geen hindernis",Buiten Kruispunt,Gemeenteweg,binnen bebouwde kom,"Eén bestuurder, geen hindernis (incl. val)",Geen hindernis
19911,151,Leuven,District Leuven,50.8690262,4.6854839,0.9404074169017673,50.8690530564726,4.69888480421886,2020,6,19,24062,Leuven,Normaal,Droog,Dag,met lichtgewonden,3,Fiets,9,personenauto,Buiten Kruispunt,Gemeenteweg,binnen bebouwde kom,Tussen 2 bestuurders: Langs achteren,Geen hindernis
19916,72,Herent teller 1,Herent,50.89135,4.64689,0.2111279399482914,50.892159785900226,4.644167409029558,2020,6,14,24038,Herent,Normaal,Droog,Dag,met lichtgewonden,3,Fiets,9,personenauto,Buiten Kruispunt,Gemeenteweg,buiten bebouwde kom,Tussen 2 bestuurders: Frontale botsing,Geen hindernis
19916,73,Herent teller 2,Herent,50.89128,4.64685,0.21207008040396075,50.892159785900226,4.644167409029558,2020,6,14,24038,Herent,Normaal,Droog,Dag,met lichtgewonden,3,Fiets,9,personenauto,Buiten Kruispunt,Gemeenteweg,buiten bebouwde kom,Tussen 2 bestuurders: Frontale botsing,Geen hindernis
19931,102,Diest teller 2,Diest,50.9779,5.04474,0.4362537423587453,50.97405550619506,5.043497204414817,2020,6,17,24020,Diest,Normaal,Droog,Dag,met lichtgewonden,3,Fiets,9,personenauto,Buiten Kruispunt,Gewestweg,binnen bebouwde kom,Tussen 2 bestuurders: Flank tegen flank,Geen hindernis
19931,101,Diest teller 1,Diest,50.97799,5.04481,0.44704650845633354,50.97405550619506,5.043497204414817,2020,6,17,24020,Diest,Normaal,Droog,Dag,met lichtgewonden,3,Fiets,9,personenauto,Buiten Kruispunt,Gewestweg,binnen bebouwde kom,Tussen 2 bestuurders: Flank tegen flank,Geen hindernis
19935,111,Zaventem totem,Zaventem,50.8871216,4.4597084,0.9671845672480859,50.88018478524106,4.468026114015928,2020,6,8,23094,Zaventem,Normaal,Droog,Dag,met lichtgewonden,3,Fiets,8,Voetganger,Buiten Kruispunt,Gewestweg,binnen bebouwde kom,Met een voetganger,Geen hindernis
19937,148,Hoeilaart,District Leuven,50.76699493,4.44471001,0.390016672860755,50.76611801053374,4.4500795187913385,2020,6,20,23033,Hoeilaart,Normaal,Droog,Dag,met lichtgewonden,9,personenauto,3,Fiets,Op Kruispunt,Gemeenteweg,binnen bebouwde kom,Tss. 2 best.: langs opzij (voor-/achterkant-flank),Geen hindernis
19956,13,Gent,Gent,51.03018,3.70146,0.8259584383442696,51.03470178345334,3.7108308317934937,2020,6,14,44021,Gent,Normaal,Droog,Dag,met lichtgewonden,9,personenauto,3,Fiets,Op Kruispunt,Gemeenteweg,binnen bebouwde kom,Tussen 2 bestuurders: Flank tegen flank,Geen hindernis
20033,128,Lokeren teller 1,Lokeren,51.09644,3.97023,0.42674400765333975,51.10013935117746,3.9686033287800826,2020,6,13,46014,Lokeren,Normaal,"Vuil (zand, grint, bladeren,...)",Dag,met lichtgewonden,3,Fiets,10,"één bestuurder, geen hindernis",Op Kruispunt,Gewestweg,buiten bebouwde kom,"Eén bestuurder, geen hindernis (incl. val)",Geen hindernis
20033,129,Lokeren teller 2,Lokeren,51.09612,3.97025,0.46148610182052896,51.10013935117746,3.9686033287800826,2020,6,13,46014,Lokeren,Normaal,"Vuil (zand, grint, bladeren,...)",Dag,met lichtgewonden,3,Fiets,10,"één bestuurder, geen hindernis",Op Kruispunt,Gewestweg,buiten bebouwde kom,"Eén bestuurder, geen hindernis (incl. val)",Geen hindernis
20058,19,Aalst 1,Aalst,50.93433,4.01471,0.861522090363501,50.93300184204418,4.002598085400594,2020,6,18,41002,Aalst,Normaal,Droog,Dag,met lichtgewonden,9,personenauto,3,Fiets,Op Kruispunt,Gemeenteweg,binnen bebouwde kom,Tussen 2 bestuurders: Flank tegen flank,Geen hindernis
20058,10,Aalst 2,Aalst,50.93549,4.01571,0.9595857465312317,50.93300184204418,4.002598085400594,2020,6,18,41002,Aalst,Normaal,Droog,Dag,met lichtgewonden,9,personenauto,3,Fiets,Op Kruispunt,Gemeenteweg,binnen bebouwde kom,Tussen 2 bestuurders: Flank tegen flank,Geen hindernis
20058,11,Aalst 3,Aalst,50.93385,4.01647,0.9766745694624144,50.93300184204418,4.002598085400594,2020,6,18,41002,Aalst,Normaal,Droog,Dag,met lichtgewonden,9,personenauto,3,Fiets,Op Kruispunt,Gemeenteweg,binnen bebouwde kom,Tussen 2 bestuurders: Flank tegen flank,Geen hindernis
20064,122,Dendermonde teller 2,Dendermonde,51.0373918,4.1019222,0.8323354822738755,51.03168679349549,4.094216093183104,2020,6,16,42006,Dendermonde,Normaal,"Nat, plassen",Dag,met lichtgewonden,9,personenauto,3,Fiets,Buiten Kruispunt,Gemeenteweg,binnen bebouwde kom,Tussen 2 bestuurders: Langs achteren,Geen hindernis
20064,125,Dendermonde totem,Dendermonde,51.0372706,4.1025998,0.8539169610631189,51.03168679349549,4.094216093183104,2020,6,16,42006,Dendermonde,Normaal,"Nat, plassen",Dag,met lichtgewonden,9,personenauto,3,Fiets,Buiten Kruispunt,Gemeenteweg,binnen bebouwde kom,Tussen 2 bestuurders: Langs achteren,Geen hindernis
20065,125,Dendermonde totem,Dendermonde,51.0372706,4.1025998,0.6533961422277966,51.03289030099231,4.108828487845802,2020,6,16,42006,Dendermonde,Normaal,Droog,Dag,met zwaargewonden,9,personenauto,3,Fiets,Op Kruispunt,Gewestweg,binnen bebouwde kom,Tss. 2 best.: langs opzij (voor-/achterkant-flank),Geen hindernis
20065,122,Dendermonde teller 2,Dendermonde,51.0373918,4.1019222,0.6955233863418621,51.03289030099231,4.108828487845802,2020,6,16,42006,Dendermonde,Normaal,Droog,Dag,met zwaargewonden,9,personenauto,3,Fiets,Op Kruispunt,Gewestweg,binnen bebouwde kom,Tss. 2 best.: langs opzij (voor-/achterkant-flank),Geen hindernis
20069,54,Brugge teller 2,Brugge,51.23015,3.22818,0.9345058568187127,51.22244754924271,3.2228115014823784,2020,6,9,31005,Brugge,Normaal,Droog,Dag,met lichtgewonden,3,Fiets,11,een weggebruiker tegen een hindernis,Buiten Kruispunt,Gewestweg,binnen bebouwde kom,Weggebruiker tegen hindernis buiten rijbaan,Buiten de rijbaan: Andere paal
20069,53,Brugge teller 1,Brugge,51.23023,3.228,0.9377650341764281,51.22244754924271,3.2228115014823784,2020,6,9,31005,Brugge,Normaal,Droog,Dag,met lichtgewonden,3,Fiets,11,een weggebruiker tegen een hindernis,Buiten Kruispunt,Gewestweg,binnen bebouwde kom,Weggebruiker tegen hindernis buiten rijbaan,Buiten de rijbaan: Andere paal
20135,143,Eco Display Classic Budastraat,Kortrijk,50.83066,3.26286,0.34941642920064536,50.82751763348034,3.2628731172707273,2020,6,17,34022,Kortrijk,Normaal,Droog,Dag,met lichtgewonden,9,personenauto,3,Fiets,Buiten Kruispunt,Gewestweg,binnen bebouwde kom,Tss. 2 best.: langs opzij (voor-/achterkant-flank),Geen hindernis
20135,75,Kortrijk teller 2,Kortrijk,50.81925,3.25731,0.9989242581090872,50.82751763348034,3.2628731172707273,2020,6,17,34022,Kortrijk,Normaal,Droog,Dag,met lichtgewonden,9,personenauto,3,Fiets,Buiten Kruispunt,Gewestweg,binnen bebouwde kom,Tss. 2 best.: langs opzij (voor-/achterkant-flank),Geen hindernis
20136,16,Kortrijk 1,Kortrijk,50.83332,3.27777,0.8539876806672644,50.825677239457406,3.278967473978874,2020,6,8,34022,Kortrijk,Normaal,Droog,Dag,met lichtgewonden,9,personenauto,3,Fiets,Op Kruispunt,Gemeenteweg,binnen bebouwde kom,Tss. 2 best.: langs opzij (voor-/achterkant-flank),Geen hindernis
20136,17,Kortrijk 2,Kortrijk,50.83339,3.27773,0.8620125438765556,50.825677239457406,3.278967473978874,2020,6,8,34022,Kortrijk,Normaal,Droog,Dag,met lichtgewonden,9,personenauto,3,Fiets,Op Kruispunt,Gemeenteweg,binnen bebouwde kom,Tss. 2 best.: langs opzij (voor-/achterkant-flank),Geen hindernis
20139,143,Eco Display Classic Budastraat,Kortrijk,50.83066,3.26286,0.8602569689830916,50.824035848988075,3.269187319903357,2020,6,6,34022,Kortrijk,Normaal,Droog,Dag,met lichtgewonden,3,Fiets,9,personenauto,Op Kruispunt,Gewestweg,binnen bebouwde kom,Tussen 2 bestuurders: Frontale botsing,Geen hindernis
20139,75,Kortrijk teller 2,Kortrijk,50.81925,3.25731,0.9895999529268499,50.824035848988075,3.269187319903357,2020,6,6,34022,Kortrijk,Normaal,Droog,Dag,met lichtgewonden,3,Fiets,9,personenauto,Op Kruispunt,Gewestweg,binnen bebouwde kom,Tussen 2 bestuurders: Frontale botsing,Geen hindernis
20141,143,Eco Display Classic Budastraat,Kortrijk,50.83066,3.26286,0.598415228729879,50.83218902151676,3.2546904882025838,2020,6,8,34022,Kortrijk,Normaal,Droog,Dag,met lichtgewonden,3,Fiets,9,personenauto,Op Kruispunt,Gewestweg,binnen bebouwde kom,Tss. 2 best.: langs opzij (voor-/achterkant-flank),Geen hindernis
20146,143,Eco Display Classic Budastraat,Kortrijk,50.83066,3.26286,0.596092463738253,50.83514286939271,3.2675145125337317,2020,6,10,34022,Kortrijk,Normaal,Droog,Dag,met lichtgewonden,5,Lichte vrachtauto,3,Fiets,Op Kruispunt,Gewestweg,binnen bebouwde kom,Tussen 2 bestuurders: Flank tegen flank,Geen hindernis
20146,17,Kortrijk 2,Kortrijk,50.83339,3.27773,0.7434081632582554,50.83514286939271,3.2675145125337317,2020,6,10,34022,Kortrijk,Normaal,Droog,Dag,met lichtgewonden,5,Lichte vrachtauto,3,Fiets,Op Kruispunt,Gewestweg,binnen bebouwde kom,Tussen 2 bestuurders: Flank tegen flank,Geen hindernis
20146,16,Kortrijk 1,Kortrijk,50.83332,3.27777,0.7481909171780163,50.83514286939271,3.2675145125337317,2020,6,10,34022,Kortrijk,Normaal,Droog,Dag,met lichtgewonden,5,Lichte vrachtauto,3,Fiets,Op Kruispunt,Gewestweg,binnen bebouwde kom,Tussen 2 bestuurders: Flank tegen flank,Geen hindernis
20165,65,Nieuwpoort teller 2,Nieuwpoort,51.13435,2.75511,0.26524670034004966,51.13597743051631,2.757889424087329,2020,6,15,38016,Nieuwpoort,Normaal,Droog+Proper,Dag,met lichtgewonden,9,personenauto,3,Fiets,Op Kruispunt,Gewestweg,binnen bebouwde kom,Tussen 2 bestuurders: Flank tegen flank,Geen hindernis
20165,64,Nieuwpoort teller 1,Nieuwpoort,51.13359,2.75737,0.2679326433362728,51.13597743051631,2.757889424087329,2020,6,15,38016,Nieuwpoort,Normaal,Droog+Proper,Dag,met lichtgewonden,9,personenauto,3,Fiets,Op Kruispunt,Gewestweg,binnen bebouwde kom,Tussen 2 bestuurders: Flank tegen flank,Geen hindernis
20166,65,Nieuwpoort teller 2,Nieuwpoort,51.13435,2.75511,0.5734541706611375,51.13030874425753,2.7500043870172126,2020,6,13,38016,Nieuwpoort,Normaal,Droog,Dag,met lichtgewonden,3,Fiets,2,Andere weggebruiker,Buiten Kruispunt,Gemeenteweg,binnen bebouwde kom,Tss. 2 best.: langs opzij (voor-/achterkant-flank),Geen hindernis
20166,64,Nieuwpoort teller 1,Nieuwpoort,51.13359,2.75737,0.6302975101740532,51.13030874425753,2.7500043870172126,2020,6,13,38016,Nieuwpoort,Normaal,Droog,Dag,met lichtgewonden,3,Fiets,2,Andere weggebruiker,Buiten Kruispunt,Gemeenteweg,binnen bebouwde kom,Tss. 2 best.: langs opzij (voor-/achterkant-flank),Geen hindernis
20166,66,Nieuwpoort totem,Nieuwpoort,51.1347,2.74369,0.6576862318161363,51.13030874425753,2.7500043870172126,2020,6,13,38016,Nieuwpoort,Normaal,Droog,Dag,met lichtgewonden,3,Fiets,2,Andere weggebruiker,Buiten Kruispunt,Gemeenteweg,binnen bebouwde kom,Tss. 2 best.: langs opzij (voor-/achterkant-flank),Geen hindernis
20166,63,Nieuwpoort teller 3,Nieuwpoort,51.13529,2.74289,0.7437917787951136,51.13030874425753,2.7500043870172126,2020,6,13,38016,Nieuwpoort,Normaal,Droog,Dag,met lichtgewonden,3,Fiets,2,Andere weggebruiker,Buiten Kruispunt,Gemeenteweg,binnen bebouwde kom,Tss. 2 best.: langs opzij (voor-/achterkant-flank),Geen hindernis