crash_row_id,site_id,site_name,site_gemeente,site_lat,site_long,distance_km,crash_lat,crash_long,DT_YEAR_COLLISION,DT_MONTH_COLLISION,DT_TIME,CD_NIS,TX_MUNTY_COLLISION_NL,TX_WEATHER_NL,TX_ROAD_CONDITION_NL,TX_LIGHT_CONDITION_NL,TX_CLASS_ACCIDENTS_NL,CD_ROAD_USR_TYPE1,TX_ROAD_USR_TYPE1_NL,CD_ROAD_USR_TYPE2,TX_ROAD_USR_TYPE2_NL,TX_CROSSWAY_NL,CD_ROAD_TYPE_NL,TX_BUILD_UP_AREA_NL,TX_COLLISION_TYPE_NL,TX_OBSTACLES_NL
20178,41,Maasmechelen teller 1,Maasmechelen,50.97025,5.69799,0.49903827392722283,50.969093781294106,5.691103788139606,2020,6,17,73107,Maasmechelen,Normaal,Droog,Dag,met lichtgewonden,9,personenauto,3,Fiets,Buiten Kruispunt,Gemeenteweg,binnen bebouwde kom,Tss. 2 best.: langs opzij (voor-/achterkant-flank),Geen hindernis
20178,42,Maasmechelen teller 2,Maasmechelen,50.97043,5.6981,0.5119305764058506,50.969093781294106,5.691103788139606,2020,6,17,73107,Maasmechelen,Normaal,Droog,Dag,met lichtgewonden,9,personenauto,3,Fiets,Buiten Kruispunt,Gemeenteweg,binnen bebouwde kom,Tss. 2 best.: langs opzij (voor-/achterkant-flank),Geen hindernis
20180,42,Maasmechelen teller 2,Maasmechelen,50.97043,5.6981,0.7400476352091524,50.97691002787739,5.700510430601882,2020,6,9,73107,Maasmechelen,Normaal,Droog,Dag,met lichtgewonden,3,Fiets,5,Lichte vrachtauto,Op Kruispunt,Gewestweg,binnen bebouwde kom,Tss. 2 best.: langs opzij (voor-/achterkant-flank),Geen hindernis
20180,41,Maasmechelen teller 1,Maasmechelen,50.97025,5.69799,0.7612974699800705,50.97691002787739,5.700510430601882,2020,6,9,73107,Maasmechelen,Normaal,Droog,Dag,met lichtgewonden,3,Fiets,5,Lichte vrachtauto,Op Kruispunt,Gewestweg,binnen bebouwde kom,Tss. 2 best.: langs opzij (voor-/achterkant-flank),Geen hindernis
20191,106,St. pieters leeuw teller 1,Sint-Pieters-Leeuw,50.75533,4.24951,0.8147520736450728,50.76254234008001,4.251553242675499,2020,6,12,23077,Sint-Pieters-Leeuw,Normaal,Droog,Dag,met lichtgewonden,3,Fiets,9,personenauto,Buiten Kruispunt,Gewestweg,buiten bebouwde kom,Tss. 2 best.: langs opzij (voor-/achterkant-flank),Geen hindernis
20191,105,St. pieters leeuw teller 2,Halle,50.75509,4.24943,0.8420134880330843,50.76254234008001,4.251553242675499,2020,6,12,23077,Sint-Pieters-Leeuw,Normaal,Droog,Dag,met lichtgewonden,3,Fiets,9,personenauto,Buiten Kruispunt,Gewestweg,buiten bebouwde kom,Tss. 2 best.: langs opzij (voor-/achterkant-flank),Geen hindernis
20193,99,Mechelen teller 1,Mechelen,51.04564,4.46882,0.3266733133881993,51.04341035806115,4.471862730133354,2020,6,19,12025,Mechelen,Onbekend,Onbekend,Dag,met lichtgewonden,3,Fiets,9,personenauto,Op Kruispunt,Gemeenteweg,binnen bebouwde kom,Tss. 2 best.: langs opzij (voor-/achterkant-flank),Geen hindernis
20193,100,Mechelen teller 2,Mechelen,51.0457,4.46883,0.3313172686187006,51.04341035806115,4.471862730133354,2020,6,19,12025,Mechelen,Onbekend,Onbekend,Dag,met lichtgewonden,3,Fiets,9,personenauto,Op Kruispunt,Gemeenteweg,binnen bebouwde kom,Tss. 2 best.: langs opzij (voor-/achterkant-flank),Geen hindernis
20199,99,Mechelen teller 1,Mechelen,51.04564,4.46882,0.48325486653377453,51.042036205276375,4.472683525373329,2020,6,10,12025,Mechelen,"Andere (dikke rook,...)",Onbekend,Dag,met lichtgewonden,3,Fiets,10,"één bestuurder, geen hindernis",Buiten Kruispunt,Gemeenteweg,binnen bebouwde kom,"Eén bestuurder, geen hindernis (incl. val)",Geen hindernis
20199,100,Mechelen teller 2,Mechelen,51.0457,4.46883,0.48841531599975396,51.042036205276375,4.472683525373329,2020,6,10,12025,Mechelen,"Andere (dikke rook,...)",Onbekend,Dag,met lichtgewonden,3,Fiets,10,"één bestuurder, geen hindernis",Buiten Kruispunt,Gemeenteweg,binnen bebouwde kom,"Eén bestuurder, geen hindernis (incl. val)",Geen hindernis
20206,140,Hasselt ring,Hasselt,50.9300038,5.3438616,0.6870426076119012,50.92468982108866,5.338860059551976,2020,6,13,71022,Hasselt,Normaal,Droog,Dag,met lichtgewonden,9,personenauto,3,Fiets,Op Kruispunt,Gewestweg,binnen bebouwde kom,Tss. 2 best.: langs opzij (voor-/achterkant-flank),Geen hindernis
20209,138,Hasselt-Kempische brug,Hasselt,50.9405318,5.3422472,0.2968178289010348,50.938022940785686,5.340800525248921,2020,6,8,71022,Hasselt,Normaal,Droog,Dag,met lichtgewonden,3,Fiets,9,personenauto,Op Kruispunt,Gewestweg,binnen bebouwde kom,Tussen 2 bestuurders: Flank tegen flank,Geen hindernis
20209,137,Hasselt-Kempische brug,Hasselt,50.9411605,5.3417576,0.355267285819521,50.938022940785686,5.340800525248921,2020,6,8,71022,Hasselt,Normaal,Droog,Dag,met lichtgewonden,3,Fiets,9,personenauto,Op Kruispunt,Gewestweg,binnen bebouwde kom,Tussen 2 bestuurders: Flank tegen flank,Geen hindernis
20209,140,Hasselt ring,Hasselt,50.9300038,5.3438616,0.9171268411276111,50.938022940785686,5.340800525248921,2020,6,8,71022,Hasselt,Normaal,Droog,Dag,met lichtgewonden,3,Fiets,9,personenauto,Op Kruispunt,Gewestweg,binnen bebouwde kom,Tussen 2 bestuurders: Flank tegen flank,Geen hindernis
20224,48,As,As,51.00509,5.60389,0.09798457313495114,51.00589187982509,5.603309351147492,2020,5,17,71002,As,Normaal,Droog,Dag,met lichtgewonden,9,personenauto,3,Fiets,Op Kruispunt,Gewestweg,buiten bebouwde kom,Tss. 2 best.: langs opzij (voor-/achterkant-flank),Geen hindernis
20226,14,Genk,Genk,50.97172,5.48927,0.9539588637920804,50.96411748678443,5.482957402154972,2020,6,8,71016,Genk,Normaal,Droog,Dag,met lichtgewonden,9,personenauto,3,Fiets,Op Kruispunt,Gewestweg,binnen bebouwde kom,Tss. 2 best.: langs opzij (voor-/achterkant-flank),Geen hindernis
20339,8,Heist op den Berg 1,Heist-op-den-Berg,51.06759,4.68823,0.8154363513465884,51.06215010868215,4.680404347726234,2020,7,7,12029,Putte,Normaal,Droog,Dag,met lichtgewonden,3,Fiets,9,personenauto,Op Kruispunt,Gemeenteweg,buiten bebouwde kom,Tss. 2 best.: langs opzij (voor-/achterkant-flank),Geen hindernis
20385,28,Heers,Heers,50.75488,5.30314,0.3510569607975182,50.75178722502491,5.30213755370065,2020,7,18,73022,Heers,Normaal,Droog,Dag,met lichtgewonden,3,Fiets,9,personenauto,Buiten Kruispunt,Gemeenteweg,binnen bebouwde kom,Tussen 2 bestuurders: Flank tegen flank,Geen hindernis
20385,34,Heers teller 1,Heers,50.75486,5.3033,0.351326856809664,50.75178722502491,5.30213755370065,2020,7,18,73022,Heers,Normaal,Droog,Dag,met lichtgewonden,3,Fiets,9,personenauto,Buiten Kruispunt,Gemeenteweg,binnen bebouwde kom,Tussen 2 bestuurders: Flank tegen flank,Geen hindernis
20396,151,Leuven,District Leuven,50.8690262,4.6854839,0.5301273893970647,50.86963523737816,4.692976461417668,2020,7,13,24062,Leuven,Normaal,Droog,Dag,met lichtgewonden,3,Fiets,10,"één bestuurder, geen hindernis",Buiten Kruispunt,Gewestweg,binnen bebouwde kom,"Eén bestuurder, geen hindernis (incl. val)",Geen hindernis
20400,107,leuven totem,Leuven,50.8870744,4.7087919,0.7057917411398302,50.887719685101985,4.718801390272628,2020,7,12,24062,Leuven,Normaal,Droog,Dag,met lichtgewonden,3,Fiets,3,Fiets,Op Kruispunt,Gemeenteweg,binnen bebouwde kom,Tussen 2 bestuurders: Frontale botsing,Geen hindernis
20400,77,Leuven teller 2,Leuven,50.88672,4.70796,0.7685742190282476,50.887719685101985,4.718801390272628,2020,7,12,24062,Leuven,Normaal,Droog,Dag,met lichtgewonden,3,Fiets,3,Fiets,Op Kruispunt,Gemeenteweg,binnen bebouwde kom,Tussen 2 bestuurders: Frontale botsing,Geen hindernis
20408,77,Leuven teller 2,Leuven,50.88672,4.70796,0.9077776041226127,50.87951938489793,4.701862400497542,2020,7,11,24062,Leuven,Normaal,Droog,Dag,met lichtgewonden,3,Fiets,10,"één bestuurder, geen hindernis",Op Kruispunt,Gemeenteweg,binnen bebouwde kom,"Eén bestuurder, geen hindernis (incl. val)",Geen hindernis
20408,107,leuven totem,Leuven,50.8870744,4.7087919,0.9705934776637201,50.87951938489793,4.701862400497542,2020,7,11,24062,Leuven,Normaal,Droog,Dag,met lichtgewonden,3,Fiets,10,"één bestuurder, geen hindernis",Op Kruispunt,Gemeenteweg,binnen bebouwde kom,"Eén bestuurder, geen hindernis (incl. val)",Geen hindernis
20409,151,Leuven,District Leuven,50.8690262,4.6854839,0.8898529691308384,50.86814650434026,4.698087492795958,2020,7,14,24062,Leuven,Normaal,Droog,Dag,met lichtgewonden,3,Fiets,9,personenauto,Buiten Kruispunt,Gewestweg,binnen bebouwde kom,Tss. 2 best.: langs opzij (voor-/achterkant-flank),Geen hindernis
20410,69,Leuven teller 1,Leuven,50.87549,4.71526,0.886106954873338,50.87104529189498,4.725741597098824,2020,7,17,24062,Leuven,Normaal,Droog,Dag,met lichtgewonden,3,Fiets,99,onbekend,Op Kruispunt,Gewestweg,binnen bebouwde kom,Tss. 2 best.: langs opzij (voor-/achterkant-flank),Geen hindernis
20421,101,Diest teller 1,Diest,50.97799,5.04481,0.7320278820897361,50.98214024402368,5.052926852132287,2020,7,11,24020,Diest,Normaal,Droog,Dag,met lichtgewonden,9,personenauto,3,Fiets,Buiten Kruispunt,Gemeenteweg,binnen bebouwde kom,Tss. 2 best.: langs opzij (voor-/achterkant-flank),Geen hindernis
20421,102,Diest teller 2,Diest,50.9779,5.04474,0.7421560672552353,50.98214024402368,5.052926852132287,2020,7,11,24020,Diest,Normaal,Droog,Dag,met lichtgewonden,9,personenauto,3,Fiets,Buiten Kruispunt,Gemeenteweg,binnen bebouwde kom,Tss. 2 best.: langs opzij (voor-/achterkant-flank),Geen hindernis
20437,111,Zaventem totem,Zaventem,50.8871216,4.4597084,0.9726561099621857,50.88196574013096,4.448507800212943,2020,7,19,23047,Machelen,Normaal,Droog,Dag,met lichtgewonden,3,Fiets,3,Fiets,Op Kruispunt,Gemeenteweg,buiten bebouwde kom,Tussen 2 bestuurders: Frontale botsing,Geen hindernis
20444,118,Gent teller 1,Gent,51.028049,3.7681359,0.8668897217321923,51.03283213162424,3.758346862244396,2020,8,14,44021,Gent,Normaal,Proper,Dag,met lichtgewonden,9,personenauto,3,Fiets,Op Kruispunt,Gewestweg,binnen bebouwde kom,Tss. 2 best.: langs opzij (voor-/achterkant-flank),Geen hindernis
20444,119,Gent teller 2,Gent,51.0281795,3.7683918,0.8724062305599168,51.03283213162424,3.758346862244396,2020,8,14,44021,Gent,Normaal,Proper,Dag,met lichtgewonden,9,personenauto,3,Fiets,Op Kruispunt,Gewestweg,binnen bebouwde kom,Tss. 2 best.: langs opzij (voor-/achterkant-flank),Geen hindernis
20471,118,Gent teller 1,Gent,51.028049,3.7681359,0.10589415307651229,51.02863328255395,3.7669401869378754,2020,7,14,44021,Gent,Normaal,Droog,Dag,met lichtgewonden,3,Fiets,9,personenauto,Buiten Kruispunt,Gewestweg,buiten bebouwde kom,Tss. 2 best.: langs opzij (voor-/achterkant-flank),Geen hindernis
20471,119,Gent teller 2,Gent,51.0281795,3.7683918,0.11336612329775353,51.02863328255395,3.7669401869378754,2020,7,14,44021,Gent,Normaal,Droog,Dag,met lichtgewonden,3,Fiets,9,personenauto,Buiten Kruispunt,Gewestweg,buiten bebouwde kom,Tss. 2 best.: langs opzij (voor-/achterkant-flank),Geen hindernis
20546,126,Hamme totem,Hamme,51.1017709,4.1469307,0.7932892862426301,51.101025401420465,4.1356316615007085,2020,7,14,42008,Hamme,Normaal,Droog,Dag,met lichtgewonden,9,personenauto,3,Fiets,Buiten Kruispunt,Gemeenteweg,binnen bebouwde kom,Tussen 2 bestuurders: Flank tegen flank,Geen hindernis
20554,129,Lokeren teller 2,Lokeren,51.09612,3.97025,0.708583113714235,51.090044256698704,3.9671900731091454,2020,7,19,46014,Lokeren,Normaal,Droog,Dag,met lichtgewonden,3,Fiets,9,personenauto,Buiten Kruispunt,Gemeenteweg,buiten bebouwde kom,Tussen 2 bestuurders: Langs achteren,Geen hindernis
20554,128,Lokeren teller 1,Lokeren,51.09644,3.97023,0.7421853863434102,51.090044256698704,3.9671900731091454,2020,7,19,46014,Lokeren,Normaal,Droog,Dag,met lichtgewonden,3,Fiets,9,personenauto,Buiten Kruispunt,Gemeenteweg,buiten bebouwde kom,Tussen 2 bestuurders: Langs achteren,Geen hindernis
20566,10,Aalst 2,Aalst,50.93549,4.01571,0.8389165293649731,50.939821842573956,4.025512205354549,2020,8,15,41002,Aalst,Normaal,Droog,Dag,met lichtgewonden,9,personenauto,3,Fiets,Op Kruispunt,Gemeenteweg,binnen bebouwde kom,Tss. 2 best.: langs opzij (voor-/achterkant-flank),Geen hindernis
20566,11,Aalst 3,Aalst,50.93385,4.01647,0.9178280442027918,50.939821842573956,4.025512205354549,2020,8,15,41002,Aalst,Normaal,Droog,Dag,met lichtgewonden,9,personenauto,3,Fiets,Op Kruispunt,Gemeenteweg,binnen bebouwde kom,Tss. 2 best.: langs opzij (voor-/achterkant-flank),Geen hindernis
20566,19,Aalst 1,Aalst,50.93433,4.01471,0.9725531354489314,50.939821842573956,4.025512205354549,2020,8,15,41002,Aalst,Normaal,Droog,Dag,met lichtgewonden,9,personenauto,3,Fiets,Op Kruispunt,Gemeenteweg,binnen bebouwde kom,Tss. 2 best.: langs opzij (voor-/achterkant-flank),Geen hindernis
20572,125,Dendermonde totem,Dendermonde,51.0372706,4.1025998,0.6533961422277966,51.03289030099231,4.108828487845802,2020,7,9,42006,Dendermonde,Regenval,"Nat, plassen",Dag,met lichtgewonden,9,personenauto,3,Fiets,Op Kruispunt,Gewestweg,binnen bebouwde kom,Tussen 2 bestuurders: Flank tegen flank,Geen hindernis
20572,122,Dendermonde teller 2,Dendermonde,51.0373918,4.1019222,0.6955233863418621,51.03289030099231,4.108828487845802,2020,7,9,42006,Dendermonde,Regenval,"Nat, plassen",Dag,met lichtgewonden,9,personenauto,3,Fiets,Op Kruispunt,Gewestweg,binnen bebouwde kom,Tussen 2 bestuurders: Flank tegen flank,Geen hindernis
20583,142,TEST Validatie BRUGGE Y2H22022134,Brugge,51.22632,3.24095,0.8323359896583601,51.230390938666524,3.250980989852171,2020,7,9,31005,Brugge,Normaal,Droog,Dag,met zwaargewonden,9,personenauto,3,Fiets,Buiten Kruispunt,Gewestweg,binnen bebouwde kom,Tss. 2 best.: langs opzij (voor-/achterkant-flank),Geen hindernis
20583,52,Brugge,Brugge,51.22632,3.24095,0.8323359896583601,51.230390938666524,3.250980989852171,2020,7,9,31005,Brugge,Normaal,Droog,Dag,met zwaargewonden,9,personenauto,3,Fiets,Buiten Kruispunt,Gewestweg,binnen bebouwde kom,Tss. 2 best.: langs opzij (voor-/achterkant-flank),Geen hindernis
20614,15,Oostende 2,Oostende,51.21371,2.92743,0.46718696413272137,51.21673529861274,2.9227755625871312,2020,7,12,35013,Oostende,Normaal,Droog,Dag,met lichtgewonden,9,personenauto,3,Fiets,Buiten Kruispunt,Gemeenteweg,binnen bebouwde kom,Tss. 2 best.: langs opzij (voor-/achterkant-flank),Geen hindernis
20614,18,Oostende 1,Oostende,51.21378,2.92765,0.47250137936646097,51.21673529861274,2.9227755625871312,2020,7,12,35013,Oostende,Normaal,Droog,Dag,met lichtgewonden,9,personenauto,3,Fiets,Buiten Kruispunt,Gemeenteweg,binnen bebouwde kom,Tss. 2 best.: langs opzij (voor-/achterkant-flank),Geen hindernis
20645,143,Eco Display Classic Budastraat,Kortrijk,50.83066,3.26286,0.8780044781662869,50.82475387966233,3.271156925957162,2020,7,22,34022,Kortrijk,Regenval,"Nat, plassen","Nacht, openbare verlichting aanwezig en ontstoken",met lichtgewonden,3,Fiets,9,personenauto,Op Kruispunt,Gemeenteweg,binnen bebouwde kom,Tussen 2 bestuurders: Flank tegen flank,Geen hindernis
20647,143,Eco Display Classic Budastraat,Kortrijk,50.83066,3.26286,0.5695085343764368,50.82952885410736,3.254951406036325,2020,7,19,34022,Kortrijk,Normaal,Droog,Dag,met lichtgewonden,3,Fiets,3,Fiets,Op Kruispunt,Gemeenteweg,binnen bebouwde kom,Tussen 2 bestuurders: Langs achteren,Geen hindernis
20648,143,Eco Display Classic Budastraat,Kortrijk,50.83066,3.26286,0.05876149161551621,50.830352733896405,3.2635407043818874,2020,7,14,34022,Kortrijk,Normaal,Droog,Dag,met lichtgewonden,3,Fiets,3,Fiets,Buiten Kruispunt,Gemeenteweg,binnen bebouwde kom,Tussen 2 bestuurders: Flank tegen flank,Geen hindernis
20664,64,Nieuwpoort teller 1,Nieuwpoort,51.13359,2.75737,0.25894924959451154,51.13260528795738,2.7607330402838444,2020,7,16,38016,Nieuwpoort,Normaal,Droog,Dag,met lichtgewonden,3,Fiets,8,Voetganger,Buiten Kruispunt,Gewestweg,buiten bebouwde kom,Met een voetganger,Geen hindernis
20664,65,Nieuwpoort teller 2,Nieuwpoort,51.13435,2.75511,0.4376952218821534,51.13260528795738,2.7607330402838444,2020,7,16,38016,Nieuwpoort,Normaal,Droog,Dag,met lichtgewonden,3,Fiets,8,Voetganger,Buiten Kruispunt,Gewestweg,buiten bebouwde kom,Met een voetganger,Geen hindernis
20705,140,Hasselt ring,Hasselt,50.9300038,5.3438616,0.5426310745931915,50.926182496165474,5.339046187719674,2020,7,21,71022,Hasselt,Normaal,Droog,Dageraad - schemering,met lichtgewonden,9,personenauto,3,Fiets,Op Kruispunt,Gemeenteweg,binnen bebouwde kom,Tss. 2 best.: langs opzij (voor-/achterkant-flank),Geen hindernis
20708,140,Hasselt ring,Hasselt,50.9300038,5.3438616,0.22850358029170129,50.93196530911842,5.344833786003291,2020,7,11,71022,Hasselt,Normaal,Droog,Dag,met lichtgewonden,3,Fiets,9,personenauto,Op Kruispunt,Gewestweg,binnen bebouwde kom,Tss. 2 best.: langs opzij (voor-/achterkant-flank),Geen hindernis
20708,138,Hasselt-Kempische brug,Hasselt,50.9405318,5.3422472,0.969641143822413,50.93196530911842,5.344833786003291,2020,7,11,71022,Hasselt,Normaal,Droog,Dag,met lichtgewonden,3,Fiets,9,personenauto,Op Kruispunt,Gewestweg,binnen bebouwde kom,Tss. 2 best.: langs opzij (voor-/achterkant-flank),Geen hindernis
20709,138,Hasselt-Kempische brug,Hasselt,50.9405318,5.3422472,0.16912559892755244,50.93922811728071,5.341003888977634,2020,7,15,71022,Hasselt,Normaal,Droog,Dag,met lichtgewonden,3,Fiets,3,Fiets,Buiten Kruispunt,Gewestweg,binnen bebouwde kom,Tss. 2 best.: langs opzij (voor-/achterkant-flank),Geen hindernis
20709,137,Hasselt-Kempische brug,Hasselt,50.9411605,5.3417576,0.22126583413243234,50.93922811728071,5.341003888977634,2020,7,15,71022,Hasselt,Normaal,Droog,Dag,met lichtgewonden,3,Fiets,3,Fiets,Buiten Kruispunt,Gewestweg,binnen bebouwde kom,Tss. 2 best.: langs opzij (voor-/achterkant-flank),Geen hindernis
20712,137,Hasselt-Kempische brug,Hasselt,50.9411605,5.3417576,0.5130402209130027,50.94459122847532,5.346653888571661,2020,7,18,71022,Hasselt,Normaal,Droog+Proper,Dag,met lichtgewonden,5,Lichte vrachtauto,3,Fiets,Op Kruispunt,Gemeenteweg,binnen bebouwde kom,Tss. 2 best.: langs opzij (voor-/achterkant-flank),Geen hindernis
20712,138,Hasselt-Kempische brug,Hasselt,50.9405318,5.3422472,0.546879540252465,50.94459122847532,5.346653888571661,2020,7,18,71022,Hasselt,Normaal,Droog+Proper,Dag,met lichtgewonden,5,Lichte vrachtauto,3,Fiets,Op Kruispunt,Gemeenteweg,binnen bebouwde kom,Tss. 2 best.: langs opzij (voor-/achterkant-flank),Geen hindernis
20713,137,Hasselt-Kempische brug,Hasselt,50.9411605,5.3417576,0.45641004352259085,50.943638010356864,5.3469513008354,2020,7,22,71022,Hasselt,Normaal,Droog,"Nacht, openbare verlichting aanwezig en ontstoken",met lichtgewonden,9,personenauto,3,Fiets,Op Kruispunt,Gewestweg,buiten bebouwde kom,Tss. 2 best.: langs opzij (voor-/achterkant-flank),Geen hindernis
20713,138,Hasselt-Kempische brug,Hasselt,50.9405318,5.3422472,0.4774176558695029,50.943638010356864,5.3469513008354,2020,7,22,71022,Hasselt,Normaal,Droog,"Nacht, openbare verlichting aanwezig en ontstoken",met lichtgewonden,9,personenauto,3,Fiets,Op Kruispunt,Gewestweg,buiten bebouwde kom,Tss. 2 best.: langs opzij (voor-/achterkant-flank),Geen hindernis
20728,25,Bree,Bree,51.13679500160176,5.597669323604317,0.5286202736482652,51.13494228217687,5.604646672931727,2020,7,16,72004,Bree,Normaal,Droog,Dag,met lichtgewonden,2,Andere weggebruiker,3,Fiets,Buiten Kruispunt,Gemeenteweg,buiten bebouwde kom,Tussen 2 bestuurders: Flank tegen flank,Geen hindernis
20733,14,Genk,Genk,50.97172,5.48927,0.859210728602274,50.966338017228985,5.480465527001272,2020,7,15,71016,Genk,Regenval,"Nat, plassen",Dag,met lichtgewonden,3,Fiets,10,"één bestuurder, geen hindernis",Op Kruispunt,Gewestweg,buiten bebouwde kom,"Eén bestuurder, geen hindernis (incl. val)",Geen hindernis
20736,14,Genk,Genk,50.97172,5.48927,0.8043518279178097,50.97687756650004,5.481214835469611,2020,7,14,71016,Genk,Normaal,Droog,Dag,met lichtgewonden,3,Fiets,11,een weggebruiker tegen een hindernis,Buiten Kruispunt,Gemeenteweg,buiten bebouwde kom,Weggebruiker tegen hindernis buiten rijbaan,Andere hindernis
20739,14,Genk,Genk,50.97172,5.48927,0.9855950898551145,50.9634501022544,5.494334757499451,2020,7,18,71016,Genk,Normaal,Droog,Dag,met lichtgewonden,3,Fiets,10,"één bestuurder, geen hindernis",Buiten Kruispunt,Gewestweg,binnen bebouwde kom,"Eén bestuurder, geen hindernis (incl. val)",Geen hindernis
20741,49,Bokrijk,Genk,50.95264,5.41001,0.09790556396503317,50.95220095928699,5.408798479754058,2020,8,11,71016,Genk,Normaal,Droog,Dag,met lichtgewonden,3,Fiets,3,Fiets,Op Kruispunt,Gewestweg,buiten bebouwde kom,Tussen 2 bestuurders: Frontale botsing,Geen hindernis
20742,14,Genk,Genk,50.97172,5.48927,0.8139890845226188,50.978982955731055,5.490723358122439,2020,8,19,71016,Genk,Normaal,Droog,Dag,met lichtgewonden,3,Fiets,8,Voetganger,Buiten Kruispunt,Gemeenteweg,buiten bebouwde kom,Met een voetganger,Geen hindernis
20744,119,Gent teller 2,Gent,51.0281795,3.7683918,0.22103543106564946,51.02659585514767,3.770302059232156,2020,7,16,44021,Gent,Onbekend,Droog,Dag,met lichtgewonden,3,Fiets,8,Voetganger,Op Kruispunt,Gewestweg,buiten bebouwde kom,Met een voetganger,Geen hindernis
20744,118,Gent teller 1,Gent,51.028049,3.7681359,0.22149231232151248,51.02659585514767,3.770302059232156,2020,7,16,44021,Gent,Onbekend,Droog,Dag,met lichtgewonden,3,Fiets,8,Voetganger,Op Kruispunt,Gewestweg,buiten bebouwde kom,Met een voetganger,Geen hindernis
20848,2,Brasschaat 2,Brasschaat,51.27512,4.47169,0.9958939208173145,51.27100765178143,4.458972221662877,2020,9,12,11002,Antwerpen,Normaal,Droog,Dag,met lichtgewonden,6,Bromfiets,3,Fiets,Buiten Kruispunt,Gewestweg,binnen bebouwde kom,Tussen 2 bestuurders: Frontale botsing,Geen hindernis
20943,2,Brasschaat 2,Brasschaat,51.27512,4.47169,0.5236650417567879,51.27389729808491,4.464420156623982,2020,9,17,11008,Brasschaat,Normaal,Droog,Dag,met lichtgewonden,3,Fiets,9,personenauto,Op Kruispunt,Gemeenteweg,binnen bebouwde kom,Tss. 2 best.: langs opzij (voor-/achterkant-flank),Geen hindernis
20943,3,Brasschaat 1,Brasschaat,51.27503,4.47222,0.557003408192626,51.27389729808491,4.464420156623982,2020,9,17,11008,Brasschaat,Normaal,Droog,Dag,met lichtgewonden,3,Fiets,9,personenauto,Op Kruispunt,Gemeenteweg,binnen bebouwde kom,Tss. 2 best.: langs opzij (voor-/achterkant-flank),Geen hindernis
21000,9,Heist op den Berg 2,Heist-op-den-Berg,51.06904,4.69524,0.3322835313038679,51.07199393758735,4.695959102177278,2020,8,15,12014,Heist-op-den-Berg,Onbekend,Onbekend,Dag,met lichtgewonden,3,Fiets,11,een weggebruiker tegen een hindernis,Buiten Kruispunt,Gemeenteweg,onbekend,Weggebruiker tegen hindernis op de rijbaan,Op de rijbaan: Dier (wild dier)
21000,8,Heist op den Berg 1,Heist-op-den-Berg,51.06759,4.68823,0.729008021660373,51.07199393758735,4.695959102177278,2020,8,15,12014,Heist-op-den-Berg,Onbekend,Onbekend,Dag,met lichtgewonden,3,Fiets,11,een weggebruiker tegen een hindernis,Buiten Kruispunt,Gemeenteweg,onbekend,Weggebruiker tegen hindernis op de rijbaan,Op de rijbaan: Dier (wild dier)
21001,9,Heist op den Berg 2,Heist-op-den-Berg,51.06904,4.69524,0.7809229404827432,51.067519211656695,4.706150949627512,2020,9,20,12014,Heist-op-den-Berg,Normaal,Droog,"Nacht, openbare verlichting aanwezig en ontstoken",met lichtgewonden,9,personenauto,3,Fiets,Buiten Kruispunt,Gemeenteweg,buiten bebouwde kom,Tussen 2 bestuurders: Frontale botsing,Geen hindernis
21071,45,Pelt teller 1,Pelt,51.23127,5.44377,0.890831158433003,51.233401851615135,5.43143682945004,2020,8,19,72043,Pelt,Normaal,Droog,Dag,met lichtgewonden,3,Fiets,2,Andere weggebruiker,Buiten Kruispunt,Gemeenteweg,buiten bebouwde kom,Tussen 2 bestuurders: Frontale botsing,Geen hindernis
21071,46,Pelt teller 2,Pelt,51.231,5.44375,0.8979587965401218,51.233401851615135,5.43143682945004,2020,8,19,72043,Pelt,Normaal,Droog,Dag,met lichtgewonden,3,Fiets,2,Andere weggebruiker,Buiten Kruispunt,Gemeenteweg,buiten bebouwde kom,Tussen 2 bestuurders: Frontale botsing,Geen hindernis
21082,45,Pelt teller 1,Pelt,51.23127,5.44377,0.472996040468775,51.234650303189206,5.447893967671195,2020,8,13,72043,Pelt,Normaal,Droog,Dag,met lichtgewonden,3,Fiets,10,"één bestuurder, geen hindernis",Op Kruispunt,Gewestweg,buiten bebouwde kom,"Eén bestuurder, geen hindernis (incl. val)",Geen hindernis
21082,46,Pelt teller 2,Pelt,51.231,5.44375,0.49799404983367823,51.234650303189206,5.447893967671195,2020,8,13,72043,Pelt,Normaal,Droog,Dag,met lichtgewonden,3,Fiets,10,"één bestuurder, geen hindernis",Op Kruispunt,Gewestweg,buiten bebouwde kom,"Eén bestuurder, geen hindernis (incl. val)",Geen hindernis
21083,45,Pelt teller 1,Pelt,51.23127,5.44377,0.2115781572347219,51.23229772560788,5.441212640747074,2020,9,16,72043,Pelt,Normaal,Droog,Dag,met lichtgewonden,3,Fiets,3,Fiets,Buiten Kruispunt,Gemeenteweg,buiten bebouwde kom,Tussen 2 bestuurders: Flank tegen flank,Geen hindernis
21083,46,Pelt teller 2,Pelt,51.231,5.44375,0.22811121395148,51.23229772560788,5.441212640747074,2020,9,16,72043,Pelt,Normaal,Droog,Dag,met lichtgewonden,3,Fiets,3,Fiets,Buiten Kruispunt,Gemeenteweg,buiten bebouwde kom,Tussen 2 bestuurders: Flank tegen flank,Geen hindernis