crash_row_id,site_id,site_name,site_gemeente,site_lat,site_long,distance_km,crash_lat,crash_long,DT_YEAR_COLLISION,DT_MONTH_COLLISION,DT_TIME,CD_NIS,TX_MUNTY_COLLISION_NL,TX_WEATHER_NL,TX_ROAD_CONDITION_NL,TX_LIGHT_CONDITION_NL,TX_CLASS_ACCIDENTS_NL,CD_ROAD_USR_TYPE1,TX_ROAD_USR_TYPE1_NL,CD_ROAD_USR_TYPE2,TX_ROAD_USR_TYPE2_NL,TX_CROSSWAY_NL,CD_ROAD_TYPE_NL,TX_BUILD_UP_AREA_NL,TX_COLLISION_TYPE_NL,TX_OBSTACLES_NL
21115,34,Heers teller 1,Heers,50.75486,5.3033,0.16947976313789306,50.756223498132805,5.304376690334968,2020,9,15,73022,Heers,Normaal,Droog,Dag,dodelijk gewonden,9,personenauto,3,Fiets,Buiten Kruispunt,Gewestweg,buiten bebouwde kom,Tss. 2 best.: langs opzij (voor-/achterkant-flank),Geen hindernis
21115,28,Heers,Heers,50.75488,5.30314,0.17287455442536087,50.756223498132805,5.304376690334968,2020,9,15,73022,Heers,Normaal,Droog,Dag,dodelijk gewonden,9,personenauto,3,Fiets,Buiten Kruispunt,Gewestweg,buiten bebouwde kom,Tss. 2 best.: langs opzij (voor-/achterkant-flank),Geen hindernis
21130,21,Bilzen,Bilzen,50.86015,5.50161,0.46890089092958676,50.86376628861233,5.505046496005556,2020,9,16,73006,Bilzen,Normaal,Droog,Dag,met lichtgewonden,9,personenauto,3,Fiets,Buiten Kruispunt,Gewestweg,buiten bebouwde kom,Tss. 2 best.: langs opzij (voor-/achterkant-flank),Geen hindernis
21140,21,Bilzen,Bilzen,50.86015,5.50161,0.9993759704225705,50.86560701659974,5.490295786217653,2020,8,16,73032,Hoeselt,Normaal,Droog,Dag,met lichtgewonden,3,Fiets,9,personenauto,Buiten Kruispunt,Gemeenteweg,buiten bebouwde kom,Tussen 2 bestuurders: Frontale botsing,Geen hindernis
21143,44,Maaseik teller 2,Maaseik,51.09359,5.79726,0.6072693335596981,51.098967358996916,5.795741142349396,2020,9,8,72021,Maaseik,Normaal,Droog,Dageraad - schemering,met lichtgewonden,3,Fiets,9,personenauto,Op Kruispunt,Gewestweg,buiten bebouwde kom,Tss. 2 best.: langs opzij (voor-/achterkant-flank),Geen hindernis
21143,43,Maaseik teller 1,Maaseik,51.09344,5.79715,0.6224387560244546,51.098967358996916,5.795741142349396,2020,9,8,72021,Maaseik,Normaal,Droog,Dageraad - schemering,met lichtgewonden,3,Fiets,9,personenauto,Op Kruispunt,Gewestweg,buiten bebouwde kom,Tss. 2 best.: langs opzij (voor-/achterkant-flank),Geen hindernis
21144,43,Maaseik teller 1,Maaseik,51.09344,5.79715,0.47947579375533117,51.094252507339384,5.790407207764753,2020,9,16,72021,Maaseik,Normaal,Droog,Dag,met lichtgewonden,3,Fiets,3,Fiets,Op Kruispunt,Gemeenteweg,binnen bebouwde kom,Tss. 2 best.: langs opzij (voor-/achterkant-flank),Geen hindernis
21144,44,Maaseik teller 2,Maaseik,51.09359,5.79726,0.48420481449732106,51.094252507339384,5.790407207764753,2020,9,16,72021,Maaseik,Normaal,Droog,Dag,met lichtgewonden,3,Fiets,3,Fiets,Op Kruispunt,Gemeenteweg,binnen bebouwde kom,Tss. 2 best.: langs opzij (voor-/achterkant-flank),Geen hindernis
21146,151,Leuven,District Leuven,50.8690262,4.6854839,0.7041569242446394,50.869617751058264,4.695474445177423,2020,9,17,24062,Leuven,Regenval,"Nat, plassen",Dag,met lichtgewonden,9,personenauto,3,Fiets,Buiten Kruispunt,Gewestweg,binnen bebouwde kom,Tussen 2 bestuurders: Flank tegen flank,Geen hindernis
21147,69,Leuven teller 1,Leuven,50.87549,4.71526,0.49957026450022995,50.879975302607825,4.7156696231987345,2020,9,17,24062,Leuven,Normaal,Droog,Dag,met lichtgewonden,3,Fiets,3,Fiets,Buiten Kruispunt,Gemeenteweg,binnen bebouwde kom,Tussen 2 bestuurders: Frontale botsing,Geen hindernis
21147,77,Leuven teller 2,Leuven,50.88672,4.70796,0.9246548554461691,50.879975302607825,4.7156696231987345,2020,9,17,24062,Leuven,Normaal,Droog,Dag,met lichtgewonden,3,Fiets,3,Fiets,Buiten Kruispunt,Gemeenteweg,binnen bebouwde kom,Tussen 2 bestuurders: Frontale botsing,Geen hindernis
21147,107,leuven totem,Leuven,50.8870744,4.7087919,0.9251617751699336,50.879975302607825,4.7156696231987345,2020,9,17,24062,Leuven,Normaal,Droog,Dag,met lichtgewonden,3,Fiets,3,Fiets,Buiten Kruispunt,Gemeenteweg,binnen bebouwde kom,Tussen 2 bestuurders: Frontale botsing,Geen hindernis
21148,77,Leuven teller 2,Leuven,50.88672,4.70796,0.9537406939960403,50.881131257032145,4.697646885063479,2020,9,13,24062,Leuven,Normaal,Droog,Dag,met lichtgewonden,3,Fiets,10,"één bestuurder, geen hindernis",Op Kruispunt,Gemeenteweg,binnen bebouwde kom,"Eén bestuurder, geen hindernis (incl. val)",Geen hindernis
21153,151,Leuven,District Leuven,50.8690262,4.6854839,0.825747577965413,50.8657678484702,4.696057398163419,2020,8,11,24062,Leuven,Normaal,Droog,Dag,met lichtgewonden,3,Fiets,3,Fiets,Buiten Kruispunt,Gewestweg,binnen bebouwde kom,Tss. 2 best.: langs opzij (voor-/achterkant-flank),Geen hindernis
21154,107,leuven totem,Leuven,50.8870744,4.7087919,0.9582267277103661,50.88735195258735,4.722445039471975,2020,8,9,24062,Leuven,Normaal,Droog,Dag,met lichtgewonden,9,personenauto,3,Fiets,Buiten Kruispunt,Gemeenteweg,binnen bebouwde kom,Tussen 2 bestuurders: Flank tegen flank,Geen hindernis
21155,69,Leuven teller 1,Leuven,50.87549,4.71526,0.9100224762719821,50.87096762315638,4.726069214558723,2020,8,8,24062,Leuven,Normaal,Droog,Dag,met lichtgewonden,9,personenauto,3,Fiets,Buiten Kruispunt,Gewestweg,buiten bebouwde kom,Tss. 2 best.: langs opzij (voor-/achterkant-flank),Geen hindernis
21156,69,Leuven teller 1,Leuven,50.87549,4.71526,0.8692440233396654,50.870229852714886,4.724423904762905,2020,8,17,24062,Leuven,Normaal,Droog,Dag,met lichtgewonden,9,personenauto,3,Fiets,Buiten Kruispunt,Gemeenteweg,buiten bebouwde kom,Tss. 2 best.: langs opzij (voor-/achterkant-flank),Geen hindernis
21161,77,Leuven teller 2,Leuven,50.88672,4.70796,0.9770423283777939,50.879135579637584,4.700927871137181,2020,9,18,24062,Leuven,Normaal,"Nat, plassen",Dageraad - schemering,met lichtgewonden,3,Fiets,10,"één bestuurder, geen hindernis",Op Kruispunt,Gemeenteweg,binnen bebouwde kom,"Eén bestuurder, geen hindernis (incl. val)",Geen hindernis
21163,77,Leuven teller 2,Leuven,50.88672,4.70796,0.9749925458243621,50.87962395424537,4.69979602189703,2020,10,1,24062,Leuven,Onbekend,Droog,"Nacht, openbare verlichting aanwezig en ontstoken",met lichtgewonden,3,Fiets,10,"één bestuurder, geen hindernis",Buiten Kruispunt,Gemeenteweg,binnen bebouwde kom,"Eén bestuurder, geen hindernis (incl. val)",Geen hindernis
21164,69,Leuven teller 1,Leuven,50.87549,4.71526,0.7419429319500124,50.87996472989993,4.707415681214298,2020,10,16,24062,Leuven,Regenval,"Nat, plassen",Dag,met zwaargewonden,3,Fiets,3,Fiets,Buiten Kruispunt,Gemeenteweg,binnen bebouwde kom,Tussen 2 bestuurders: Flank tegen flank,Geen hindernis
21164,77,Leuven teller 2,Leuven,50.88672,4.70796,0.7521217405385358,50.87996472989993,4.707415681214298,2020,10,16,24062,Leuven,Regenval,"Nat, plassen",Dag,met zwaargewonden,3,Fiets,3,Fiets,Buiten Kruispunt,Gemeenteweg,binnen bebouwde kom,Tussen 2 bestuurders: Flank tegen flank,Geen hindernis
21164,107,leuven totem,Leuven,50.8870744,4.7087919,0.7964326492825121,50.87996472989993,4.707415681214298,2020,10,16,24062,Leuven,Regenval,"Nat, plassen",Dag,met zwaargewonden,3,Fiets,3,Fiets,Buiten Kruispunt,Gemeenteweg,binnen bebouwde kom,Tussen 2 bestuurders: Flank tegen flank,Geen hindernis
21165,69,Leuven teller 1,Leuven,50.87549,4.71526,0.6452649248251137,50.88129250517704,4.7153809343668,2020,9,17,24062,Leuven,Normaal,Droog,Dag,met lichtgewonden,3,Fiets,8,Voetganger,Buiten Kruispunt,Gewestweg,binnen bebouwde kom,Met een voetganger,Geen hindernis
21165,107,leuven totem,Leuven,50.8870744,4.7087919,0.7918342938639206,50.88129250517704,4.7153809343668,2020,9,17,24062,Leuven,Normaal,Droog,Dag,met lichtgewonden,3,Fiets,8,Voetganger,Buiten Kruispunt,Gewestweg,binnen bebouwde kom,Met een voetganger,Geen hindernis
21165,77,Leuven teller 2,Leuven,50.88672,4.70796,0.7970206604167503,50.88129250517704,4.7153809343668,2020,9,17,24062,Leuven,Normaal,Droog,Dag,met lichtgewonden,3,Fiets,8,Voetganger,Buiten Kruispunt,Gewestweg,binnen bebouwde kom,Met een voetganger,Geen hindernis
21166,107,leuven totem,Leuven,50.8870744,4.7087919,0.6409030120088144,50.882545400502686,4.7144427432326275,2020,8,20,24062,Leuven,Normaal,Droog,Dag,met zwaargewonden,3,Fiets,3,Fiets,Op Kruispunt,Gewestweg,binnen bebouwde kom,Tussen 2 bestuurders: Langs achteren,Geen hindernis
21166,77,Leuven teller 2,Leuven,50.88672,4.70796,0.6498411088296362,50.882545400502686,4.7144427432326275,2020,8,20,24062,Leuven,Normaal,Droog,Dag,met zwaargewonden,3,Fiets,3,Fiets,Op Kruispunt,Gewestweg,binnen bebouwde kom,Tussen 2 bestuurders: Langs achteren,Geen hindernis
21166,69,Leuven teller 1,Leuven,50.87549,4.71526,0.7866172879960565,50.882545400502686,4.7144427432326275,2020,8,20,24062,Leuven,Normaal,Droog,Dag,met zwaargewonden,3,Fiets,3,Fiets,Op Kruispunt,Gewestweg,binnen bebouwde kom,Tussen 2 bestuurders: Langs achteren,Geen hindernis
21167,69,Leuven teller 1,Leuven,50.87549,4.71526,0.6054629393884686,50.8719582938791,4.721827594643882,2020,8,14,24062,Leuven,Onbekend,Onbekend,Dag,met lichtgewonden,6,Bromfiets,3,Fiets,Buiten Kruispunt,Gewestweg,binnen bebouwde kom,Tussen 2 bestuurders: Frontale botsing,Geen hindernis
21168,77,Leuven teller 2,Leuven,50.88672,4.70796,0.8955554630716077,50.879588436062335,4.702027997578328,2020,8,8,24062,Leuven,Normaal,Droog,Dag,met lichtgewonden,3,Fiets,8,Voetganger,Buiten Kruispunt,Gemeenteweg,binnen bebouwde kom,Met een voetganger,Geen hindernis
21168,107,leuven totem,Leuven,50.8870744,4.7087919,0.9581492529412681,50.879588436062335,4.702027997578328,2020,8,8,24062,Leuven,Normaal,Droog,Dag,met lichtgewonden,3,Fiets,8,Voetganger,Buiten Kruispunt,Gemeenteweg,binnen bebouwde kom,Met een voetganger,Geen hindernis
21170,107,leuven totem,Leuven,50.8870744,4.7087919,0.6403667336778545,50.88250424535215,4.71434631323461,2020,8,1,24062,Leuven,Normaal,Droog,"Nacht, openbare verlichting aanwezig en ontstoken",met lichtgewonden,3,Fiets,10,"één bestuurder, geen hindernis",Buiten Kruispunt,Gemeenteweg,binnen bebouwde kom,"Eén bestuurder, geen hindernis (incl. val)",Geen hindernis
21170,77,Leuven teller 2,Leuven,50.88672,4.70796,0.6484258794866388,50.88250424535215,4.71434631323461,2020,8,1,24062,Leuven,Normaal,Droog,"Nacht, openbare verlichting aanwezig en ontstoken",met lichtgewonden,3,Fiets,10,"één bestuurder, geen hindernis",Buiten Kruispunt,Gemeenteweg,binnen bebouwde kom,"Eén bestuurder, geen hindernis (incl. val)",Geen hindernis
21170,69,Leuven teller 1,Leuven,50.87549,4.71526,0.7825784086462205,50.88250424535215,4.71434631323461,2020,8,1,24062,Leuven,Normaal,Droog,"Nacht, openbare verlichting aanwezig en ontstoken",met lichtgewonden,3,Fiets,10,"één bestuurder, geen hindernis",Buiten Kruispunt,Gemeenteweg,binnen bebouwde kom,"Eén bestuurder, geen hindernis (incl. val)",Geen hindernis
21171,77,Leuven teller 2,Leuven,50.88672,4.70796,0.35694674606296234,50.88353801811847,4.707288009210902,2020,8,19,24062,Leuven,Normaal,Droog,Dag,met lichtgewonden,9,personenauto,3,Fiets,Buiten Kruispunt,Gemeenteweg,binnen bebouwde kom,Tss. 2 best.: langs opzij (voor-/achterkant-flank),Geen hindernis
21171,107,leuven totem,Leuven,50.8870744,4.7087919,0.40713374051809187,50.88353801811847,4.707288009210902,2020,8,19,24062,Leuven,Normaal,Droog,Dag,met lichtgewonden,9,personenauto,3,Fiets,Buiten Kruispunt,Gemeenteweg,binnen bebouwde kom,Tss. 2 best.: langs opzij (voor-/achterkant-flank),Geen hindernis
21173,77,Leuven teller 2,Leuven,50.88672,4.70796,0.7405472214806704,50.88525486274919,4.697661860166786,2020,9,11,24062,Leuven,Regenval,"Nat, plassen",Dag,met lichtgewonden,3,Fiets,10,"één bestuurder, geen hindernis",Buiten Kruispunt,Gemeenteweg,binnen bebouwde kom,"Eén bestuurder, geen hindernis (incl. val)",Geen hindernis
21173,107,leuven totem,Leuven,50.8870744,4.7087919,0.8065475721399322,50.88525486274919,4.697661860166786,2020,9,11,24062,Leuven,Regenval,"Nat, plassen",Dag,met lichtgewonden,3,Fiets,10,"één bestuurder, geen hindernis",Buiten Kruispunt,Gemeenteweg,binnen bebouwde kom,"Eén bestuurder, geen hindernis (incl. val)",Geen hindernis
21176,69,Leuven teller 1,Leuven,50.87549,4.71526,0.6291171885552541,50.8808645440389,4.718061582511697,2020,9,10,24062,Leuven,Regenval,"Nat, plassen",Dag,met lichtgewonden,3,Fiets,9,personenauto,Buiten Kruispunt,Gewestweg,binnen bebouwde kom,Tussen 2 bestuurders: Flank tegen flank,Geen hindernis
21176,107,leuven totem,Leuven,50.8870744,4.7087919,0.9485095707096145,50.8808645440389,4.718061582511697,2020,9,10,24062,Leuven,Regenval,"Nat, plassen",Dag,met lichtgewonden,3,Fiets,9,personenauto,Buiten Kruispunt,Gewestweg,binnen bebouwde kom,Tussen 2 bestuurders: Flank tegen flank,Geen hindernis
21176,77,Leuven teller 2,Leuven,50.88672,4.70796,0.9623470655421036,50.8808645440389,4.718061582511697,2020,9,10,24062,Leuven,Regenval,"Nat, plassen",Dag,met lichtgewonden,3,Fiets,9,personenauto,Buiten Kruispunt,Gewestweg,binnen bebouwde kom,Tussen 2 bestuurders: Flank tegen flank,Geen hindernis
21177,77,Leuven teller 2,Leuven,50.88672,4.70796,0.8974173667758514,50.8802415157372,4.700331216722007,2020,10,7,24062,Leuven,Normaal,"Nat, plassen",Dageraad - schemering,met lichtgewonden,3,Fiets,8,Voetganger,Op Kruispunt,Gemeenteweg,binnen bebouwde kom,Met een voetganger,Geen hindernis
21177,107,leuven totem,Leuven,50.8870744,4.7087919,0.9641352811031116,50.8802415157372,4.700331216722007,2020,10,7,24062,Leuven,Normaal,"Nat, plassen",Dageraad - schemering,met lichtgewonden,3,Fiets,8,Voetganger,Op Kruispunt,Gemeenteweg,binnen bebouwde kom,Met een voetganger,Geen hindernis
21178,69,Leuven teller 1,Leuven,50.87549,4.71526,0.5734860931607946,50.87206488608364,4.721370533608957,2020,10,13,24062,Leuven,Normaal,"Nat, plassen",Dag,met lichtgewonden,8,Voetganger,3,Fiets,Buiten Kruispunt,Gewestweg,buiten bebouwde kom,Met een voetganger,Geen hindernis
21179,151,Leuven,District Leuven,50.8690262,4.6854839,0.9870179018144779,50.87051549525862,4.699349914953134,2020,8,15,24062,Leuven,Normaal,Droog,Dag,met lichtgewonden,3,Fiets,2,Andere weggebruiker,Buiten Kruispunt,Gemeenteweg,binnen bebouwde kom,Tussen 2 bestuurders: Flank tegen flank,Geen hindernis
21210,101,Diest teller 1,Diest,50.97799,5.04481,0.7548993543875738,50.98267288887734,5.0526172658538115,2020,8,8,24020,Diest,Normaal,Droog,Dag,met lichtgewonden,9,personenauto,3,Fiets,Op Kruispunt,Gemeenteweg,binnen bebouwde kom,Tss. 2 best.: langs opzij (voor-/achterkant-flank),Geen hindernis
21210,102,Diest teller 2,Diest,50.9779,5.04474,0.765360539534875,50.98267288887734,5.0526172658538115,2020,8,8,24020,Diest,Normaal,Droog,Dag,met lichtgewonden,9,personenauto,3,Fiets,Op Kruispunt,Gemeenteweg,binnen bebouwde kom,Tss. 2 best.: langs opzij (voor-/achterkant-flank),Geen hindernis
21212,102,Diest teller 2,Diest,50.9779,5.04474,0.1745969834663693,50.97666956064667,5.043190746542304,2020,9,16,24020,Diest,Normaal,Droog,Dag,met lichtgewonden,3,Fiets,9,personenauto,Buiten Kruispunt,Gewestweg,binnen bebouwde kom,Tss. 2 best.: langs opzij (voor-/achterkant-flank),Geen hindernis
21212,101,Diest teller 1,Diest,50.97799,5.04481,0.185498850996535,50.97666956064667,5.043190746542304,2020,9,16,24020,Diest,Normaal,Droog,Dag,met lichtgewonden,3,Fiets,9,personenauto,Buiten Kruispunt,Gewestweg,binnen bebouwde kom,Tss. 2 best.: langs opzij (voor-/achterkant-flank),Geen hindernis
21251,47,Vilvoorde,Vilvoorde,50.91372,4.41497,0.6136087758196558,50.908206443928606,4.414606558534662,2020,9,19,23088,Vilvoorde,Normaal,Droog,Dag,met lichtgewonden,4,Vrachtwagen,3,Fiets,Op Kruispunt,Gewestweg,buiten bebouwde kom,Tussen 2 bestuurders: Langs achteren,Geen hindernis
21260,71,Kampenhout teller 2,Kampenhout,50.95589,4.59164,0.5012795530682082,50.9530096954037,4.597145286385539,2020,8,9,23038,Kampenhout,Normaal,Droog,Dag,met zwaargewonden,3,Fiets,10,"één bestuurder, geen hindernis",Buiten Kruispunt,Gewestweg,binnen bebouwde kom,"Eén bestuurder, geen hindernis (incl. val)",Geen hindernis
21260,70,Kampenhout teller 1,Kampenhout,50.95682,4.59318,0.5066112618160034,50.9530096954037,4.597145286385539,2020,8,9,23038,Kampenhout,Normaal,Droog,Dag,met zwaargewonden,3,Fiets,10,"één bestuurder, geen hindernis",Buiten Kruispunt,Gewestweg,binnen bebouwde kom,"Eén bestuurder, geen hindernis (incl. val)",Geen hindernis
21261,109,Zemst,Zemst,50.9903936,4.4707023,0.4583549613719813,50.9863328269324,4.47182753962586,2020,9,11,23096,Zemst,Normaal,Droog,Dag,met lichtgewonden,5,Lichte vrachtauto,3,Fiets,Buiten Kruispunt,Gemeenteweg,binnen bebouwde kom,Tss. 2 best.: langs opzij (voor-/achterkant-flank),Geen hindernis
21264,71,Kampenhout teller 2,Kampenhout,50.95589,4.59164,0.5538132232608974,50.95974725811277,4.586637871262519,2020,9,8,23038,Kampenhout,Normaal,Droog,Dag,met zwaargewonden,3,Fiets,9,personenauto,Buiten Kruispunt,Gewestweg,buiten bebouwde kom,Tss. 2 best.: langs opzij (voor-/achterkant-flank),Geen hindernis
21264,70,Kampenhout teller 1,Kampenhout,50.95682,4.59318,0.5620548488419109,50.95974725811277,4.586637871262519,2020,9,8,23038,Kampenhout,Normaal,Droog,Dag,met zwaargewonden,3,Fiets,9,personenauto,Buiten Kruispunt,Gewestweg,buiten bebouwde kom,Tss. 2 best.: langs opzij (voor-/achterkant-flank),Geen hindernis
21265,109,Zemst,Zemst,50.9903936,4.4707023,0.7510764455676934,50.99419213683058,4.461828635115046,2020,8,21,23096,Zemst,Normaal,Droog,Dageraad - schemering,met lichtgewonden,3,Fiets,10,"één bestuurder, geen hindernis",Buiten Kruispunt,Gemeenteweg,buiten bebouwde kom,"Eén bestuurder, geen hindernis (incl. val)",Geen hindernis
21267,13,Gent,Gent,51.03018,3.70146,0.9162490472016046,51.03792905604359,3.7059153950401367,2020,9,1,44021,Gent,Normaal,Droog,"Nacht, openbare verlichting aanwezig en ontstoken",met lichtgewonden,3,Fiets,11,een weggebruiker tegen een hindernis,Op Kruispunt,Gemeenteweg,binnen bebouwde kom,Weggebruiker tegen hindernis op de rijbaan,"Op de rijbaan: Put, straatgoot, tramspoor"
21275,119,Gent teller 2,Gent,51.0281795,3.7683918,0.0886862352417232,51.02892784212395,3.7688304457471107,2020,9,11,44021,Gent,Normaal,Droog,Dag,met lichtgewonden,3,Fiets,9,personenauto,Op Kruispunt,Gemeenteweg,binnen bebouwde kom,Tss. 2 best.: langs opzij (voor-/achterkant-flank),Geen hindernis
21275,118,Gent teller 1,Gent,51.028049,3.7681359,0.10912852365509901,51.02892784212395,3.7688304457471107,2020,9,11,44021,Gent,Normaal,Droog,Dag,met lichtgewonden,3,Fiets,9,personenauto,Op Kruispunt,Gemeenteweg,binnen bebouwde kom,Tss. 2 best.: langs opzij (voor-/achterkant-flank),Geen hindernis
21281,13,Gent,Gent,51.03018,3.70146,0.8960806442466691,51.0309934140526,3.714208323760372,2020,8,18,44021,Gent,Normaal,Droog,Dag,met lichtgewonden,3,Fiets,10,"één bestuurder, geen hindernis",Buiten Kruispunt,Gemeenteweg,binnen bebouwde kom,"Eén bestuurder, geen hindernis (incl. val)",Geen hindernis
21327,13,Gent,Gent,51.03018,3.70146,0.9416668386132446,51.0373155819351,3.708712456917867,2020,8,10,44021,Gent,Normaal,Droog,Dag,met lichtgewonden,5,Lichte vrachtauto,3,Fiets,Buiten Kruispunt,Gemeenteweg,binnen bebouwde kom,Tussen 2 bestuurders: Flank tegen flank,Geen hindernis
21387,7,Evergem 1,Evergem,51.1089,3.70317,0.5186911394792921,51.10659588153701,3.7096299321926622,2020,9,16,44019,Evergem,Onbekend,Onbekend,Onbekend,met lichtgewonden,9,personenauto,3,Fiets,Op Kruispunt,Gemeenteweg,binnen bebouwde kom,Tss. 2 best.: langs opzij (voor-/achterkant-flank),Geen hindernis
21387,6,Evergem 2,Evergem,51.10894,3.70298,0.53242832289941,51.10659588153701,3.7096299321926622,2020,9,16,44019,Evergem,Onbekend,Onbekend,Onbekend,met lichtgewonden,9,personenauto,3,Fiets,Op Kruispunt,Gemeenteweg,binnen bebouwde kom,Tss. 2 best.: langs opzij (voor-/achterkant-flank),Geen hindernis
21391,6,Evergem 2,Evergem,51.10894,3.70298,0.6737254385695858,51.10796712361622,3.693454860618911,2020,8,15,44019,Evergem,Normaal,Droog,Dag,met lichtgewonden,3,Fiets,10,"één bestuurder, geen hindernis",Buiten Kruispunt,Gemeenteweg,binnen bebouwde kom,"Eén bestuurder, geen hindernis (incl. val)",Geen hindernis
21391,7,Evergem 1,Evergem,51.1089,3.70317,0.6861349929476216,51.10796712361622,3.693454860618911,2020,8,15,44019,Evergem,Normaal,Droog,Dag,met lichtgewonden,3,Fiets,10,"één bestuurder, geen hindernis",Buiten Kruispunt,Gemeenteweg,binnen bebouwde kom,"Eén bestuurder, geen hindernis (incl. val)",Geen hindernis
21392,6,Evergem 2,Evergem,51.10894,3.70298,0.7744822901861443,51.115605599161256,3.706198320978197,2020,8,18,44019,Evergem,Normaal,Droog,Dag,met lichtgewonden,3,Fiets,10,"één bestuurder, geen hindernis",Buiten Kruispunt,Gemeenteweg,binnen bebouwde kom,"Eén bestuurder, geen hindernis (incl. val)",Geen hindernis
21392,7,Evergem 1,Evergem,51.1089,3.70317,0.7750175203951188,51.115605599161256,3.706198320978197,2020,8,18,44019,Evergem,Normaal,Droog,Dag,met lichtgewonden,3,Fiets,10,"één bestuurder, geen hindernis",Buiten Kruispunt,Gemeenteweg,binnen bebouwde kom,"Eén bestuurder, geen hindernis (incl. val)",Geen hindernis
21393,7,Evergem 1,Evergem,51.1089,3.70317,0.6339506943529373,51.11367379713789,3.7081347488994236,2020,8,19,44019,Evergem,Regenval,"Nat, plassen",Dag,met zwaargewonden,9,personenauto,3,Fiets,Buiten Kruispunt,Gemeenteweg,binnen bebouwde kom,Tss. 2 best.: langs opzij (voor-/achterkant-flank),Geen hindernis
21393,6,Evergem 2,Evergem,51.10894,3.70298,0.6376214825534975,51.11367379713789,3.7081347488994236,2020,8,19,44019,Evergem,Regenval,"Nat, plassen",Dag,met zwaargewonden,9,personenauto,3,Fiets,Buiten Kruispunt,Gemeenteweg,binnen bebouwde kom,Tss. 2 best.: langs opzij (voor-/achterkant-flank),Geen hindernis
21394,6,Evergem 2,Evergem,51.10894,3.70298,0.28988174952530765,51.1111159002853,3.7006929390253975,2020,9,19,44019,Evergem,Normaal,Droog,Dag,met lichtgewonden,3,Fiets,10,"één bestuurder, geen hindernis",Op Kruispunt,Gemeenteweg,binnen bebouwde kom,"Eén bestuurder, geen hindernis (incl. val)",Geen hindernis
21394,7,Evergem 1,Evergem,51.1089,3.70317,0.30102328331072103,51.1111159002853,3.7006929390253975,2020,9,19,44019,Evergem,Normaal,Droog,Dag,met lichtgewonden,3,Fiets,10,"één bestuurder, geen hindernis",Op Kruispunt,Gemeenteweg,binnen bebouwde kom,"Eén bestuurder, geen hindernis (incl. val)",Geen hindernis
21504,121,Zele teller 2,Zele,51.0604067,4.0556696,0.3236683181248588,51.057698156443216,4.057365876978739,2020,9,8,42028,Zele,Normaal,Droog,Dag,met lichtgewonden,3,Fiets,4,Vrachtwagen,Op Kruispunt,Gewestweg,buiten bebouwde kom,Tss. 2 best.: langs opzij (voor-/achterkant-flank),Geen hindernis
21504,120,Zele teller 1,Zele,51.0607671,4.0547741,0.3863439515194917,51.057698156443216,4.057365876978739,2020,9,8,42028,Zele,Normaal,Droog,Dag,met lichtgewonden,3,Fiets,4,Vrachtwagen,Op Kruispunt,Gewestweg,buiten bebouwde kom,Tss. 2 best.: langs opzij (voor-/achterkant-flank),Geen hindernis
21563,125,Dendermonde totem,Dendermonde,51.0372706,4.1025998,0.5347351655222893,51.03248794877589,4.103399063283876,2020,9,13,42006,Dendermonde,Normaal,Droog,Dag,met lichtgewonden,3,Fiets,3,Fiets,Op Kruispunt,Gewestweg,buiten bebouwde kom,Tussen 2 bestuurders: Flank tegen flank,Geen hindernis
21563,122,Dendermonde teller 2,Dendermonde,51.0373918,4.1019222,0.5549760716401666,51.03248794877589,4.103399063283876,2020,9,13,42006,Dendermonde,Normaal,Droog,Dag,met lichtgewonden,3,Fiets,3,Fiets,Op Kruispunt,Gewestweg,buiten bebouwde kom,Tussen 2 bestuurders: Flank tegen flank,Geen hindernis
21564,125,Dendermonde totem,Dendermonde,51.0372706,4.1025998,0.6059838894987786,51.03256325550723,4.106966553789455,2020,8,22,42006,Dendermonde,Regenval,"Nat, plassen","Nacht, openbare verlichting aanwezig en ontstoken",met lichtgewonden,9,personenauto,3,Fiets,Op Kruispunt,Gewestweg,binnen bebouwde kom,Tss. 2 best.: langs opzij (voor-/achterkant-flank),Geen hindernis
21564,122,Dendermonde teller 2,Dendermonde,51.0373918,4.1019222,0.6424064285288023,51.03256325550723,4.106966553789455,2020,8,22,42006,Dendermonde,Regenval,"Nat, plassen","Nacht, openbare verlichting aanwezig en ontstoken",met lichtgewonden,9,personenauto,3,Fiets,Op Kruispunt,Gewestweg,binnen bebouwde kom,Tss. 2 best.: langs opzij (voor-/achterkant-flank),Geen hindernis
21567,54,Brugge teller 2,Brugge,51.23015,3.22818,0.19917986721292058,51.228371923280335,3.227833491606771,2020,10,16,31005,Brugge,Normaal,Droog,Dag,met lichtgewonden,9,personenauto,3,Fiets,Op Kruispunt,Gewestweg,binnen bebouwde kom,Tss. 2 best.: langs opzij (voor-/achterkant-flank),Geen hindernis
21567,53,Brugge teller 1,Brugge,51.23023,3.228,0.20693375845970927,51.228371923280335,3.227833491606771,2020,10,16,31005,Brugge,Normaal,Droog,Dag,met lichtgewonden,9,personenauto,3,Fiets,Op Kruispunt,Gewestweg,binnen bebouwde kom,Tss. 2 best.: langs opzij (voor-/achterkant-flank),Geen hindernis