crash_row_id,site_id,site_name,site_gemeente,site_lat,site_long,distance_km,crash_lat,crash_long,DT_YEAR_COLLISION,DT_MONTH_COLLISION,DT_TIME,CD_NIS,TX_MUNTY_COLLISION_NL,TX_WEATHER_NL,TX_ROAD_CONDITION_NL,TX_LIGHT_CONDITION_NL,TX_CLASS_ACCIDENTS_NL,CD_ROAD_USR_TYPE1,TX_ROAD_USR_TYPE1_NL,CD_ROAD_USR_TYPE2,TX_ROAD_USR_TYPE2_NL,TX_CROSSWAY_NL,CD_ROAD_TYPE_NL,TX_BUILD_UP_AREA_NL,TX_COLLISION_TYPE_NL,TX_OBSTACLES_NL
21567,52,Brugge,Brugge,51.22632,3.24095,0.9414196457771093,51.228371923280335,3.227833491606771,2020,10,16,31005,Brugge,Normaal,Droog,Dag,met lichtgewonden,9,personenauto,3,Fiets,Op Kruispunt,Gewestweg,binnen bebouwde kom,Tss. 2 best.: langs opzij (voor-/achterkant-flank),Geen hindernis
21567,142,TEST Validatie BRUGGE Y2H22022134,Brugge,51.22632,3.24095,0.9414196457771093,51.228371923280335,3.227833491606771,2020,10,16,31005,Brugge,Normaal,Droog,Dag,met lichtgewonden,9,personenauto,3,Fiets,Op Kruispunt,Gewestweg,binnen bebouwde kom,Tss. 2 best.: langs opzij (voor-/achterkant-flank),Geen hindernis
21630,18,Oostende 1,Oostende,51.21378,2.92765,0.62547837215733,51.21743713285245,2.934473139443075,2020,9,17,35013,Oostende,Normaal,Droog,Dag,met lichtgewonden,3,Fiets,5,Lichte vrachtauto,Op Kruispunt,Gewestweg,binnen bebouwde kom,Tss. 2 best.: langs opzij (voor-/achterkant-flank),Geen hindernis
21630,15,Oostende 2,Oostende,51.21371,2.92743,0.6421947210733613,51.21743713285245,2.934473139443075,2020,9,17,35013,Oostende,Normaal,Droog,Dag,met lichtgewonden,3,Fiets,5,Lichte vrachtauto,Op Kruispunt,Gewestweg,binnen bebouwde kom,Tss. 2 best.: langs opzij (voor-/achterkant-flank),Geen hindernis
21659,55,Torhout teller 1,Torhout,51.07161,3.08261,0.5940881481414683,51.06910640499405,3.0901213364432603,2020,8,11,31033,Torhout,Normaal,Droog,Dag,met lichtgewonden,3,Fiets,9,personenauto,Buiten Kruispunt,Gewestweg,buiten bebouwde kom,Tss. 2 best.: langs opzij (voor-/achterkant-flank),Geen hindernis
21659,56,Torhout teller 2,Torhout,51.07147,3.08244,0.5975996940737816,51.06910640499405,3.0901213364432603,2020,8,11,31033,Torhout,Normaal,Droog,Dag,met lichtgewonden,3,Fiets,9,personenauto,Buiten Kruispunt,Gewestweg,buiten bebouwde kom,Tss. 2 best.: langs opzij (voor-/achterkant-flank),Geen hindernis
21691,69,Leuven teller 1,Leuven,50.87549,4.71526,0.762298751224349,50.87715857650416,4.704722129476083,2020,9,17,24062,Leuven,Onbekend,Onbekend,Onbekend,met lichtgewonden,3,Fiets,8,Voetganger,Buiten Kruispunt,Gemeenteweg,binnen bebouwde kom,Met een voetganger,Geen hindernis
21699,75,Kortrijk teller 2,Kortrijk,50.81925,3.25731,0.6519630538520521,50.82364101914061,3.263460374749474,2020,9,14,34022,Kortrijk,Normaal,Droog,Dag,met lichtgewonden,9,personenauto,3,Fiets,Op Kruispunt,Gewestweg,binnen bebouwde kom,Tussen 2 bestuurders: Frontale botsing,Geen hindernis
21699,74,Kortrijk teller 1,Kortrijk,50.81909,3.25728,0.6667621809650728,50.82364101914061,3.263460374749474,2020,9,14,34022,Kortrijk,Normaal,Droog,Dag,met lichtgewonden,9,personenauto,3,Fiets,Op Kruispunt,Gewestweg,binnen bebouwde kom,Tussen 2 bestuurders: Frontale botsing,Geen hindernis
21699,143,Eco Display Classic Budastraat,Kortrijk,50.83066,3.26286,0.7816134192657073,50.82364101914061,3.263460374749474,2020,9,14,34022,Kortrijk,Normaal,Droog,Dag,met lichtgewonden,9,personenauto,3,Fiets,Op Kruispunt,Gewestweg,binnen bebouwde kom,Tussen 2 bestuurders: Frontale botsing,Geen hindernis
21700,74,Kortrijk teller 1,Kortrijk,50.81909,3.25728,0.7886390753307367,50.81902578163085,3.2460542469763656,2020,9,13,34022,Kortrijk,Normaal,Droog,Dag,met lichtgewonden,3,Fiets,9,personenauto,Op Kruispunt,Gemeenteweg,binnen bebouwde kom,Tss. 2 best.: langs opzij (voor-/achterkant-flank),Geen hindernis
21700,75,Kortrijk teller 2,Kortrijk,50.81925,3.25731,0.7911058520953468,50.81902578163085,3.2460542469763656,2020,9,13,34022,Kortrijk,Normaal,Droog,Dag,met lichtgewonden,3,Fiets,9,personenauto,Op Kruispunt,Gemeenteweg,binnen bebouwde kom,Tss. 2 best.: langs opzij (voor-/achterkant-flank),Geen hindernis
21701,143,Eco Display Classic Budastraat,Kortrijk,50.83066,3.26286,0.42747191297851905,50.827086518002965,3.2606158785797956,2020,8,17,34022,Kortrijk,Normaal,Droog,Dag,met lichtgewonden,5,Lichte vrachtauto,3,Fiets,Buiten Kruispunt,Gemeenteweg,binnen bebouwde kom,Tussen 2 bestuurders: Flank tegen flank,Geen hindernis
21701,75,Kortrijk teller 2,Kortrijk,50.81925,3.25731,0.9017924239346233,50.827086518002965,3.2606158785797956,2020,8,17,34022,Kortrijk,Normaal,Droog,Dag,met lichtgewonden,5,Lichte vrachtauto,3,Fiets,Buiten Kruispunt,Gemeenteweg,binnen bebouwde kom,Tussen 2 bestuurders: Flank tegen flank,Geen hindernis
21701,74,Kortrijk teller 1,Kortrijk,50.81909,3.25728,0.9195299039749562,50.827086518002965,3.2606158785797956,2020,8,17,34022,Kortrijk,Normaal,Droog,Dag,met lichtgewonden,5,Lichte vrachtauto,3,Fiets,Buiten Kruispunt,Gemeenteweg,binnen bebouwde kom,Tussen 2 bestuurders: Flank tegen flank,Geen hindernis
21702,16,Kortrijk 1,Kortrijk,50.83332,3.27777,0.197391138168009,50.831545214563214,3.277829342908836,2020,8,19,34022,Kortrijk,Normaal,Droog,Dageraad - schemering,met lichtgewonden,3,Fiets,9,personenauto,Op Kruispunt,Gemeenteweg,binnen bebouwde kom,Tussen 2 bestuurders: Flank tegen flank,Geen hindernis
21702,17,Kortrijk 2,Kortrijk,50.83339,3.27773,0.20524939311885448,50.831545214563214,3.277829342908836,2020,8,19,34022,Kortrijk,Normaal,Droog,Dageraad - schemering,met lichtgewonden,3,Fiets,9,personenauto,Op Kruispunt,Gemeenteweg,binnen bebouwde kom,Tussen 2 bestuurders: Flank tegen flank,Geen hindernis
21705,16,Kortrijk 1,Kortrijk,50.83332,3.27777,0.39179973007316865,50.83309187473006,3.2833372229496316,2020,9,7,34022,Kortrijk,Normaal,Droog,Dag,met lichtgewonden,3,Fiets,10,"één bestuurder, geen hindernis",Buiten Kruispunt,Gemeenteweg,binnen bebouwde kom,"Eén bestuurder, geen hindernis (incl. val)",Geen hindernis
21705,17,Kortrijk 2,Kortrijk,50.83339,3.27773,0.3951794279566555,50.83309187473006,3.2833372229496316,2020,9,7,34022,Kortrijk,Normaal,Droog,Dag,met lichtgewonden,3,Fiets,10,"één bestuurder, geen hindernis",Buiten Kruispunt,Gemeenteweg,binnen bebouwde kom,"Eén bestuurder, geen hindernis (incl. val)",Geen hindernis
21708,143,Eco Display Classic Budastraat,Kortrijk,50.83066,3.26286,0.8355848058243758,50.823952781919324,3.2682245371059606,2020,9,16,34022,Kortrijk,Normaal,Droog,Dag,met lichtgewonden,3,Fiets,9,personenauto,Op Kruispunt,Gewestweg,binnen bebouwde kom,Tss. 2 best.: langs opzij (voor-/achterkant-flank),Geen hindernis
21708,75,Kortrijk teller 2,Kortrijk,50.81925,3.25731,0.9280534604743486,50.823952781919324,3.2682245371059606,2020,9,16,34022,Kortrijk,Normaal,Droog,Dag,met lichtgewonden,3,Fiets,9,personenauto,Op Kruispunt,Gewestweg,binnen bebouwde kom,Tss. 2 best.: langs opzij (voor-/achterkant-flank),Geen hindernis
21708,74,Kortrijk teller 1,Kortrijk,50.81909,3.25728,0.9399173439489907,50.823952781919324,3.2682245371059606,2020,9,16,34022,Kortrijk,Normaal,Droog,Dag,met lichtgewonden,3,Fiets,9,personenauto,Op Kruispunt,Gewestweg,binnen bebouwde kom,Tss. 2 best.: langs opzij (voor-/achterkant-flank),Geen hindernis
21711,143,Eco Display Classic Budastraat,Kortrijk,50.83066,3.26286,0.17407835764087667,50.829423673391226,3.264380523117357,2020,9,12,34022,Kortrijk,Normaal,Droog,Dag,met lichtgewonden,7,Motorfiets,3,Fiets,Op Kruispunt,Gemeenteweg,binnen bebouwde kom,Tussen 2 bestuurders: Frontale botsing,Geen hindernis
21712,143,Eco Display Classic Budastraat,Kortrijk,50.83066,3.26286,0.20392493750064838,50.82887288384342,3.2622080781436607,2020,9,17,34022,Kortrijk,Normaal,Droog,Dag,met lichtgewonden,9,personenauto,3,Fiets,Op Kruispunt,Gemeenteweg,binnen bebouwde kom,Tss. 2 best.: langs opzij (voor-/achterkant-flank),Geen hindernis
21715,143,Eco Display Classic Budastraat,Kortrijk,50.83066,3.26286,0.6945028843937847,50.82493016951899,3.2667953994173393,2020,9,18,34022,Kortrijk,Normaal,Droog,Dag,met lichtgewonden,3,Fiets,6,Bromfiets,Op Kruispunt,Gemeenteweg,binnen bebouwde kom,Tussen 2 bestuurders: Flank tegen flank,Geen hindernis
21715,75,Kortrijk teller 2,Kortrijk,50.81925,3.25731,0.9180888914168793,50.82493016951899,3.2667953994173393,2020,9,18,34022,Kortrijk,Normaal,Droog,Dag,met lichtgewonden,3,Fiets,6,Bromfiets,Op Kruispunt,Gemeenteweg,binnen bebouwde kom,Tussen 2 bestuurders: Flank tegen flank,Geen hindernis
21715,74,Kortrijk teller 1,Kortrijk,50.81909,3.25728,0.9319292005575239,50.82493016951899,3.2667953994173393,2020,9,18,34022,Kortrijk,Normaal,Droog,Dag,met lichtgewonden,3,Fiets,6,Bromfiets,Op Kruispunt,Gemeenteweg,binnen bebouwde kom,Tussen 2 bestuurders: Flank tegen flank,Geen hindernis
21720,143,Eco Display Classic Budastraat,Kortrijk,50.83066,3.26286,0.8355848058243758,50.823952781919324,3.2682245371059606,2020,8,18,34022,Kortrijk,Normaal,Droog,Dag,met lichtgewonden,9,personenauto,3,Fiets,Op Kruispunt,Gewestweg,binnen bebouwde kom,Tss. 2 best.: langs opzij (voor-/achterkant-flank),Geen hindernis
21720,75,Kortrijk teller 2,Kortrijk,50.81925,3.25731,0.9280534604743486,50.823952781919324,3.2682245371059606,2020,8,18,34022,Kortrijk,Normaal,Droog,Dag,met lichtgewonden,9,personenauto,3,Fiets,Op Kruispunt,Gewestweg,binnen bebouwde kom,Tss. 2 best.: langs opzij (voor-/achterkant-flank),Geen hindernis
21720,74,Kortrijk teller 1,Kortrijk,50.81909,3.25728,0.9399173439489907,50.823952781919324,3.2682245371059606,2020,8,18,34022,Kortrijk,Normaal,Droog,Dag,met lichtgewonden,9,personenauto,3,Fiets,Op Kruispunt,Gewestweg,binnen bebouwde kom,Tss. 2 best.: langs opzij (voor-/achterkant-flank),Geen hindernis
21721,17,Kortrijk 2,Kortrijk,50.83339,3.27773,0.22214992966361813,50.834883902631375,3.279830345683916,2020,8,10,34022,Kortrijk,Normaal,Droog,Dag,met zwaargewonden,3,Fiets,9,personenauto,Buiten Kruispunt,Gewestweg,binnen bebouwde kom,Tss. 2 best.: langs opzij (voor-/achterkant-flank),Geen hindernis
21721,16,Kortrijk 1,Kortrijk,50.83332,3.27777,0.22622193349309905,50.834883902631375,3.279830345683916,2020,8,10,34022,Kortrijk,Normaal,Droog,Dag,met zwaargewonden,3,Fiets,9,personenauto,Buiten Kruispunt,Gewestweg,binnen bebouwde kom,Tss. 2 best.: langs opzij (voor-/achterkant-flank),Geen hindernis
21722,84,Roeselare totem,Izegem,50.91717,3.18772,0.8861666573194457,50.922512528725804,3.1971005342440977,2020,8,21,36008,Izegem,Normaal,Droog,Dag,met lichtgewonden,9,personenauto,3,Fiets,Buiten Kruispunt,Gewestweg,binnen bebouwde kom,Tussen 2 bestuurders: Langs achteren,Geen hindernis
21724,75,Kortrijk teller 2,Kortrijk,50.81925,3.25731,0.8797131885793595,50.822713242167154,3.2685695302902515,2020,9,18,34022,Kortrijk,Normaal,Droog,Dageraad - schemering,met lichtgewonden,3,Fiets,9,personenauto,Buiten Kruispunt,Gewestweg,binnen bebouwde kom,Tussen 2 bestuurders: Flank tegen flank,Geen hindernis
21724,74,Kortrijk teller 1,Kortrijk,50.81909,3.25728,0.8895249881907848,50.822713242167154,3.2685695302902515,2020,9,18,34022,Kortrijk,Normaal,Droog,Dageraad - schemering,met lichtgewonden,3,Fiets,9,personenauto,Buiten Kruispunt,Gewestweg,binnen bebouwde kom,Tussen 2 bestuurders: Flank tegen flank,Geen hindernis
21724,143,Eco Display Classic Budastraat,Kortrijk,50.83066,3.26286,0.9703820959230761,50.822713242167154,3.2685695302902515,2020,9,18,34022,Kortrijk,Normaal,Droog,Dageraad - schemering,met lichtgewonden,3,Fiets,9,personenauto,Buiten Kruispunt,Gewestweg,binnen bebouwde kom,Tussen 2 bestuurders: Flank tegen flank,Geen hindernis
21775,68,Ieper,Ieper,50.85032,2.85608,0.6465446987922054,50.85365540422461,2.863624025129514,2020,9,18,33011,Ieper,Normaal,Droog,Dag,met zwaargewonden,9,personenauto,3,Fiets,Op Kruispunt,Gemeenteweg,binnen bebouwde kom,Tussen 2 bestuurders: Flank tegen flank,Geen hindernis
21775,67,Ieper totem,Ieper,50.85018,2.85624,0.6465599310502674,50.85365540422461,2.863624025129514,2020,9,18,33011,Ieper,Normaal,Droog,Dag,met zwaargewonden,9,personenauto,3,Fiets,Op Kruispunt,Gemeenteweg,binnen bebouwde kom,Tussen 2 bestuurders: Flank tegen flank,Geen hindernis
21781,41,Maasmechelen teller 1,Maasmechelen,50.97025,5.69799,0.7330086409827993,50.963750105598855,5.696245330812442,2020,9,0,73107,Maasmechelen,Normaal,Droog,"Nacht, openb. verlicht. aanw., maar niet ontstoken",met lichtgewonden,9,personenauto,3,Fiets,Op Kruispunt,Gewestweg,binnen bebouwde kom,Tss. 2 best.: langs opzij (voor-/achterkant-flank),Geen hindernis
21781,42,Maasmechelen teller 2,Maasmechelen,50.97043,5.6981,0.7540396311899645,50.963750105598855,5.696245330812442,2020,9,0,73107,Maasmechelen,Normaal,Droog,"Nacht, openb. verlicht. aanw., maar niet ontstoken",met lichtgewonden,9,personenauto,3,Fiets,Op Kruispunt,Gewestweg,binnen bebouwde kom,Tss. 2 best.: langs opzij (voor-/achterkant-flank),Geen hindernis
21785,41,Maasmechelen teller 1,Maasmechelen,50.97025,5.69799,0.7352127543636039,50.96412197350512,5.694047395122338,2020,8,14,73107,Maasmechelen,Normaal,Droog,Dag,met lichtgewonden,3,Fiets,11,een weggebruiker tegen een hindernis,Buiten Kruispunt,Gemeenteweg,binnen bebouwde kom,Weggebruiker tegen hindernis op de rijbaan,"Op de rijbaan: Put, straatgoot, tramspoor"
21785,42,Maasmechelen teller 2,Maasmechelen,50.97043,5.6981,0.7566555176178772,50.96412197350512,5.694047395122338,2020,8,14,73107,Maasmechelen,Normaal,Droog,Dag,met lichtgewonden,3,Fiets,11,een weggebruiker tegen een hindernis,Buiten Kruispunt,Gemeenteweg,binnen bebouwde kom,Weggebruiker tegen hindernis op de rijbaan,"Op de rijbaan: Put, straatgoot, tramspoor"
21795,124,Beveren teller 2,Beveren,51.1964712,4.2361077,0.31510217343793245,51.199296773373256,4.235763743272178,2020,9,14,46003,Beveren,Normaal,Droog,Dag,met lichtgewonden,5,Lichte vrachtauto,3,Fiets,Op Kruispunt,Gewestweg,buiten bebouwde kom,Tss. 2 best.: langs opzij (voor-/achterkant-flank),Geen hindernis
21811,99,Mechelen teller 1,Mechelen,51.04564,4.46882,0.8301598974959156,51.0405715144928,4.477538566410709,2020,9,12,12025,Mechelen,Normaal,Droog,Dag,met zwaargewonden,9,personenauto,3,Fiets,Op Kruispunt,Gemeenteweg,binnen bebouwde kom,Tussen 2 bestuurders: Frontale botsing,Geen hindernis
21811,100,Mechelen teller 2,Mechelen,51.0457,4.46883,0.8341929622226876,51.0405715144928,4.477538566410709,2020,9,12,12025,Mechelen,Normaal,Droog,Dag,met zwaargewonden,9,personenauto,3,Fiets,Op Kruispunt,Gemeenteweg,binnen bebouwde kom,Tussen 2 bestuurders: Frontale botsing,Geen hindernis
21814,140,Hasselt ring,Hasselt,50.9300038,5.3438616,0.285344911225395,50.927470351001304,5.344509687615561,2020,8,17,71022,Hasselt,Normaal,Droog,Dag,met lichtgewonden,1,Autobus,3,Fiets,Op Kruispunt,Gemeenteweg,binnen bebouwde kom,Tussen 2 bestuurders: Frontale botsing,Geen hindernis
21817,140,Hasselt ring,Hasselt,50.9300038,5.3438616,0.5128720507816035,50.92667365728638,5.3387984641484545,2020,8,15,71022,Hasselt,Normaal,Droog,Dag,met zwaargewonden,9,personenauto,3,Fiets,Buiten Kruispunt,Gemeenteweg,binnen bebouwde kom,Tss. 2 best.: langs opzij (voor-/achterkant-flank),Geen hindernis
21822,140,Hasselt ring,Hasselt,50.9300038,5.3438616,0.7036750562827581,50.92881490570327,5.353723321695311,2020,9,17,71022,Hasselt,Normaal,Droog,Dag,met lichtgewonden,9,personenauto,3,Fiets,Op Kruispunt,Gewestweg,binnen bebouwde kom,Tss. 2 best.: langs opzij (voor-/achterkant-flank),Geen hindernis
21823,137,Hasselt-Kempische brug,Hasselt,50.9411605,5.3417576,0.5130402209130027,50.94459122847532,5.346653888571661,2020,9,7,71022,Hasselt,Normaal,Droog,Dag,met lichtgewonden,3,Fiets,9,personenauto,Op Kruispunt,Gemeenteweg,binnen bebouwde kom,Tss. 2 best.: langs opzij (voor-/achterkant-flank),Geen hindernis
21823,138,Hasselt-Kempische brug,Hasselt,50.9405318,5.3422472,0.546879540252465,50.94459122847532,5.346653888571661,2020,9,7,71022,Hasselt,Normaal,Droog,Dag,met lichtgewonden,3,Fiets,9,personenauto,Op Kruispunt,Gemeenteweg,binnen bebouwde kom,Tss. 2 best.: langs opzij (voor-/achterkant-flank),Geen hindernis
21825,140,Hasselt ring,Hasselt,50.9300038,5.3438616,0.38415969232397074,50.930590247640374,5.338459600100387,2020,8,16,71022,Hasselt,Normaal,Droog,Dag,met lichtgewonden,6,Bromfiets,3,Fiets,Buiten Kruispunt,Gemeenteweg,binnen bebouwde kom,Tss. 2 best.: langs opzij (voor-/achterkant-flank),Geen hindernis
21831,140,Hasselt ring,Hasselt,50.9300038,5.3438616,0.7908814406108368,50.93072431022947,5.332634599402977,2020,8,18,71022,Hasselt,Normaal,Droog,Dag,met lichtgewonden,3,Fiets,3,Fiets,Op Kruispunt,Gewestweg,binnen bebouwde kom,Tss. 2 best.: langs opzij (voor-/achterkant-flank),Geen hindernis
21834,140,Hasselt ring,Hasselt,50.9300038,5.3438616,0.7737770478361401,50.93111810830106,5.332963037645717,2020,8,12,71022,Hasselt,Normaal,Droog,Dag,met lichtgewonden,3,Fiets,3,Fiets,Buiten Kruispunt,Gewestweg,binnen bebouwde kom,Tussen 2 bestuurders: Frontale botsing,Geen hindernis
21835,140,Hasselt ring,Hasselt,50.9300038,5.3438616,0.6870426076119012,50.92468982108866,5.338860059551976,2020,8,18,71022,Hasselt,Normaal,Droog,Dag,met lichtgewonden,9,personenauto,3,Fiets,Op Kruispunt,Gewestweg,binnen bebouwde kom,Tss. 2 best.: langs opzij (voor-/achterkant-flank),Geen hindernis
21838,140,Hasselt ring,Hasselt,50.9300038,5.3438616,0.5894749480162504,50.9349728440779,5.346792556695761,2020,8,20,71022,Hasselt,Normaal,Droog,Dageraad - schemering,met lichtgewonden,3,Fiets,6,Bromfiets,Op Kruispunt,Gemeenteweg,binnen bebouwde kom,Tussen 2 bestuurders: Flank tegen flank,Geen hindernis
21838,138,Hasselt-Kempische brug,Hasselt,50.9405318,5.3422472,0.6953580717151877,50.9349728440779,5.346792556695761,2020,8,20,71022,Hasselt,Normaal,Droog,Dageraad - schemering,met lichtgewonden,3,Fiets,6,Bromfiets,Op Kruispunt,Gemeenteweg,binnen bebouwde kom,Tussen 2 bestuurders: Flank tegen flank,Geen hindernis
21838,137,Hasselt-Kempische brug,Hasselt,50.9411605,5.3417576,0.7732160322711281,50.9349728440779,5.346792556695761,2020,8,20,71022,Hasselt,Normaal,Droog,Dageraad - schemering,met lichtgewonden,3,Fiets,6,Bromfiets,Op Kruispunt,Gemeenteweg,binnen bebouwde kom,Tussen 2 bestuurders: Flank tegen flank,Geen hindernis
21847,151,Leuven,District Leuven,50.8690262,4.6854839,0.6876911151472866,50.87409278798518,4.691103966678823,2020,9,19,24062,Leuven,Onbekend,Onbekend,Dag,met lichtgewonden,3,Fiets,9,personenauto,Op Kruispunt,Gemeenteweg,binnen bebouwde kom,Tss. 2 best.: langs opzij (voor-/achterkant-flank),Geen hindernis
21860,25,Bree,Bree,51.13679500160176,5.597669323604317,0.9938846354976709,51.145192300940245,5.602550069365687,2020,9,15,72004,Bree,Normaal,Droog,Dag,met lichtgewonden,3,Fiets,9,personenauto,Buiten Kruispunt,Gewestweg,binnen bebouwde kom,Tss. 2 best.: langs opzij (voor-/achterkant-flank),Geen hindernis
21868,14,Genk,Genk,50.97172,5.48927,0.6791775511581909,50.97778767072863,5.490382748668743,2020,9,17,71016,Genk,Normaal,Droog,Dag,met lichtgewonden,9,personenauto,3,Fiets,Buiten Kruispunt,Gemeenteweg,buiten bebouwde kom,Tss. 2 best.: langs opzij (voor-/achterkant-flank),Geen hindernis
21871,139,Houthalen-Helchteren,Houthalen-Helchteren,51.0644267,5.3819796,0.4432747870691858,51.068207193582595,5.379966897128805,2020,8,11,72039,Houthalen-Helchteren,Normaal,Droog,Dag,met lichtgewonden,3,Fiets,10,"één bestuurder, geen hindernis",Buiten Kruispunt,Gemeenteweg,buiten bebouwde kom,"Eén bestuurder, geen hindernis (incl. val)",Geen hindernis
21874,139,Houthalen-Helchteren,Houthalen-Helchteren,51.0644267,5.3819796,0.8096719961911889,51.06766947772376,5.392354153427411,2020,8,10,72039,Houthalen-Helchteren,Normaal,Droog,Dag,met lichtgewonden,3,Fiets,3,Fiets,Buiten Kruispunt,Gemeenteweg,buiten bebouwde kom,Kettingbotsing (3 bestuurders of meer),Geen hindernis
21875,25,Bree,Bree,51.13679500160176,5.597669323604317,0.25891936649147984,51.13774151686009,5.594278708474728,2020,8,14,72004,Bree,Normaal,Droog,Dag,met lichtgewonden,3,Fiets,2,Andere weggebruiker,Op Kruispunt,Gewestweg,buiten bebouwde kom,Tussen 2 bestuurders: Flank tegen flank,Geen hindernis
21881,14,Genk,Genk,50.97172,5.48927,0.703029729142124,50.967015882796616,5.495978155679936,2020,7,14,71016,Genk,Normaal,Droog,Dag,met lichtgewonden,9,personenauto,3,Fiets,Buiten Kruispunt,Gewestweg,buiten bebouwde kom,Tss. 2 best.: langs opzij (voor-/achterkant-flank),Geen hindernis
21884,22,Tienen 2,Tienen,50.81330800184882,4.935984252796022,0.8453945330908561,50.81047921852656,4.947152665898049,2020,9,17,24107,Tienen,Normaal,Droog,Dag,met zwaargewonden,3,Fiets,10,"één bestuurder, geen hindernis",Buiten Kruispunt,Gewestweg,binnen bebouwde kom,"Eén bestuurder, geen hindernis (incl. val)",Geen hindernis
21884,24,Tienen 1,Tienen,50.8133795491886,4.935044252605416,0.9098196022246499,50.81047921852656,4.947152665898049,2020,9,17,24107,Tienen,Normaal,Droog,Dag,met zwaargewonden,3,Fiets,10,"één bestuurder, geen hindernis",Buiten Kruispunt,Gewestweg,binnen bebouwde kom,"Eén bestuurder, geen hindernis (incl. val)",Geen hindernis
21884,23,Tienen 3,Tienen,50.81324,4.93447,0.9424884554140028,50.81047921852656,4.947152665898049,2020,9,17,24107,Tienen,Normaal,Droog,Dag,met zwaargewonden,3,Fiets,10,"één bestuurder, geen hindernis",Buiten Kruispunt,Gewestweg,binnen bebouwde kom,"Eén bestuurder, geen hindernis (incl. val)",Geen hindernis
21885,23,Tienen 3,Tienen,50.81324,4.93447,0.5675676535312008,50.81181699436305,4.926712126882958,2020,9,11,24107,Tienen,Normaal,Droog,Dag,met lichtgewonden,4,Vrachtwagen,3,Fiets,Op Kruispunt,Gewestweg,binnen bebouwde kom,Tussen 2 bestuurders: Flank tegen flank,Geen hindernis
21885,24,Tienen 1,Tienen,50.8133795491886,4.935044252605416,0.6106508658576343,50.81181699436305,4.926712126882958,2020,9,11,24107,Tienen,Normaal,Droog,Dag,met lichtgewonden,4,Vrachtwagen,3,Fiets,Op Kruispunt,Gewestweg,binnen bebouwde kom,Tussen 2 bestuurders: Flank tegen flank,Geen hindernis
21885,22,Tienen 2,Tienen,50.81330800184882,4.935984252796022,0.6722212105044151,50.81181699436305,4.926712126882958,2020,9,11,24107,Tienen,Normaal,Droog,Dag,met lichtgewonden,4,Vrachtwagen,3,Fiets,Op Kruispunt,Gewestweg,binnen bebouwde kom,Tussen 2 bestuurders: Flank tegen flank,Geen hindernis
21890,22,Tienen 2,Tienen,50.81330800184882,4.935984252796022,0.9519468094978027,50.80937903014988,4.948021817446968,2020,9,13,24107,Tienen,Normaal,Droog,Dag,dodelijk gewonden,9,personenauto,3,Fiets,Op Kruispunt,Gewestweg,binnen bebouwde kom,Tss. 2 best.: langs opzij (voor-/achterkant-flank),Geen hindernis
21896,131,Nevele,Deinze,51.0276612,3.558569,0.7138228733047216,51.032286857259955,3.5514912378982495,2020,9,14,44083,Deinze,Normaal,Droog,Dag,met lichtgewonden,3,Fiets,8,Voetganger,Buiten Kruispunt,Gemeenteweg,buiten bebouwde kom,Met een voetganger,Geen hindernis
21990,109,Zemst,Zemst,50.9903936,4.4707023,0.5568986294291581,50.99481798037457,4.474430995497732,2020,10,16,12025,Mechelen,Normaal,Droog,Dag,met zwaargewonden,3,Fiets,9,personenauto,Buiten Kruispunt,Gewestweg,binnen bebouwde kom,Tss. 2 best.: langs opzij (voor-/achterkant-flank),Geen hindernis
22019,91,Brecht teller 2,Brecht,51.35739,4.62422,0.9573680767204881,51.351868078402184,4.634797862935655,2020,10,13,11009,Brecht,Onbekend,Onbekend,Dag,met zwaargewonden,3,Fiets,8,Voetganger,Buiten Kruispunt,Gewestweg,binnen bebouwde kom,Met een voetganger,Geen hindernis
22019,90,Brecht teller 1,Brecht,51.35752,4.6243,0.9624875329895204,51.351868078402184,4.634797862935655,2020,10,13,11009,Brecht,Onbekend,Onbekend,Dag,met zwaargewonden,3,Fiets,8,Voetganger,Buiten Kruispunt,Gewestweg,binnen bebouwde kom,Met een voetganger,Geen hindernis
22038,133,Gierde Lille Totem,Lille,51.2453915,4.8297416,0.6021706230174574,51.24186945456104,4.8231703451344625,2020,10,10,13019,Lille,Normaal,"Nat, plassen",Dag,met lichtgewonden,3,Fiets,9,personenauto,Op Kruispunt,Gewestweg,binnen bebouwde kom,Tussen 2 bestuurders: Frontale botsing,Geen hindernis
22038,132,Gierde lille,Lille,51.245445,4.8298851,0.613630362181459,51.24186945456104,4.8231703451344625,2020,10,10,13019,Lille,Normaal,"Nat, plassen",Dag,met lichtgewonden,3,Fiets,9,personenauto,Op Kruispunt,Gewestweg,binnen bebouwde kom,Tussen 2 bestuurders: Frontale botsing,Geen hindernis
22071,94,Herentals teller 2,Herentals,51.17345,4.81283,0.0287625808732144,51.17360871732932,4.813155776131565,2020,10,8,13011,Herentals,Normaal,Droog,Dag,met lichtgewonden,9,personenauto,3,Fiets,Op Kruispunt,Gewestweg,buiten bebouwde kom,Tss. 2 best.: langs opzij (voor-/achterkant-flank),Geen hindernis