crash_row_id,site_id,site_name,site_gemeente,site_lat,site_long,distance_km,crash_lat,crash_long,DT_YEAR_COLLISION,DT_MONTH_COLLISION,DT_TIME,CD_NIS,TX_MUNTY_COLLISION_NL,TX_WEATHER_NL,TX_ROAD_CONDITION_NL,TX_LIGHT_CONDITION_NL,TX_CLASS_ACCIDENTS_NL,CD_ROAD_USR_TYPE1,TX_ROAD_USR_TYPE1_NL,CD_ROAD_USR_TYPE2,TX_ROAD_USR_TYPE2_NL,TX_CROSSWAY_NL,CD_ROAD_TYPE_NL,TX_BUILD_UP_AREA_NL,TX_COLLISION_TYPE_NL,TX_OBSTACLES_NL
22071,110,Herentals totem,Herentals,51.1739426,4.811783,0.1026517332316727,51.17360871732932,4.813155776131565,2020,10,8,13011,Herentals,Normaal,Droog,Dag,met lichtgewonden,9,personenauto,3,Fiets,Op Kruispunt,Gewestweg,buiten bebouwde kom,Tss. 2 best.: langs opzij (voor-/achterkant-flank),Geen hindernis
22074,38,Lommel teller 2,Lommel,51.23277,5.29189,0.44231312823332386,51.229705742026795,5.287839390314006,2020,11,15,72020,Lommel,Regenval,"Nat, plassen",Dag,met lichtgewonden,9,personenauto,3,Fiets,Buiten Kruispunt,Gemeenteweg,binnen bebouwde kom,Tussen 2 bestuurders: Langs achteren,Geen hindernis
22074,37,Lommel teller 1,Lommel,51.23299,5.29211,0.4709400709389579,51.229705742026795,5.287839390314006,2020,11,15,72020,Lommel,Regenval,"Nat, plassen",Dag,met lichtgewonden,9,personenauto,3,Fiets,Buiten Kruispunt,Gemeenteweg,binnen bebouwde kom,Tussen 2 bestuurders: Langs achteren,Geen hindernis
22093,21,Bilzen,Bilzen,50.86015,5.50161,0.9334680410800568,50.85304570530371,5.494525047649149,2020,10,7,73032,Hoeselt,Normaal,"Nat, plassen",Dageraad - schemering,met lichtgewonden,9,personenauto,3,Fiets,Op Kruispunt,Gewestweg,binnen bebouwde kom,Tss. 2 best.: langs opzij (voor-/achterkant-flank),Geen hindernis
22097,69,Leuven teller 1,Leuven,50.87549,4.71526,0.9434330491267335,50.878815618936684,4.702889548630203,2020,10,21,24062,Leuven,Regenval,"Nat, plassen","Nacht, openbare verlichting aanwezig en ontstoken",met lichtgewonden,3,Fiets,3,Fiets,Buiten Kruispunt,Gemeenteweg,binnen bebouwde kom,Tussen 2 bestuurders: Frontale botsing,Geen hindernis
22097,77,Leuven teller 2,Leuven,50.88672,4.70796,0.9481791925807549,50.878815618936684,4.702889548630203,2020,10,21,24062,Leuven,Regenval,"Nat, plassen","Nacht, openbare verlichting aanwezig en ontstoken",met lichtgewonden,3,Fiets,3,Fiets,Buiten Kruispunt,Gemeenteweg,binnen bebouwde kom,Tussen 2 bestuurders: Frontale botsing,Geen hindernis
22098,107,leuven totem,Leuven,50.8870744,4.7087919,0.7957634808000885,50.88367637458649,4.718775346664337,2020,10,13,24062,Leuven,Normaal,Droog,Dag,met lichtgewonden,9,personenauto,3,Fiets,Buiten Kruispunt,Gewestweg,binnen bebouwde kom,Tussen 2 bestuurders: Flank tegen flank,Geen hindernis
22098,77,Leuven teller 2,Leuven,50.88672,4.70796,0.8307605890202243,50.88367637458649,4.718775346664337,2020,10,13,24062,Leuven,Normaal,Droog,Dag,met lichtgewonden,9,personenauto,3,Fiets,Buiten Kruispunt,Gewestweg,binnen bebouwde kom,Tussen 2 bestuurders: Flank tegen flank,Geen hindernis
22098,69,Leuven teller 1,Leuven,50.87549,4.71526,0.9431029292253225,50.88367637458649,4.718775346664337,2020,10,13,24062,Leuven,Normaal,Droog,Dag,met lichtgewonden,9,personenauto,3,Fiets,Buiten Kruispunt,Gewestweg,binnen bebouwde kom,Tussen 2 bestuurders: Flank tegen flank,Geen hindernis
22099,107,leuven totem,Leuven,50.8870744,4.7087919,0.6403667336778545,50.88250424535215,4.71434631323461,2020,10,12,24062,Leuven,Normaal,Droog,Dag,met lichtgewonden,3,Fiets,2,Andere weggebruiker,Buiten Kruispunt,Gemeenteweg,binnen bebouwde kom,Tussen 2 bestuurders: Flank tegen flank,Geen hindernis
22099,77,Leuven teller 2,Leuven,50.88672,4.70796,0.6484258794866388,50.88250424535215,4.71434631323461,2020,10,12,24062,Leuven,Normaal,Droog,Dag,met lichtgewonden,3,Fiets,2,Andere weggebruiker,Buiten Kruispunt,Gemeenteweg,binnen bebouwde kom,Tussen 2 bestuurders: Flank tegen flank,Geen hindernis
22099,69,Leuven teller 1,Leuven,50.87549,4.71526,0.7825784086462205,50.88250424535215,4.71434631323461,2020,10,12,24062,Leuven,Normaal,Droog,Dag,met lichtgewonden,3,Fiets,2,Andere weggebruiker,Buiten Kruispunt,Gemeenteweg,binnen bebouwde kom,Tussen 2 bestuurders: Flank tegen flank,Geen hindernis
22100,77,Leuven teller 2,Leuven,50.88672,4.70796,0.9459296868834912,50.87988748354694,4.699927009706575,2020,10,19,24062,Leuven,Normaal,Droog,Dageraad - schemering,met lichtgewonden,3,Fiets,3,Fiets,Op Kruispunt,Gemeenteweg,binnen bebouwde kom,Tss. 2 best.: langs opzij (voor-/achterkant-flank),Geen hindernis
22106,69,Leuven teller 1,Leuven,50.87549,4.71526,0.43575845635917465,50.876256792553164,4.709169501595563,2020,10,7,24062,Leuven,Normaal,Droog,Dag,met lichtgewonden,3,Fiets,2,Andere weggebruiker,Buiten Kruispunt,Gemeenteweg,binnen bebouwde kom,Tss. 2 best.: langs opzij (voor-/achterkant-flank),Geen hindernis
22107,69,Leuven teller 1,Leuven,50.87549,4.71526,0.23943409836966315,50.87686717217291,4.712636694815547,2020,10,12,24062,Leuven,Normaal,Droog,Dag,met lichtgewonden,5,Lichte vrachtauto,3,Fiets,Buiten Kruispunt,Gemeenteweg,binnen bebouwde kom,Tussen 2 bestuurders: Langs achteren,Geen hindernis
22109,151,Leuven,District Leuven,50.8690262,4.6854839,0.7606043330932343,50.87402006446776,4.692891224884758,2020,10,0,24062,Leuven,Normaal,Droog,"Nacht, openbare verlichting aanwezig en ontstoken",met lichtgewonden,3,Fiets,10,"één bestuurder, geen hindernis",Op Kruispunt,Gemeenteweg,binnen bebouwde kom,"Eén bestuurder, geen hindernis (incl. val)",Geen hindernis
22114,101,Diest teller 1,Diest,50.97799,5.04481,0.853288408335073,50.97898621557232,5.05689500825642,2020,10,16,24020,Diest,Normaal,Droog,Dag,met lichtgewonden,9,personenauto,3,Fiets,Op Kruispunt,Gewestweg,binnen bebouwde kom,Tss. 2 best.: langs opzij (voor-/achterkant-flank),Geen hindernis
22114,102,Diest teller 2,Diest,50.9779,5.04474,0.8594977835098261,50.97898621557232,5.05689500825642,2020,10,16,24020,Diest,Normaal,Droog,Dag,met lichtgewonden,9,personenauto,3,Fiets,Op Kruispunt,Gewestweg,binnen bebouwde kom,Tss. 2 best.: langs opzij (voor-/achterkant-flank),Geen hindernis
22128,80,Wemmel teller 1,Wemmel,50.91418,4.29571,0.7764889377588591,50.90959714740507,4.30406655021908,2020,10,13,23102,Wemmel,Normaal,Droog+Proper,Dag,met lichtgewonden,9,personenauto,3,Fiets,Buiten Kruispunt,Gemeenteweg,binnen bebouwde kom,Tss. 2 best.: langs opzij (voor-/achterkant-flank),Geen hindernis
22128,81,Wemmel teller 2,Wemmel,50.91439,4.29568,0.7935657253202133,50.90959714740507,4.30406655021908,2020,10,13,23102,Wemmel,Normaal,Droog+Proper,Dag,met lichtgewonden,9,personenauto,3,Fiets,Buiten Kruispunt,Gemeenteweg,binnen bebouwde kom,Tss. 2 best.: langs opzij (voor-/achterkant-flank),Geen hindernis
22152,13,Gent,Gent,51.03018,3.70146,0.7828959313072236,51.02313955426513,3.701355544287542,2020,10,8,44021,Gent,Regenval,"Nat, plassen",Dageraad - schemering,met lichtgewonden,9,personenauto,3,Fiets,Buiten Kruispunt,Gewestweg,binnen bebouwde kom,Tussen 2 bestuurders: Frontale botsing,Geen hindernis
22157,13,Gent,Gent,51.03018,3.70146,0.827818332607647,51.02487702816154,3.7097678649648453,2020,10,13,44021,Gent,Normaal,Droog,Dag,met lichtgewonden,3,Fiets,3,Fiets,Buiten Kruispunt,Gewestweg,binnen bebouwde kom,Tussen 2 bestuurders: Flank tegen flank,Geen hindernis
22168,119,Gent teller 2,Gent,51.0281795,3.7683918,0.7440586737925018,51.034299793136064,3.7640903521238576,2020,11,12,44021,Gent,Normaal,Droog,Dag,met lichtgewonden,3,Fiets,9,personenauto,Op Kruispunt,Gemeenteweg,binnen bebouwde kom,Tss. 2 best.: langs opzij (voor-/achterkant-flank),Geen hindernis
22168,118,Gent teller 1,Gent,51.028049,3.7681359,0.7504260921035153,51.034299793136064,3.7640903521238576,2020,11,12,44021,Gent,Normaal,Droog,Dag,met lichtgewonden,3,Fiets,9,personenauto,Op Kruispunt,Gemeenteweg,binnen bebouwde kom,Tss. 2 best.: langs opzij (voor-/achterkant-flank),Geen hindernis
22172,118,Gent teller 1,Gent,51.028049,3.7681359,0.3510488478105451,51.02584513050226,3.764541801686573,2020,10,16,44021,Gent,Regenval,"Nat, plassen",Dag,met lichtgewonden,9,personenauto,3,Fiets,Op Kruispunt,Gemeenteweg,binnen bebouwde kom,Tss. 2 best.: langs opzij (voor-/achterkant-flank),Geen hindernis
22172,119,Gent teller 2,Gent,51.0281795,3.7683918,0.3739987356435118,51.02584513050226,3.764541801686573,2020,10,16,44021,Gent,Regenval,"Nat, plassen",Dag,met lichtgewonden,9,personenauto,3,Fiets,Op Kruispunt,Gemeenteweg,binnen bebouwde kom,Tss. 2 best.: langs opzij (voor-/achterkant-flank),Geen hindernis
22198,119,Gent teller 2,Gent,51.0281795,3.7683918,0.6484914379763183,51.023632837282,3.774198836224452,2020,10,8,44040,Melle,Normaal,Droog,Dag,met lichtgewonden,9,personenauto,3,Fiets,Buiten Kruispunt,Gewestweg,binnen bebouwde kom,Tss. 2 best.: langs opzij (voor-/achterkant-flank),Geen hindernis
22198,118,Gent teller 1,Gent,51.028049,3.7681359,0.64879683957074,51.023632837282,3.774198836224452,2020,10,8,44040,Melle,Normaal,Droog,Dag,met lichtgewonden,9,personenauto,3,Fiets,Buiten Kruispunt,Gewestweg,binnen bebouwde kom,Tss. 2 best.: langs opzij (voor-/achterkant-flank),Geen hindernis
22205,114,Deinze teller 1,Nazareth,50.9598305,3.555502,0.3479833527860964,50.95804240880253,3.5595795446688894,2020,10,16,44048,Nazareth,Normaal,Droog,Dag,met lichtgewonden,6,Bromfiets,3,Fiets,Buiten Kruispunt,Gewestweg,binnen bebouwde kom,Tussen 2 bestuurders: Frontale botsing,Geen hindernis
22205,113,Deinze teller 2,Deinze,50.96018,3.55578,0.35681068010364586,50.95804240880253,3.5595795446688894,2020,10,16,44048,Nazareth,Normaal,Droog,Dag,met lichtgewonden,6,Bromfiets,3,Fiets,Buiten Kruispunt,Gewestweg,binnen bebouwde kom,Tussen 2 bestuurders: Frontale botsing,Geen hindernis
22211,7,Evergem 1,Evergem,51.1089,3.70317,0.6379520500402127,51.10558444279923,3.71062734166274,2020,10,8,44019,Evergem,Normaal,"Nat, plassen",Dag,met lichtgewonden,3,Fiets,10,"één bestuurder, geen hindernis",Op Kruispunt,Gemeenteweg,binnen bebouwde kom,"Eén bestuurder, geen hindernis (incl. val)",Geen hindernis
22211,6,Evergem 2,Evergem,51.10894,3.70298,0.6513603429354966,51.10558444279923,3.71062734166274,2020,10,8,44019,Evergem,Normaal,"Nat, plassen",Dag,met lichtgewonden,3,Fiets,10,"één bestuurder, geen hindernis",Op Kruispunt,Gemeenteweg,binnen bebouwde kom,"Eén bestuurder, geen hindernis (incl. val)",Geen hindernis
22212,6,Evergem 2,Evergem,51.10894,3.70298,0.2905732992394289,51.110550745519824,3.699702476163301,2020,10,10,44019,Evergem,Normaal,Droog,Dag,met lichtgewonden,3,Fiets,10,"één bestuurder, geen hindernis",Buiten Kruispunt,Gewestweg,binnen bebouwde kom,"Eén bestuurder, geen hindernis (incl. val)",Geen hindernis
22212,7,Evergem 1,Evergem,51.1089,3.70317,0.3037956823562052,51.110550745519824,3.699702476163301,2020,10,10,44019,Evergem,Normaal,Droog,Dag,met lichtgewonden,3,Fiets,10,"één bestuurder, geen hindernis",Buiten Kruispunt,Gewestweg,binnen bebouwde kom,"Eén bestuurder, geen hindernis (incl. val)",Geen hindernis
22213,115,Aalter,Aalter,51.1058367,3.4350591,0.4911540088763357,51.10461382070064,3.441818860733469,2020,10,5,44084,Aalter,Regenval,"Nat, plassen",Dageraad - schemering,met lichtgewonden,9,personenauto,3,Fiets,Buiten Kruispunt,Gemeenteweg,binnen bebouwde kom,Tss. 2 best.: langs opzij (voor-/achterkant-flank),Geen hindernis
22247,128,Lokeren teller 1,Lokeren,51.09644,3.97023,0.31395335934204777,51.09858897921217,3.9731461413956635,2020,10,6,46014,Lokeren,Normaal,Droog,"Nacht, openbare verlichting aanwezig en ontstoken",met lichtgewonden,9,personenauto,3,Fiets,Op Kruispunt,Gewestweg,buiten bebouwde kom,Tss. 2 best.: langs opzij (voor-/achterkant-flank),Geen hindernis
22247,129,Lokeren teller 2,Lokeren,51.09612,3.97025,0.3409860323837467,51.09858897921217,3.9731461413956635,2020,10,6,46014,Lokeren,Normaal,Droog,"Nacht, openbare verlichting aanwezig en ontstoken",met lichtgewonden,9,personenauto,3,Fiets,Op Kruispunt,Gewestweg,buiten bebouwde kom,Tss. 2 best.: langs opzij (voor-/achterkant-flank),Geen hindernis
22251,126,Hamme totem,Hamme,51.1017709,4.1469307,0.7710474279619239,51.09521825626254,4.143318398886919,2020,10,13,42008,Hamme,Normaal,Droog,Dag,met lichtgewonden,9,personenauto,3,Fiets,Op Kruispunt,Gewestweg,binnen bebouwde kom,Tss. 2 best.: langs opzij (voor-/achterkant-flank),Geen hindernis
22263,10,Aalst 2,Aalst,50.93549,4.01571,0.7404120380956087,50.9380044739872,4.025494017462398,2020,10,13,41002,Aalst,"Andere (dikke rook,...)",Droog,Dag,met lichtgewonden,3,Fiets,3,Fiets,Buiten Kruispunt,Gewestweg,binnen bebouwde kom,Tussen 2 bestuurders: Flank tegen flank,Geen hindernis
22263,11,Aalst 3,Aalst,50.93385,4.01647,0.7831136717638005,50.9380044739872,4.025494017462398,2020,10,13,41002,Aalst,"Andere (dikke rook,...)",Droog,Dag,met lichtgewonden,3,Fiets,3,Fiets,Buiten Kruispunt,Gewestweg,binnen bebouwde kom,Tussen 2 bestuurders: Flank tegen flank,Geen hindernis
22263,19,Aalst 1,Aalst,50.93433,4.01471,0.8590589923046588,50.9380044739872,4.025494017462398,2020,10,13,41002,Aalst,"Andere (dikke rook,...)",Droog,Dag,met lichtgewonden,3,Fiets,3,Fiets,Buiten Kruispunt,Gewestweg,binnen bebouwde kom,Tussen 2 bestuurders: Flank tegen flank,Geen hindernis
22266,10,Aalst 2,Aalst,50.93549,4.01571,0.748009160580785,50.93906877389328,4.024748903476416,2020,10,16,41002,Aalst,Normaal,Droog,Dag,met lichtgewonden,9,personenauto,3,Fiets,Buiten Kruispunt,Gemeenteweg,binnen bebouwde kom,Tss. 2 best.: langs opzij (voor-/achterkant-flank),Geen hindernis
22266,11,Aalst 3,Aalst,50.93385,4.01647,0.8205472161046851,50.93906877389328,4.024748903476416,2020,10,16,41002,Aalst,Normaal,Droog,Dag,met lichtgewonden,9,personenauto,3,Fiets,Buiten Kruispunt,Gemeenteweg,binnen bebouwde kom,Tss. 2 best.: langs opzij (voor-/achterkant-flank),Geen hindernis
22266,19,Aalst 1,Aalst,50.93433,4.01471,0.8789188899869961,50.93906877389328,4.024748903476416,2020,10,16,41002,Aalst,Normaal,Droog,Dag,met lichtgewonden,9,personenauto,3,Fiets,Buiten Kruispunt,Gemeenteweg,binnen bebouwde kom,Tss. 2 best.: langs opzij (voor-/achterkant-flank),Geen hindernis
22267,10,Aalst 2,Aalst,50.93549,4.01571,0.8590646870442824,50.939563540959185,4.026127180353981,2020,10,15,41002,Aalst,Normaal,Droog,Dag,met lichtgewonden,5,Lichte vrachtauto,3,Fiets,Buiten Kruispunt,Gemeenteweg,binnen bebouwde kom,Tss. 2 best.: langs opzij (voor-/achterkant-flank),Geen hindernis
22267,11,Aalst 3,Aalst,50.93385,4.01647,0.9282004207126291,50.939563540959185,4.026127180353981,2020,10,15,41002,Aalst,Normaal,Droog,Dag,met lichtgewonden,5,Lichte vrachtauto,3,Fiets,Buiten Kruispunt,Gemeenteweg,binnen bebouwde kom,Tss. 2 best.: langs opzij (voor-/achterkant-flank),Geen hindernis
22267,19,Aalst 1,Aalst,50.93433,4.01471,0.9892940182281932,50.939563540959185,4.026127180353981,2020,10,15,41002,Aalst,Normaal,Droog,Dag,met lichtgewonden,5,Lichte vrachtauto,3,Fiets,Buiten Kruispunt,Gemeenteweg,binnen bebouwde kom,Tss. 2 best.: langs opzij (voor-/achterkant-flank),Geen hindernis
22295,142,TEST Validatie BRUGGE Y2H22022134,Brugge,51.22632,3.24095,0.6728511395076101,51.221903282149036,3.234345520493266,2020,10,8,31005,Brugge,Normaal,"Nat, plassen",Dag,met zwaargewonden,4,Vrachtwagen,3,Fiets,Op Kruispunt,Gewestweg,buiten bebouwde kom,Tussen 2 bestuurders: Flank tegen flank,Geen hindernis
22295,52,Brugge,Brugge,51.22632,3.24095,0.6728511395076101,51.221903282149036,3.234345520493266,2020,10,8,31005,Brugge,Normaal,"Nat, plassen",Dag,met zwaargewonden,4,Vrachtwagen,3,Fiets,Op Kruispunt,Gewestweg,buiten bebouwde kom,Tussen 2 bestuurders: Flank tegen flank,Geen hindernis
22297,53,Brugge teller 1,Brugge,51.23023,3.228,0.059950975093986066,51.23073205099299,3.2283138740938355,2020,10,7,31005,Brugge,Normaal,"Nat, plassen","Nacht, openbare verlichting aanwezig en ontstoken",met lichtgewonden,5,Lichte vrachtauto,3,Fiets,Op Kruispunt,Gewestweg,binnen bebouwde kom,Tss. 2 best.: langs opzij (voor-/achterkant-flank),Geen hindernis
22297,54,Brugge teller 2,Brugge,51.23015,3.22818,0.06538894441693058,51.23073205099299,3.2283138740938355,2020,10,7,31005,Brugge,Normaal,"Nat, plassen","Nacht, openbare verlichting aanwezig en ontstoken",met lichtgewonden,5,Lichte vrachtauto,3,Fiets,Op Kruispunt,Gewestweg,binnen bebouwde kom,Tss. 2 best.: langs opzij (voor-/achterkant-flank),Geen hindernis
22329,143,Eco Display Classic Budastraat,Kortrijk,50.83066,3.26286,0.25917056845162223,50.83280133393762,3.26431731485555,2020,10,8,34022,Kortrijk,Onbekend,Onbekend,Onbekend,met lichtgewonden,3,Fiets,3,Fiets,Buiten Kruispunt,Gemeenteweg,onbekend,Tss. 2 best.: langs opzij (voor-/achterkant-flank),Geen hindernis
22329,17,Kortrijk 2,Kortrijk,50.83339,3.27773,0.9442265457983806,50.83280133393762,3.26431731485555,2020,10,8,34022,Kortrijk,Onbekend,Onbekend,Onbekend,met lichtgewonden,3,Fiets,3,Fiets,Buiten Kruispunt,Gemeenteweg,onbekend,Tss. 2 best.: langs opzij (voor-/achterkant-flank),Geen hindernis
22329,16,Kortrijk 1,Kortrijk,50.83332,3.27777,0.9465235238121305,50.83280133393762,3.26431731485555,2020,10,8,34022,Kortrijk,Onbekend,Onbekend,Onbekend,met lichtgewonden,3,Fiets,3,Fiets,Buiten Kruispunt,Gemeenteweg,onbekend,Tss. 2 best.: langs opzij (voor-/achterkant-flank),Geen hindernis
22330,16,Kortrijk 1,Kortrijk,50.83332,3.27777,0.6469876265224566,50.82830876532921,3.2730887024552064,2020,10,16,34022,Kortrijk,Onbekend,Onbekend,Onbekend,met lichtgewonden,3,Fiets,9,personenauto,Op Kruispunt,Gewestweg,binnen bebouwde kom,Tss. 2 best.: langs opzij (voor-/achterkant-flank),Geen hindernis
22330,17,Kortrijk 2,Kortrijk,50.83339,3.27773,0.6522948062965304,50.82830876532921,3.2730887024552064,2020,10,16,34022,Kortrijk,Onbekend,Onbekend,Onbekend,met lichtgewonden,3,Fiets,9,personenauto,Op Kruispunt,Gewestweg,binnen bebouwde kom,Tss. 2 best.: langs opzij (voor-/achterkant-flank),Geen hindernis
22330,143,Eco Display Classic Budastraat,Kortrijk,50.83066,3.26286,0.7644982443498616,50.82830876532921,3.2730887024552064,2020,10,16,34022,Kortrijk,Onbekend,Onbekend,Onbekend,met lichtgewonden,3,Fiets,9,personenauto,Op Kruispunt,Gewestweg,binnen bebouwde kom,Tss. 2 best.: langs opzij (voor-/achterkant-flank),Geen hindernis
22331,143,Eco Display Classic Budastraat,Kortrijk,50.83066,3.26286,0.1417491065396488,50.831601846303855,3.261499878687489,2020,10,12,34022,Kortrijk,Normaal,Droog,Dag,met lichtgewonden,3,Fiets,3,Fiets,Op Kruispunt,Gemeenteweg,binnen bebouwde kom,Kettingbotsing (3 bestuurders of meer),Geen hindernis
22334,143,Eco Display Classic Budastraat,Kortrijk,50.83066,3.26286,0.5294301627811706,50.829616215981204,3.2555051845284853,2020,10,16,34022,Kortrijk,Normaal,Droog,Dageraad - schemering,met zwaargewonden,3,Fiets,3,Fiets,Buiten Kruispunt,Gemeenteweg,binnen bebouwde kom,Tussen 2 bestuurders: Frontale botsing,Geen hindernis
22335,17,Kortrijk 2,Kortrijk,50.83339,3.27773,0.4008729390719348,50.83405771536308,3.2721205732494374,2020,10,7,34022,Kortrijk,Onbekend,Onbekend,Dageraad - schemering,met lichtgewonden,4,Vrachtwagen,3,Fiets,Buiten Kruispunt,Gemeenteweg,binnen bebouwde kom,Tussen 2 bestuurders: Flank tegen flank,Geen hindernis
22335,16,Kortrijk 1,Kortrijk,50.83332,3.27777,0.4051380857786835,50.83405771536308,3.2721205732494374,2020,10,7,34022,Kortrijk,Onbekend,Onbekend,Dageraad - schemering,met lichtgewonden,4,Vrachtwagen,3,Fiets,Buiten Kruispunt,Gemeenteweg,binnen bebouwde kom,Tussen 2 bestuurders: Flank tegen flank,Geen hindernis
22335,143,Eco Display Classic Budastraat,Kortrijk,50.83066,3.26286,0.7521422209813058,50.83405771536308,3.2721205732494374,2020,10,7,34022,Kortrijk,Onbekend,Onbekend,Dageraad - schemering,met lichtgewonden,4,Vrachtwagen,3,Fiets,Buiten Kruispunt,Gemeenteweg,binnen bebouwde kom,Tussen 2 bestuurders: Flank tegen flank,Geen hindernis
22374,140,Hasselt ring,Hasselt,50.9300038,5.3438616,0.7645967217029359,50.92361902758139,5.347911589673063,2020,10,17,71022,Hasselt,Normaal,Droog,Dag,met lichtgewonden,3,Fiets,9,personenauto,Op Kruispunt,Gemeenteweg,binnen bebouwde kom,Tss. 2 best.: langs opzij (voor-/achterkant-flank),Geen hindernis
22375,140,Hasselt ring,Hasselt,50.9300038,5.3438616,0.6959984384166451,50.932550498182835,5.334789428934206,2020,11,11,71022,Hasselt,Normaal,Droog,Dag,met zwaargewonden,3,Fiets,11,een weggebruiker tegen een hindernis,Buiten Kruispunt,Gemeenteweg,binnen bebouwde kom,Weggebruiker tegen hindernis op de rijbaan,"Op de rijbaan: Put, straatgoot, tramspoor"
22378,30,Herk De Stad,Herk-de-Stad,50.94374,5.17691,0.9662793632140777,50.936815119974014,5.168578549698516,2020,10,13,71024,Herk-de-Stad,Normaal,Droog,Dag,met lichtgewonden,9,personenauto,3,Fiets,Op Kruispunt,Gewestweg,binnen bebouwde kom,Tss. 2 best.: langs opzij (voor-/achterkant-flank),Geen hindernis
22378,31,Herk De Stad,Herk-de-Stad,50.94366,5.1775,0.9849112856604092,50.936815119974014,5.168578549698516,2020,10,13,71024,Herk-de-Stad,Normaal,Droog,Dag,met lichtgewonden,9,personenauto,3,Fiets,Op Kruispunt,Gewestweg,binnen bebouwde kom,Tss. 2 best.: langs opzij (voor-/achterkant-flank),Geen hindernis
22384,140,Hasselt ring,Hasselt,50.9300038,5.3438616,0.6021192462616097,50.93476525997267,5.339769686544362,2020,10,11,71022,Hasselt,Normaal,Droog,Dag,met zwaargewonden,3,Fiets,8,Voetganger,Op Kruispunt,Gewestweg,binnen bebouwde kom,Met een voetganger,Geen hindernis
22384,138,Hasselt-Kempische brug,Hasselt,50.9405318,5.3422472,0.6642951596606864,50.93476525997267,5.339769686544362,2020,10,11,71022,Hasselt,Normaal,Droog,Dag,met zwaargewonden,3,Fiets,8,Voetganger,Op Kruispunt,Gewestweg,binnen bebouwde kom,Met een voetganger,Geen hindernis
22384,137,Hasselt-Kempische brug,Hasselt,50.9411605,5.3417576,0.7246324215486466,50.93476525997267,5.339769686544362,2020,10,11,71022,Hasselt,Normaal,Droog,Dag,met zwaargewonden,3,Fiets,8,Voetganger,Op Kruispunt,Gewestweg,binnen bebouwde kom,Met een voetganger,Geen hindernis
22477,8,Heist op den Berg 1,Heist-op-den-Berg,51.06759,4.68823,0.2203671086322294,51.067025184676865,4.685207088873682,2020,11,10,12029,Putte,Onbekend,Droog,Dag,met lichtgewonden,3,Fiets,5,Lichte vrachtauto,Op Kruispunt,Gewestweg,buiten bebouwde kom,Tss. 2 best.: langs opzij (voor-/achterkant-flank),Geen hindernis
22477,9,Heist op den Berg 2,Heist-op-den-Berg,51.06904,4.69524,0.7359737566654612,51.067025184676865,4.685207088873682,2020,11,10,12029,Putte,Onbekend,Droog,Dag,met lichtgewonden,3,Fiets,5,Lichte vrachtauto,Op Kruispunt,Gewestweg,buiten bebouwde kom,Tss. 2 best.: langs opzij (voor-/achterkant-flank),Geen hindernis
22487,88,Westerlo teller 1,Westerlo,51.082,4.91325,0.08978959813960145,51.08275788556281,4.912806388564329,2020,11,10,13049,Westerlo,Normaal,Droog,Dag,met lichtgewonden,9,personenauto,3,Fiets,Op Kruispunt,Gewestweg,binnen bebouwde kom,Tss. 2 best.: langs opzij (voor-/achterkant-flank),Geen hindernis
22487,89,Westerlo teller 2,Westerlo,51.08191,4.91334,0.10138147619491625,51.08275788556281,4.912806388564329,2020,11,10,13049,Westerlo,Normaal,Droog,Dag,met lichtgewonden,9,personenauto,3,Fiets,Op Kruispunt,Gewestweg,binnen bebouwde kom,Tss. 2 best.: langs opzij (voor-/achterkant-flank),Geen hindernis
22488,88,Westerlo teller 1,Westerlo,51.082,4.91325,0.44940963896614644,51.085820481574,4.911150893904143,2020,11,16,13049,Westerlo,Regenval,"Nat, plassen",Dag,met lichtgewonden,9,personenauto,3,Fiets,Op Kruispunt,Gewestweg,binnen bebouwde kom,Tss. 2 best.: langs opzij (voor-/achterkant-flank),Geen hindernis
22488,89,Westerlo teller 2,Westerlo,51.08191,4.91334,0.4609284441775486,51.085820481574,4.911150893904143,2020,11,16,13049,Westerlo,Regenval,"Nat, plassen",Dag,met lichtgewonden,9,personenauto,3,Fiets,Op Kruispunt,Gewestweg,binnen bebouwde kom,Tss. 2 best.: langs opzij (voor-/achterkant-flank),Geen hindernis
22504,45,Pelt teller 1,Pelt,51.23127,5.44377,0.2115781572347219,51.23229772560788,5.441212640747074,2020,11,11,72043,Pelt,Normaal,Droog,Dag,met lichtgewonden,3,Fiets,11,een weggebruiker tegen een hindernis,Buiten Kruispunt,Gemeenteweg,buiten bebouwde kom,Weggebruiker tegen hindernis op de rijbaan,"Op de rijbaan: Werken (signal., aarde, toestel,…)"
22504,46,Pelt teller 2,Pelt,51.231,5.44375,0.22811121395148,51.23229772560788,5.441212640747074,2020,11,11,72043,Pelt,Normaal,Droog,Dag,met lichtgewonden,3,Fiets,11,een weggebruiker tegen een hindernis,Buiten Kruispunt,Gemeenteweg,buiten bebouwde kom,Weggebruiker tegen hindernis op de rijbaan,"Op de rijbaan: Werken (signal., aarde, toestel,…)"
22517,43,Maaseik teller 1,Maaseik,51.09344,5.79715,0.43094819629565767,51.09220265168813,5.791302185749333,2020,11,19,72021,Maaseik,Normaal,Droog,"Nacht, openbare verlichting aanwezig en ontstoken",met lichtgewonden,3,Fiets,9,personenauto,Op Kruispunt,Gewestweg,binnen bebouwde kom,Tussen 2 bestuurders: Langs achteren,Geen hindernis