crash_row_id,site_id,site_name,site_gemeente,site_lat,site_long,distance_km,crash_lat,crash_long,DT_YEAR_COLLISION,DT_MONTH_COLLISION,DT_TIME,CD_NIS,TX_MUNTY_COLLISION_NL,TX_WEATHER_NL,TX_ROAD_CONDITION_NL,TX_LIGHT_CONDITION_NL,TX_CLASS_ACCIDENTS_NL,CD_ROAD_USR_TYPE1,TX_ROAD_USR_TYPE1_NL,CD_ROAD_USR_TYPE2,TX_ROAD_USR_TYPE2_NL,TX_CROSSWAY_NL,CD_ROAD_TYPE_NL,TX_BUILD_UP_AREA_NL,TX_COLLISION_TYPE_NL,TX_OBSTACLES_NL
22900,69,Leuven teller 1,Leuven,50.87549,4.71526,0.42271961499695426,50.8764597646316,4.7094345936542235,2020,12,12,24062,Leuven,Normaal,Droog,Dag,met lichtgewonden,3,Fiets,3,Fiets,Op Kruispunt,Gemeenteweg,binnen bebouwde kom,Tussen 2 bestuurders: Flank tegen flank,Geen hindernis
22901,151,Leuven,District Leuven,50.8690262,4.6854839,0.8859858931163326,50.86106494826316,4.6859980521643365,2020,12,8,24062,Leuven,Normaal,Droog,Dageraad - schemering,met lichtgewonden,5,Lichte vrachtauto,3,Fiets,Op Kruispunt,Gemeenteweg,binnen bebouwde kom,Tss. 2 best.: langs opzij (voor-/achterkant-flank),Geen hindernis
22903,107,leuven totem,Leuven,50.8870744,4.7087919,0.7136588290188727,50.88840014162719,4.718746328794528,2020,12,7,24062,Leuven,Normaal,"Nat, plassen","Nacht, openbare verlichting aanwezig en ontstoken",met zwaargewonden,3,Fiets,6,Bromfiets,Buiten Kruispunt,Gemeenteweg,binnen bebouwde kom,Tussen 2 bestuurders: Frontale botsing,Geen hindernis
22903,77,Leuven teller 2,Leuven,50.88672,4.70796,0.7793488354475009,50.88840014162719,4.718746328794528,2020,12,7,24062,Leuven,Normaal,"Nat, plassen","Nacht, openbare verlichting aanwezig en ontstoken",met zwaargewonden,3,Fiets,6,Bromfiets,Buiten Kruispunt,Gemeenteweg,binnen bebouwde kom,Tussen 2 bestuurders: Frontale botsing,Geen hindernis
22913,26,Zaventem,Zaventem,50.86995,4.45444,0.6523695828662015,50.87074713142314,4.445229567024047,2020,12,15,23094,Zaventem,Normaal,Droog,Dag,met lichtgewonden,5,Lichte vrachtauto,3,Fiets,Op Kruispunt,Gemeenteweg,binnen bebouwde kom,Tss. 2 best.: langs opzij (voor-/achterkant-flank),Geen hindernis
22915,145,Overijse,District Vilvoorde-gewestwegen,50.7885856,4.4908759,0.28836961941161937,50.788248347517815,4.494943291762517,2020,12,15,23062,Overijse,Normaal,Droog,Dag,met lichtgewonden,9,personenauto,3,Fiets,Op Kruispunt,Gewestweg,buiten bebouwde kom,Tss. 2 best.: langs opzij (voor-/achterkant-flank),Geen hindernis
22915,146,Overijse 2,District Vilvoorde-gewestwegen,50.7881478,4.4902818,0.3278758344648094,50.788248347517815,4.494943291762517,2020,12,15,23062,Overijse,Normaal,Droog,Dag,met lichtgewonden,9,personenauto,3,Fiets,Op Kruispunt,Gewestweg,buiten bebouwde kom,Tss. 2 best.: langs opzij (voor-/achterkant-flank),Geen hindernis
22915,147,Overijse,District Vilvoorde-gewestwegen,50.7797555,4.4975769,0.9623403768888844,50.788248347517815,4.494943291762517,2020,12,15,23062,Overijse,Normaal,Droog,Dag,met lichtgewonden,9,personenauto,3,Fiets,Op Kruispunt,Gewestweg,buiten bebouwde kom,Tss. 2 best.: langs opzij (voor-/achterkant-flank),Geen hindernis
22935,118,Gent teller 1,Gent,51.028049,3.7681359,0.6055410734880156,51.03127533778728,3.761160192702512,2020,12,18,44021,Gent,Normaal,Droog,"Nacht, openbare verlichting aanwezig en ontstoken",met lichtgewonden,3,Fiets,9,personenauto,Buiten Kruispunt,Gemeenteweg,buiten bebouwde kom,Tss. 2 best.: langs opzij (voor-/achterkant-flank),Geen hindernis
22935,119,Gent teller 2,Gent,51.0281795,3.7683918,0.6117667193841894,51.03127533778728,3.761160192702512,2020,12,18,44021,Gent,Normaal,Droog,"Nacht, openbare verlichting aanwezig en ontstoken",met lichtgewonden,3,Fiets,9,personenauto,Buiten Kruispunt,Gemeenteweg,buiten bebouwde kom,Tss. 2 best.: langs opzij (voor-/achterkant-flank),Geen hindernis
22958,116,Melle teller 2,Melle,50.9986113,3.8040599,0.6027582125805198,51.003175370042946,3.7994124812070282,2020,12,13,44040,Melle,Normaal,Droog,Dag,met lichtgewonden,9,personenauto,3,Fiets,Buiten Kruispunt,Gemeenteweg,binnen bebouwde kom,Tss. 2 best.: langs opzij (voor-/achterkant-flank),Geen hindernis
22958,117,Melle teller 1,Melle,50.9986113,3.8040599,0.6027582125805198,51.003175370042946,3.7994124812070282,2020,12,13,44040,Melle,Normaal,Droog,Dag,met lichtgewonden,9,personenauto,3,Fiets,Buiten Kruispunt,Gemeenteweg,binnen bebouwde kom,Tss. 2 best.: langs opzij (voor-/achterkant-flank),Geen hindernis
22966,7,Evergem 1,Evergem,51.1089,3.70317,0.6379520500402127,51.10558444279923,3.71062734166274,2020,12,16,44019,Evergem,Normaal,Droog,Dag,met lichtgewonden,3,Fiets,9,personenauto,Op Kruispunt,Gemeenteweg,binnen bebouwde kom,Tss. 2 best.: langs opzij (voor-/achterkant-flank),Geen hindernis
22966,6,Evergem 2,Evergem,51.10894,3.70298,0.6513603429354966,51.10558444279923,3.71062734166274,2020,12,16,44019,Evergem,Normaal,Droog,Dag,met lichtgewonden,3,Fiets,9,personenauto,Op Kruispunt,Gemeenteweg,binnen bebouwde kom,Tss. 2 best.: langs opzij (voor-/achterkant-flank),Geen hindernis
23000,126,Hamme totem,Hamme,51.1017709,4.1469307,0.9964627661960185,51.09281568250369,4.147460881513645,2020,12,11,42008,Hamme,Normaal,"Nat, plassen",Dag,met zwaargewonden,5,Lichte vrachtauto,3,Fiets,Op Kruispunt,Gemeenteweg,binnen bebouwde kom,Tussen 2 bestuurders: Frontale botsing,Geen hindernis
23001,126,Hamme totem,Hamme,51.1017709,4.1469307,0.9850206792230491,51.09623238514344,4.135921363924911,2020,12,12,42008,Hamme,Normaal,Droog,Dag,met lichtgewonden,9,personenauto,3,Fiets,Op Kruispunt,Gemeenteweg,binnen bebouwde kom,Tussen 2 bestuurders: Flank tegen flank,Geen hindernis
23025,142,TEST Validatie BRUGGE Y2H22022134,Brugge,51.22632,3.24095,0.6905576442430283,51.221518289410454,3.234661254638784,2020,12,5,31005,Brugge,Normaal,Droog,Dageraad - schemering,met lichtgewonden,9,personenauto,3,Fiets,Op Kruispunt,Gewestweg,binnen bebouwde kom,Tss. 2 best.: langs opzij (voor-/achterkant-flank),Geen hindernis
23025,52,Brugge,Brugge,51.22632,3.24095,0.6905576442430283,51.221518289410454,3.234661254638784,2020,12,5,31005,Brugge,Normaal,Droog,Dageraad - schemering,met lichtgewonden,9,personenauto,3,Fiets,Op Kruispunt,Gewestweg,binnen bebouwde kom,Tss. 2 best.: langs opzij (voor-/achterkant-flank),Geen hindernis
23043,18,Oostende 1,Oostende,51.21378,2.92765,0.5393379664649225,51.218208401756876,2.930809001596321,2020,12,7,35013,Oostende,Onbekend,Onbekend,Dageraad - schemering,met lichtgewonden,3,Fiets,9,personenauto,Op Kruispunt,Gemeenteweg,binnen bebouwde kom,Tss. 2 best.: langs opzij (voor-/achterkant-flank),Geen hindernis
23043,15,Oostende 2,Oostende,51.21371,2.92743,0.5528015462394936,51.218208401756876,2.930809001596321,2020,12,7,35013,Oostende,Onbekend,Onbekend,Dageraad - schemering,met lichtgewonden,3,Fiets,9,personenauto,Op Kruispunt,Gemeenteweg,binnen bebouwde kom,Tss. 2 best.: langs opzij (voor-/achterkant-flank),Geen hindernis
23066,16,Kortrijk 1,Kortrijk,50.83332,3.27777,0.6469876265224566,50.82830876532921,3.2730887024552064,2020,12,14,34022,Kortrijk,Normaal,Droog,Dag,met lichtgewonden,9,personenauto,3,Fiets,Op Kruispunt,Gewestweg,binnen bebouwde kom,Tss. 2 best.: langs opzij (voor-/achterkant-flank),Geen hindernis
23066,17,Kortrijk 2,Kortrijk,50.83339,3.27773,0.6522948062965304,50.82830876532921,3.2730887024552064,2020,12,14,34022,Kortrijk,Normaal,Droog,Dag,met lichtgewonden,9,personenauto,3,Fiets,Op Kruispunt,Gewestweg,binnen bebouwde kom,Tss. 2 best.: langs opzij (voor-/achterkant-flank),Geen hindernis
23066,143,Eco Display Classic Budastraat,Kortrijk,50.83066,3.26286,0.7644982443498616,50.82830876532921,3.2730887024552064,2020,12,14,34022,Kortrijk,Normaal,Droog,Dag,met lichtgewonden,9,personenauto,3,Fiets,Op Kruispunt,Gewestweg,binnen bebouwde kom,Tss. 2 best.: langs opzij (voor-/achterkant-flank),Geen hindernis
23080,68,Ieper,Ieper,50.85032,2.85608,0.16667333316549096,50.85073642943928,2.8537992809110766,2020,12,14,33011,Ieper,Normaal,"Nat, plassen",Dag,met lichtgewonden,3,Fiets,10,"één bestuurder, geen hindernis",Buiten Kruispunt,Gewestweg,buiten bebouwde kom,"Eén bestuurder, geen hindernis (incl. val)",Geen hindernis
23080,67,Ieper totem,Ieper,50.85018,2.85624,0.18217342887727564,50.85073642943928,2.8537992809110766,2020,12,14,33011,Ieper,Normaal,"Nat, plassen",Dag,met lichtgewonden,3,Fiets,10,"één bestuurder, geen hindernis",Buiten Kruispunt,Gewestweg,buiten bebouwde kom,"Eén bestuurder, geen hindernis (incl. val)",Geen hindernis
23108,25,Bree,Bree,51.13679500160176,5.597669323604317,0.25891936649147984,51.13774151686009,5.594278708474728,2020,12,11,72004,Bree,Normaal,Droog,Dag,met lichtgewonden,5,Lichte vrachtauto,3,Fiets,Op Kruispunt,Gewestweg,buiten bebouwde kom,Tussen 2 bestuurders: Flank tegen flank,Geen hindernis
23110,23,Tienen 3,Tienen,50.81324,4.93447,0.789264440504841,50.81170545933821,4.9235021335622955,2020,12,17,24107,Tienen,Normaal,Droog,"Nacht, openbare verlichting aanwezig en ontstoken",met lichtgewonden,3,Fiets,6,Bromfiets,Buiten Kruispunt,Gewestweg,binnen bebouwde kom,Tussen 2 bestuurders: Frontale botsing,Geen hindernis
23110,24,Tienen 1,Tienen,50.8133795491886,4.935044252605416,0.8320354207419962,50.81170545933821,4.9235021335622955,2020,12,17,24107,Tienen,Normaal,Droog,"Nacht, openbare verlichting aanwezig en ontstoken",met lichtgewonden,3,Fiets,6,Bromfiets,Buiten Kruispunt,Gewestweg,binnen bebouwde kom,Tussen 2 bestuurders: Frontale botsing,Geen hindernis
23110,22,Tienen 2,Tienen,50.81330800184882,4.935984252796022,0.8949097123510289,50.81170545933821,4.9235021335622955,2020,12,17,24107,Tienen,Normaal,Droog,"Nacht, openbare verlichting aanwezig en ontstoken",met lichtgewonden,3,Fiets,6,Bromfiets,Buiten Kruispunt,Gewestweg,binnen bebouwde kom,Tussen 2 bestuurders: Frontale botsing,Geen hindernis
23211,37,Lommel teller 1,Lommel,51.23299,5.29211,0.3067279024623506,51.23285373218748,5.2965100262941105,2021,1,6,72020,Lommel,Normaal,Droog,"Nacht, openbare verlichting aanwezig en ontstoken",met lichtgewonden,9,personenauto,3,Fiets,Op Kruispunt,Gewestweg,binnen bebouwde kom,Tss. 2 best.: langs opzij (voor-/achterkant-flank),Geen hindernis
23211,38,Lommel teller 2,Lommel,51.23277,5.29189,0.32180647871585716,51.23285373218748,5.2965100262941105,2021,1,6,72020,Lommel,Normaal,Droog,"Nacht, openbare verlichting aanwezig en ontstoken",met lichtgewonden,9,personenauto,3,Fiets,Op Kruispunt,Gewestweg,binnen bebouwde kom,Tss. 2 best.: langs opzij (voor-/achterkant-flank),Geen hindernis
23227,151,Leuven,District Leuven,50.8690262,4.6854839,0.8805890898444009,50.86881387108273,4.698027906768469,2021,1,6,24062,Leuven,Regenval,"Nat, plassen",Dageraad - schemering,met lichtgewonden,5,Lichte vrachtauto,3,Fiets,Op Kruispunt,Gewestweg,binnen bebouwde kom,Tss. 2 best.: langs opzij (voor-/achterkant-flank),Geen hindernis
23229,77,Leuven teller 2,Leuven,50.88672,4.70796,0.921562856924615,50.879296834139346,4.70211806516909,2021,1,14,24062,Leuven,Sneeuwval,"Nat, plassen",Dag,met lichtgewonden,3,Fiets,10,"één bestuurder, geen hindernis",Buiten Kruispunt,Gemeenteweg,binnen bebouwde kom,"Eén bestuurder, geen hindernis (incl. val)",Geen hindernis
23229,107,leuven totem,Leuven,50.8870744,4.7087919,0.9834261079400113,50.879296834139346,4.70211806516909,2021,1,14,24062,Leuven,Sneeuwval,"Nat, plassen",Dag,met lichtgewonden,3,Fiets,10,"één bestuurder, geen hindernis",Buiten Kruispunt,Gemeenteweg,binnen bebouwde kom,"Eén bestuurder, geen hindernis (incl. val)",Geen hindernis
23231,151,Leuven,District Leuven,50.8690262,4.6854839,0.8898525539344192,50.86814650256987,4.698087486532832,2021,1,8,24062,Leuven,Regenval,"Nat, plassen",Dag,met lichtgewonden,3,Fiets,10,"één bestuurder, geen hindernis",Buiten Kruispunt,Gewestweg,binnen bebouwde kom,"Eén bestuurder, geen hindernis (incl. val)",Geen hindernis
23233,151,Leuven,District Leuven,50.8690262,4.6854839,0.4811868979483308,50.8733479558792,4.685133235294276,2021,1,19,24062,Leuven,Normaal,Droog,"Nacht, openbare verlichting aanwezig en ontstoken",met lichtgewonden,3,Fiets,11,een weggebruiker tegen een hindernis,Buiten Kruispunt,Gemeenteweg,binnen bebouwde kom,Weggebruiker tegen hindernis op de rijbaan,"Op de rijbaan: Put, straatgoot, tramspoor"
23234,151,Leuven,District Leuven,50.8690262,4.6854839,0.8046903524297249,50.86600574803529,4.695903989146645,2021,1,12,24062,Leuven,Normaal,Droog,Dag,met lichtgewonden,99,onbekend,3,Fiets,Buiten Kruispunt,Gewestweg,binnen bebouwde kom,Tussen 2 bestuurders: Frontale botsing,Geen hindernis
23244,101,Diest teller 1,Diest,50.97799,5.04481,0.38205915089929626,50.98056993853156,5.048414302621913,2021,1,9,24020,Diest,Normaal,Droog,Dag,met zwaargewonden,9,personenauto,3,Fiets,Op Kruispunt,Gewestweg,binnen bebouwde kom,Tss. 2 best.: langs opzij (voor-/achterkant-flank),Geen hindernis
23244,102,Diest teller 2,Diest,50.9779,5.04474,0.3928211935090466,50.98056993853156,5.048414302621913,2021,1,9,24020,Diest,Normaal,Droog,Dag,met zwaargewonden,9,personenauto,3,Fiets,Op Kruispunt,Gewestweg,binnen bebouwde kom,Tss. 2 best.: langs opzij (voor-/achterkant-flank),Geen hindernis
23257,109,Zemst,Zemst,50.9903936,4.4707023,0.7288007174306242,50.985025251707164,4.464728846868126,2021,1,7,23096,Zemst,Normaal,"Nat, plassen","Nacht, openbare verlichting aanwezig en ontstoken",met lichtgewonden,9,personenauto,3,Fiets,Buiten Kruispunt,Gewestweg,binnen bebouwde kom,Tss. 2 best.: langs opzij (voor-/achterkant-flank),Geen hindernis
23280,118,Gent teller 1,Gent,51.028049,3.7681359,0.555378886405641,51.03048443430163,3.7612024126637578,2021,1,19,44021,Gent,Normaal,Droog,"Nacht, openbare verlichting aanwezig en ontstoken",met lichtgewonden,3,Fiets,9,personenauto,Buiten Kruispunt,Gemeenteweg,binnen bebouwde kom,Tss. 2 best.: langs opzij (voor-/achterkant-flank),Geen hindernis
23280,119,Gent teller 2,Gent,51.0281795,3.7683918,0.5643325100088172,51.03048443430163,3.7612024126637578,2021,1,19,44021,Gent,Normaal,Droog,"Nacht, openbare verlichting aanwezig en ontstoken",met lichtgewonden,3,Fiets,9,personenauto,Buiten Kruispunt,Gemeenteweg,binnen bebouwde kom,Tss. 2 best.: langs opzij (voor-/achterkant-flank),Geen hindernis
23295,116,Melle teller 2,Melle,50.9986113,3.8040599,0.25686432704558154,50.99639089897974,3.803047354416248,2021,1,7,44040,Melle,Normaal,Droog,Dageraad - schemering,met lichtgewonden,3,Fiets,11,een weggebruiker tegen een hindernis,Buiten Kruispunt,Gewestweg,binnen bebouwde kom,Weggebruiker tegen hindernis buiten rijbaan,Buiten de rijbaan: Andere paal
23295,117,Melle teller 1,Melle,50.9986113,3.8040599,0.25686432704558154,50.99639089897974,3.803047354416248,2021,1,7,44040,Melle,Normaal,Droog,Dageraad - schemering,met lichtgewonden,3,Fiets,11,een weggebruiker tegen een hindernis,Buiten Kruispunt,Gewestweg,binnen bebouwde kom,Weggebruiker tegen hindernis buiten rijbaan,Buiten de rijbaan: Andere paal
23299,119,Gent teller 2,Gent,51.0281795,3.7683918,0.0886862352417232,51.02892784212395,3.7688304457471107,2021,1,22,44021,Gent,Regenval,"Nat, plassen","Nacht, openbare verlichting aanwezig en ontstoken",met lichtgewonden,3,Fiets,10,"één bestuurder, geen hindernis",Op Kruispunt,Gemeenteweg,binnen bebouwde kom,"Eén bestuurder, geen hindernis (incl. val)",Geen hindernis
23299,118,Gent teller 1,Gent,51.028049,3.7681359,0.10912852365509901,51.02892784212395,3.7688304457471107,2021,1,22,44021,Gent,Regenval,"Nat, plassen","Nacht, openbare verlichting aanwezig en ontstoken",met lichtgewonden,3,Fiets,10,"één bestuurder, geen hindernis",Op Kruispunt,Gemeenteweg,binnen bebouwde kom,"Eén bestuurder, geen hindernis (incl. val)",Geen hindernis
23338,126,Hamme totem,Hamme,51.1017709,4.1469307,0.864570136050989,51.094458549700505,4.142722372955345,2021,1,14,42008,Hamme,Normaal,Proper,Dag,met lichtgewonden,9,personenauto,3,Fiets,Op Kruispunt,Gewestweg,binnen bebouwde kom,Tss. 2 best.: langs opzij (voor-/achterkant-flank),Geen hindernis
23358,122,Dendermonde teller 2,Dendermonde,51.0373918,4.1019222,0.9873653378470578,51.02955213807384,4.095291616850258,2021,1,8,42006,Dendermonde,Normaal,"Ijzel, sneeuw",Dag,met lichtgewonden,3,Fiets,10,"één bestuurder, geen hindernis",Buiten Kruispunt,Gemeenteweg,binnen bebouwde kom,"Eén bestuurder, geen hindernis (incl. val)",Geen hindernis
23358,125,Dendermonde totem,Dendermonde,51.0372706,4.1025998,0.9988791339099415,51.02955213807384,4.095291616850258,2021,1,8,42006,Dendermonde,Normaal,"Ijzel, sneeuw",Dag,met lichtgewonden,3,Fiets,10,"één bestuurder, geen hindernis",Buiten Kruispunt,Gemeenteweg,binnen bebouwde kom,"Eén bestuurder, geen hindernis (incl. val)",Geen hindernis
23362,142,TEST Validatie BRUGGE Y2H22022134,Brugge,51.22632,3.24095,0.5361349756029339,51.225028607941184,3.233532218857582,2021,1,8,31005,Brugge,Normaal,Droog,Dageraad - schemering,met lichtgewonden,3,Fiets,9,personenauto,Buiten Kruispunt,Gemeenteweg,binnen bebouwde kom,Tss. 2 best.: langs opzij (voor-/achterkant-flank),Geen hindernis
23362,52,Brugge,Brugge,51.22632,3.24095,0.5361349756029339,51.225028607941184,3.233532218857582,2021,1,8,31005,Brugge,Normaal,Droog,Dageraad - schemering,met lichtgewonden,3,Fiets,9,personenauto,Buiten Kruispunt,Gemeenteweg,binnen bebouwde kom,Tss. 2 best.: langs opzij (voor-/achterkant-flank),Geen hindernis
23362,54,Brugge teller 2,Brugge,51.23015,3.22818,0.6805877009369375,51.225028607941184,3.233532218857582,2021,1,8,31005,Brugge,Normaal,Droog,Dageraad - schemering,met lichtgewonden,3,Fiets,9,personenauto,Buiten Kruispunt,Gemeenteweg,binnen bebouwde kom,Tss. 2 best.: langs opzij (voor-/achterkant-flank),Geen hindernis
23362,53,Brugge teller 1,Brugge,51.23023,3.228,0.6949171760359907,51.225028607941184,3.233532218857582,2021,1,8,31005,Brugge,Normaal,Droog,Dageraad - schemering,met lichtgewonden,3,Fiets,9,personenauto,Buiten Kruispunt,Gemeenteweg,binnen bebouwde kom,Tss. 2 best.: langs opzij (voor-/achterkant-flank),Geen hindernis
23386,143,Eco Display Classic Budastraat,Kortrijk,50.83066,3.26286,0.33645240963122164,50.82802809108415,3.2652234023460256,2021,1,8,34022,Kortrijk,Normaal,Onbekend,"Nacht, openbare verlichting aanwezig en ontstoken",met lichtgewonden,9,personenauto,3,Fiets,Op Kruispunt,Gemeenteweg,binnen bebouwde kom,Tss. 2 best.: langs opzij (voor-/achterkant-flank),Geen hindernis
23387,16,Kortrijk 1,Kortrijk,50.83332,3.27777,0.8284086333936673,50.82589012743452,3.278637672235,2021,1,8,34022,Kortrijk,Normaal,Droog,Dag,met lichtgewonden,9,personenauto,3,Fiets,Op Kruispunt,Gemeenteweg,binnen bebouwde kom,Tss. 2 best.: langs opzij (voor-/achterkant-flank),Geen hindernis
23387,17,Kortrijk 2,Kortrijk,50.83339,3.27773,0.8363808201781493,50.82589012743452,3.278637672235,2021,1,8,34022,Kortrijk,Normaal,Droog,Dag,met lichtgewonden,9,personenauto,3,Fiets,Op Kruispunt,Gemeenteweg,binnen bebouwde kom,Tss. 2 best.: langs opzij (voor-/achterkant-flank),Geen hindernis
23388,143,Eco Display Classic Budastraat,Kortrijk,50.83066,3.26286,0.5696356026634196,50.83488818391721,3.267439620316915,2021,1,8,34022,Kortrijk,Sneeuwval,"Ijzel, sneeuw",Dag,met lichtgewonden,3,Fiets,9,personenauto,Op Kruispunt,Gewestweg,binnen bebouwde kom,Tss. 2 best.: langs opzij (voor-/achterkant-flank),Geen hindernis
23388,17,Kortrijk 2,Kortrijk,50.83339,3.27773,0.7416164008117851,50.83488818391721,3.267439620316915,2021,1,8,34022,Kortrijk,Sneeuwval,"Ijzel, sneeuw",Dag,met lichtgewonden,3,Fiets,9,personenauto,Op Kruispunt,Gewestweg,binnen bebouwde kom,Tss. 2 best.: langs opzij (voor-/achterkant-flank),Geen hindernis
23388,16,Kortrijk 1,Kortrijk,50.83332,3.27777,0.7461350801331028,50.83488818391721,3.267439620316915,2021,1,8,34022,Kortrijk,Sneeuwval,"Ijzel, sneeuw",Dag,met lichtgewonden,3,Fiets,9,personenauto,Op Kruispunt,Gewestweg,binnen bebouwde kom,Tss. 2 best.: langs opzij (voor-/achterkant-flank),Geen hindernis
23391,75,Kortrijk teller 2,Kortrijk,50.81925,3.25731,0.6893809189996827,50.82463524395772,3.2524474699106456,2021,1,8,34022,Kortrijk,Regenval,"Nat, plassen",Dag,met lichtgewonden,3,Fiets,9,personenauto,Buiten Kruispunt,Gemeenteweg,binnen bebouwde kom,Tss. 2 best.: langs opzij (voor-/achterkant-flank),Geen hindernis
23391,74,Kortrijk teller 1,Kortrijk,50.81909,3.25728,0.7038713903369082,50.82463524395772,3.2524474699106456,2021,1,8,34022,Kortrijk,Regenval,"Nat, plassen",Dag,met lichtgewonden,3,Fiets,9,personenauto,Buiten Kruispunt,Gemeenteweg,binnen bebouwde kom,Tss. 2 best.: langs opzij (voor-/achterkant-flank),Geen hindernis
23391,143,Eco Display Classic Budastraat,Kortrijk,50.83066,3.26286,0.9917959146044345,50.82463524395772,3.2524474699106456,2021,1,8,34022,Kortrijk,Regenval,"Nat, plassen",Dag,met lichtgewonden,3,Fiets,9,personenauto,Buiten Kruispunt,Gemeenteweg,binnen bebouwde kom,Tss. 2 best.: langs opzij (voor-/achterkant-flank),Geen hindernis
23392,75,Kortrijk teller 2,Kortrijk,50.81925,3.25731,0.7035704839889325,50.81959582697996,3.2673103766221345,2021,1,8,34022,Kortrijk,Regenval,"Nat, plassen",Dag,met zwaargewonden,9,personenauto,3,Fiets,Op Kruispunt,Gemeenteweg,binnen bebouwde kom,Tss. 2 best.: langs opzij (voor-/achterkant-flank),Geen hindernis
23392,74,Kortrijk teller 1,Kortrijk,50.81909,3.25728,0.7068687796512995,50.81959582697996,3.2673103766221345,2021,1,8,34022,Kortrijk,Regenval,"Nat, plassen",Dag,met zwaargewonden,9,personenauto,3,Fiets,Op Kruispunt,Gemeenteweg,binnen bebouwde kom,Tss. 2 best.: langs opzij (voor-/achterkant-flank),Geen hindernis
23401,64,Nieuwpoort teller 1,Nieuwpoort,51.13359,2.75737,0.9458467748654942,51.12877715629901,2.768546516358129,2021,1,6,38016,Nieuwpoort,Regenval,"Nat, plassen","Nacht, openbare verlichting aanwezig en ontstoken",met lichtgewonden,4,Vrachtwagen,3,Fiets,Op Kruispunt,Gewestweg,buiten bebouwde kom,Tss. 2 best.: langs opzij (voor-/achterkant-flank),Geen hindernis
23402,64,Nieuwpoort teller 1,Nieuwpoort,51.13359,2.75737,0.5112499120521297,51.129782824837584,2.75326217966094,2021,1,11,38016,Nieuwpoort,Normaal,"Nat, plassen",Dag,met lichtgewonden,3,Fiets,9,personenauto,Op Kruispunt,Gemeenteweg,binnen bebouwde kom,Tussen 2 bestuurders: Frontale botsing,Geen hindernis
23402,65,Nieuwpoort teller 2,Nieuwpoort,51.13435,2.75511,0.5239589835805621,51.129782824837584,2.75326217966094,2021,1,11,38016,Nieuwpoort,Normaal,"Nat, plassen",Dag,met lichtgewonden,3,Fiets,9,personenauto,Op Kruispunt,Gemeenteweg,binnen bebouwde kom,Tussen 2 bestuurders: Frontale botsing,Geen hindernis
23402,66,Nieuwpoort totem,Nieuwpoort,51.1347,2.74369,0.8631766789252876,51.129782824837584,2.75326217966094,2021,1,11,38016,Nieuwpoort,Normaal,"Nat, plassen",Dag,met lichtgewonden,3,Fiets,9,personenauto,Op Kruispunt,Gemeenteweg,binnen bebouwde kom,Tussen 2 bestuurders: Frontale botsing,Geen hindernis
23402,63,Nieuwpoort teller 3,Nieuwpoort,51.13529,2.74289,0.9480496941598846,51.129782824837584,2.75326217966094,2021,1,11,38016,Nieuwpoort,Normaal,"Nat, plassen",Dag,met lichtgewonden,3,Fiets,9,personenauto,Op Kruispunt,Gemeenteweg,binnen bebouwde kom,Tussen 2 bestuurders: Frontale botsing,Geen hindernis
23412,105,St. pieters leeuw teller 2,Halle,50.75509,4.24943,0.526215327941087,50.752308043023426,4.255481191608461,2021,1,17,23027,Halle,Normaal,Onbekend,"Nacht, openbare verlichting aanwezig en ontstoken",met lichtgewonden,9,personenauto,3,Fiets,Op Kruispunt,Gemeenteweg,binnen bebouwde kom,Tussen 2 bestuurders: Frontale botsing,Geen hindernis
23412,106,St. pieters leeuw teller 1,Sint-Pieters-Leeuw,50.75533,4.24951,0.5379262451133479,50.752308043023426,4.255481191608461,2021,1,17,23027,Halle,Normaal,Onbekend,"Nacht, openbare verlichting aanwezig en ontstoken",met lichtgewonden,9,personenauto,3,Fiets,Op Kruispunt,Gemeenteweg,binnen bebouwde kom,Tussen 2 bestuurders: Frontale botsing,Geen hindernis
23415,109,Zemst,Zemst,50.9903936,4.4707023,0.45193029299092674,50.99362456017001,4.474619600037229,2021,1,17,12025,Mechelen,Onbekend,Onbekend,Dageraad - schemering,met lichtgewonden,3,Fiets,3,Fiets,Buiten Kruispunt,Gewestweg,buiten bebouwde kom,Tussen 2 bestuurders: Frontale botsing,Geen hindernis
23417,99,Mechelen teller 1,Mechelen,51.04564,4.46882,0.6043614424213104,51.040530083836956,4.471765482179903,2021,1,13,12025,Mechelen,Normaal,Proper,Dag,met lichtgewonden,9,personenauto,3,Fiets,Buiten Kruispunt,Gewestweg,binnen bebouwde kom,Tss. 2 best.: langs opzij (voor-/achterkant-flank),Geen hindernis
23417,100,Mechelen teller 2,Mechelen,51.0457,4.46883,0.6104026839023311,51.040530083836956,4.471765482179903,2021,1,13,12025,Mechelen,Normaal,Proper,Dag,met lichtgewonden,9,personenauto,3,Fiets,Buiten Kruispunt,Gewestweg,binnen bebouwde kom,Tss. 2 best.: langs opzij (voor-/achterkant-flank),Geen hindernis