crash_row_id,site_id,site_name,site_gemeente,site_lat,site_long,distance_km,crash_lat,crash_long,DT_YEAR_COLLISION,DT_MONTH_COLLISION,DT_TIME,CD_NIS,TX_MUNTY_COLLISION_NL,TX_WEATHER_NL,TX_ROAD_CONDITION_NL,TX_LIGHT_CONDITION_NL,TX_CLASS_ACCIDENTS_NL,CD_ROAD_USR_TYPE1,TX_ROAD_USR_TYPE1_NL,CD_ROAD_USR_TYPE2,TX_ROAD_USR_TYPE2_NL,TX_CROSSWAY_NL,CD_ROAD_TYPE_NL,TX_BUILD_UP_AREA_NL,TX_COLLISION_TYPE_NL,TX_OBSTACLES_NL
23419,140,Hasselt ring,Hasselt,50.9300038,5.3438616,0.5096637844482556,50.92663694752612,5.348796031098606,2021,1,15,71022,Hasselt,Normaal,Droog,Dag,met lichtgewonden,9,personenauto,3,Fiets,Op Kruispunt,Gemeenteweg,binnen bebouwde kom,Tss. 2 best.: langs opzij (voor-/achterkant-flank),Geen hindernis
23422,137,Hasselt-Kempische brug,Hasselt,50.9411605,5.3417576,0.31541556374691854,50.94385241529088,5.3431770060288235,2021,1,15,71022,Hasselt,Normaal,Droog,Dag,met lichtgewonden,3,Fiets,3,Fiets,Op Kruispunt,Gewestweg,buiten bebouwde kom,Tussen 2 bestuurders: Frontale botsing,Geen hindernis
23422,138,Hasselt-Kempische brug,Hasselt,50.9405318,5.3422472,0.3749385920282952,50.94385241529088,5.3431770060288235,2021,1,15,71022,Hasselt,Normaal,Droog,Dag,met lichtgewonden,3,Fiets,3,Fiets,Op Kruispunt,Gewestweg,buiten bebouwde kom,Tussen 2 bestuurders: Frontale botsing,Geen hindernis
23423,140,Hasselt ring,Hasselt,50.9300038,5.3438616,0.6870426076119012,50.92468982108866,5.338860059551976,2021,1,18,71022,Hasselt,Normaal,Droog,"Nacht, openbare verlichting aanwezig en ontstoken",met lichtgewonden,3,Fiets,9,personenauto,Op Kruispunt,Gewestweg,binnen bebouwde kom,Tss. 2 best.: langs opzij (voor-/achterkant-flank),Geen hindernis
23424,140,Hasselt ring,Hasselt,50.9300038,5.3438616,0.5949985106441321,50.927458212890976,5.336394107039848,2021,1,15,71022,Hasselt,Onbekend,Droog,Dag,met lichtgewonden,3,Fiets,8,Voetganger,Op Kruispunt,Gewestweg,binnen bebouwde kom,Met een voetganger,Geen hindernis
23431,25,Bree,Bree,51.13679500160176,5.597669323604317,0.5768606940857546,51.141977633742115,5.598039464358888,2021,1,10,72004,Bree,Normaal,Droog,Dag,met lichtgewonden,3,Fiets,11,een weggebruiker tegen een hindernis,Buiten Kruispunt,Gemeenteweg,binnen bebouwde kom,Weggebruiker tegen hindernis op de rijbaan,"Op de rijbaan: Werken (signal., aarde, toestel,…)"
23434,14,Genk,Genk,50.97172,5.48927,0.677003751749183,50.968498224933285,5.497473836196534,2021,1,12,71016,Genk,Normaal,"Vuil (zand, grint, bladeren,...)",Dag,met lichtgewonden,3,Fiets,11,een weggebruiker tegen een hindernis,Buiten Kruispunt,Gemeenteweg,buiten bebouwde kom,Weggebruiker tegen hindernis buiten rijbaan,Buiten de rijbaan: Boom
23501,8,Heist op den Berg 1,Heist-op-den-Berg,51.06759,4.68823,0.2203671086322294,51.067025184676865,4.685207088873682,2021,2,17,12029,Putte,Normaal,Droog,Dag,met zwaargewonden,9,personenauto,3,Fiets,Op Kruispunt,Gewestweg,buiten bebouwde kom,Tss. 2 best.: langs opzij (voor-/achterkant-flank),Geen hindernis
23501,9,Heist op den Berg 2,Heist-op-den-Berg,51.06904,4.69524,0.7359737566654612,51.067025184676865,4.685207088873682,2021,2,17,12029,Putte,Normaal,Droog,Dag,met zwaargewonden,9,personenauto,3,Fiets,Op Kruispunt,Gewestweg,buiten bebouwde kom,Tss. 2 best.: langs opzij (voor-/achterkant-flank),Geen hindernis
23517,97,Geel teller 1,Geel,51.14813,4.99698,0.4274993807437326,51.14969978890255,5.002574643581745,2021,2,6,13008,Geel,Onbekend,Onbekend,Onbekend,met lichtgewonden,3,Fiets,10,"één bestuurder, geen hindernis",Op Kruispunt,Gemeenteweg,onbekend,"Eén bestuurder, geen hindernis (incl. val)",Geen hindernis
23517,98,Geel teller 2,Geel,51.1481,4.99643,0.46405333107889224,51.14969978890255,5.002574643581745,2021,2,6,13008,Geel,Onbekend,Onbekend,Onbekend,met lichtgewonden,3,Fiets,10,"één bestuurder, geen hindernis",Op Kruispunt,Gemeenteweg,onbekend,"Eén bestuurder, geen hindernis (incl. val)",Geen hindernis
23550,69,Leuven teller 1,Leuven,50.87549,4.71526,0.8692908352906572,50.88263875034744,4.7202748926445866,2021,2,13,24062,Leuven,Normaal,Droog,Dag,met lichtgewonden,5,Lichte vrachtauto,3,Fiets,Op Kruispunt,Gemeenteweg,binnen bebouwde kom,Tussen 2 bestuurders: Flank tegen flank,Geen hindernis
23550,107,leuven totem,Leuven,50.8870744,4.7087919,0.9445439872206687,50.88263875034744,4.7202748926445866,2021,2,13,24062,Leuven,Normaal,Droog,Dag,met lichtgewonden,5,Lichte vrachtauto,3,Fiets,Op Kruispunt,Gemeenteweg,binnen bebouwde kom,Tussen 2 bestuurders: Flank tegen flank,Geen hindernis
23550,77,Leuven teller 2,Leuven,50.88672,4.70796,0.9758455635469884,50.88263875034744,4.7202748926445866,2021,2,13,24062,Leuven,Normaal,Droog,Dag,met lichtgewonden,5,Lichte vrachtauto,3,Fiets,Op Kruispunt,Gemeenteweg,binnen bebouwde kom,Tussen 2 bestuurders: Flank tegen flank,Geen hindernis
23552,151,Leuven,District Leuven,50.8690262,4.6854839,0.5233779779230084,50.873325297551006,4.688520508519197,2021,2,19,24062,Leuven,Normaal,Droog,"Nacht, openbare verlichting aanwezig en ontstoken",met lichtgewonden,3,Fiets,3,Fiets,Op Kruispunt,Gewestweg,buiten bebouwde kom,Tussen 2 bestuurders: Frontale botsing,Geen hindernis
23553,151,Leuven,District Leuven,50.8690262,4.6854839,0.7184008813587759,50.874402568425054,4.691161186093854,2021,2,14,24062,Leuven,Normaal,"Ijzel, sneeuw",Dag,met lichtgewonden,3,Fiets,10,"één bestuurder, geen hindernis",Buiten Kruispunt,Gemeenteweg,binnen bebouwde kom,"Eén bestuurder, geen hindernis (incl. val)",Geen hindernis
23555,107,leuven totem,Leuven,50.8870744,4.7087919,0.7129318647595508,50.88301868052855,4.7166631399746,2021,2,14,24062,Leuven,Normaal,Droog,Dag,met lichtgewonden,3,Fiets,3,Fiets,Buiten Kruispunt,Gewestweg,binnen bebouwde kom,Tussen 2 bestuurders: Flank tegen flank,Geen hindernis
23555,77,Leuven teller 2,Leuven,50.88672,4.70796,0.7362995976675755,50.88301868052855,4.7166631399746,2021,2,14,24062,Leuven,Normaal,Droog,Dag,met lichtgewonden,3,Fiets,3,Fiets,Buiten Kruispunt,Gewestweg,binnen bebouwde kom,Tussen 2 bestuurders: Flank tegen flank,Geen hindernis
23555,69,Leuven teller 1,Leuven,50.87549,4.71526,0.8429193234254541,50.88301868052855,4.7166631399746,2021,2,14,24062,Leuven,Normaal,Droog,Dag,met lichtgewonden,3,Fiets,3,Fiets,Buiten Kruispunt,Gewestweg,binnen bebouwde kom,Tussen 2 bestuurders: Flank tegen flank,Geen hindernis
23556,69,Leuven teller 1,Leuven,50.87549,4.71526,0.7011541237406597,50.870059174331566,4.710182334307032,2021,2,15,24062,Leuven,Normaal,Droog,Dag,met lichtgewonden,3,Fiets,10,"één bestuurder, geen hindernis",Op Kruispunt,Gewestweg,binnen bebouwde kom,"Eén bestuurder, geen hindernis (incl. val)",Geen hindernis
23557,151,Leuven,District Leuven,50.8690262,4.6854839,0.9251960446528948,50.86876011061525,4.698661322026547,2021,2,0,24062,Leuven,Normaal,Proper,"Nacht, openbare verlichting aanwezig en ontstoken",met lichtgewonden,3,Fiets,3,Fiets,Op Kruispunt,Gewestweg,binnen bebouwde kom,Tussen 2 bestuurders: Frontale botsing,Geen hindernis
23566,12,Tervuren,Kraainem,50.81896,4.47803,0.17861822609225583,50.82049613106982,4.477286438476091,2021,2,15,23099,Kraainem,Normaal,Droog,Dag,met lichtgewonden,9,personenauto,3,Fiets,Op Kruispunt,Gewestweg,buiten bebouwde kom,Tss. 2 best.: langs opzij (voor-/achterkant-flank),Geen hindernis
23647,121,Zele teller 2,Zele,51.0604067,4.0556696,0.02338538638642517,51.06032573010651,4.055360772966991,2021,2,16,42028,Zele,Normaal,Droog,Dag,met zwaargewonden,3,Fiets,9,personenauto,Op Kruispunt,Gewestweg,buiten bebouwde kom,Tss. 2 best.: langs opzij (voor-/achterkant-flank),Geen hindernis
23647,120,Zele teller 1,Zele,51.0607671,4.0547741,0.06395054309792224,51.06032573010651,4.055360772966991,2021,2,16,42028,Zele,Normaal,Droog,Dag,met zwaargewonden,3,Fiets,9,personenauto,Op Kruispunt,Gewestweg,buiten bebouwde kom,Tss. 2 best.: langs opzij (voor-/achterkant-flank),Geen hindernis
23653,10,Aalst 2,Aalst,50.93549,4.01571,0.1309027217619533,50.93656713840904,4.016463799700179,2021,2,15,41002,Aalst,Normaal,Droog,Dag,met lichtgewonden,9,personenauto,3,Fiets,Buiten Kruispunt,Gemeenteweg,binnen bebouwde kom,Tussen 2 bestuurders: Frontale botsing,Geen hindernis
23653,19,Aalst 1,Aalst,50.93433,4.01471,0.2774605670041107,50.93656713840904,4.016463799700179,2021,2,15,41002,Aalst,Normaal,Droog,Dag,met lichtgewonden,9,personenauto,3,Fiets,Buiten Kruispunt,Gemeenteweg,binnen bebouwde kom,Tussen 2 bestuurders: Frontale botsing,Geen hindernis
23653,11,Aalst 3,Aalst,50.93385,4.01647,0.30213231848495425,50.93656713840904,4.016463799700179,2021,2,15,41002,Aalst,Normaal,Droog,Dag,met lichtgewonden,9,personenauto,3,Fiets,Buiten Kruispunt,Gemeenteweg,binnen bebouwde kom,Tussen 2 bestuurders: Frontale botsing,Geen hindernis
23655,125,Dendermonde totem,Dendermonde,51.0372706,4.1025998,0.6533961422277966,51.03289030099231,4.108828487845802,2021,2,7,42006,Dendermonde,Normaal,Droog,Dageraad - schemering,met lichtgewonden,3,Fiets,6,Bromfiets,Op Kruispunt,Gewestweg,binnen bebouwde kom,Tss. 2 best.: langs opzij (voor-/achterkant-flank),Geen hindernis
23655,122,Dendermonde teller 2,Dendermonde,51.0373918,4.1019222,0.6955233863418621,51.03289030099231,4.108828487845802,2021,2,7,42006,Dendermonde,Normaal,Droog,Dageraad - schemering,met lichtgewonden,3,Fiets,6,Bromfiets,Op Kruispunt,Gewestweg,binnen bebouwde kom,Tss. 2 best.: langs opzij (voor-/achterkant-flank),Geen hindernis
23661,54,Brugge teller 2,Brugge,51.23015,3.22818,0.7078877013091226,51.22381509812546,3.227173413273317,2021,2,8,31005,Brugge,Normaal,Droog,Dageraad - schemering,met lichtgewonden,3,Fiets,3,Fiets,Op Kruispunt,Gewestweg,binnen bebouwde kom,Tussen 2 bestuurders: Langs achteren,Geen hindernis
23661,53,Brugge teller 1,Brugge,51.23023,3.228,0.71562307421255,51.22381509812546,3.227173413273317,2021,2,8,31005,Brugge,Normaal,Droog,Dageraad - schemering,met lichtgewonden,3,Fiets,3,Fiets,Op Kruispunt,Gewestweg,binnen bebouwde kom,Tussen 2 bestuurders: Langs achteren,Geen hindernis
23661,52,Brugge,Brugge,51.22632,3.24095,0.9989788146726949,51.22381509812546,3.227173413273317,2021,2,8,31005,Brugge,Normaal,Droog,Dageraad - schemering,met lichtgewonden,3,Fiets,3,Fiets,Op Kruispunt,Gewestweg,binnen bebouwde kom,Tussen 2 bestuurders: Langs achteren,Geen hindernis
23661,142,TEST Validatie BRUGGE Y2H22022134,Brugge,51.22632,3.24095,0.9989788146726949,51.22381509812546,3.227173413273317,2021,2,8,31005,Brugge,Normaal,Droog,Dageraad - schemering,met lichtgewonden,3,Fiets,3,Fiets,Op Kruispunt,Gewestweg,binnen bebouwde kom,Tussen 2 bestuurders: Langs achteren,Geen hindernis
23681,59,Ardooie teller 1,Ardooie,50.96784,3.18479,0.5396818353127719,50.97071599061044,3.190998291491309,2021,2,14,37020,Ardooie,Normaal,Droog,Dag,met lichtgewonden,5,Lichte vrachtauto,3,Fiets,Buiten Kruispunt,Gewestweg,buiten bebouwde kom,Tss. 2 best.: langs opzij (voor-/achterkant-flank),Geen hindernis
23681,60,Ardooie teller 2,Ardooie,50.96783,3.18411,0.5793411403215103,50.97071599061044,3.190998291491309,2021,2,14,37020,Ardooie,Normaal,Droog,Dag,met lichtgewonden,5,Lichte vrachtauto,3,Fiets,Buiten Kruispunt,Gewestweg,buiten bebouwde kom,Tss. 2 best.: langs opzij (voor-/achterkant-flank),Geen hindernis
23695,74,Kortrijk teller 1,Kortrijk,50.81909,3.25728,0.8782052502176854,50.813560207222686,3.266205135277216,2021,2,15,34022,Kortrijk,Normaal,Droog,Dag,met lichtgewonden,3,Fiets,3,Fiets,Buiten Kruispunt,Gewestweg,binnen bebouwde kom,Tss. 2 best.: langs opzij (voor-/achterkant-flank),Geen hindernis
23695,75,Kortrijk teller 2,Kortrijk,50.81925,3.25731,0.8892694185761382,50.813560207222686,3.266205135277216,2021,2,15,34022,Kortrijk,Normaal,Droog,Dag,met lichtgewonden,3,Fiets,3,Fiets,Buiten Kruispunt,Gewestweg,binnen bebouwde kom,Tss. 2 best.: langs opzij (voor-/achterkant-flank),Geen hindernis
23696,143,Eco Display Classic Budastraat,Kortrijk,50.83066,3.26286,0.6594353450476739,50.824735313593585,3.263273632058871,2021,2,14,34022,Kortrijk,Normaal,Droog,Dag,met lichtgewonden,3,Fiets,10,"één bestuurder, geen hindernis",Buiten Kruispunt,Gemeenteweg,binnen bebouwde kom,"Eén bestuurder, geen hindernis (incl. val)",Geen hindernis
23696,75,Kortrijk teller 2,Kortrijk,50.81925,3.25731,0.739944285353609,50.824735313593585,3.263273632058871,2021,2,14,34022,Kortrijk,Normaal,Droog,Dag,met lichtgewonden,3,Fiets,10,"één bestuurder, geen hindernis",Buiten Kruispunt,Gemeenteweg,binnen bebouwde kom,"Eén bestuurder, geen hindernis (incl. val)",Geen hindernis
23696,74,Kortrijk teller 1,Kortrijk,50.81909,3.25728,0.7558490735065391,50.824735313593585,3.263273632058871,2021,2,14,34022,Kortrijk,Normaal,Droog,Dag,met lichtgewonden,3,Fiets,10,"één bestuurder, geen hindernis",Buiten Kruispunt,Gemeenteweg,binnen bebouwde kom,"Eén bestuurder, geen hindernis (incl. val)",Geen hindernis
23699,16,Kortrijk 1,Kortrijk,50.83332,3.27777,0.5411732879353238,50.82852876563906,3.2764166426259815,2021,2,12,34022,Kortrijk,Normaal,Droog,Dag,met lichtgewonden,9,personenauto,3,Fiets,Op Kruispunt,Gemeenteweg,binnen bebouwde kom,Tss. 2 best.: langs opzij (voor-/achterkant-flank),Geen hindernis
23699,17,Kortrijk 2,Kortrijk,50.83339,3.27773,0.548358093435371,50.82852876563906,3.2764166426259815,2021,2,12,34022,Kortrijk,Normaal,Droog,Dag,met lichtgewonden,9,personenauto,3,Fiets,Op Kruispunt,Gemeenteweg,binnen bebouwde kom,Tss. 2 best.: langs opzij (voor-/achterkant-flank),Geen hindernis
23699,143,Eco Display Classic Budastraat,Kortrijk,50.83066,3.26286,0.9811851497723328,50.82852876563906,3.2764166426259815,2021,2,12,34022,Kortrijk,Normaal,Droog,Dag,met lichtgewonden,9,personenauto,3,Fiets,Op Kruispunt,Gemeenteweg,binnen bebouwde kom,Tss. 2 best.: langs opzij (voor-/achterkant-flank),Geen hindernis
23701,143,Eco Display Classic Budastraat,Kortrijk,50.83066,3.26286,0.15880165344598435,50.83172112478174,3.261346686981758,2021,2,15,34022,Kortrijk,Regenval,"Nat, plassen",Dag,met lichtgewonden,9,personenauto,3,Fiets,Buiten Kruispunt,Gemeenteweg,binnen bebouwde kom,Tussen 2 bestuurders: Flank tegen flank,Geen hindernis
23702,143,Eco Display Classic Budastraat,Kortrijk,50.83066,3.26286,0.458024582694439,50.83381928215224,3.2586751680770654,2021,2,9,34022,Kortrijk,Normaal,Droog,Dag,met lichtgewonden,3,Fiets,9,personenauto,Op Kruispunt,Gewestweg,binnen bebouwde kom,Tss. 2 best.: langs opzij (voor-/achterkant-flank),Geen hindernis
23703,143,Eco Display Classic Budastraat,Kortrijk,50.83066,3.26286,0.5983726168820884,50.83218594806821,3.2546896807927004,2021,2,12,34022,Kortrijk,Normaal,Onbekend,Dag,met lichtgewonden,3,Fiets,9,personenauto,Op Kruispunt,Gewestweg,binnen bebouwde kom,Tussen 2 bestuurders: Flank tegen flank,Geen hindernis
23726,99,Mechelen teller 1,Mechelen,51.04564,4.46882,0.6776141931243619,51.03991086137724,4.472123062574219,2021,2,18,12025,Mechelen,Normaal,"Ijzel, sneeuw",Dag,met lichtgewonden,9,personenauto,3,Fiets,Op Kruispunt,Gewestweg,binnen bebouwde kom,Tss. 2 best.: langs opzij (voor-/achterkant-flank),Geen hindernis
23726,100,Mechelen teller 2,Mechelen,51.0457,4.46883,0.6836544857055411,51.03991086137724,4.472123062574219,2021,2,18,12025,Mechelen,Normaal,"Ijzel, sneeuw",Dag,met lichtgewonden,9,personenauto,3,Fiets,Op Kruispunt,Gewestweg,binnen bebouwde kom,Tss. 2 best.: langs opzij (voor-/achterkant-flank),Geen hindernis
23727,99,Mechelen teller 1,Mechelen,51.04564,4.46882,0.26828267508206155,51.04337529355455,4.4701434438195,2021,2,7,12025,Mechelen,Regenval,"Nat, plassen","Nacht, openbare verlichting aanwezig en ontstoken",met lichtgewonden,3,Fiets,9,personenauto,Op Kruispunt,Gewestweg,binnen bebouwde kom,Tss. 2 best.: langs opzij (voor-/achterkant-flank),Geen hindernis
23727,100,Mechelen teller 2,Mechelen,51.0457,4.46883,0.2743198916295205,51.04337529355455,4.4701434438195,2021,2,7,12025,Mechelen,Regenval,"Nat, plassen","Nacht, openbare verlichting aanwezig en ontstoken",met lichtgewonden,3,Fiets,9,personenauto,Op Kruispunt,Gewestweg,binnen bebouwde kom,Tss. 2 best.: langs opzij (voor-/achterkant-flank),Geen hindernis
23733,140,Hasselt ring,Hasselt,50.9300038,5.3438616,0.5894749480162504,50.9349728440779,5.346792556695761,2021,2,19,71022,Hasselt,Regenval,"Nat, plassen","Nacht, openbare verlichting aanwezig en ontstoken",met lichtgewonden,3,Fiets,9,personenauto,Op Kruispunt,Gemeenteweg,binnen bebouwde kom,Tss. 2 best.: langs opzij (voor-/achterkant-flank),Geen hindernis
23733,138,Hasselt-Kempische brug,Hasselt,50.9405318,5.3422472,0.6953580717151877,50.9349728440779,5.346792556695761,2021,2,19,71022,Hasselt,Regenval,"Nat, plassen","Nacht, openbare verlichting aanwezig en ontstoken",met lichtgewonden,3,Fiets,9,personenauto,Op Kruispunt,Gemeenteweg,binnen bebouwde kom,Tss. 2 best.: langs opzij (voor-/achterkant-flank),Geen hindernis
23733,137,Hasselt-Kempische brug,Hasselt,50.9411605,5.3417576,0.7732160322711281,50.9349728440779,5.346792556695761,2021,2,19,71022,Hasselt,Regenval,"Nat, plassen","Nacht, openbare verlichting aanwezig en ontstoken",met lichtgewonden,3,Fiets,9,personenauto,Op Kruispunt,Gemeenteweg,binnen bebouwde kom,Tss. 2 best.: langs opzij (voor-/achterkant-flank),Geen hindernis
23734,138,Hasselt-Kempische brug,Hasselt,50.9405318,5.3422472,0.3152843689789059,50.93783979491605,5.340834275797504,2021,2,10,71022,Hasselt,Normaal,Droog,Dag,met lichtgewonden,9,personenauto,3,Fiets,Op Kruispunt,Gewestweg,binnen bebouwde kom,Tss. 2 best.: langs opzij (voor-/achterkant-flank),Geen hindernis
23734,137,Hasselt-Kempische brug,Hasselt,50.9411605,5.3417576,0.37487043137952586,50.93783979491605,5.340834275797504,2021,2,10,71022,Hasselt,Normaal,Droog,Dag,met lichtgewonden,9,personenauto,3,Fiets,Op Kruispunt,Gewestweg,binnen bebouwde kom,Tss. 2 best.: langs opzij (voor-/achterkant-flank),Geen hindernis
23734,140,Hasselt ring,Hasselt,50.9300038,5.3438616,0.8967771216452312,50.93783979491605,5.340834275797504,2021,2,10,71022,Hasselt,Normaal,Droog,Dag,met lichtgewonden,9,personenauto,3,Fiets,Op Kruispunt,Gewestweg,binnen bebouwde kom,Tss. 2 best.: langs opzij (voor-/achterkant-flank),Geen hindernis
23837,3,Brasschaat 1,Brasschaat,51.27503,4.47222,0.3086083727544801,51.27705265267365,4.475257916643614,2021,3,9,11008,Brasschaat,Normaal,Droog,Dag,met lichtgewonden,8,Voetganger,3,Fiets,Buiten Kruispunt,Gewestweg,buiten bebouwde kom,Met een voetganger,Geen hindernis
23837,2,Brasschaat 2,Brasschaat,51.27512,4.47169,0.32829559147942095,51.27705265267365,4.475257916643614,2021,3,9,11008,Brasschaat,Normaal,Droog,Dag,met lichtgewonden,8,Voetganger,3,Fiets,Buiten Kruispunt,Gewestweg,buiten bebouwde kom,Met een voetganger,Geen hindernis
23851,8,Heist op den Berg 1,Heist-op-den-Berg,51.06759,4.68823,0.744545377980336,51.06556722601607,4.678072705001945,2021,3,15,12029,Putte,Normaal,Droog,Dag,met lichtgewonden,6,Bromfiets,3,Fiets,Op Kruispunt,Gewestweg,buiten bebouwde kom,Tussen 2 bestuurders: Flank tegen flank,Geen hindernis
23865,88,Westerlo teller 1,Westerlo,51.082,4.91325,0.567270536983157,51.08670447326651,4.916391401186749,2021,3,14,13049,Westerlo,Normaal,Droog,Dag,met lichtgewonden,6,Bromfiets,3,Fiets,Buiten Kruispunt,Gemeenteweg,binnen bebouwde kom,Tussen 2 bestuurders: Flank tegen flank,Geen hindernis
23865,89,Westerlo teller 2,Westerlo,51.08191,4.91334,0.5741488793451994,51.08670447326651,4.916391401186749,2021,3,14,13049,Westerlo,Normaal,Droog,Dag,met lichtgewonden,6,Bromfiets,3,Fiets,Buiten Kruispunt,Gemeenteweg,binnen bebouwde kom,Tussen 2 bestuurders: Flank tegen flank,Geen hindernis
23874,5,Balen 2,Balen,51.16018,5.19003,0.3106040896003566,51.16192053698222,5.1865462592220775,2021,3,13,13003,Balen,Normaal,Droog,Dag,met lichtgewonden,2,Andere weggebruiker,3,Fiets,Op Kruispunt,Gewestweg,buiten bebouwde kom,Tss. 2 best.: langs opzij (voor-/achterkant-flank),Geen hindernis
23874,4,Balen 1,Balen,51.16023,5.19011,0.3116012702139466,51.16192053698222,5.1865462592220775,2021,3,13,13003,Balen,Normaal,Droog,Dag,met lichtgewonden,2,Andere weggebruiker,3,Fiets,Op Kruispunt,Gewestweg,buiten bebouwde kom,Tss. 2 best.: langs opzij (voor-/achterkant-flank),Geen hindernis
23886,46,Pelt teller 2,Pelt,51.231,5.44375,0.7210720705092248,51.22840957456345,5.434256391984523,2021,3,9,72043,Pelt,Normaal,"Nat, plassen",Dag,met lichtgewonden,5,Lichte vrachtauto,3,Fiets,Op Kruispunt,Gewestweg,binnen bebouwde kom,Tussen 2 bestuurders: Flank tegen flank,Geen hindernis
23886,45,Pelt teller 1,Pelt,51.23127,5.44377,0.7348349209877374,51.22840957456345,5.434256391984523,2021,3,9,72043,Pelt,Normaal,"Nat, plassen",Dag,met lichtgewonden,5,Lichte vrachtauto,3,Fiets,Op Kruispunt,Gewestweg,binnen bebouwde kom,Tussen 2 bestuurders: Flank tegen flank,Geen hindernis
23904,34,Heers teller 1,Heers,50.75486,5.3033,0.7199097516544486,50.761046712366905,5.306316439833995,2021,3,12,73022,Heers,Normaal,Droog,Dag,met lichtgewonden,3,Fiets,11,een weggebruiker tegen een hindernis,Buiten Kruispunt,Gewestweg,binnen bebouwde kom,Weggebruiker tegen hindernis op de rijbaan,Op de rijbaan: Dier (wild dier)
23904,28,Heers,Heers,50.75488,5.30314,0.7211920181969257,50.761046712366905,5.306316439833995,2021,3,12,73022,Heers,Normaal,Droog,Dag,met lichtgewonden,3,Fiets,11,een weggebruiker tegen een hindernis,Buiten Kruispunt,Gewestweg,binnen bebouwde kom,Weggebruiker tegen hindernis op de rijbaan,Op de rijbaan: Dier (wild dier)
23910,44,Maaseik teller 2,Maaseik,51.09359,5.79726,0.6096156852923728,51.0990100002036,5.795946581003449,2021,3,12,72021,Maaseik,Normaal,Droog,Dag,met lichtgewonden,9,personenauto,3,Fiets,Op Kruispunt,Gewestweg,binnen bebouwde kom,Tss. 2 best.: langs opzij (voor-/achterkant-flank),Geen hindernis
23910,43,Maaseik teller 1,Maaseik,51.09344,5.79715,0.6250310451800084,51.0990100002036,5.795946581003449,2021,3,12,72021,Maaseik,Normaal,Droog,Dag,met lichtgewonden,9,personenauto,3,Fiets,Op Kruispunt,Gewestweg,binnen bebouwde kom,Tss. 2 best.: langs opzij (voor-/achterkant-flank),Geen hindernis
23911,44,Maaseik teller 2,Maaseik,51.09359,5.79726,0.8778638854507691,51.09951836219788,5.788958055630942,2021,3,9,72021,Maaseik,Normaal,Droog,Dag,met lichtgewonden,9,personenauto,3,Fiets,Buiten Kruispunt,Gemeenteweg,binnen bebouwde kom,Tss. 2 best.: langs opzij (voor-/achterkant-flank),Geen hindernis
23911,43,Maaseik teller 1,Maaseik,51.09344,5.79715,0.8854754854095511,51.09951836219788,5.788958055630942,2021,3,9,72021,Maaseik,Normaal,Droog,Dag,met lichtgewonden,9,personenauto,3,Fiets,Buiten Kruispunt,Gemeenteweg,binnen bebouwde kom,Tss. 2 best.: langs opzij (voor-/achterkant-flank),Geen hindernis
23913,151,Leuven,District Leuven,50.8690262,4.6854839,0.8912667567558755,50.875783061790166,4.678651319512789,2021,3,23,24062,Leuven,Normaal,Proper,"Nacht, openbare verlichting aanwezig en ontstoken",met lichtgewonden,3,Fiets,10,"één bestuurder, geen hindernis",Buiten Kruispunt,Gewestweg,binnen bebouwde kom,"Eén bestuurder, geen hindernis (incl. val)",Geen hindernis
23915,77,Leuven teller 2,Leuven,50.88672,4.70796,0.946776889008958,50.88095058433817,4.698034529395087,2021,3,18,24062,Leuven,Normaal,Droog,Dag,met lichtgewonden,3,Fiets,10,"één bestuurder, geen hindernis",Buiten Kruispunt,Gemeenteweg,binnen bebouwde kom,"Eén bestuurder, geen hindernis (incl. val)",Geen hindernis
23916,77,Leuven teller 2,Leuven,50.88672,4.70796,0.9400383141075404,50.88078958146522,4.6984102082055665,2021,3,14,24062,Leuven,Normaal,Droog,Dag,met lichtgewonden,3,Fiets,6,Bromfiets,Op Kruispunt,Gemeenteweg,binnen bebouwde kom,Tss. 2 best.: langs opzij (voor-/achterkant-flank),Geen hindernis
23917,69,Leuven teller 1,Leuven,50.87549,4.71526,0.6620014851333575,50.88121184138182,4.717866588114154,2021,3,11,24062,Leuven,Normaal,Droog,Dag,met lichtgewonden,3,Fiets,3,Fiets,Buiten Kruispunt,Gewestweg,binnen bebouwde kom,Tussen 2 bestuurders: Langs achteren,Geen hindernis
23917,107,leuven totem,Leuven,50.8870744,4.7087919,0.9111660268859781,50.88121184138182,4.717866588114154,2021,3,11,24062,Leuven,Normaal,Droog,Dag,met lichtgewonden,3,Fiets,3,Fiets,Buiten Kruispunt,Gewestweg,binnen bebouwde kom,Tussen 2 bestuurders: Langs achteren,Geen hindernis
23917,77,Leuven teller 2,Leuven,50.88672,4.70796,0.9263429678899854,50.88121184138182,4.717866588114154,2021,3,11,24062,Leuven,Normaal,Droog,Dag,met lichtgewonden,3,Fiets,3,Fiets,Buiten Kruispunt,Gewestweg,binnen bebouwde kom,Tussen 2 bestuurders: Langs achteren,Geen hindernis
23918,151,Leuven,District Leuven,50.8690262,4.6854839,0.42857052366662507,50.87013525998236,4.691332869805344,2021,3,15,24062,Leuven,Normaal,Droog,Dag,met zwaargewonden,3,Fiets,3,Fiets,Buiten Kruispunt,Gewestweg,binnen bebouwde kom,Tussen 2 bestuurders: Flank tegen flank,Geen hindernis