crash_row_id,site_id,site_name,site_gemeente,site_lat,site_long,distance_km,crash_lat,crash_long,DT_YEAR_COLLISION,DT_MONTH_COLLISION,DT_TIME,CD_NIS,TX_MUNTY_COLLISION_NL,TX_WEATHER_NL,TX_ROAD_CONDITION_NL,TX_LIGHT_CONDITION_NL,TX_CLASS_ACCIDENTS_NL,CD_ROAD_USR_TYPE1,TX_ROAD_USR_TYPE1_NL,CD_ROAD_USR_TYPE2,TX_ROAD_USR_TYPE2_NL,TX_CROSSWAY_NL,CD_ROAD_TYPE_NL,TX_BUILD_UP_AREA_NL,TX_COLLISION_TYPE_NL,TX_OBSTACLES_NL
23922,69,Leuven teller 1,Leuven,50.87549,4.71526,0.7523049122377231,50.87992138201956,4.707157636304404,2021,3,15,24062,Leuven,Normaal,Droog,Dag,met lichtgewonden,3,Fiets,99,onbekend,Op Kruispunt,Gemeenteweg,binnen bebouwde kom,Tussen 2 bestuurders: Flank tegen flank,Geen hindernis
23922,77,Leuven teller 2,Leuven,50.88672,4.70796,0.7580644919749788,50.87992138201956,4.707157636304404,2021,3,15,24062,Leuven,Normaal,Droog,Dag,met lichtgewonden,3,Fiets,99,onbekend,Op Kruispunt,Gemeenteweg,binnen bebouwde kom,Tussen 2 bestuurders: Flank tegen flank,Geen hindernis
23922,107,leuven totem,Leuven,50.8870744,4.7087919,0.8035996828276064,50.87992138201956,4.707157636304404,2021,3,15,24062,Leuven,Normaal,Droog,Dag,met lichtgewonden,3,Fiets,99,onbekend,Op Kruispunt,Gemeenteweg,binnen bebouwde kom,Tussen 2 bestuurders: Flank tegen flank,Geen hindernis
23924,69,Leuven teller 1,Leuven,50.87549,4.71526,0.21073652666595144,50.8736654659637,4.714447515395654,2021,3,10,24062,Leuven,Normaal,Droog,Dag,met lichtgewonden,9,personenauto,3,Fiets,Op Kruispunt,Gewestweg,binnen bebouwde kom,Tss. 2 best.: langs opzij (voor-/achterkant-flank),Geen hindernis
23926,77,Leuven teller 2,Leuven,50.88672,4.70796,0.8558079593407474,50.87942541199101,4.704069556368879,2021,3,21,24062,Leuven,Normaal,Droog,"Nacht, openbare verlichting aanwezig en ontstoken",met lichtgewonden,3,Fiets,6,Bromfiets,Op Kruispunt,Gemeenteweg,binnen bebouwde kom,Tss. 2 best.: langs opzij (voor-/achterkant-flank),Geen hindernis
23926,69,Leuven teller 1,Leuven,50.87549,4.71526,0.8988553767762789,50.87942541199101,4.704069556368879,2021,3,21,24062,Leuven,Normaal,Droog,"Nacht, openbare verlichting aanwezig en ontstoken",met lichtgewonden,3,Fiets,6,Bromfiets,Op Kruispunt,Gemeenteweg,binnen bebouwde kom,Tss. 2 best.: langs opzij (voor-/achterkant-flank),Geen hindernis
23926,107,leuven totem,Leuven,50.8870744,4.7087919,0.912770694086046,50.87942541199101,4.704069556368879,2021,3,21,24062,Leuven,Normaal,Droog,"Nacht, openbare verlichting aanwezig en ontstoken",met lichtgewonden,3,Fiets,6,Bromfiets,Op Kruispunt,Gemeenteweg,binnen bebouwde kom,Tss. 2 best.: langs opzij (voor-/achterkant-flank),Geen hindernis
23928,107,leuven totem,Leuven,50.8870744,4.7087919,0.586220069202118,50.884490366003725,4.716075988646861,2021,3,11,24062,Leuven,Normaal,Droog,Dag,met lichtgewonden,3,Fiets,9,personenauto,Buiten Kruispunt,Gewestweg,binnen bebouwde kom,Tussen 2 bestuurders: Flank tegen flank,Geen hindernis
23928,77,Leuven teller 2,Leuven,50.88672,4.70796,0.6209726498704299,50.884490366003725,4.716075988646861,2021,3,11,24062,Leuven,Normaal,Droog,Dag,met lichtgewonden,3,Fiets,9,personenauto,Buiten Kruispunt,Gewestweg,binnen bebouwde kom,Tussen 2 bestuurders: Flank tegen flank,Geen hindernis
23929,151,Leuven,District Leuven,50.8690262,4.6854839,0.7348165596827427,50.871005292479225,4.69547476111718,2021,3,20,24062,Leuven,Normaal,Onbekend,"Nacht, openbare verlichting aanwezig en ontstoken",met zwaargewonden,6,Bromfiets,3,Fiets,Buiten Kruispunt,Gewestweg,binnen bebouwde kom,Tussen 2 bestuurders: Frontale botsing,Geen hindernis
23943,101,Diest teller 1,Diest,50.97799,5.04481,0.5391532055191091,50.97633031961514,5.05204571930641,2021,3,18,24020,Diest,Normaal,Droog,Dag,met lichtgewonden,3,Fiets,9,personenauto,Op Kruispunt,Gemeenteweg,binnen bebouwde kom,Tss. 2 best.: langs opzij (voor-/achterkant-flank),Geen hindernis
23943,102,Diest teller 2,Diest,50.9779,5.04474,0.5404465464611875,50.97633031961514,5.05204571930641,2021,3,18,24020,Diest,Normaal,Droog,Dag,met lichtgewonden,3,Fiets,9,personenauto,Op Kruispunt,Gemeenteweg,binnen bebouwde kom,Tss. 2 best.: langs opzij (voor-/achterkant-flank),Geen hindernis
23984,13,Gent,Gent,51.03018,3.70146,0.7924876463029871,51.03022347059871,3.712792102593031,2021,3,12,44021,Gent,Normaal,Droog,Dag,met lichtgewonden,9,personenauto,3,Fiets,Buiten Kruispunt,Gewestweg,binnen bebouwde kom,Tss. 2 best.: langs opzij (voor-/achterkant-flank),Geen hindernis
24017,7,Evergem 1,Evergem,51.1089,3.70317,0.6104618395664803,51.105194593711275,3.709621927318082,2021,3,15,44019,Evergem,Normaal,Droog,Dag,met lichtgewonden,9,personenauto,3,Fiets,Op Kruispunt,Gewestweg,buiten bebouwde kom,Tss. 2 best.: langs opzij (voor-/achterkant-flank),Geen hindernis
24017,6,Evergem 2,Evergem,51.10894,3.70298,0.6232773836874301,51.105194593711275,3.709621927318082,2021,3,15,44019,Evergem,Normaal,Droog,Dag,met lichtgewonden,9,personenauto,3,Fiets,Op Kruispunt,Gewestweg,buiten bebouwde kom,Tss. 2 best.: langs opzij (voor-/achterkant-flank),Geen hindernis
24072,121,Zele teller 2,Zele,51.0604067,4.0556696,0.02170435963800901,51.06032370925722,4.055388501979423,2021,3,17,42028,Zele,Onbekend,Droog,Dag,met lichtgewonden,3,Fiets,9,personenauto,Op Kruispunt,Gemeenteweg,buiten bebouwde kom,Tss. 2 best.: langs opzij (voor-/achterkant-flank),Geen hindernis
24072,120,Zele teller 1,Zele,51.0607671,4.0547741,0.06537920165052842,51.06032370925722,4.055388501979423,2021,3,17,42028,Zele,Onbekend,Droog,Dag,met lichtgewonden,3,Fiets,9,personenauto,Op Kruispunt,Gemeenteweg,buiten bebouwde kom,Tss. 2 best.: langs opzij (voor-/achterkant-flank),Geen hindernis
24098,142,TEST Validatie BRUGGE Y2H22022134,Brugge,51.22632,3.24095,0.5795263910714213,51.22380968914252,3.233656875001882,2021,3,8,31005,Brugge,Normaal,Droog,Dag,met lichtgewonden,3,Fiets,9,personenauto,Buiten Kruispunt,Gemeenteweg,binnen bebouwde kom,Tussen 2 bestuurders: Langs achteren,Geen hindernis
24098,52,Brugge,Brugge,51.22632,3.24095,0.5795263910714213,51.22380968914252,3.233656875001882,2021,3,8,31005,Brugge,Normaal,Droog,Dag,met lichtgewonden,3,Fiets,9,personenauto,Buiten Kruispunt,Gemeenteweg,binnen bebouwde kom,Tussen 2 bestuurders: Langs achteren,Geen hindernis
24098,54,Brugge teller 2,Brugge,51.23015,3.22818,0.8015543197232667,51.22380968914252,3.233656875001882,2021,3,8,31005,Brugge,Normaal,Droog,Dag,met lichtgewonden,3,Fiets,9,personenauto,Buiten Kruispunt,Gemeenteweg,binnen bebouwde kom,Tussen 2 bestuurders: Langs achteren,Geen hindernis
24098,53,Brugge teller 1,Brugge,51.23023,3.228,0.815370349643881,51.22380968914252,3.233656875001882,2021,3,8,31005,Brugge,Normaal,Droog,Dag,met lichtgewonden,3,Fiets,9,personenauto,Buiten Kruispunt,Gemeenteweg,binnen bebouwde kom,Tussen 2 bestuurders: Langs achteren,Geen hindernis
24119,18,Oostende 1,Oostende,51.21378,2.92765,0.62547837215733,51.21743713285245,2.934473139443075,2021,3,12,35013,Oostende,Normaal,Droog,Dag,met lichtgewonden,7,Motorfiets,3,Fiets,Op Kruispunt,Gewestweg,binnen bebouwde kom,Tss. 2 best.: langs opzij (voor-/achterkant-flank),Geen hindernis
24119,15,Oostende 2,Oostende,51.21371,2.92743,0.6421947210733613,51.21743713285245,2.934473139443075,2021,3,12,35013,Oostende,Normaal,Droog,Dag,met lichtgewonden,7,Motorfiets,3,Fiets,Op Kruispunt,Gewestweg,binnen bebouwde kom,Tss. 2 best.: langs opzij (voor-/achterkant-flank),Geen hindernis
24120,18,Oostende 1,Oostende,51.21378,2.92765,0.62547837215733,51.21743713285245,2.934473139443075,2021,3,7,35013,Oostende,Normaal,Droog,Dag,met lichtgewonden,9,personenauto,3,Fiets,Op Kruispunt,Gewestweg,binnen bebouwde kom,Tss. 2 best.: langs opzij (voor-/achterkant-flank),Geen hindernis
24120,15,Oostende 2,Oostende,51.21371,2.92743,0.6421947210733613,51.21743713285245,2.934473139443075,2021,3,7,35013,Oostende,Normaal,Droog,Dag,met lichtgewonden,9,personenauto,3,Fiets,Op Kruispunt,Gewestweg,binnen bebouwde kom,Tss. 2 best.: langs opzij (voor-/achterkant-flank),Geen hindernis
24139,143,Eco Display Classic Budastraat,Kortrijk,50.83066,3.26286,0.514592613476743,50.835178872848196,3.261279282033704,2021,3,19,34022,Kortrijk,Regenval,"Nat, plassen","Nacht, openbare verlichting aanwezig en ontstoken",met lichtgewonden,9,personenauto,3,Fiets,Op Kruispunt,Gewestweg,buiten bebouwde kom,Tussen 2 bestuurders: Flank tegen flank,Geen hindernis
24142,143,Eco Display Classic Budastraat,Kortrijk,50.83066,3.26286,0.8780044781662869,50.82475387966233,3.271156925957162,2021,3,13,34022,Kortrijk,Normaal,Droog,Dag,met lichtgewonden,5,Lichte vrachtauto,3,Fiets,Op Kruispunt,Gemeenteweg,binnen bebouwde kom,Tss. 2 best.: langs opzij (voor-/achterkant-flank),Geen hindernis
24154,66,Nieuwpoort totem,Nieuwpoort,51.1347,2.74369,0.7609707493421238,51.12841677188732,2.7480118554538846,2021,3,15,38016,Nieuwpoort,Normaal,Droog,Dag,Met doden,4,Vrachtwagen,3,Fiets,Op Kruispunt,Gewestweg,binnen bebouwde kom,Tss. 2 best.: langs opzij (voor-/achterkant-flank),Geen hindernis
24154,65,Nieuwpoort teller 2,Nieuwpoort,51.13435,2.75511,0.8249763978596705,51.12841677188732,2.7480118554538846,2021,3,15,38016,Nieuwpoort,Normaal,Droog,Dag,Met doden,4,Vrachtwagen,3,Fiets,Op Kruispunt,Gewestweg,binnen bebouwde kom,Tss. 2 best.: langs opzij (voor-/achterkant-flank),Geen hindernis
24154,63,Nieuwpoort teller 3,Nieuwpoort,51.13529,2.74289,0.8437037605594279,51.12841677188732,2.7480118554538846,2021,3,15,38016,Nieuwpoort,Normaal,Droog,Dag,Met doden,4,Vrachtwagen,3,Fiets,Op Kruispunt,Gewestweg,binnen bebouwde kom,Tss. 2 best.: langs opzij (voor-/achterkant-flank),Geen hindernis
24154,64,Nieuwpoort teller 1,Nieuwpoort,51.13359,2.75737,0.8702382412504917,51.12841677188732,2.7480118554538846,2021,3,15,38016,Nieuwpoort,Normaal,Droog,Dag,Met doden,4,Vrachtwagen,3,Fiets,Op Kruispunt,Gewestweg,binnen bebouwde kom,Tss. 2 best.: langs opzij (voor-/achterkant-flank),Geen hindernis
24158,68,Ieper,Ieper,50.85032,2.85608,0.16667369282568517,50.850736427571,2.853799274722183,2021,3,13,33011,Ieper,Normaal,Droog,Dag,met lichtgewonden,3,Fiets,10,"één bestuurder, geen hindernis",Buiten Kruispunt,Gewestweg,buiten bebouwde kom,"Eén bestuurder, geen hindernis (incl. val)",Geen hindernis
24158,67,Ieper totem,Ieper,50.85018,2.85624,0.18217376697411392,50.850736427571,2.853799274722183,2021,3,13,33011,Ieper,Normaal,Droog,Dag,met lichtgewonden,3,Fiets,10,"één bestuurder, geen hindernis",Buiten Kruispunt,Gewestweg,buiten bebouwde kom,"Eén bestuurder, geen hindernis (incl. val)",Geen hindernis
24164,42,Maasmechelen teller 2,Maasmechelen,50.97043,5.6981,0.10169879249628493,50.97133236439768,5.698336770512778,2021,3,11,73107,Maasmechelen,Normaal,Droog,Dag,met lichtgewonden,3,Fiets,9,personenauto,Buiten Kruispunt,Gewestweg,binnen bebouwde kom,Tussen 2 bestuurders: Frontale botsing,Geen hindernis
24164,41,Maasmechelen teller 1,Maasmechelen,50.97025,5.69799,0.12277837885510749,50.97133236439768,5.698336770512778,2021,3,11,73107,Maasmechelen,Normaal,Droog,Dag,met lichtgewonden,3,Fiets,9,personenauto,Buiten Kruispunt,Gewestweg,binnen bebouwde kom,Tussen 2 bestuurders: Frontale botsing,Geen hindernis
24190,137,Hasselt-Kempische brug,Hasselt,50.9411605,5.3417576,0.7033811183395575,50.94716432171273,5.344919121891002,2021,3,19,71022,Hasselt,Normaal,Droog,Dageraad - schemering,met lichtgewonden,3,Fiets,8,Voetganger,Buiten Kruispunt,Gewestweg,buiten bebouwde kom,Met een voetganger,Geen hindernis
24190,138,Hasselt-Kempische brug,Hasselt,50.9405318,5.3422472,0.760890354070836,50.94716432171273,5.344919121891002,2021,3,19,71022,Hasselt,Normaal,Droog,Dageraad - schemering,met lichtgewonden,3,Fiets,8,Voetganger,Buiten Kruispunt,Gewestweg,buiten bebouwde kom,Met een voetganger,Geen hindernis
24205,22,Tienen 2,Tienen,50.81330800184882,4.935984252796022,0.9519468094978027,50.80937903014988,4.948021817446968,2021,3,15,24107,Tienen,Normaal,"Nat, plassen",Dag,met lichtgewonden,3,Fiets,9,personenauto,Op Kruispunt,Gewestweg,binnen bebouwde kom,Tss. 2 best.: langs opzij (voor-/achterkant-flank),Geen hindernis
24292,91,Brecht teller 2,Brecht,51.35739,4.62422,0.26568981748123804,51.35550217330396,4.626565509520709,2021,4,11,11009,Brecht,Normaal,Droog,Dag,met lichtgewonden,2,Andere weggebruiker,3,Fiets,Op Kruispunt,Gewestweg,buiten bebouwde kom,Tss. 2 best.: langs opzij (voor-/achterkant-flank),Geen hindernis
24292,90,Brecht teller 1,Brecht,51.35752,4.6243,0.27402586557714603,51.35550217330396,4.626565509520709,2021,4,11,11009,Brecht,Normaal,Droog,Dag,met lichtgewonden,2,Andere weggebruiker,3,Fiets,Op Kruispunt,Gewestweg,buiten bebouwde kom,Tss. 2 best.: langs opzij (voor-/achterkant-flank),Geen hindernis
24317,97,Geel teller 1,Geel,51.14813,4.99698,0.050590826990155116,51.14777438404651,4.9974323967321865,2021,4,21,13008,Geel,Normaal,Droog,"Nacht, openbare verlichting aanwezig en ontstoken",met lichtgewonden,9,personenauto,3,Fiets,Op Kruispunt,Gewestweg,buiten bebouwde kom,Tss. 2 best.: langs opzij (voor-/achterkant-flank),Geen hindernis
24317,98,Geel teller 2,Geel,51.1481,4.99643,0.07873938150994846,51.14777438404651,4.9974323967321865,2021,4,21,13008,Geel,Normaal,Droog,"Nacht, openbare verlichting aanwezig en ontstoken",met lichtgewonden,9,personenauto,3,Fiets,Op Kruispunt,Gewestweg,buiten bebouwde kom,Tss. 2 best.: langs opzij (voor-/achterkant-flank),Geen hindernis
24322,135,Retie 2,Dessel,51.2544998,5.1040064,0.4914624013907227,51.250661688437404,5.107508225326803,2021,4,18,13006,Dessel,Normaal,Droog,Dag,met lichtgewonden,9,personenauto,3,Fiets,Buiten Kruispunt,Gewestweg,buiten bebouwde kom,Tussen 2 bestuurders: Langs achteren,Geen hindernis
24322,134,Retie,Dessel,51.2548405,5.1037658,0.5326803830245018,51.250661688437404,5.107508225326803,2021,4,18,13006,Dessel,Normaal,Droog,Dag,met lichtgewonden,9,personenauto,3,Fiets,Buiten Kruispunt,Gewestweg,buiten bebouwde kom,Tussen 2 bestuurders: Langs achteren,Geen hindernis
24324,5,Balen 2,Balen,51.16018,5.19003,0.310664404500402,51.16192023270512,5.186544767096808,2021,4,15,13003,Balen,Normaal,Droog,Dag,met lichtgewonden,9,personenauto,3,Fiets,Op Kruispunt,Gewestweg,buiten bebouwde kom,Tss. 2 best.: langs opzij (voor-/achterkant-flank),Geen hindernis
24324,4,Balen 1,Balen,51.16023,5.19011,0.3116638581551975,51.16192023270512,5.186544767096808,2021,4,15,13003,Balen,Normaal,Droog,Dag,met lichtgewonden,9,personenauto,3,Fiets,Op Kruispunt,Gewestweg,buiten bebouwde kom,Tss. 2 best.: langs opzij (voor-/achterkant-flank),Geen hindernis
24347,28,Heers,Heers,50.75488,5.30314,0.3567610386027542,50.75180543409448,5.3016904157095155,2021,4,17,73022,Heers,Normaal,Droog,Dag,met lichtgewonden,9,personenauto,3,Fiets,Op Kruispunt,Gewestweg,binnen bebouwde kom,Tss. 2 best.: langs opzij (voor-/achterkant-flank),Geen hindernis
24347,34,Heers teller 1,Heers,50.75486,5.3033,0.35802950957522284,50.75180543409448,5.3016904157095155,2021,4,17,73022,Heers,Normaal,Droog,Dag,met lichtgewonden,9,personenauto,3,Fiets,Op Kruispunt,Gewestweg,binnen bebouwde kom,Tss. 2 best.: langs opzij (voor-/achterkant-flank),Geen hindernis
24354,43,Maaseik teller 1,Maaseik,51.09344,5.79715,0.01700078575125704,51.093474402758325,5.796912804775076,2021,4,14,72021,Maaseik,Normaal,Droog,Dag,met lichtgewonden,9,personenauto,3,Fiets,Op Kruispunt,Gewestweg,binnen bebouwde kom,Tss. 2 best.: langs opzij (voor-/achterkant-flank),Geen hindernis
24354,44,Maaseik teller 2,Maaseik,51.09359,5.79726,0.027443138004736977,51.093474402758325,5.796912804775076,2021,4,14,72021,Maaseik,Normaal,Droog,Dag,met lichtgewonden,9,personenauto,3,Fiets,Op Kruispunt,Gewestweg,binnen bebouwde kom,Tss. 2 best.: langs opzij (voor-/achterkant-flank),Geen hindernis
24356,43,Maaseik teller 1,Maaseik,51.09344,5.79715,0.8073250126323211,51.09620216715417,5.786458685889196,2021,4,10,72021,Maaseik,Normaal,Droog,Dag,met lichtgewonden,3,Fiets,3,Fiets,Op Kruispunt,Gewestweg,binnen bebouwde kom,Tussen 2 bestuurders: Flank tegen flank,Geen hindernis
24356,44,Maaseik teller 2,Maaseik,51.09359,5.79726,0.8082908071134968,51.09620216715417,5.786458685889196,2021,4,10,72021,Maaseik,Normaal,Droog,Dag,met lichtgewonden,3,Fiets,3,Fiets,Op Kruispunt,Gewestweg,binnen bebouwde kom,Tussen 2 bestuurders: Flank tegen flank,Geen hindernis
24361,69,Leuven teller 1,Leuven,50.87549,4.71526,0.37293014996705964,50.87380057317255,4.71985139060916,2021,4,19,24062,Leuven,Normaal,Droog,Dag,met zwaargewonden,3,Fiets,8,Voetganger,Buiten Kruispunt,Gewestweg,binnen bebouwde kom,Met een voetganger,Geen vermelding van de aanwezigheid van een hindernis
24362,151,Leuven,District Leuven,50.8690262,4.6854839,0.9014353620691173,50.877069589354186,4.683880201617781,2021,4,17,24062,Leuven,Normaal,Droog,Dag,met lichtgewonden,9,personenauto,3,Fiets,Op Kruispunt,Gewestweg,binnen bebouwde kom,Tss. 2 best.: langs opzij (voor-/achterkant-flank),Geen hindernis
24367,69,Leuven teller 1,Leuven,50.87549,4.71526,0.16355960224807847,50.87695137103449,4.715525283269556,2021,4,15,24062,Leuven,Normaal,Droog,Dag,met lichtgewonden,9,personenauto,3,Fiets,Buiten Kruispunt,Gewestweg,binnen bebouwde kom,Tss. 2 best.: langs opzij (voor-/achterkant-flank),Geen hindernis
24368,107,leuven totem,Leuven,50.8870744,4.7087919,0.7655208446624846,50.8938612347998,4.706960143775693,2021,4,21,24062,Leuven,Normaal,Droog,"Nacht, openbare verlichting aanwezig en ontstoken",met lichtgewonden,3,Fiets,10,"één bestuurder, geen hindernis",Buiten Kruispunt,Gewestweg,binnen bebouwde kom,"Eén bestuurder, geen hindernis (incl. val)",Geen hindernis
24368,77,Leuven teller 2,Leuven,50.88672,4.70796,0.7971601276595917,50.8938612347998,4.706960143775693,2021,4,21,24062,Leuven,Normaal,Droog,"Nacht, openbare verlichting aanwezig en ontstoken",met lichtgewonden,3,Fiets,10,"één bestuurder, geen hindernis",Buiten Kruispunt,Gewestweg,binnen bebouwde kom,"Eén bestuurder, geen hindernis (incl. val)",Geen hindernis
24373,151,Leuven,District Leuven,50.8690262,4.6854839,0.7561088507547102,50.86234690448444,4.687503648617803,2021,4,12,24062,Leuven,Normaal,Droog,Dag,met lichtgewonden,9,personenauto,3,Fiets,Op Kruispunt,Gemeenteweg,buiten bebouwde kom,Tss. 2 best.: langs opzij (voor-/achterkant-flank),Geen hindernis
24375,77,Leuven teller 2,Leuven,50.88672,4.70796,0.5491658759374541,50.88720037764129,4.700168400243492,2021,4,11,24062,Leuven,Normaal,Proper,Dag,met lichtgewonden,3,Fiets,3,Fiets,Buiten Kruispunt,Gemeenteweg,binnen bebouwde kom,Tss. 2 best.: langs opzij (voor-/achterkant-flank),Geen hindernis
24375,107,leuven totem,Leuven,50.8870744,4.7087919,0.6050775729717198,50.88720037764129,4.700168400243492,2021,4,11,24062,Leuven,Normaal,Proper,Dag,met lichtgewonden,3,Fiets,3,Fiets,Buiten Kruispunt,Gemeenteweg,binnen bebouwde kom,Tss. 2 best.: langs opzij (voor-/achterkant-flank),Geen hindernis
24384,101,Diest teller 1,Diest,50.97799,5.04481,0.9307150560605423,50.98509247307123,5.05184455249214,2021,4,11,24020,Diest,Normaal,Droog,Dag,met lichtgewonden,9,personenauto,3,Fiets,Op Kruispunt,Gemeenteweg,binnen bebouwde kom,Tss. 2 best.: langs opzij (voor-/achterkant-flank),Geen hindernis
24384,102,Diest teller 2,Diest,50.9779,5.04474,0.941800751744599,50.98509247307123,5.05184455249214,2021,4,11,24020,Diest,Normaal,Droog,Dag,met lichtgewonden,9,personenauto,3,Fiets,Op Kruispunt,Gemeenteweg,binnen bebouwde kom,Tss. 2 best.: langs opzij (voor-/achterkant-flank),Geen hindernis
24398,47,Vilvoorde,Vilvoorde,50.91372,4.41497,0.9525353396569551,50.9191407488198,4.425491151854154,2021,4,17,23088,Vilvoorde,Normaal,Droog,Dag,met lichtgewonden,5,Lichte vrachtauto,3,Fiets,Buiten Kruispunt,Gewestweg,buiten bebouwde kom,Tss. 2 best.: langs opzij (voor-/achterkant-flank),Geen hindernis
24403,136,Gent R4,Gent,51.0876313,3.7587918,0.9160629791388489,51.08045773952142,3.7652405670543656,2021,4,8,44021,Gent,Onbekend,Droog,Dag,met lichtgewonden,3,Fiets,9,personenauto,Buiten Kruispunt,Gemeenteweg,binnen bebouwde kom,Tss. 2 best.: langs opzij (voor-/achterkant-flank),Geen hindernis
24443,118,Gent teller 1,Gent,51.028049,3.7681359,0.505070895713241,51.024294419666525,3.772200238661454,2021,4,15,44040,Melle,Normaal,Droog,Dag,met lichtgewonden,3,Fiets,8,Voetganger,Buiten Kruispunt,Gemeenteweg,binnen bebouwde kom,Met een voetganger,Geen hindernis
24443,119,Gent teller 2,Gent,51.0281795,3.7683918,0.5075126823944722,51.024294419666525,3.772200238661454,2021,4,15,44040,Melle,Normaal,Droog,Dag,met lichtgewonden,3,Fiets,8,Voetganger,Buiten Kruispunt,Gemeenteweg,binnen bebouwde kom,Met een voetganger,Geen hindernis
24455,7,Evergem 1,Evergem,51.1089,3.70317,0.4562137737969593,51.11261980438693,3.7059271275191548,2021,4,8,44019,Evergem,Normaal,Droog,Dag,met zwaargewonden,9,personenauto,3,Fiets,Op Kruispunt,Gemeenteweg,binnen bebouwde kom,Tussen 2 bestuurders: Flank tegen flank,Geen hindernis
24455,6,Evergem 2,Evergem,51.10894,3.70298,0.45798821749296265,51.11261980438693,3.7059271275191548,2021,4,8,44019,Evergem,Normaal,Droog,Dag,met zwaargewonden,9,personenauto,3,Fiets,Op Kruispunt,Gemeenteweg,binnen bebouwde kom,Tussen 2 bestuurders: Flank tegen flank,Geen hindernis
24515,10,Aalst 2,Aalst,50.93549,4.01571,0.7697639577186487,50.93792970645726,4.025990421575026,2021,4,9,41002,Aalst,Normaal,Droog,Dag,met lichtgewonden,9,personenauto,3,Fiets,Op Kruispunt,Gewestweg,binnen bebouwde kom,Tss. 2 best.: langs opzij (voor-/achterkant-flank),Geen hindernis
24515,11,Aalst 3,Aalst,50.93385,4.01647,0.8067576958437749,50.93792970645726,4.025990421575026,2021,4,9,41002,Aalst,Normaal,Droog,Dag,met lichtgewonden,9,personenauto,3,Fiets,Op Kruispunt,Gewestweg,binnen bebouwde kom,Tss. 2 best.: langs opzij (voor-/achterkant-flank),Geen hindernis
24515,19,Aalst 1,Aalst,50.93433,4.01471,0.8860251474031293,50.93792970645726,4.025990421575026,2021,4,9,41002,Aalst,Normaal,Droog,Dag,met lichtgewonden,9,personenauto,3,Fiets,Op Kruispunt,Gewestweg,binnen bebouwde kom,Tss. 2 best.: langs opzij (voor-/achterkant-flank),Geen hindernis
24525,125,Dendermonde totem,Dendermonde,51.0372706,4.1025998,0.6133868141671585,51.032579329424976,4.107214643280179,2021,3,16,42006,Dendermonde,Normaal,Droog,Dag,met lichtgewonden,9,personenauto,3,Fiets,Op Kruispunt,Gewestweg,onbekend,Tss. 2 best.: langs opzij (voor-/achterkant-flank),Geen hindernis
24525,122,Dendermonde teller 2,Dendermonde,51.0373918,4.1019222,0.6506216978069607,51.032579329424976,4.107214643280179,2021,3,16,42006,Dendermonde,Normaal,Droog,Dag,met lichtgewonden,9,personenauto,3,Fiets,Op Kruispunt,Gewestweg,onbekend,Tss. 2 best.: langs opzij (voor-/achterkant-flank),Geen hindernis
24527,54,Brugge teller 2,Brugge,51.23015,3.22818,0.8913479787518738,51.22352520248293,3.2209730391897238,2021,4,13,31005,Brugge,Normaal,Droog,Dag,met lichtgewonden,9,personenauto,3,Fiets,Op Kruispunt,Gemeenteweg,binnen bebouwde kom,Tss. 2 best.: langs opzij (voor-/achterkant-flank),Geen hindernis
24527,53,Brugge teller 1,Brugge,51.23023,3.228,0.8917747040548334,51.22352520248293,3.2209730391897238,2021,4,13,31005,Brugge,Normaal,Droog,Dag,met lichtgewonden,9,personenauto,3,Fiets,Op Kruispunt,Gemeenteweg,binnen bebouwde kom,Tss. 2 best.: langs opzij (voor-/achterkant-flank),Geen hindernis
24566,55,Torhout teller 1,Torhout,51.07161,3.08261,0.5826048033713814,51.069189845401155,3.0900054697943586,2021,4,7,31033,Torhout,Normaal,Droog,Dag,met zwaargewonden,9,personenauto,3,Fiets,Op Kruispunt,Gewestweg,buiten bebouwde kom,Tussen 2 bestuurders: Flank tegen flank,Geen hindernis
24566,56,Torhout teller 2,Torhout,51.07147,3.08244,0.5862674500071541,51.069189845401155,3.0900054697943586,2021,4,7,31033,Torhout,Normaal,Droog,Dag,met zwaargewonden,9,personenauto,3,Fiets,Op Kruispunt,Gewestweg,buiten bebouwde kom,Tussen 2 bestuurders: Flank tegen flank,Geen hindernis
24579,75,Kortrijk teller 2,Kortrijk,50.81925,3.25731,0.2990328552167216,50.821767020467135,3.255811030231847,2021,4,13,34022,Kortrijk,Normaal,Droog,Dag,met lichtgewonden,9,personenauto,3,Fiets,Buiten Kruispunt,Gemeenteweg,binnen bebouwde kom,Tss. 2 best.: langs opzij (voor-/achterkant-flank),Geen hindernis
24579,74,Kortrijk teller 1,Kortrijk,50.81909,3.25728,0.31505019367248327,50.821767020467135,3.255811030231847,2021,4,13,34022,Kortrijk,Normaal,Droog,Dag,met lichtgewonden,9,personenauto,3,Fiets,Buiten Kruispunt,Gemeenteweg,binnen bebouwde kom,Tss. 2 best.: langs opzij (voor-/achterkant-flank),Geen hindernis
24583,143,Eco Display Classic Budastraat,Kortrijk,50.83066,3.26286,0.8862399450495428,50.83862977218444,3.262982437403706,2021,4,10,34022,Kortrijk,Normaal,Droog,Dag,met lichtgewonden,9,personenauto,3,Fiets,Buiten Kruispunt,Gewestweg,binnen bebouwde kom,Tussen 2 bestuurders: Langs achteren,Geen hindernis