crash_row_id,site_id,site_name,site_gemeente,site_lat,site_long,distance_km,crash_lat,crash_long,DT_YEAR_COLLISION,DT_MONTH_COLLISION,DT_TIME,CD_NIS,TX_MUNTY_COLLISION_NL,TX_WEATHER_NL,TX_ROAD_CONDITION_NL,TX_LIGHT_CONDITION_NL,TX_CLASS_ACCIDENTS_NL,CD_ROAD_USR_TYPE1,TX_ROAD_USR_TYPE1_NL,CD_ROAD_USR_TYPE2,TX_ROAD_USR_TYPE2_NL,TX_CROSSWAY_NL,CD_ROAD_TYPE_NL,TX_BUILD_UP_AREA_NL,TX_COLLISION_TYPE_NL,TX_OBSTACLES_NL
24585,16,Kortrijk 1,Kortrijk,50.83332,3.27777,0.7853008616755821,50.826461175739915,3.2751048530485383,2021,4,15,34022,Kortrijk,Normaal,Droog,Dag,met zwaargewonden,9,personenauto,3,Fiets,Buiten Kruispunt,Gemeenteweg,binnen bebouwde kom,Tussen 2 bestuurders: Langs achteren,Geen hindernis
24585,17,Kortrijk 2,Kortrijk,50.83339,3.27773,0.7922037622169908,50.826461175739915,3.2751048530485383,2021,4,15,34022,Kortrijk,Normaal,Droog,Dag,met zwaargewonden,9,personenauto,3,Fiets,Buiten Kruispunt,Gemeenteweg,binnen bebouwde kom,Tussen 2 bestuurders: Langs achteren,Geen hindernis
24585,143,Eco Display Classic Budastraat,Kortrijk,50.83066,3.26286,0.9785828261282941,50.826461175739915,3.2751048530485383,2021,4,15,34022,Kortrijk,Normaal,Droog,Dag,met zwaargewonden,9,personenauto,3,Fiets,Buiten Kruispunt,Gemeenteweg,binnen bebouwde kom,Tussen 2 bestuurders: Langs achteren,Geen hindernis
24592,64,Nieuwpoort teller 1,Nieuwpoort,51.13359,2.75737,0.5297877418180158,51.12882736216826,2.757582001711604,2021,4,18,38016,Nieuwpoort,Normaal,Droog,Dag,met zwaargewonden,3,Fiets,5,Lichte vrachtauto,Buiten Kruispunt,Gemeenteweg,binnen bebouwde kom,Tss. 2 best.: langs opzij (voor-/achterkant-flank),Geen hindernis
24592,65,Nieuwpoort teller 2,Nieuwpoort,51.13435,2.75511,0.6378553432747702,51.12882736216826,2.757582001711604,2021,4,18,38016,Nieuwpoort,Normaal,Droog,Dag,met zwaargewonden,3,Fiets,5,Lichte vrachtauto,Buiten Kruispunt,Gemeenteweg,binnen bebouwde kom,Tss. 2 best.: langs opzij (voor-/achterkant-flank),Geen hindernis
24594,61,Wervik teller 2,Wervik,50.80555,3.0921,0.16248307269394044,50.8048824870026,3.09415689206895,2021,4,15,33029,Wervik,Normaal,Droog,Dag,met lichtgewonden,6,Bromfiets,3,Fiets,Buiten Kruispunt,Gewestweg,buiten bebouwde kom,Tussen 2 bestuurders: Flank tegen flank,Geen hindernis
24594,62,Wervik teller 1,Wervik,50.8058,3.09154,0.21029555186485202,50.8048824870026,3.09415689206895,2021,4,15,33029,Wervik,Normaal,Droog,Dag,met lichtgewonden,6,Bromfiets,3,Fiets,Buiten Kruispunt,Gewestweg,buiten bebouwde kom,Tussen 2 bestuurders: Flank tegen flank,Geen hindernis
24602,41,Maasmechelen teller 1,Maasmechelen,50.97025,5.69799,0.8623683859307193,50.96251417318449,5.698865811416172,2021,4,13,73107,Maasmechelen,Normaal,Droog,Dag,met lichtgewonden,3,Fiets,11,een weggebruiker tegen een hindernis,Buiten Kruispunt,Gewestweg,binnen bebouwde kom,Weggebruiker tegen hindernis buiten rijbaan,Buiten de rijbaan: Omheining
24602,42,Maasmechelen teller 2,Maasmechelen,50.97043,5.6981,0.8818319723426467,50.96251417318449,5.698865811416172,2021,4,13,73107,Maasmechelen,Normaal,Droog,Dag,met lichtgewonden,3,Fiets,11,een weggebruiker tegen een hindernis,Buiten Kruispunt,Gewestweg,binnen bebouwde kom,Weggebruiker tegen hindernis buiten rijbaan,Buiten de rijbaan: Omheining
24610,140,Hasselt ring,Hasselt,50.9300038,5.3438616,0.48134972393554576,50.927296526138726,5.338502376363761,2021,4,11,71022,Hasselt,Normaal,Droog,Dag,met zwaargewonden,3,Fiets,9,personenauto,Op Kruispunt,Gewestweg,binnen bebouwde kom,Tss. 2 best.: langs opzij (voor-/achterkant-flank),Geen hindernis
24615,137,Hasselt-Kempische brug,Hasselt,50.9411605,5.3417576,0.8041305394915199,50.94795967636632,5.345667514664682,2021,4,18,71022,Hasselt,Normaal,Droog,Dag,met lichtgewonden,3,Fiets,6,Bromfiets,Op Kruispunt,Gewestweg,buiten bebouwde kom,Tussen 2 bestuurders: Flank tegen flank,Geen hindernis
24615,138,Hasselt-Kempische brug,Hasselt,50.9405318,5.3422472,0.8600022077729519,50.94795967636632,5.345667514664682,2021,4,18,71022,Hasselt,Normaal,Droog,Dag,met lichtgewonden,3,Fiets,6,Bromfiets,Op Kruispunt,Gewestweg,buiten bebouwde kom,Tussen 2 bestuurders: Flank tegen flank,Geen hindernis
24629,25,Bree,Bree,51.13679500160176,5.597669323604317,0.283044995473231,51.13693457053359,5.5936186323440875,2021,4,14,72004,Bree,Normaal,Onbekend,Dag,met lichtgewonden,9,personenauto,3,Fiets,Buiten Kruispunt,Gewestweg,buiten bebouwde kom,Tussen 2 bestuurders: Flank tegen flank,Geen hindernis
24655,2,Brasschaat 2,Brasschaat,51.27512,4.47169,0.9935915861383477,51.272027056949334,4.458289768354755,2021,5,5,11002,Antwerpen,Normaal,"Nat, plassen",Dageraad - schemering,met zwaargewonden,3,Fiets,9,personenauto,Buiten Kruispunt,Gewestweg,binnen bebouwde kom,Tss. 2 best.: langs opzij (voor-/achterkant-flank),Geen hindernis
24730,104,Malle teller 2,Malle,51.31682,4.73852,0.8465921086913324,51.3100286132389,4.733014165810562,2021,5,9,11057,Malle,Normaal,Droog,Dag,met lichtgewonden,9,personenauto,3,Fiets,Op Kruispunt,Gemeenteweg,binnen bebouwde kom,Tss. 2 best.: langs opzij (voor-/achterkant-flank),Geen hindernis
24730,103,Malle teller 1,Malle,51.31681,4.73872,0.8519813194339356,51.3100286132389,4.733014165810562,2021,5,9,11057,Malle,Normaal,Droog,Dag,met lichtgewonden,9,personenauto,3,Fiets,Op Kruispunt,Gemeenteweg,binnen bebouwde kom,Tss. 2 best.: langs opzij (voor-/achterkant-flank),Geen hindernis
24770,94,Herentals teller 2,Herentals,51.17345,4.81283,0.0287625808732144,51.17360871732932,4.813155776131565,2021,5,17,13011,Herentals,Normaal,Droog,Dag,met lichtgewonden,3,Fiets,9,personenauto,Op Kruispunt,Gewestweg,buiten bebouwde kom,Tss. 2 best.: langs opzij (voor-/achterkant-flank),Geen hindernis
24770,110,Herentals totem,Herentals,51.1739426,4.811783,0.1026517332316727,51.17360871732932,4.813155776131565,2021,5,17,13011,Herentals,Normaal,Droog,Dag,met lichtgewonden,3,Fiets,9,personenauto,Op Kruispunt,Gewestweg,buiten bebouwde kom,Tss. 2 best.: langs opzij (voor-/achterkant-flank),Geen hindernis
24800,77,Leuven teller 2,Leuven,50.88672,4.70796,0.8758404734556747,50.879344520693586,4.703577908568669,2021,5,17,24062,Leuven,Regenval,"Nat, plassen",Dag,met lichtgewonden,3,Fiets,11,een weggebruiker tegen een hindernis,Buiten Kruispunt,Gemeenteweg,binnen bebouwde kom,Weggebruiker tegen hindernis op de rijbaan,"Op de rijbaan: Verkeersdrempel, ezelsrug"
24800,69,Leuven teller 1,Leuven,50.87549,4.71526,0.9249366145734654,50.879344520693586,4.703577908568669,2021,5,17,24062,Leuven,Regenval,"Nat, plassen",Dag,met lichtgewonden,3,Fiets,11,een weggebruiker tegen een hindernis,Buiten Kruispunt,Gemeenteweg,binnen bebouwde kom,Weggebruiker tegen hindernis op de rijbaan,"Op de rijbaan: Verkeersdrempel, ezelsrug"
24800,107,leuven totem,Leuven,50.8870744,4.7087919,0.9341168144953275,50.879344520693586,4.703577908568669,2021,5,17,24062,Leuven,Regenval,"Nat, plassen",Dag,met lichtgewonden,3,Fiets,11,een weggebruiker tegen een hindernis,Buiten Kruispunt,Gemeenteweg,binnen bebouwde kom,Weggebruiker tegen hindernis op de rijbaan,"Op de rijbaan: Verkeersdrempel, ezelsrug"
24801,77,Leuven teller 2,Leuven,50.88672,4.70796,0.8722274111206322,50.879358816720305,4.703664806053322,2021,5,19,24062,Leuven,Regenval,"Nat, plassen",Dag,met lichtgewonden,3,Fiets,11,een weggebruiker tegen een hindernis,Buiten Kruispunt,Gemeenteweg,binnen bebouwde kom,Weggebruiker tegen hindernis buiten rijbaan,Andere hindernis
24801,69,Leuven teller 1,Leuven,50.87549,4.71526,0.9202800600147134,50.879358816720305,4.703664806053322,2021,5,19,24062,Leuven,Regenval,"Nat, plassen",Dag,met lichtgewonden,3,Fiets,11,een weggebruiker tegen een hindernis,Buiten Kruispunt,Gemeenteweg,binnen bebouwde kom,Weggebruiker tegen hindernis buiten rijbaan,Andere hindernis
24801,107,leuven totem,Leuven,50.8870744,4.7087919,0.930280348173843,50.879358816720305,4.703664806053322,2021,5,19,24062,Leuven,Regenval,"Nat, plassen",Dag,met lichtgewonden,3,Fiets,11,een weggebruiker tegen een hindernis,Buiten Kruispunt,Gemeenteweg,binnen bebouwde kom,Weggebruiker tegen hindernis buiten rijbaan,Andere hindernis
24802,77,Leuven teller 2,Leuven,50.88672,4.70796,0.8950984532824425,50.88002688811063,4.700871197884378,2021,5,15,24062,Leuven,Normaal,Droog,Dag,met lichtgewonden,3,Fiets,10,"één bestuurder, geen hindernis",Buiten Kruispunt,Gemeenteweg,binnen bebouwde kom,"Eén bestuurder, geen hindernis (incl. val)",Geen hindernis
24802,107,leuven totem,Leuven,50.8870744,4.7087919,0.960656140157453,50.88002688811063,4.700871197884378,2021,5,15,24062,Leuven,Normaal,Droog,Dag,met lichtgewonden,3,Fiets,10,"één bestuurder, geen hindernis",Buiten Kruispunt,Gemeenteweg,binnen bebouwde kom,"Eén bestuurder, geen hindernis (incl. val)",Geen hindernis
24803,69,Leuven teller 1,Leuven,50.87549,4.71526,0.9241208319159948,50.87870286254478,4.703112862818003,2021,5,18,24062,Leuven,Regenval,"Nat, plassen",Dag,met lichtgewonden,3,Fiets,10,"één bestuurder, geen hindernis",Buiten Kruispunt,Gemeenteweg,binnen bebouwde kom,"Eén bestuurder, geen hindernis (incl. val)",Geen hindernis
24803,77,Leuven teller 2,Leuven,50.88672,4.70796,0.9541179906242855,50.87870286254478,4.703112862818003,2021,5,18,24062,Leuven,Regenval,"Nat, plassen",Dag,met lichtgewonden,3,Fiets,10,"één bestuurder, geen hindernis",Buiten Kruispunt,Gemeenteweg,binnen bebouwde kom,"Eén bestuurder, geen hindernis (incl. val)",Geen hindernis
24806,69,Leuven teller 1,Leuven,50.87549,4.71526,0.2944915184312523,50.87308221672313,4.71700804598112,2021,5,16,24062,Leuven,Normaal,Droog,Dag,met lichtgewonden,9,personenauto,3,Fiets,Op Kruispunt,Gewestweg,binnen bebouwde kom,Tss. 2 best.: langs opzij (voor-/achterkant-flank),Geen hindernis
24807,69,Leuven teller 1,Leuven,50.87549,4.71526,0.718175093489235,50.88007009646035,4.708042852059774,2021,5,18,24062,Leuven,Normaal,Droog,Dag,met lichtgewonden,3,Fiets,10,"één bestuurder, geen hindernis",Buiten Kruispunt,Gemeenteweg,binnen bebouwde kom,"Eén bestuurder, geen hindernis (incl. val)",Geen hindernis
24807,77,Leuven teller 2,Leuven,50.88672,4.70796,0.7394583797261594,50.88007009646035,4.708042852059774,2021,5,18,24062,Leuven,Normaal,Droog,Dag,met lichtgewonden,3,Fiets,10,"één bestuurder, geen hindernis",Buiten Kruispunt,Gemeenteweg,binnen bebouwde kom,"Eén bestuurder, geen hindernis (incl. val)",Geen hindernis
24807,107,leuven totem,Leuven,50.8870744,4.7087919,0.78061367573244,50.88007009646035,4.708042852059774,2021,5,18,24062,Leuven,Normaal,Droog,Dag,met lichtgewonden,3,Fiets,10,"één bestuurder, geen hindernis",Buiten Kruispunt,Gemeenteweg,binnen bebouwde kom,"Eén bestuurder, geen hindernis (incl. val)",Geen hindernis
24809,69,Leuven teller 1,Leuven,50.87549,4.71526,0.5638956606740445,50.87482883103992,4.707291928419998,2021,5,0,24062,Leuven,Normaal,Droog,"Nacht, openbare verlichting aanwezig en ontstoken",met lichtgewonden,3,Fiets,11,een weggebruiker tegen een hindernis,Op Kruispunt,Gemeenteweg,binnen bebouwde kom,Weggebruiker tegen hindernis buiten rijbaan,Buiten de rijbaan: Verlichtingspaal
24810,77,Leuven teller 2,Leuven,50.88672,4.70796,0.5466558867953724,50.88225140948298,4.704711309772982,2021,5,23,24062,Leuven,Normaal,"Nat, plassen","Nacht, openbare verlichting aanwezig en ontstoken",met lichtgewonden,3,Fiets,10,"één bestuurder, geen hindernis",Buiten Kruispunt,Gemeenteweg,binnen bebouwde kom,"Eén bestuurder, geen hindernis (incl. val)",Geen hindernis
24810,107,leuven totem,Leuven,50.8870744,4.7087919,0.6079084206983153,50.88225140948298,4.704711309772982,2021,5,23,24062,Leuven,Normaal,"Nat, plassen","Nacht, openbare verlichting aanwezig en ontstoken",met lichtgewonden,3,Fiets,10,"één bestuurder, geen hindernis",Buiten Kruispunt,Gemeenteweg,binnen bebouwde kom,"Eén bestuurder, geen hindernis (incl. val)",Geen hindernis
24812,69,Leuven teller 1,Leuven,50.87549,4.71526,0.4496808476916517,50.8795340687943,4.715272927681115,2021,5,18,24062,Leuven,Normaal,Droog,Dag,met lichtgewonden,6,Bromfiets,3,Fiets,Buiten Kruispunt,Gewestweg,binnen bebouwde kom,Tss. 2 best.: langs opzij (voor-/achterkant-flank),Geen hindernis
24812,77,Leuven teller 2,Leuven,50.88672,4.70796,0.9495575819891934,50.8795340687943,4.715272927681115,2021,5,18,24062,Leuven,Normaal,Droog,Dag,met lichtgewonden,6,Bromfiets,3,Fiets,Buiten Kruispunt,Gewestweg,binnen bebouwde kom,Tss. 2 best.: langs opzij (voor-/achterkant-flank),Geen hindernis
24812,107,leuven totem,Leuven,50.8870744,4.7087919,0.9537883059677177,50.8795340687943,4.715272927681115,2021,5,18,24062,Leuven,Normaal,Droog,Dag,met lichtgewonden,6,Bromfiets,3,Fiets,Buiten Kruispunt,Gewestweg,binnen bebouwde kom,Tss. 2 best.: langs opzij (voor-/achterkant-flank),Geen hindernis
24813,77,Leuven teller 2,Leuven,50.88672,4.70796,0.9044722968063714,50.881551911740594,4.698003763406257,2021,5,15,24062,Leuven,Normaal,"Nat, plassen",Dag,met lichtgewonden,3,Fiets,3,Fiets,Buiten Kruispunt,Gemeenteweg,binnen bebouwde kom,Tss. 2 best.: langs opzij (voor-/achterkant-flank),Geen hindernis
24813,107,leuven totem,Leuven,50.8870744,4.7087919,0.9745966784838176,50.881551911740594,4.698003763406257,2021,5,15,24062,Leuven,Normaal,"Nat, plassen",Dag,met lichtgewonden,3,Fiets,3,Fiets,Buiten Kruispunt,Gemeenteweg,binnen bebouwde kom,Tss. 2 best.: langs opzij (voor-/achterkant-flank),Geen hindernis
24814,151,Leuven,District Leuven,50.8690262,4.6854839,0.9014290941070433,50.8684301752571,4.698294572966477,2021,5,12,24062,Leuven,Regenval,Onbekend,Dag,met lichtgewonden,9,personenauto,3,Fiets,Op Kruispunt,Gewestweg,binnen bebouwde kom,Tss. 2 best.: langs opzij (voor-/achterkant-flank),Geen hindernis
24815,151,Leuven,District Leuven,50.8690262,4.6854839,0.822527572866034,50.865908882089265,4.696113058582261,2021,5,11,24062,Leuven,Normaal,Droog,Dag,met lichtgewonden,5,Lichte vrachtauto,3,Fiets,Op Kruispunt,Gewestweg,binnen bebouwde kom,Tussen 2 bestuurders: Flank tegen flank,Geen hindernis
24833,87,Aarschot,Aarschot,50.99084,4.81259,0.7036247290274416,50.99486588340482,4.804833617581608,2021,5,10,24007,Begijnendijk,Normaal,Droog+Proper,Dag,met lichtgewonden,3,Fiets,9,personenauto,Op Kruispunt,Gemeenteweg,buiten bebouwde kom,Tss. 2 best.: langs opzij (voor-/achterkant-flank),Geen hindernis
24845,1,Machelen,Machelen,50.91618331151478,4.456121776137429,0.7941015512355367,50.91775946751932,4.445073366845209,2021,5,17,23047,Machelen,Normaal,Droog,Dag,met lichtgewonden,9,personenauto,3,Fiets,Op Kruispunt,Gewestweg,binnen bebouwde kom,Tussen 2 bestuurders: Langs achteren,Geen hindernis
24871,118,Gent teller 1,Gent,51.028049,3.7681359,0.39128447447086884,51.030315332242225,3.7638557032327316,2021,5,12,44021,Gent,Normaal,Droog,Dag,met lichtgewonden,9,personenauto,3,Fiets,Buiten Kruispunt,Gewestweg,buiten bebouwde kom,Tss. 2 best.: langs opzij (voor-/achterkant-flank),Geen hindernis
24871,119,Gent teller 2,Gent,51.0281795,3.7683918,0.39627506864868256,51.030315332242225,3.7638557032327316,2021,5,12,44021,Gent,Normaal,Droog,Dag,met lichtgewonden,9,personenauto,3,Fiets,Buiten Kruispunt,Gewestweg,buiten bebouwde kom,Tss. 2 best.: langs opzij (voor-/achterkant-flank),Geen hindernis
24875,118,Gent teller 1,Gent,51.028049,3.7681359,0.97292026457718,51.03353177467707,3.757293512629199,2021,5,12,44021,Gent,Normaal,Droog,Dag,met lichtgewonden,3,Fiets,9,personenauto,Buiten Kruispunt,Gewestweg,binnen bebouwde kom,Tss. 2 best.: langs opzij (voor-/achterkant-flank),Geen hindernis
24875,119,Gent teller 2,Gent,51.0281795,3.7683918,0.9780319950610029,51.03353177467707,3.757293512629199,2021,5,12,44021,Gent,Normaal,Droog,Dag,met lichtgewonden,3,Fiets,9,personenauto,Buiten Kruispunt,Gewestweg,binnen bebouwde kom,Tss. 2 best.: langs opzij (voor-/achterkant-flank),Geen hindernis
24879,119,Gent teller 2,Gent,51.0281795,3.7683918,0.6888680119290187,51.034037227523974,3.7651852017209837,2021,5,19,44021,Gent,Normaal,Droog,Dag,met lichtgewonden,3,Fiets,10,"één bestuurder, geen hindernis",Buiten Kruispunt,Gemeenteweg,binnen bebouwde kom,"Eén bestuurder, geen hindernis (incl. val)",Geen hindernis
24879,118,Gent teller 1,Gent,51.028049,3.7681359,0.697099621501417,51.034037227523974,3.7651852017209837,2021,5,19,44021,Gent,Normaal,Droog,Dag,met lichtgewonden,3,Fiets,10,"één bestuurder, geen hindernis",Buiten Kruispunt,Gemeenteweg,binnen bebouwde kom,"Eén bestuurder, geen hindernis (incl. val)",Geen hindernis
24892,119,Gent teller 2,Gent,51.0281795,3.7683918,0.1710639110702288,51.029444251963525,3.769784412623349,2021,5,17,44021,Gent,Normaal,Droog,Dag,met lichtgewonden,9,personenauto,3,Fiets,Buiten Kruispunt,Gemeenteweg,binnen bebouwde kom,Tss. 2 best.: langs opzij (voor-/achterkant-flank),Geen hindernis
24892,118,Gent teller 1,Gent,51.028049,3.7681359,0.1932899738885499,51.029444251963525,3.769784412623349,2021,5,17,44021,Gent,Normaal,Droog,Dag,met lichtgewonden,9,personenauto,3,Fiets,Buiten Kruispunt,Gemeenteweg,binnen bebouwde kom,Tss. 2 best.: langs opzij (voor-/achterkant-flank),Geen hindernis
24893,118,Gent teller 1,Gent,51.028049,3.7681359,0.4334522870121666,51.03054866105109,3.763379875968738,2021,5,16,44021,Gent,Normaal,Droog,Dag,met lichtgewonden,3,Fiets,9,personenauto,Buiten Kruispunt,Gewestweg,buiten bebouwde kom,Tss. 2 best.: langs opzij (voor-/achterkant-flank),Geen hindernis
24893,119,Gent teller 2,Gent,51.0281795,3.7683918,0.43846230426789645,51.03054866105109,3.763379875968738,2021,5,16,44021,Gent,Normaal,Droog,Dag,met lichtgewonden,3,Fiets,9,personenauto,Buiten Kruispunt,Gewestweg,buiten bebouwde kom,Tss. 2 best.: langs opzij (voor-/achterkant-flank),Geen hindernis
24909,116,Melle teller 2,Melle,50.9986113,3.8040599,0.4616903572189246,51.00270319000499,3.805179257537827,2021,5,22,44040,Melle,Normaal,Droog,"Nacht, openbare verlichting aanwezig en ontstoken",met lichtgewonden,3,Fiets,9,personenauto,Buiten Kruispunt,Gemeenteweg,binnen bebouwde kom,Tussen 2 bestuurders: Langs achteren,Geen hindernis
24909,117,Melle teller 1,Melle,50.9986113,3.8040599,0.4616903572189246,51.00270319000499,3.805179257537827,2021,5,22,44040,Melle,Normaal,Droog,"Nacht, openbare verlichting aanwezig en ontstoken",met lichtgewonden,3,Fiets,9,personenauto,Buiten Kruispunt,Gemeenteweg,binnen bebouwde kom,Tussen 2 bestuurders: Langs achteren,Geen hindernis
24921,6,Evergem 2,Evergem,51.10894,3.70298,0.5686576766977908,51.112043733554906,3.696505957141799,2021,5,8,44019,Evergem,Normaal,Droog,Dag,met lichtgewonden,3,Fiets,10,"één bestuurder, geen hindernis",Buiten Kruispunt,Gewestweg,binnen bebouwde kom,"Eén bestuurder, geen hindernis (incl. val)",Geen hindernis
24921,7,Evergem 1,Evergem,51.1089,3.70317,0.5819166380472269,51.112043733554906,3.696505957141799,2021,5,8,44019,Evergem,Normaal,Droog,Dag,met lichtgewonden,3,Fiets,10,"één bestuurder, geen hindernis",Buiten Kruispunt,Gewestweg,binnen bebouwde kom,"Eén bestuurder, geen hindernis (incl. val)",Geen hindernis
24968,126,Hamme totem,Hamme,51.1017709,4.1469307,0.9459763840766943,51.10970219159592,4.142029597009757,2021,5,13,46025,Temse,Normaal,Droog,Dag,met lichtgewonden,3,Fiets,6,Bromfiets,Buiten Kruispunt,Gewestweg,buiten bebouwde kom,Tussen 2 bestuurders: Flank tegen flank,Geen hindernis
24999,10,Aalst 2,Aalst,50.93549,4.01571,0.5270886006562951,50.93881968081029,4.021063867031828,2021,5,17,41002,Aalst,Normaal,Droog,Dag,met lichtgewonden,9,personenauto,3,Fiets,Buiten Kruispunt,Gewestweg,binnen bebouwde kom,Tussen 2 bestuurders: Langs achteren,Geen hindernis
24999,11,Aalst 3,Aalst,50.93385,4.01647,0.6395268012690746,50.93881968081029,4.021063867031828,2021,5,17,41002,Aalst,Normaal,Droog,Dag,met lichtgewonden,9,personenauto,3,Fiets,Buiten Kruispunt,Gewestweg,binnen bebouwde kom,Tussen 2 bestuurders: Langs achteren,Geen hindernis
24999,19,Aalst 1,Aalst,50.93433,4.01471,0.6689269464017472,50.93881968081029,4.021063867031828,2021,5,17,41002,Aalst,Normaal,Droog,Dag,met lichtgewonden,9,personenauto,3,Fiets,Buiten Kruispunt,Gewestweg,binnen bebouwde kom,Tussen 2 bestuurders: Langs achteren,Geen hindernis
25008,125,Dendermonde totem,Dendermonde,51.0372706,4.1025998,0.6106551888379664,51.03373119828096,4.109277262729965,2021,5,17,42006,Dendermonde,Normaal,Droog,Dag,met lichtgewonden,9,personenauto,3,Fiets,Buiten Kruispunt,Gewestweg,binnen bebouwde kom,Tussen 2 bestuurders: Flank tegen flank,Geen hindernis
25008,122,Dendermonde teller 2,Dendermonde,51.0373918,4.1019222,0.6558799243777479,51.03373119828096,4.109277262729965,2021,5,17,42006,Dendermonde,Normaal,Droog,Dag,met lichtgewonden,9,personenauto,3,Fiets,Buiten Kruispunt,Gewestweg,binnen bebouwde kom,Tussen 2 bestuurders: Flank tegen flank,Geen hindernis
25010,142,TEST Validatie BRUGGE Y2H22022134,Brugge,51.22632,3.24095,0.9100886745118026,51.2184414006743,3.2374099232474944,2021,5,16,31005,Brugge,Normaal,Droog,Dag,met lichtgewonden,9,personenauto,3,Fiets,Op Kruispunt,Gemeenteweg,binnen bebouwde kom,Tss. 2 best.: langs opzij (voor-/achterkant-flank),Geen hindernis
25010,52,Brugge,Brugge,51.22632,3.24095,0.9100886745118026,51.2184414006743,3.2374099232474944,2021,5,16,31005,Brugge,Normaal,Droog,Dag,met lichtgewonden,9,personenauto,3,Fiets,Op Kruispunt,Gemeenteweg,binnen bebouwde kom,Tss. 2 best.: langs opzij (voor-/achterkant-flank),Geen hindernis
25011,142,TEST Validatie BRUGGE Y2H22022134,Brugge,51.22632,3.24095,0.9863889727714991,51.231277639073156,3.2526970737241023,2021,5,19,31005,Brugge,Normaal,Droog,Dag,met lichtgewonden,8,Voetganger,3,Fiets,Buiten Kruispunt,Gewestweg,buiten bebouwde kom,Met een voetganger,Geen hindernis
25011,52,Brugge,Brugge,51.22632,3.24095,0.9863889727714991,51.231277639073156,3.2526970737241023,2021,5,19,31005,Brugge,Normaal,Droog,Dag,met lichtgewonden,8,Voetganger,3,Fiets,Buiten Kruispunt,Gewestweg,buiten bebouwde kom,Met een voetganger,Geen hindernis
25065,75,Kortrijk teller 2,Kortrijk,50.81925,3.25731,0.2773695055717373,50.82026795921161,3.25370534971948,2021,5,8,34022,Kortrijk,Normaal,Droog,Dag,met lichtgewonden,9,personenauto,3,Fiets,Buiten Kruispunt,Gemeenteweg,binnen bebouwde kom,Tussen 2 bestuurders: Flank tegen flank,Geen hindernis
25065,74,Kortrijk teller 1,Kortrijk,50.81909,3.25728,0.28322314761484074,50.82026795921161,3.25370534971948,2021,5,8,34022,Kortrijk,Normaal,Droog,Dag,met lichtgewonden,9,personenauto,3,Fiets,Buiten Kruispunt,Gemeenteweg,binnen bebouwde kom,Tussen 2 bestuurders: Flank tegen flank,Geen hindernis
25066,143,Eco Display Classic Budastraat,Kortrijk,50.83066,3.26286,0.3971019659643,50.829263553146276,3.257656145447037,2021,5,16,34022,Kortrijk,"Sterke wind, rukwind","Nat, plassen",Dag,met lichtgewonden,3,Fiets,11,een weggebruiker tegen een hindernis,Buiten Kruispunt,Gemeenteweg,binnen bebouwde kom,Weggebruiker tegen hindernis op de rijbaan,"Op de rijbaan: Werken (signal., aarde, toestel,…)"
25069,143,Eco Display Classic Budastraat,Kortrijk,50.83066,3.26286,0.16319688389540218,50.83114346736901,3.260666010167855,2021,5,8,34022,Kortrijk,Normaal,Droog,Dag,met lichtgewonden,3,Fiets,3,Fiets,Buiten Kruispunt,Gemeenteweg,binnen bebouwde kom,Tussen 2 bestuurders: Flank tegen flank,Geen hindernis
25070,143,Eco Display Classic Budastraat,Kortrijk,50.83066,3.26286,0.5940260418665233,50.826026877552316,3.2670705435926912,2021,5,14,34022,Kortrijk,Normaal,Droog,Dag,met lichtgewonden,3,Fiets,9,personenauto,Op Kruispunt,Gewestweg,binnen bebouwde kom,Tussen 2 bestuurders: Langs achteren,Geen hindernis
25094,99,Mechelen teller 1,Mechelen,51.04564,4.46882,0.26828267508206155,51.04337529355455,4.4701434438195,2021,5,17,12025,Mechelen,Normaal,Droog,Dag,met lichtgewonden,9,personenauto,3,Fiets,Op Kruispunt,Gewestweg,binnen bebouwde kom,Tss. 2 best.: langs opzij (voor-/achterkant-flank),Geen hindernis
25094,100,Mechelen teller 2,Mechelen,51.0457,4.46883,0.2743198916295205,51.04337529355455,4.4701434438195,2021,5,17,12025,Mechelen,Normaal,Droog,Dag,met lichtgewonden,9,personenauto,3,Fiets,Op Kruispunt,Gewestweg,binnen bebouwde kom,Tss. 2 best.: langs opzij (voor-/achterkant-flank),Geen hindernis
25104,140,Hasselt ring,Hasselt,50.9300038,5.3438616,0.311004861081718,50.93073502652804,5.3395782279171,2021,5,18,71022,Hasselt,Normaal,Droog,Dag,met lichtgewonden,3,Fiets,11,een weggebruiker tegen een hindernis,Buiten Kruispunt,Gemeenteweg,binnen bebouwde kom,Weggebruiker tegen hindernis buiten rijbaan,Buiten de rijbaan: Andere paal
25108,140,Hasselt ring,Hasselt,50.9300038,5.3438616,0.4730365243746172,50.927193240759046,5.338794909203376,2021,5,18,71022,Hasselt,Normaal,Droog,Dag,met lichtgewonden,9,personenauto,3,Fiets,Op Kruispunt,Gewestweg,binnen bebouwde kom,Tss. 2 best.: langs opzij (voor-/achterkant-flank),Geen hindernis