crash_row_id,site_id,site_name,site_gemeente,site_lat,site_long,distance_km,crash_lat,crash_long,DT_YEAR_COLLISION,DT_MONTH_COLLISION,DT_TIME,CD_NIS,TX_MUNTY_COLLISION_NL,TX_WEATHER_NL,TX_ROAD_CONDITION_NL,TX_LIGHT_CONDITION_NL,TX_CLASS_ACCIDENTS_NL,CD_ROAD_USR_TYPE1,TX_ROAD_USR_TYPE1_NL,CD_ROAD_USR_TYPE2,TX_ROAD_USR_TYPE2_NL,TX_CROSSWAY_NL,CD_ROAD_TYPE_NL,TX_BUILD_UP_AREA_NL,TX_COLLISION_TYPE_NL,TX_OBSTACLES_NL
25109,140,Hasselt ring,Hasselt,50.9300038,5.3438616,0.8000084910400842,50.92961676148328,5.332462978838432,2021,5,15,71022,Hasselt,Normaal,Droog,Dag,met lichtgewonden,9,personenauto,3,Fiets,Buiten Kruispunt,Gewestweg,binnen bebouwde kom,Tss. 2 best.: langs opzij (voor-/achterkant-flank),Geen hindernis
25131,140,Hasselt ring,Hasselt,50.9300038,5.3438616,0.8006763188377778,50.9298813762974,5.332438539245164,2021,5,9,71022,Hasselt,Normaal,Droog,Dag,met lichtgewonden,3,Fiets,5,Lichte vrachtauto,Op Kruispunt,Gewestweg,binnen bebouwde kom,Tss. 2 best.: langs opzij (voor-/achterkant-flank),Geen hindernis
25293,2,Brasschaat 2,Brasschaat,51.27512,4.47169,0.9654520805374778,51.2680015628279,4.463743902084838,2021,6,12,11040,Schoten,Normaal,Droog,Dag,met lichtgewonden,9,personenauto,3,Fiets,Buiten Kruispunt,Gewestweg,buiten bebouwde kom,Tss. 2 best.: langs opzij (voor-/achterkant-flank),Geen hindernis
25293,3,Brasschaat 1,Brasschaat,51.27503,4.47222,0.9790190144291044,51.2680015628279,4.463743902084838,2021,6,12,11040,Schoten,Normaal,Droog,Dag,met lichtgewonden,9,personenauto,3,Fiets,Buiten Kruispunt,Gewestweg,buiten bebouwde kom,Tss. 2 best.: langs opzij (voor-/achterkant-flank),Geen hindernis
25304,104,Malle teller 2,Malle,51.31682,4.73852,0.38589692778588836,51.31430542500719,4.734693220901011,2021,6,15,11057,Malle,Normaal,Droog,Dag,met lichtgewonden,3,Fiets,11,een weggebruiker tegen een hindernis,Buiten Kruispunt,Gemeenteweg,buiten bebouwde kom,Weggebruiker tegen hindernis op de rijbaan,Op de rijbaan: Dier (wild dier)
25304,103,Malle teller 1,Malle,51.31681,4.73872,0.3948200277911633,51.31430542500719,4.734693220901011,2021,6,15,11057,Malle,Normaal,Droog,Dag,met lichtgewonden,3,Fiets,11,een weggebruiker tegen een hindernis,Buiten Kruispunt,Gemeenteweg,buiten bebouwde kom,Weggebruiker tegen hindernis op de rijbaan,Op de rijbaan: Dier (wild dier)
25325,92,Nijlen teller 1,Nijlen,51.14989,4.64479,0.886006703356426,51.152943233735186,4.656523270010232,2021,6,12,12026,Nijlen,Normaal,Droog,Dag,met lichtgewonden,3,Fiets,6,Bromfiets,Buiten Kruispunt,Gewestweg,buiten bebouwde kom,Tussen 2 bestuurders: Langs achteren,Geen hindernis
25325,93,Nijlen teller 2,Nijlen,51.14998,4.64469,0.888693598682524,51.152943233735186,4.656523270010232,2021,6,12,12026,Nijlen,Normaal,Droog,Dag,met lichtgewonden,3,Fiets,6,Bromfiets,Buiten Kruispunt,Gewestweg,buiten bebouwde kom,Tussen 2 bestuurders: Langs achteren,Geen hindernis
25401,44,Maaseik teller 2,Maaseik,51.09359,5.79726,0.31705478720874003,51.09541139992595,5.793766935536212,2021,6,8,72021,Maaseik,Normaal,Droog,Dag,met lichtgewonden,3,Fiets,9,personenauto,Op Kruispunt,Gemeenteweg,binnen bebouwde kom,Tussen 2 bestuurders: Frontale botsing,Geen hindernis
25401,43,Maaseik teller 1,Maaseik,51.09344,5.79715,0.322287887266876,51.09541139992595,5.793766935536212,2021,6,8,72021,Maaseik,Normaal,Droog,Dag,met lichtgewonden,3,Fiets,9,personenauto,Op Kruispunt,Gemeenteweg,binnen bebouwde kom,Tussen 2 bestuurders: Frontale botsing,Geen hindernis
25404,107,leuven totem,Leuven,50.8870744,4.7087919,0.33634896624925614,50.88453435768711,4.711395528013099,2021,6,12,24062,Leuven,Normaal,Droog,Dag,met lichtgewonden,3,Fiets,9,personenauto,Buiten Kruispunt,Gewestweg,binnen bebouwde kom,Tss. 2 best.: langs opzij (voor-/achterkant-flank),Geen hindernis
25404,77,Leuven teller 2,Leuven,50.88672,4.70796,0.34226619644140666,50.88453435768711,4.711395528013099,2021,6,12,24062,Leuven,Normaal,Droog,Dag,met lichtgewonden,3,Fiets,9,personenauto,Buiten Kruispunt,Gewestweg,binnen bebouwde kom,Tss. 2 best.: langs opzij (voor-/achterkant-flank),Geen hindernis
25405,69,Leuven teller 1,Leuven,50.87549,4.71526,0.1741104918583593,50.87660992385116,4.716994266662747,2021,6,23,24062,Leuven,Normaal,Droog,"Nacht, geen openbare verlichting aanwezig",met lichtgewonden,3,Fiets,10,"één bestuurder, geen hindernis",Buiten Kruispunt,Gemeenteweg,binnen bebouwde kom,"Eén bestuurder, geen hindernis (incl. val)",Geen hindernis
25409,151,Leuven,District Leuven,50.8690262,4.6854839,0.8179775395585843,50.862531623835785,4.690957635396468,2021,6,11,24062,Leuven,Normaal,Droog,Dag,met lichtgewonden,3,Fiets,11,een weggebruiker tegen een hindernis,Op Kruispunt,Gemeenteweg,binnen bebouwde kom,Weggebruiker tegen hindernis op de rijbaan,"Op de rijbaan: Put, straatgoot, tramspoor"
25413,77,Leuven teller 2,Leuven,50.88672,4.70796,0.7391080282396517,50.88429013513507,4.698153089551047,2021,6,23,24062,Leuven,Regenval,"Nat, plassen","Nacht, openbare verlichting aanwezig en ontstoken",met lichtgewonden,9,personenauto,3,Fiets,Buiten Kruispunt,Gemeenteweg,binnen bebouwde kom,Tussen 2 bestuurders: Flank tegen flank,Geen hindernis
25413,107,leuven totem,Leuven,50.8870744,4.7087919,0.8079755152799253,50.88429013513507,4.698153089551047,2021,6,23,24062,Leuven,Regenval,"Nat, plassen","Nacht, openbare verlichting aanwezig en ontstoken",met lichtgewonden,9,personenauto,3,Fiets,Buiten Kruispunt,Gemeenteweg,binnen bebouwde kom,Tussen 2 bestuurders: Flank tegen flank,Geen hindernis
25414,151,Leuven,District Leuven,50.8690262,4.6854839,0.8557914090612635,50.86901408681771,4.6976790585254005,2021,6,8,24062,Leuven,Onbekend,Onbekend,Onbekend,met lichtgewonden,5,Lichte vrachtauto,3,Fiets,Op Kruispunt,Gewestweg,binnen bebouwde kom,Tss. 2 best.: langs opzij (voor-/achterkant-flank),Geen hindernis
25418,77,Leuven teller 2,Leuven,50.88672,4.70796,0.9136705035541426,50.88197635982239,4.697325354476392,2021,6,17,24062,Leuven,Normaal,Droog,Dag,met lichtgewonden,3,Fiets,9,personenauto,Op Kruispunt,Gemeenteweg,binnen bebouwde kom,Tss. 2 best.: langs opzij (voor-/achterkant-flank),Geen hindernis
25418,107,leuven totem,Leuven,50.8870744,4.7087919,0.9840711314050823,50.88197635982239,4.697325354476392,2021,6,17,24062,Leuven,Normaal,Droog,Dag,met lichtgewonden,3,Fiets,9,personenauto,Op Kruispunt,Gemeenteweg,binnen bebouwde kom,Tss. 2 best.: langs opzij (voor-/achterkant-flank),Geen hindernis
25439,101,Diest teller 1,Diest,50.97799,5.04481,0.8755837680246402,50.98469965473829,5.051356225207767,2021,6,9,24020,Diest,Regenval,"Nat, plassen",Dag,met lichtgewonden,3,Fiets,8,Voetganger,Buiten Kruispunt,Gemeenteweg,binnen bebouwde kom,Met een voetganger,Geen hindernis
25439,102,Diest teller 2,Diest,50.9779,5.04474,0.8866768078922723,50.98469965473829,5.051356225207767,2021,6,9,24020,Diest,Regenval,"Nat, plassen",Dag,met lichtgewonden,3,Fiets,8,Voetganger,Buiten Kruispunt,Gemeenteweg,binnen bebouwde kom,Met een voetganger,Geen hindernis
25471,71,Kampenhout teller 2,Kampenhout,50.95589,4.59164,0.8808097587028572,50.961828884601005,4.583318017674072,2021,6,17,23038,Kampenhout,Normaal,Droog,Dag,met lichtgewonden,2,Andere weggebruiker,3,Fiets,Buiten Kruispunt,Gewestweg,buiten bebouwde kom,Tss. 2 best.: langs opzij (voor-/achterkant-flank),Geen hindernis
25471,70,Kampenhout teller 1,Kampenhout,50.95682,4.59318,0.887299354769166,50.961828884601005,4.583318017674072,2021,6,17,23038,Kampenhout,Normaal,Droog,Dag,met lichtgewonden,2,Andere weggebruiker,3,Fiets,Buiten Kruispunt,Gewestweg,buiten bebouwde kom,Tss. 2 best.: langs opzij (voor-/achterkant-flank),Geen hindernis
25473,119,Gent teller 2,Gent,51.0281795,3.7683918,0.8748678988636216,51.03567640155861,3.7645954837728395,2021,6,15,44021,Gent,Normaal,Droog,Dag,met lichtgewonden,9,personenauto,3,Fiets,Buiten Kruispunt,Gemeenteweg,binnen bebouwde kom,Tss. 2 best.: langs opzij (voor-/achterkant-flank),Geen hindernis
25473,118,Gent teller 1,Gent,51.028049,3.7681359,0.8835251857400898,51.03567640155861,3.7645954837728395,2021,6,15,44021,Gent,Normaal,Droog,Dag,met lichtgewonden,9,personenauto,3,Fiets,Buiten Kruispunt,Gemeenteweg,binnen bebouwde kom,Tss. 2 best.: langs opzij (voor-/achterkant-flank),Geen hindernis
25486,118,Gent teller 1,Gent,51.028049,3.7681359,0.4334522870121666,51.03054866105109,3.763379875968738,2021,6,17,44021,Gent,Normaal,Droog,Dag,met lichtgewonden,9,personenauto,3,Fiets,Buiten Kruispunt,Gewestweg,buiten bebouwde kom,Tussen 2 bestuurders: Frontale botsing,Geen hindernis
25486,119,Gent teller 2,Gent,51.0281795,3.7683918,0.43846230426789645,51.03054866105109,3.763379875968738,2021,6,17,44021,Gent,Normaal,Droog,Dag,met lichtgewonden,9,personenauto,3,Fiets,Buiten Kruispunt,Gewestweg,buiten bebouwde kom,Tussen 2 bestuurders: Frontale botsing,Geen hindernis
25489,118,Gent teller 1,Gent,51.028049,3.7681359,0.15207897954978256,51.02675662428044,3.7674242975835095,2021,6,8,44021,Gent,Normaal,Droog,Dag,met lichtgewonden,1,Autobus,3,Fiets,Buiten Kruispunt,Gemeenteweg,binnen bebouwde kom,Tss. 2 best.: langs opzij (voor-/achterkant-flank),Geen hindernis
25489,119,Gent teller 2,Gent,51.0281795,3.7683918,0.17207779977389234,51.02675662428044,3.7674242975835095,2021,6,8,44021,Gent,Normaal,Droog,Dag,met lichtgewonden,1,Autobus,3,Fiets,Buiten Kruispunt,Gemeenteweg,binnen bebouwde kom,Tss. 2 best.: langs opzij (voor-/achterkant-flank),Geen hindernis
25502,118,Gent teller 1,Gent,51.028049,3.7681359,0.9095072779654754,51.02330741564434,3.757539523190516,2021,6,12,44021,Gent,Onbekend,Onbekend,Dag,met lichtgewonden,3,Fiets,3,Fiets,Buiten Kruispunt,Gemeenteweg,binnen bebouwde kom,Tss. 2 best.: langs opzij (voor-/achterkant-flank),Geen hindernis
25502,119,Gent teller 2,Gent,51.0281795,3.7683918,0.932502748010531,51.02330741564434,3.757539523190516,2021,6,12,44021,Gent,Onbekend,Onbekend,Dag,met lichtgewonden,3,Fiets,3,Fiets,Buiten Kruispunt,Gemeenteweg,binnen bebouwde kom,Tss. 2 best.: langs opzij (voor-/achterkant-flank),Geen hindernis
25517,13,Gent,Gent,51.03018,3.70146,0.9660943529953008,51.03407887565325,3.7138062373144276,2021,6,10,44021,Gent,Normaal,Droog,Dag,met zwaargewonden,3,Fiets,3,Fiets,Buiten Kruispunt,Gemeenteweg,binnen bebouwde kom,Tussen 2 bestuurders: Flank tegen flank,Geen hindernis
25521,118,Gent teller 1,Gent,51.028049,3.7681359,0.8925533562229229,51.021150222265675,3.761611976075171,2021,6,23,44021,Gent,Onbekend,Onbekend,Onbekend,met lichtgewonden,3,Fiets,9,personenauto,Op Kruispunt,Gemeenteweg,binnen bebouwde kom,Tussen 2 bestuurders: Frontale botsing,Geen hindernis
25521,119,Gent teller 2,Gent,51.0281795,3.7683918,0.9142087017064181,51.021150222265675,3.761611976075171,2021,6,23,44021,Gent,Onbekend,Onbekend,Onbekend,met lichtgewonden,3,Fiets,9,personenauto,Op Kruispunt,Gemeenteweg,binnen bebouwde kom,Tussen 2 bestuurders: Frontale botsing,Geen hindernis
25522,136,Gent R4,Gent,51.0876313,3.7587918,0.8795900047037744,51.079784343609866,3.7603827348991103,2021,6,14,44021,Gent,Normaal,Droog,Dag,met lichtgewonden,3,Fiets,9,personenauto,Op Kruispunt,Gemeenteweg,binnen bebouwde kom,Tss. 2 best.: langs opzij (voor-/achterkant-flank),Geen hindernis
25545,116,Melle teller 2,Melle,50.9986113,3.8040599,0.2542645779486777,51.00025151044818,3.806591598749925,2021,6,14,44040,Melle,Normaal,Droog,Dag,met zwaargewonden,3,Fiets,6,Bromfiets,Buiten Kruispunt,Gewestweg,binnen bebouwde kom,Tussen 2 bestuurders: Flank tegen flank,Geen hindernis
25545,117,Melle teller 1,Melle,50.9986113,3.8040599,0.2542645779486777,51.00025151044818,3.806591598749925,2021,6,14,44040,Melle,Normaal,Droog,Dag,met zwaargewonden,3,Fiets,6,Bromfiets,Buiten Kruispunt,Gewestweg,binnen bebouwde kom,Tussen 2 bestuurders: Flank tegen flank,Geen hindernis
25548,116,Melle teller 2,Melle,50.9986113,3.8040599,0.8014010863673867,51.0048057948418,3.798205810408859,2021,6,16,44040,Melle,Normaal,Droog,Dag,met lichtgewonden,9,personenauto,3,Fiets,Op Kruispunt,Gewestweg,binnen bebouwde kom,Tss. 2 best.: langs opzij (voor-/achterkant-flank),Geen hindernis
25548,117,Melle teller 1,Melle,50.9986113,3.8040599,0.8014010863673867,51.0048057948418,3.798205810408859,2021,6,16,44040,Melle,Normaal,Droog,Dag,met lichtgewonden,9,personenauto,3,Fiets,Op Kruispunt,Gewestweg,binnen bebouwde kom,Tss. 2 best.: langs opzij (voor-/achterkant-flank),Geen hindernis
25572,7,Evergem 1,Evergem,51.1089,3.70317,0.4196342563185297,51.10523686703131,3.701724690432562,2021,6,17,44019,Evergem,Normaal,"Nat, plassen",Dag,met zwaargewonden,3,Fiets,9,personenauto,Buiten Kruispunt,Gemeenteweg,binnen bebouwde kom,Tss. 2 best.: langs opzij (voor-/achterkant-flank),Geen hindernis
25572,6,Evergem 2,Evergem,51.10894,3.70298,0.4209928804737535,51.10523686703131,3.701724690432562,2021,6,17,44019,Evergem,Normaal,"Nat, plassen",Dag,met zwaargewonden,3,Fiets,9,personenauto,Buiten Kruispunt,Gemeenteweg,binnen bebouwde kom,Tss. 2 best.: langs opzij (voor-/achterkant-flank),Geen hindernis
25631,126,Hamme totem,Hamme,51.1017709,4.1469307,0.8578993462190782,51.09826346890351,4.135987493020285,2021,6,13,42008,Hamme,Normaal,Droog,Dag,met lichtgewonden,3,Fiets,11,een weggebruiker tegen een hindernis,Buiten Kruispunt,Gemeenteweg,binnen bebouwde kom,Weggebruiker tegen hindernis op de rijbaan,"Op de rijbaan: Verkeersdrempel, ezelsrug"
25633,120,Zele teller 1,Zele,51.0607671,4.0547741,0.08073100786847268,51.06142191039033,4.054275127398377,2021,6,14,42028,Zele,Onbekend,Droog,Dag,met zwaargewonden,3,Fiets,9,personenauto,Op Kruispunt,Gewestweg,buiten bebouwde kom,Tussen 2 bestuurders: Flank tegen flank,Geen hindernis
25633,121,Zele teller 2,Zele,51.0604067,4.0556696,0.14913223749469348,51.06142191039033,4.054275127398377,2021,6,14,42028,Zele,Onbekend,Droog,Dag,met zwaargewonden,3,Fiets,9,personenauto,Op Kruispunt,Gewestweg,buiten bebouwde kom,Tussen 2 bestuurders: Flank tegen flank,Geen hindernis
25652,11,Aalst 3,Aalst,50.93385,4.01647,0.8717353627926302,50.93605075346798,4.0284097693078325,2021,6,19,41002,Aalst,Normaal,Droog,Dag,met lichtgewonden,9,personenauto,3,Fiets,Buiten Kruispunt,Gewestweg,binnen bebouwde kom,Tussen 2 bestuurders: Frontale botsing,Geen hindernis
25652,10,Aalst 2,Aalst,50.93549,4.01571,0.8921061543521924,50.93605075346798,4.0284097693078325,2021,6,19,41002,Aalst,Normaal,Droog,Dag,met lichtgewonden,9,personenauto,3,Fiets,Buiten Kruispunt,Gewestweg,binnen bebouwde kom,Tussen 2 bestuurders: Frontale botsing,Geen hindernis
25652,19,Aalst 1,Aalst,50.93433,4.01471,0.9788926090153077,50.93605075346798,4.0284097693078325,2021,6,19,41002,Aalst,Normaal,Droog,Dag,met lichtgewonden,9,personenauto,3,Fiets,Buiten Kruispunt,Gewestweg,binnen bebouwde kom,Tussen 2 bestuurders: Frontale botsing,Geen hindernis
25655,10,Aalst 2,Aalst,50.93549,4.01571,0.6925973494614691,50.939529952938315,4.023233081211279,2021,6,10,41002,Aalst,Normaal,Droog,Dag,met lichtgewonden,3,Fiets,9,personenauto,Buiten Kruispunt,Gemeenteweg,binnen bebouwde kom,Tss. 2 best.: langs opzij (voor-/achterkant-flank),Geen hindernis
25655,11,Aalst 3,Aalst,50.93385,4.01647,0.7896099043353287,50.939529952938315,4.023233081211279,2021,6,10,41002,Aalst,Normaal,Droog,Dag,met lichtgewonden,3,Fiets,9,personenauto,Buiten Kruispunt,Gemeenteweg,binnen bebouwde kom,Tss. 2 best.: langs opzij (voor-/achterkant-flank),Geen hindernis
25655,19,Aalst 1,Aalst,50.93433,4.01471,0.8312707399490388,50.939529952938315,4.023233081211279,2021,6,10,41002,Aalst,Normaal,Droog,Dag,met lichtgewonden,3,Fiets,9,personenauto,Buiten Kruispunt,Gemeenteweg,binnen bebouwde kom,Tss. 2 best.: langs opzij (voor-/achterkant-flank),Geen hindernis
25668,50,"Brugge, Sint-Andries",Brugge,51.19291,3.16252,0.5612023635135949,51.197645535569904,3.165305496060175,2021,6,10,31005,Brugge,Normaal,Onbekend,Dag,met lichtgewonden,5,Lichte vrachtauto,3,Fiets,Buiten Kruispunt,Gemeenteweg,binnen bebouwde kom,Tussen 2 bestuurders: Flank tegen flank,Geen hindernis
25668,51,"Brugge, Sint-Andries",Brugge,51.19281,3.16252,0.5716486204614173,51.197645535569904,3.165305496060175,2021,6,10,31005,Brugge,Normaal,Onbekend,Dag,met lichtgewonden,5,Lichte vrachtauto,3,Fiets,Buiten Kruispunt,Gemeenteweg,binnen bebouwde kom,Tussen 2 bestuurders: Flank tegen flank,Geen hindernis
25679,142,TEST Validatie BRUGGE Y2H22022134,Brugge,51.22632,3.24095,0.17159962692595362,51.22488388754736,3.2400479216589897,2021,6,21,31005,Brugge,Normaal,Droog,Dageraad - schemering,met lichtgewonden,9,personenauto,3,Fiets,Op Kruispunt,Gewestweg,binnen bebouwde kom,Tussen 2 bestuurders: Flank tegen flank,Geen hindernis
25679,52,Brugge,Brugge,51.22632,3.24095,0.17159962692595362,51.22488388754736,3.2400479216589897,2021,6,21,31005,Brugge,Normaal,Droog,Dageraad - schemering,met lichtgewonden,9,personenauto,3,Fiets,Op Kruispunt,Gewestweg,binnen bebouwde kom,Tussen 2 bestuurders: Flank tegen flank,Geen hindernis
25711,18,Oostende 1,Oostende,51.21378,2.92765,0.5097699001513322,51.213229988933996,2.9349156642723924,2021,6,16,35013,Oostende,Normaal,Droog,Dag,met lichtgewonden,9,personenauto,3,Fiets,Op Kruispunt,Gemeenteweg,binnen bebouwde kom,Tussen 2 bestuurders: Flank tegen flank,Geen hindernis
25711,15,Oostende 2,Oostende,51.21371,2.92743,0.5241371292470546,51.213229988933996,2.9349156642723924,2021,6,16,35013,Oostende,Normaal,Droog,Dag,met lichtgewonden,9,personenauto,3,Fiets,Op Kruispunt,Gemeenteweg,binnen bebouwde kom,Tussen 2 bestuurders: Flank tegen flank,Geen hindernis
25758,75,Kortrijk teller 2,Kortrijk,50.81925,3.25731,0.6400587637296741,50.82499128026011,3.2566546741859574,2021,6,14,34022,Kortrijk,Normaal,Droog,Dag,met lichtgewonden,5,Lichte vrachtauto,3,Fiets,Buiten Kruispunt,Gemeenteweg,binnen bebouwde kom,Tussen 2 bestuurders: Flank tegen flank,Geen hindernis
25758,74,Kortrijk teller 1,Kortrijk,50.81909,3.25728,0.6576610147884265,50.82499128026011,3.2566546741859574,2021,6,14,34022,Kortrijk,Normaal,Droog,Dag,met lichtgewonden,5,Lichte vrachtauto,3,Fiets,Buiten Kruispunt,Gemeenteweg,binnen bebouwde kom,Tussen 2 bestuurders: Flank tegen flank,Geen hindernis
25758,143,Eco Display Classic Budastraat,Kortrijk,50.83066,3.26286,0.766339920613737,50.82499128026011,3.2566546741859574,2021,6,14,34022,Kortrijk,Normaal,Droog,Dag,met lichtgewonden,5,Lichte vrachtauto,3,Fiets,Buiten Kruispunt,Gemeenteweg,binnen bebouwde kom,Tussen 2 bestuurders: Flank tegen flank,Geen hindernis
25761,143,Eco Display Classic Budastraat,Kortrijk,50.83066,3.26286,0.7978364470357013,50.82630420364434,3.2718867534442384,2021,6,22,34022,Kortrijk,Normaal,Droog,"Nacht, openbare verlichting aanwezig en ontstoken",met lichtgewonden,3,Fiets,9,personenauto,Op Kruispunt,Gewestweg,binnen bebouwde kom,Tussen 2 bestuurders: Flank tegen flank,Geen hindernis
25761,16,Kortrijk 1,Kortrijk,50.83332,3.27777,0.8827934609883814,50.82630420364434,3.2718867534442384,2021,6,22,34022,Kortrijk,Normaal,Droog,"Nacht, openbare verlichting aanwezig en ontstoken",met lichtgewonden,3,Fiets,9,personenauto,Op Kruispunt,Gewestweg,binnen bebouwde kom,Tussen 2 bestuurders: Flank tegen flank,Geen hindernis
25761,17,Kortrijk 2,Kortrijk,50.83339,3.27773,0.8883778686694298,50.82630420364434,3.2718867534442384,2021,6,22,34022,Kortrijk,Normaal,Droog,"Nacht, openbare verlichting aanwezig en ontstoken",met lichtgewonden,3,Fiets,9,personenauto,Op Kruispunt,Gewestweg,binnen bebouwde kom,Tussen 2 bestuurders: Flank tegen flank,Geen hindernis
25762,143,Eco Display Classic Budastraat,Kortrijk,50.83066,3.26286,0.2971138952210831,50.83220763279278,3.259411352403993,2021,6,8,34022,Kortrijk,Normaal,Droog,Dag,met lichtgewonden,9,personenauto,3,Fiets,Buiten Kruispunt,Gemeenteweg,binnen bebouwde kom,Tussen 2 bestuurders: Flank tegen flank,Geen hindernis
25763,143,Eco Display Classic Budastraat,Kortrijk,50.83066,3.26286,0.5107137019994427,50.830542403798546,3.2555906181055847,2021,6,7,34022,Kortrijk,Normaal,Droog,Dag,met lichtgewonden,3,Fiets,3,Fiets,Buiten Kruispunt,Gewestweg,binnen bebouwde kom,Tussen 2 bestuurders: Langs achteren,Geen hindernis
25764,16,Kortrijk 1,Kortrijk,50.83332,3.27777,0.7028018535632198,50.830353034191155,3.286605971757069,2021,6,11,34022,Kortrijk,Normaal,Droog,Dag,met lichtgewonden,3,Fiets,3,Fiets,Op Kruispunt,Gemeenteweg,binnen bebouwde kom,Tss. 2 best.: langs opzij (voor-/achterkant-flank),Geen hindernis
25764,17,Kortrijk 2,Kortrijk,50.83339,3.27773,0.7089574906173546,50.830353034191155,3.286605971757069,2021,6,11,34022,Kortrijk,Normaal,Droog,Dag,met lichtgewonden,3,Fiets,3,Fiets,Op Kruispunt,Gemeenteweg,binnen bebouwde kom,Tss. 2 best.: langs opzij (voor-/achterkant-flank),Geen hindernis
25766,16,Kortrijk 1,Kortrijk,50.83332,3.27777,0.5884875320231375,50.828279773804965,3.2803256453686265,2021,6,12,34022,Kortrijk,Normaal,Droog,Dag,met lichtgewonden,3,Fiets,9,personenauto,Buiten Kruispunt,Gemeenteweg,binnen bebouwde kom,Tussen 2 bestuurders: Flank tegen flank,Geen hindernis
25766,17,Kortrijk 2,Kortrijk,50.83339,3.27773,0.5967571705756266,50.828279773804965,3.2803256453686265,2021,6,12,34022,Kortrijk,Normaal,Droog,Dag,met lichtgewonden,3,Fiets,9,personenauto,Buiten Kruispunt,Gemeenteweg,binnen bebouwde kom,Tussen 2 bestuurders: Flank tegen flank,Geen hindernis
25767,143,Eco Display Classic Budastraat,Kortrijk,50.83066,3.26286,0.12730396249501053,50.8298998789663,3.264215441996384,2021,6,7,34022,Kortrijk,Normaal,Droog,Dag,met lichtgewonden,8,Voetganger,3,Fiets,Buiten Kruispunt,Gemeenteweg,binnen bebouwde kom,Met een voetganger,Geen hindernis
25796,68,Ieper,Ieper,50.85032,2.85608,0.16667369282568517,50.850736427571,2.853799274722183,2021,6,9,33011,Ieper,Normaal,"Nat, plassen",Dag,met zwaargewonden,3,Fiets,10,"één bestuurder, geen hindernis",Buiten Kruispunt,Gewestweg,buiten bebouwde kom,"Eén bestuurder, geen hindernis (incl. val)",Geen hindernis
25796,67,Ieper totem,Ieper,50.85018,2.85624,0.18217376697411392,50.850736427571,2.853799274722183,2021,6,9,33011,Ieper,Normaal,"Nat, plassen",Dag,met zwaargewonden,3,Fiets,10,"één bestuurder, geen hindernis",Buiten Kruispunt,Gewestweg,buiten bebouwde kom,"Eén bestuurder, geen hindernis (incl. val)",Geen hindernis
25804,67,Ieper totem,Ieper,50.85018,2.85624,0.7576194152845133,50.84893288670136,2.8668493850728813,2021,6,7,33011,Ieper,Normaal,"Nat, plassen",Dag,met lichtgewonden,9,personenauto,3,Fiets,Op Kruispunt,Gewestweg,binnen bebouwde kom,Tss. 2 best.: langs opzij (voor-/achterkant-flank),Geen hindernis
25804,68,Ieper,Ieper,50.85032,2.85608,0.7716242990480393,50.84893288670136,2.8668493850728813,2021,6,7,33011,Ieper,Normaal,"Nat, plassen",Dag,met lichtgewonden,9,personenauto,3,Fiets,Op Kruispunt,Gewestweg,binnen bebouwde kom,Tss. 2 best.: langs opzij (voor-/achterkant-flank),Geen hindernis
25806,41,Maasmechelen teller 1,Maasmechelen,50.97025,5.69799,0.706313714402403,50.96409817684618,5.695477624577967,2021,6,15,73107,Maasmechelen,"Andere (dikke rook,...)",Droog,Dag,met lichtgewonden,3,Fiets,9,personenauto,Op Kruispunt,Gewestweg,buiten bebouwde kom,Tss. 2 best.: langs opzij (voor-/achterkant-flank),Geen hindernis
25806,42,Maasmechelen teller 2,Maasmechelen,50.97043,5.6981,0.7276207682294643,50.96409817684618,5.695477624577967,2021,6,15,73107,Maasmechelen,"Andere (dikke rook,...)",Droog,Dag,met lichtgewonden,3,Fiets,9,personenauto,Op Kruispunt,Gewestweg,buiten bebouwde kom,Tss. 2 best.: langs opzij (voor-/achterkant-flank),Geen hindernis
25832,140,Hasselt ring,Hasselt,50.9300038,5.3438616,0.3239456757609786,50.92709752465296,5.343540504422508,2021,6,10,71022,Hasselt,Normaal,Droog,Dag,met zwaargewonden,3,Fiets,8,Voetganger,Buiten Kruispunt,Gemeenteweg,binnen bebouwde kom,Met een voetganger,Geen hindernis
25835,30,Herk De Stad,Herk-de-Stad,50.94374,5.17691,0.918430679428327,50.938804897599525,5.166398962220694,2021,6,8,71024,Herk-de-Stad,Normaal,Droog+Proper,Dag,met zwaargewonden,3,Fiets,3,Fiets,Op Kruispunt,Gemeenteweg,binnen bebouwde kom,Tussen 2 bestuurders: Frontale botsing,Geen hindernis
25835,31,Herk De Stad,Herk-de-Stad,50.94366,5.1775,0.9467998738170758,50.938804897599525,5.166398962220694,2021,6,8,71024,Herk-de-Stad,Normaal,Droog+Proper,Dag,met zwaargewonden,3,Fiets,3,Fiets,Op Kruispunt,Gemeenteweg,binnen bebouwde kom,Tussen 2 bestuurders: Frontale botsing,Geen hindernis
25857,25,Bree,Bree,51.13679500160176,5.597669323604317,0.5461944208767244,51.13854728758269,5.604982822877127,2021,6,0,72004,Bree,Normaal,Droog,"Nacht, openbare verlichting aanwezig en ontstoken",met lichtgewonden,3,Fiets,9,personenauto,Buiten Kruispunt,Gewestweg,binnen bebouwde kom,Tussen 2 bestuurders: Flank tegen flank,Geen hindernis
25921,3,Brasschaat 1,Brasschaat,51.27503,4.47222,0.47803933400013127,51.27856169654612,4.4761387740167935,2021,7,0,11008,Brasschaat,Normaal,Droog,"Nacht, openb. verlicht. aanw., maar niet ontstoken",met lichtgewonden,3,Fiets,11,een weggebruiker tegen een hindernis,Buiten Kruispunt,Gewestweg,buiten bebouwde kom,Weggebruiker tegen hindernis op de rijbaan,"Op de rijbaan: Werken (signal., aarde, toestel,…)"