crash_row_id,site_id,site_name,site_gemeente,site_lat,site_long,distance_km,crash_lat,crash_long,DT_YEAR_COLLISION,DT_MONTH_COLLISION,DT_TIME,CD_NIS,TX_MUNTY_COLLISION_NL,TX_WEATHER_NL,TX_ROAD_CONDITION_NL,TX_LIGHT_CONDITION_NL,TX_CLASS_ACCIDENTS_NL,CD_ROAD_USR_TYPE1,TX_ROAD_USR_TYPE1_NL,CD_ROAD_USR_TYPE2,TX_ROAD_USR_TYPE2_NL,TX_CROSSWAY_NL,CD_ROAD_TYPE_NL,TX_BUILD_UP_AREA_NL,TX_COLLISION_TYPE_NL,TX_OBSTACLES_NL
25921,2,Brasschaat 2,Brasschaat,51.27512,4.47169,0.4921575543326958,51.27856169654612,4.4761387740167935,2021,7,0,11008,Brasschaat,Normaal,Droog,"Nacht, openb. verlicht. aanw., maar niet ontstoken",met lichtgewonden,3,Fiets,11,een weggebruiker tegen een hindernis,Buiten Kruispunt,Gewestweg,buiten bebouwde kom,Weggebruiker tegen hindernis op de rijbaan,"Op de rijbaan: Werken (signal., aarde, toestel,…)"
25975,88,Westerlo teller 1,Westerlo,51.082,4.91325,0.28031985278970045,51.08428420474353,4.914947961776959,2021,7,12,13049,Westerlo,Normaal,Droog,Dag,met lichtgewonden,3,Fiets,11,een weggebruiker tegen een hindernis,Op Kruispunt,Gemeenteweg,binnen bebouwde kom,Weggebruiker tegen hindernis buiten rijbaan,Buiten de rijbaan: Andere paal
25975,89,Westerlo teller 2,Westerlo,51.08191,4.91334,0.28689949932722986,51.08428420474353,4.914947961776959,2021,7,12,13049,Westerlo,Normaal,Droog,Dag,met lichtgewonden,3,Fiets,11,een weggebruiker tegen een hindernis,Op Kruispunt,Gemeenteweg,binnen bebouwde kom,Weggebruiker tegen hindernis buiten rijbaan,Buiten de rijbaan: Andere paal
25980,89,Westerlo teller 2,Westerlo,51.08191,4.91334,0.7358115930879858,51.075480620577856,4.910847599527405,2021,7,15,13013,Herselt,Normaal,Droog,Dag,met lichtgewonden,9,personenauto,3,Fiets,Buiten Kruispunt,Gemeenteweg,buiten bebouwde kom,Tss. 2 best.: langs opzij (voor-/achterkant-flank),Geen hindernis
25980,88,Westerlo teller 1,Westerlo,51.082,4.91325,0.7440954119628385,51.075480620577856,4.910847599527405,2021,7,15,13013,Herselt,Normaal,Droog,Dag,met lichtgewonden,9,personenauto,3,Fiets,Buiten Kruispunt,Gemeenteweg,buiten bebouwde kom,Tss. 2 best.: langs opzij (voor-/achterkant-flank),Geen hindernis
25984,112,Geel teller 2,Westerlo,51.1354992,4.9394789,0.7818681594963328,51.14148769583348,4.945352147310196,2021,7,13,13008,Geel,Normaal,Droog,Dag,met lichtgewonden,4,Vrachtwagen,3,Fiets,Buiten Kruispunt,Gewestweg,buiten bebouwde kom,Tss. 2 best.: langs opzij (voor-/achterkant-flank),Geen hindernis
25984,127,Geel totem,Westerlo,51.1342966,4.9400421,0.8812688367307052,51.14148769583348,4.945352147310196,2021,7,13,13008,Geel,Normaal,Droog,Dag,met lichtgewonden,4,Vrachtwagen,3,Fiets,Buiten Kruispunt,Gewestweg,buiten bebouwde kom,Tss. 2 best.: langs opzij (voor-/achterkant-flank),Geen hindernis
25998,46,Pelt teller 2,Pelt,51.231,5.44375,0.8687868449090621,51.22824883766835,5.432071960070725,2021,7,9,72043,Pelt,Normaal,Droog,Dag,met lichtgewonden,9,personenauto,3,Fiets,Buiten Kruispunt,Gemeenteweg,binnen bebouwde kom,Tss. 2 best.: langs opzij (voor-/achterkant-flank),Geen hindernis
25998,45,Pelt teller 1,Pelt,51.23127,5.44377,0.8810922401862408,51.22824883766835,5.432071960070725,2021,7,9,72043,Pelt,Normaal,Droog,Dag,met lichtgewonden,9,personenauto,3,Fiets,Buiten Kruispunt,Gemeenteweg,binnen bebouwde kom,Tss. 2 best.: langs opzij (voor-/achterkant-flank),Geen hindernis
26005,39,Peer teller 1,Peer,51.13425,5.47817,0.652834155901889,51.130538269176256,5.470920999816359,2021,7,13,72030,Peer,Normaal,Droog,Dag,met lichtgewonden,9,personenauto,3,Fiets,Buiten Kruispunt,Gemeenteweg,binnen bebouwde kom,Tussen 2 bestuurders: Frontale botsing,Geen hindernis
26005,40,Peer teller 2,Peer,51.13438,5.47892,0.7028607402002399,51.130538269176256,5.470920999816359,2021,7,13,72030,Peer,Normaal,Droog,Dag,met lichtgewonden,9,personenauto,3,Fiets,Buiten Kruispunt,Gemeenteweg,binnen bebouwde kom,Tussen 2 bestuurders: Frontale botsing,Geen hindernis
26014,151,Leuven,District Leuven,50.8690262,4.6854839,0.8343622700727057,50.875773775995825,4.690685413436057,2021,7,9,24062,Leuven,Onbekend,Onbekend,Dag,met lichtgewonden,3,Fiets,3,Fiets,Op Kruispunt,Gemeenteweg,binnen bebouwde kom,Tss. 2 best.: langs opzij (voor-/achterkant-flank),Geen hindernis
26018,77,Leuven teller 2,Leuven,50.88672,4.70796,0.9151706360329506,50.88245552912402,4.696802080292957,2021,7,19,24062,Leuven,Normaal,Droog,Dag,met lichtgewonden,9,personenauto,3,Fiets,Op Kruispunt,Gemeenteweg,binnen bebouwde kom,Tss. 2 best.: langs opzij (voor-/achterkant-flank),Geen hindernis
26018,107,leuven totem,Leuven,50.8870744,4.7087919,0.9855065956144388,50.88245552912402,4.696802080292957,2021,7,19,24062,Leuven,Normaal,Droog,Dag,met lichtgewonden,9,personenauto,3,Fiets,Op Kruispunt,Gemeenteweg,binnen bebouwde kom,Tss. 2 best.: langs opzij (voor-/achterkant-flank),Geen hindernis
26020,77,Leuven teller 2,Leuven,50.88672,4.70796,0.14501615666083992,50.8878382996993,4.706896349730201,2021,7,20,24062,Leuven,Normaal,Droog,Dag,met lichtgewonden,9,personenauto,3,Fiets,Op Kruispunt,Gewestweg,binnen bebouwde kom,Tss. 2 best.: langs opzij (voor-/achterkant-flank),Geen hindernis
26020,107,leuven totem,Leuven,50.8870744,4.7087919,0.15778241620357153,50.8878382996993,4.706896349730201,2021,7,20,24062,Leuven,Normaal,Droog,Dag,met lichtgewonden,9,personenauto,3,Fiets,Op Kruispunt,Gewestweg,binnen bebouwde kom,Tss. 2 best.: langs opzij (voor-/achterkant-flank),Geen hindernis
26023,151,Leuven,District Leuven,50.8690262,4.6854839,0.9341936828522658,50.86513473797085,4.697281648299426,2021,7,15,24062,Leuven,Normaal,Droog,Dag,met lichtgewonden,3,Fiets,3,Fiets,Buiten Kruispunt,Gemeenteweg,binnen bebouwde kom,Tussen 2 bestuurders: Frontale botsing,Geen hindernis
26024,69,Leuven teller 1,Leuven,50.87549,4.71526,0.6351700352546169,50.87844552425834,4.707513122332135,2021,7,23,24062,Leuven,Normaal,Droog,"Nacht, openbare verlichting aanwezig en ontstoken",met lichtgewonden,9,personenauto,3,Fiets,Op Kruispunt,Gemeenteweg,binnen bebouwde kom,Tussen 2 bestuurders: Frontale botsing,Geen hindernis
26024,77,Leuven teller 2,Leuven,50.88672,4.70796,0.9206136759978415,50.87844552425834,4.707513122332135,2021,7,23,24062,Leuven,Normaal,Droog,"Nacht, openbare verlichting aanwezig en ontstoken",met lichtgewonden,9,personenauto,3,Fiets,Op Kruispunt,Gemeenteweg,binnen bebouwde kom,Tussen 2 bestuurders: Frontale botsing,Geen hindernis
26024,107,leuven totem,Leuven,50.8870744,4.7087919,0.9636720428360842,50.87844552425834,4.707513122332135,2021,7,23,24062,Leuven,Normaal,Droog,"Nacht, openbare verlichting aanwezig en ontstoken",met lichtgewonden,9,personenauto,3,Fiets,Op Kruispunt,Gemeenteweg,binnen bebouwde kom,Tussen 2 bestuurders: Frontale botsing,Geen hindernis
26026,77,Leuven teller 2,Leuven,50.88672,4.70796,0.919218889311643,50.879335613786886,4.702069824814758,2021,7,17,24062,Leuven,Normaal,Droog,Dag,met lichtgewonden,3,Fiets,10,"één bestuurder, geen hindernis",Buiten Kruispunt,Gemeenteweg,binnen bebouwde kom,"Eén bestuurder, geen hindernis (incl. val)",Geen hindernis
26026,107,leuven totem,Leuven,50.8870744,4.7087919,0.9812580008487953,50.879335613786886,4.702069824814758,2021,7,17,24062,Leuven,Normaal,Droog,Dag,met lichtgewonden,3,Fiets,10,"één bestuurder, geen hindernis",Buiten Kruispunt,Gemeenteweg,binnen bebouwde kom,"Eén bestuurder, geen hindernis (incl. val)",Geen hindernis
26027,69,Leuven teller 1,Leuven,50.87549,4.71526,0.6338645584681328,50.8798583578301,4.709455730751412,2021,7,20,24062,Leuven,Normaal,Droog,Dag,met lichtgewonden,9,personenauto,3,Fiets,Buiten Kruispunt,Gemeenteweg,binnen bebouwde kom,Tussen 2 bestuurders: Langs achteren,Geen hindernis
26027,77,Leuven teller 2,Leuven,50.88672,4.70796,0.7701613549099483,50.8798583578301,4.709455730751412,2021,7,20,24062,Leuven,Normaal,Droog,Dag,met lichtgewonden,9,personenauto,3,Fiets,Buiten Kruispunt,Gemeenteweg,binnen bebouwde kom,Tussen 2 bestuurders: Langs achteren,Geen hindernis
26027,107,leuven totem,Leuven,50.8870744,4.7087919,0.8037375666235841,50.8798583578301,4.709455730751412,2021,7,20,24062,Leuven,Normaal,Droog,Dag,met lichtgewonden,9,personenauto,3,Fiets,Buiten Kruispunt,Gemeenteweg,binnen bebouwde kom,Tussen 2 bestuurders: Langs achteren,Geen hindernis
26030,151,Leuven,District Leuven,50.8690262,4.6854839,0.4899141500984529,50.87169563218913,4.691038143406855,2021,7,15,24062,Leuven,Normaal,"Nat, plassen",Dag,met lichtgewonden,3,Fiets,9,personenauto,Op Kruispunt,Gewestweg,binnen bebouwde kom,Tss. 2 best.: langs opzij (voor-/achterkant-flank),Geen hindernis
26031,77,Leuven teller 2,Leuven,50.88672,4.70796,0.8296113324355037,50.88723257271122,4.696161283914562,2021,7,14,24062,Leuven,Normaal,Droog,Dag,met zwaargewonden,3,Fiets,1,Autobus,Op Kruispunt,Gemeenteweg,binnen bebouwde kom,Tss. 2 best.: langs opzij (voor-/achterkant-flank),Geen hindernis
26031,107,leuven totem,Leuven,50.8870744,4.7087919,0.8861781205031828,50.88723257271122,4.696161283914562,2021,7,14,24062,Leuven,Normaal,Droog,Dag,met zwaargewonden,3,Fiets,1,Autobus,Op Kruispunt,Gemeenteweg,binnen bebouwde kom,Tss. 2 best.: langs opzij (voor-/achterkant-flank),Geen hindernis
26046,101,Diest teller 1,Diest,50.97799,5.04481,0.358746823579364,50.980430617979124,5.04816140310864,2021,7,12,24020,Diest,Normaal,Droog,Dag,met lichtgewonden,9,personenauto,3,Fiets,Buiten Kruispunt,Gewestweg,buiten bebouwde kom,Tss. 2 best.: langs opzij (voor-/achterkant-flank),Geen hindernis
26046,102,Diest teller 2,Diest,50.9779,5.04474,0.36953344779577624,50.980430617979124,5.04816140310864,2021,7,12,24020,Diest,Normaal,Droog,Dag,met lichtgewonden,9,personenauto,3,Fiets,Buiten Kruispunt,Gewestweg,buiten bebouwde kom,Tss. 2 best.: langs opzij (voor-/achterkant-flank),Geen hindernis
26051,80,Wemmel teller 1,Wemmel,50.91418,4.29571,0.5337204886346066,50.909974603576494,4.299379598875798,2021,7,18,23102,Wemmel,Normaal,Droog,Dag,met lichtgewonden,3,Fiets,5,Lichte vrachtauto,Op Kruispunt,Gemeenteweg,binnen bebouwde kom,Tss. 2 best.: langs opzij (voor-/achterkant-flank),Geen hindernis
26051,81,Wemmel teller 2,Wemmel,50.91439,4.29568,0.5552727833736156,50.909974603576494,4.299379598875798,2021,7,18,23102,Wemmel,Normaal,Droog,Dag,met lichtgewonden,3,Fiets,5,Lichte vrachtauto,Op Kruispunt,Gemeenteweg,binnen bebouwde kom,Tss. 2 best.: langs opzij (voor-/achterkant-flank),Geen hindernis
26058,1,Machelen,Machelen,50.91618331151478,4.456121776137429,0.649166217845214,50.921569767103996,4.452550290775451,2021,7,13,23047,Machelen,Normaal,Droog,Dag,met lichtgewonden,9,personenauto,3,Fiets,Op Kruispunt,Gewestweg,buiten bebouwde kom,Tss. 2 best.: langs opzij (voor-/achterkant-flank),Geen hindernis
26061,70,Kampenhout teller 1,Kampenhout,50.95682,4.59318,0.617853590765878,50.962375433267106,4.593352107180927,2021,7,13,23038,Kampenhout,Normaal,Droog,Dag,met lichtgewonden,9,personenauto,3,Fiets,Op Kruispunt,Gewestweg,buiten bebouwde kom,Tss. 2 best.: langs opzij (voor-/achterkant-flank),Geen hindernis
26061,71,Kampenhout teller 2,Kampenhout,50.95589,4.59164,0.731049086891497,50.962375433267106,4.593352107180927,2021,7,13,23038,Kampenhout,Normaal,Droog,Dag,met lichtgewonden,9,personenauto,3,Fiets,Op Kruispunt,Gewestweg,buiten bebouwde kom,Tss. 2 best.: langs opzij (voor-/achterkant-flank),Geen hindernis
26103,119,Gent teller 2,Gent,51.0281795,3.7683918,0.38126898443332247,51.025866615763945,3.772416417457161,2021,7,11,44040,Melle,Normaal,Droog,Dag,met lichtgewonden,9,personenauto,3,Fiets,Buiten Kruispunt,Gewestweg,buiten bebouwde kom,Tss. 2 best.: langs opzij (voor-/achterkant-flank),Geen hindernis
26103,118,Gent teller 1,Gent,51.028049,3.7681359,0.3853673324534286,51.025866615763945,3.772416417457161,2021,7,11,44040,Melle,Normaal,Droog,Dag,met lichtgewonden,9,personenauto,3,Fiets,Buiten Kruispunt,Gewestweg,buiten bebouwde kom,Tss. 2 best.: langs opzij (voor-/achterkant-flank),Geen hindernis
26163,141,Test site A support,Lokeren,51.08342085,3.9961071208376326,0.7018247023017002,51.08930355707046,3.992466102243007,2021,7,1,46014,Lokeren,Normaal,Droog,"Nacht, openbare verlichting aanwezig en ontstoken",met lichtgewonden,3,Fiets,11,een weggebruiker tegen een hindernis,Buiten Kruispunt,Gemeenteweg,buiten bebouwde kom,Weggebruiker tegen hindernis buiten rijbaan,Buiten de rijbaan: Omheining
26164,128,Lokeren teller 1,Lokeren,51.09644,3.97023,0.43998372455138673,51.09965778649066,3.9738968611697336,2021,7,19,46014,Lokeren,Normaal,Droog,Dag,met lichtgewonden,5,Lichte vrachtauto,3,Fiets,Buiten Kruispunt,Gewestweg,binnen bebouwde kom,Tss. 2 best.: langs opzij (voor-/achterkant-flank),Geen hindernis
26164,129,Lokeren teller 2,Lokeren,51.09612,3.97025,0.4686169411263225,51.09965778649066,3.9738968611697336,2021,7,19,46014,Lokeren,Normaal,Droog,Dag,met lichtgewonden,5,Lichte vrachtauto,3,Fiets,Buiten Kruispunt,Gewestweg,binnen bebouwde kom,Tss. 2 best.: langs opzij (voor-/achterkant-flank),Geen hindernis
26174,125,Dendermonde totem,Dendermonde,51.0372706,4.1025998,0.4495988902270194,51.03325441643791,4.101855840596064,2021,7,12,42006,Dendermonde,Normaal,Droog,Dag,met lichtgewonden,9,personenauto,3,Fiets,Op Kruispunt,Gewestweg,binnen bebouwde kom,Tss. 2 best.: langs opzij (voor-/achterkant-flank),Geen hindernis
26174,122,Dendermonde teller 2,Dendermonde,51.0373918,4.1019222,0.4600794611025146,51.03325441643791,4.101855840596064,2021,7,12,42006,Dendermonde,Normaal,Droog,Dag,met lichtgewonden,9,personenauto,3,Fiets,Op Kruispunt,Gewestweg,binnen bebouwde kom,Tss. 2 best.: langs opzij (voor-/achterkant-flank),Geen hindernis
26192,125,Dendermonde totem,Dendermonde,51.0372706,4.1025998,0.8574532488366242,51.03458397915014,4.114094290116655,2021,7,8,42006,Dendermonde,Normaal,Droog,Dag,met lichtgewonden,9,personenauto,3,Fiets,Buiten Kruispunt,Gewestweg,buiten bebouwde kom,Tussen 2 bestuurders: Flank tegen flank,Geen hindernis
26192,122,Dendermonde teller 2,Dendermonde,51.0373918,4.1019222,0.9065671103353411,51.03458397915014,4.114094290116655,2021,7,8,42006,Dendermonde,Normaal,Droog,Dag,met lichtgewonden,9,personenauto,3,Fiets,Buiten Kruispunt,Gewestweg,buiten bebouwde kom,Tussen 2 bestuurders: Flank tegen flank,Geen hindernis
26203,54,Brugge teller 2,Brugge,51.23015,3.22818,0.7078877013091226,51.22381509812546,3.227173413273317,2021,7,13,31005,Brugge,Normaal,Droog,Dag,Met doden,4,Vrachtwagen,3,Fiets,Op Kruispunt,Gewestweg,binnen bebouwde kom,Tussen 2 bestuurders: Flank tegen flank,Geen hindernis
26203,53,Brugge teller 1,Brugge,51.23023,3.228,0.71562307421255,51.22381509812546,3.227173413273317,2021,7,13,31005,Brugge,Normaal,Droog,Dag,Met doden,4,Vrachtwagen,3,Fiets,Op Kruispunt,Gewestweg,binnen bebouwde kom,Tussen 2 bestuurders: Flank tegen flank,Geen hindernis
26203,52,Brugge,Brugge,51.22632,3.24095,0.9989788146726949,51.22381509812546,3.227173413273317,2021,7,13,31005,Brugge,Normaal,Droog,Dag,Met doden,4,Vrachtwagen,3,Fiets,Op Kruispunt,Gewestweg,binnen bebouwde kom,Tussen 2 bestuurders: Flank tegen flank,Geen hindernis
26203,142,TEST Validatie BRUGGE Y2H22022134,Brugge,51.22632,3.24095,0.9989788146726949,51.22381509812546,3.227173413273317,2021,7,13,31005,Brugge,Normaal,Droog,Dag,Met doden,4,Vrachtwagen,3,Fiets,Op Kruispunt,Gewestweg,binnen bebouwde kom,Tussen 2 bestuurders: Flank tegen flank,Geen hindernis
26230,15,Oostende 2,Oostende,51.21371,2.92743,0.9846677505421125,51.211380445019905,2.913791799674774,2021,7,12,35013,Oostende,Normaal,Droog,Dag,met lichtgewonden,3,Fiets,9,personenauto,Buiten Kruispunt,Gemeenteweg,binnen bebouwde kom,Tussen 2 bestuurders: Flank tegen flank,Geen hindernis
26232,15,Oostende 2,Oostende,51.21371,2.92743,0.793001199620106,51.209292603555696,2.9184925870354563,2021,7,20,35013,Oostende,Normaal,Droog,Dag,met lichtgewonden,3,Fiets,9,personenauto,Op Kruispunt,Gemeenteweg,binnen bebouwde kom,Tss. 2 best.: langs opzij (voor-/achterkant-flank),Geen hindernis
26232,18,Oostende 1,Oostende,51.21378,2.92765,0.8098600829846692,51.209292603555696,2.9184925870354563,2021,7,20,35013,Oostende,Normaal,Droog,Dag,met lichtgewonden,3,Fiets,9,personenauto,Op Kruispunt,Gemeenteweg,binnen bebouwde kom,Tss. 2 best.: langs opzij (voor-/achterkant-flank),Geen hindernis
26260,61,Wervik teller 2,Wervik,50.80555,3.0921,0.845233049995783,50.80199781190755,3.102733781795402,2021,7,17,34027,Menen,Normaal,Droog,Dag,met lichtgewonden,9,personenauto,3,Fiets,Op Kruispunt,Gewestweg,binnen bebouwde kom,Tss. 2 best.: langs opzij (voor-/achterkant-flank),Geen hindernis
26260,62,Wervik teller 1,Wervik,50.8058,3.09154,0.8930347629456339,50.80199781190755,3.102733781795402,2021,7,17,34027,Menen,Normaal,Droog,Dag,met lichtgewonden,9,personenauto,3,Fiets,Op Kruispunt,Gewestweg,binnen bebouwde kom,Tss. 2 best.: langs opzij (voor-/achterkant-flank),Geen hindernis
26278,66,Nieuwpoort totem,Nieuwpoort,51.1347,2.74369,0.2479931744600429,51.133193493220645,2.7463107577468704,2021,7,10,38016,Nieuwpoort,Normaal,Droog,Dag,met lichtgewonden,9,personenauto,3,Fiets,Op Kruispunt,Gewestweg,binnen bebouwde kom,Tss. 2 best.: langs opzij (voor-/achterkant-flank),Geen hindernis
26278,63,Nieuwpoort teller 3,Nieuwpoort,51.13529,2.74289,0.33363816146418956,51.133193493220645,2.7463107577468704,2021,7,10,38016,Nieuwpoort,Normaal,Droog,Dag,met lichtgewonden,9,personenauto,3,Fiets,Op Kruispunt,Gewestweg,binnen bebouwde kom,Tss. 2 best.: langs opzij (voor-/achterkant-flank),Geen hindernis
26278,65,Nieuwpoort teller 2,Nieuwpoort,51.13435,2.75511,0.6272926735335759,51.133193493220645,2.7463107577468704,2021,7,10,38016,Nieuwpoort,Normaal,Droog,Dag,met lichtgewonden,9,personenauto,3,Fiets,Op Kruispunt,Gewestweg,binnen bebouwde kom,Tss. 2 best.: langs opzij (voor-/achterkant-flank),Geen hindernis
26278,64,Nieuwpoort teller 1,Nieuwpoort,51.13359,2.75737,0.7729266598075841,51.133193493220645,2.7463107577468704,2021,7,10,38016,Nieuwpoort,Normaal,Droog,Dag,met lichtgewonden,9,personenauto,3,Fiets,Op Kruispunt,Gewestweg,binnen bebouwde kom,Tss. 2 best.: langs opzij (voor-/achterkant-flank),Geen hindernis
26291,41,Maasmechelen teller 1,Maasmechelen,50.97025,5.69799,0.8498013503145648,50.96513864195786,5.688968067244299,2021,7,17,73107,Maasmechelen,Normaal,Droog,Dag,met zwaargewonden,3,Fiets,8,Voetganger,Buiten Kruispunt,Gemeenteweg,binnen bebouwde kom,Met een voetganger,Geen hindernis
26291,42,Maasmechelen teller 2,Maasmechelen,50.97043,5.6981,0.8689677644360978,50.96513864195786,5.688968067244299,2021,7,17,73107,Maasmechelen,Normaal,Droog,Dag,met zwaargewonden,3,Fiets,8,Voetganger,Buiten Kruispunt,Gemeenteweg,binnen bebouwde kom,Met een voetganger,Geen hindernis
26306,140,Hasselt ring,Hasselt,50.9300038,5.3438616,0.6924988263309806,50.93246385365209,5.334783777434994,2021,7,23,71022,Hasselt,Normaal,Droog,"Nacht, openbare verlichting aanwezig en ontstoken",met lichtgewonden,3,Fiets,11,een weggebruiker tegen een hindernis,Buiten Kruispunt,Gemeenteweg,binnen bebouwde kom,Weggebruiker tegen hindernis op de rijbaan,"Op de rijbaan: Werken (signal., aarde, toestel,…)"
26312,140,Hasselt ring,Hasselt,50.9300038,5.3438616,0.3540932699710075,50.927039452872954,5.345707273712453,2021,7,15,71022,Hasselt,Regenval,"Nat, plassen",Dag,met lichtgewonden,3,Fiets,9,personenauto,Buiten Kruispunt,Gemeenteweg,binnen bebouwde kom,Tss. 2 best.: langs opzij (voor-/achterkant-flank),Geen hindernis
26313,140,Hasselt ring,Hasselt,50.9300038,5.3438616,0.8588712306035308,50.93007256152795,5.331606975209127,2021,7,11,71022,Hasselt,Normaal,Droog,Dag,met lichtgewonden,3,Fiets,8,Voetganger,Buiten Kruispunt,Gemeenteweg,binnen bebouwde kom,Met een voetganger,Geen hindernis
26322,14,Genk,Genk,50.97172,5.48927,0.953924781587738,50.97984428277607,5.493646233145596,2021,7,23,71016,Genk,Normaal,"Nat, plassen","Nacht, openbare verlichting aanwezig en ontstoken",met lichtgewonden,9,personenauto,3,Fiets,Op Kruispunt,Gewestweg,buiten bebouwde kom,Tss. 2 best.: langs opzij (voor-/achterkant-flank),Geen hindernis
26419,2,Brasschaat 2,Brasschaat,51.27512,4.47169,0.9654520805374778,51.2680015628279,4.463743902084838,2021,8,16,11040,Schoten,Onbekend,Onbekend,Dag,met lichtgewonden,3,Fiets,2,Andere weggebruiker,Buiten Kruispunt,Gewestweg,buiten bebouwde kom,Tss. 2 best.: langs opzij (voor-/achterkant-flank),Geen hindernis
26419,3,Brasschaat 1,Brasschaat,51.27503,4.47222,0.9790190144291044,51.2680015628279,4.463743902084838,2021,8,16,11040,Schoten,Onbekend,Onbekend,Dag,met lichtgewonden,3,Fiets,2,Andere weggebruiker,Buiten Kruispunt,Gewestweg,buiten bebouwde kom,Tss. 2 best.: langs opzij (voor-/achterkant-flank),Geen hindernis
26445,9,Heist op den Berg 2,Heist-op-den-Berg,51.06904,4.69524,0.943015559622907,51.07500694412851,4.704831082461236,2021,8,10,12014,Heist-op-den-Berg,Normaal,Droog,Dag,met lichtgewonden,5,Lichte vrachtauto,3,Fiets,Op Kruispunt,Gemeenteweg,binnen bebouwde kom,Tussen 2 bestuurders: Langs achteren,Geen hindernis
26477,94,Herentals teller 2,Herentals,51.17345,4.81283,0.9343520127707503,51.17588771968609,4.8256563513891395,2021,8,17,13011,Herentals,Onbekend,Onbekend,Onbekend,met lichtgewonden,3,Fiets,5,Lichte vrachtauto,Buiten Kruispunt,Gewestweg,onbekend,Tss. 2 best.: langs opzij (voor-/achterkant-flank),Geen hindernis
26477,110,Herentals totem,Herentals,51.1739426,4.811783,0.9910437492132754,51.17588771968609,4.8256563513891395,2021,8,17,13011,Herentals,Onbekend,Onbekend,Onbekend,met lichtgewonden,3,Fiets,5,Lichte vrachtauto,Buiten Kruispunt,Gewestweg,onbekend,Tss. 2 best.: langs opzij (voor-/achterkant-flank),Geen hindernis
26502,151,Leuven,District Leuven,50.8690262,4.6854839,0.8107817315829772,50.87630453422317,4.686178878440356,2021,8,15,24062,Leuven,Normaal,Droog,Dag,met lichtgewonden,3,Fiets,10,"één bestuurder, geen hindernis",Buiten Kruispunt,Gemeenteweg,binnen bebouwde kom,"Eén bestuurder, geen hindernis (incl. val)",Geen hindernis
26503,69,Leuven teller 1,Leuven,50.87549,4.71526,0.4077635584483785,50.874556886353425,4.7096398374153985,2021,8,1,24062,Leuven,Normaal,Droog,"Nacht, openbare verlichting aanwezig en ontstoken",met lichtgewonden,3,Fiets,10,"één bestuurder, geen hindernis",Buiten Kruispunt,Gemeenteweg,binnen bebouwde kom,"Eén bestuurder, geen hindernis (incl. val)",Geen hindernis
26506,69,Leuven teller 1,Leuven,50.87549,4.71526,0.6701844586430746,50.88148765200323,4.714316677946292,2021,8,16,24062,Leuven,Normaal,Droog,Dag,met lichtgewonden,3,Fiets,10,"één bestuurder, geen hindernis",Op Kruispunt,Gewestweg,binnen bebouwde kom,"Eén bestuurder, geen hindernis (incl. val)",Geen hindernis
26506,107,leuven totem,Leuven,50.8870744,4.7087919,0.7322048909098436,50.88148765200323,4.714316677946292,2021,8,16,24062,Leuven,Normaal,Droog,Dag,met lichtgewonden,3,Fiets,10,"één bestuurder, geen hindernis",Op Kruispunt,Gewestweg,binnen bebouwde kom,"Eén bestuurder, geen hindernis (incl. val)",Geen hindernis
26506,77,Leuven teller 2,Leuven,50.88672,4.70796,0.7330482412597509,50.88148765200323,4.714316677946292,2021,8,16,24062,Leuven,Normaal,Droog,Dag,met lichtgewonden,3,Fiets,10,"één bestuurder, geen hindernis",Op Kruispunt,Gewestweg,binnen bebouwde kom,"Eén bestuurder, geen hindernis (incl. val)",Geen hindernis
26509,77,Leuven teller 2,Leuven,50.88672,4.70796,0.24809516870144685,50.888620423393796,4.706106947222132,2021,8,15,24062,Leuven,Normaal,"Nat, plassen",Dag,met lichtgewonden,3,Fiets,10,"één bestuurder, geen hindernis",Buiten Kruispunt,Gemeenteweg,binnen bebouwde kom,"Eén bestuurder, geen hindernis (incl. val)",Geen hindernis
26509,107,leuven totem,Leuven,50.8870744,4.7087919,0.2549995154333812,50.888620423393796,4.706106947222132,2021,8,15,24062,Leuven,Normaal,"Nat, plassen",Dag,met lichtgewonden,3,Fiets,10,"één bestuurder, geen hindernis",Buiten Kruispunt,Gemeenteweg,binnen bebouwde kom,"Eén bestuurder, geen hindernis (incl. val)",Geen hindernis
26512,77,Leuven teller 2,Leuven,50.88672,4.70796,0.8242744500481826,50.87956068585276,4.704913207099434,2021,8,14,24062,Leuven,Regenval,"Nat, plassen",Dag,met lichtgewonden,3,Fiets,8,Voetganger,Buiten Kruispunt,Gemeenteweg,binnen bebouwde kom,Met een voetganger,Geen hindernis
26512,69,Leuven teller 1,Leuven,50.87549,4.71526,0.8555029888427877,50.87956068585276,4.704913207099434,2021,8,14,24062,Leuven,Regenval,"Nat, plassen",Dag,met lichtgewonden,3,Fiets,8,Voetganger,Buiten Kruispunt,Gemeenteweg,binnen bebouwde kom,Met een voetganger,Geen hindernis