crash_row_id,site_id,site_name,site_gemeente,site_lat,site_long,distance_km,crash_lat,crash_long,DT_YEAR_COLLISION,DT_MONTH_COLLISION,DT_TIME,CD_NIS,TX_MUNTY_COLLISION_NL,TX_WEATHER_NL,TX_ROAD_CONDITION_NL,TX_LIGHT_CONDITION_NL,TX_CLASS_ACCIDENTS_NL,CD_ROAD_USR_TYPE1,TX_ROAD_USR_TYPE1_NL,CD_ROAD_USR_TYPE2,TX_ROAD_USR_TYPE2_NL,TX_CROSSWAY_NL,CD_ROAD_TYPE_NL,TX_BUILD_UP_AREA_NL,TX_COLLISION_TYPE_NL,TX_OBSTACLES_NL
27501,139,Houthalen-Helchteren,Houthalen-Helchteren,51.0644267,5.3819796,0.9336306471813871,51.05611507531995,5.380086641029252,2021,9,16,72039,Houthalen-Helchteren,Normaal,Droog,Dag,met lichtgewonden,3,Fiets,10,"één bestuurder, geen hindernis",Op Kruispunt,Gewestweg,binnen bebouwde kom,"Eén bestuurder, geen hindernis (incl. val)",Geen hindernis
27507,23,Tienen 3,Tienen,50.81324,4.93447,0.7719889134195592,50.806430988151845,4.932324549409189,2021,9,15,24107,Tienen,Normaal,Droog,Dag,met zwaargewonden,9,personenauto,3,Fiets,Op Kruispunt,Gemeenteweg,binnen bebouwde kom,Tss. 2 best.: langs opzij (voor-/achterkant-flank),Geen hindernis
27507,24,Tienen 1,Tienen,50.8133795491886,4.935044252605416,0.7959256069162516,50.806430988151845,4.932324549409189,2021,9,15,24107,Tienen,Normaal,Droog,Dag,met zwaargewonden,9,personenauto,3,Fiets,Op Kruispunt,Gemeenteweg,binnen bebouwde kom,Tss. 2 best.: langs opzij (voor-/achterkant-flank),Geen hindernis
27507,22,Tienen 2,Tienen,50.81330800184882,4.935984252796022,0.8067665928508293,50.806430988151845,4.932324549409189,2021,9,15,24107,Tienen,Normaal,Droog,Dag,met zwaargewonden,9,personenauto,3,Fiets,Op Kruispunt,Gemeenteweg,binnen bebouwde kom,Tss. 2 best.: langs opzij (voor-/achterkant-flank),Geen hindernis
27508,22,Tienen 2,Tienen,50.81330800184882,4.935984252796022,0.8048609334394271,50.80708958082923,4.941846968694563,2021,9,10,24107,Tienen,Normaal,Droog,Dag,met lichtgewonden,9,personenauto,3,Fiets,Op Kruispunt,Gemeenteweg,binnen bebouwde kom,Tss. 2 best.: langs opzij (voor-/achterkant-flank),Geen hindernis
27508,24,Tienen 1,Tienen,50.8133795491886,4.935044252605416,0.8471378148717992,50.80708958082923,4.941846968694563,2021,9,10,24107,Tienen,Normaal,Droog,Dag,met lichtgewonden,9,personenauto,3,Fiets,Op Kruispunt,Gemeenteweg,binnen bebouwde kom,Tss. 2 best.: langs opzij (voor-/achterkant-flank),Geen hindernis
27508,23,Tienen 3,Tienen,50.81324,4.93447,0.8581247251157593,50.80708958082923,4.941846968694563,2021,9,10,24107,Tienen,Normaal,Droog,Dag,met lichtgewonden,9,personenauto,3,Fiets,Op Kruispunt,Gemeenteweg,binnen bebouwde kom,Tss. 2 best.: langs opzij (voor-/achterkant-flank),Geen hindernis
27515,13,Gent,Gent,51.03018,3.70146,0.955330246423234,51.03617474705005,3.7112464499029554,2021,10,7,44021,Gent,Normaal,Proper,Dag,met lichtgewonden,3,Fiets,8,Voetganger,Buiten Kruispunt,Gewestweg,binnen bebouwde kom,Met een voetganger,Geen hindernis
27660,2,Brasschaat 2,Brasschaat,51.27512,4.47169,0.9883290940155401,51.27103454953798,4.459072410200773,2021,10,20,11008,Brasschaat,Normaal,Droog,"Nacht, geen openbare verlichting aanwezig",met lichtgewonden,3,Fiets,6,Bromfiets,Buiten Kruispunt,Gewestweg,buiten bebouwde kom,Tussen 2 bestuurders: Flank tegen flank,Geen hindernis
27691,127,Geel totem,Westerlo,51.1342966,4.9400421,0.7726212068589162,51.12910661985638,4.932680056432457,2021,10,22,13049,Westerlo,Normaal,Onbekend,"Nacht, openbare verlichting aanwezig en ontstoken",met lichtgewonden,6,Bromfiets,3,Fiets,Buiten Kruispunt,Gemeenteweg,binnen bebouwde kom,Tussen 2 bestuurders: Frontale botsing,Geen hindernis
27691,112,Geel teller 2,Westerlo,51.1354992,4.9394789,0.8545934599505882,51.12910661985638,4.932680056432457,2021,10,22,13049,Westerlo,Normaal,Onbekend,"Nacht, openbare verlichting aanwezig en ontstoken",met lichtgewonden,6,Bromfiets,3,Fiets,Buiten Kruispunt,Gemeenteweg,binnen bebouwde kom,Tussen 2 bestuurders: Frontale botsing,Geen hindernis
27698,98,Geel teller 2,Geel,51.1481,4.99643,0.7591084945981028,51.15472861092497,4.993826441424207,2021,10,15,13008,Geel,Normaal,Droog,Dag,met lichtgewonden,4,Vrachtwagen,3,Fiets,Buiten Kruispunt,Gewestweg,binnen bebouwde kom,Tussen 2 bestuurders: Flank tegen flank,Geen hindernis
27698,97,Geel teller 1,Geel,51.14813,4.99698,0.7659918450689294,51.15472861092497,4.993826441424207,2021,10,15,13008,Geel,Normaal,Droog,Dag,met lichtgewonden,4,Vrachtwagen,3,Fiets,Buiten Kruispunt,Gewestweg,binnen bebouwde kom,Tussen 2 bestuurders: Flank tegen flank,Geen hindernis
27726,46,Pelt teller 2,Pelt,51.231,5.44375,0.216300331598738,51.22984294854562,5.441252826232637,2021,10,16,72043,Pelt,Normaal,Onbekend,Dag,met lichtgewonden,5,Lichte vrachtauto,3,Fiets,Op Kruispunt,Gewestweg,binnen bebouwde kom,Tss. 2 best.: langs opzij (voor-/achterkant-flank),Geen hindernis
27726,45,Pelt teller 1,Pelt,51.23127,5.44377,0.2364287264822491,51.22984294854562,5.441252826232637,2021,10,16,72043,Pelt,Normaal,Onbekend,Dag,met lichtgewonden,5,Lichte vrachtauto,3,Fiets,Op Kruispunt,Gewestweg,binnen bebouwde kom,Tss. 2 best.: langs opzij (voor-/achterkant-flank),Geen hindernis
27743,44,Maaseik teller 2,Maaseik,51.09359,5.79726,0.24540868094698182,51.09521852024847,5.7948882150623096,2021,10,17,72021,Maaseik,Normaal,Droog,Dag,met lichtgewonden,3,Fiets,3,Fiets,Op Kruispunt,Gemeenteweg,binnen bebouwde kom,Tussen 2 bestuurders: Frontale botsing,Geen hindernis
27743,43,Maaseik teller 1,Maaseik,51.09344,5.79715,0.25309808643813975,51.09521852024847,5.7948882150623096,2021,10,17,72021,Maaseik,Normaal,Droog,Dag,met lichtgewonden,3,Fiets,3,Fiets,Op Kruispunt,Gemeenteweg,binnen bebouwde kom,Tussen 2 bestuurders: Frontale botsing,Geen hindernis
27745,107,leuven totem,Leuven,50.8870744,4.7087919,0.5118239072464598,50.883937814215,4.71413183321519,2021,10,4,24062,Leuven,Regenval,"Nat, plassen","Nacht, openbare verlichting aanwezig en ontstoken",met lichtgewonden,3,Fiets,10,"één bestuurder, geen hindernis",Buiten Kruispunt,Gemeenteweg,binnen bebouwde kom,"Eén bestuurder, geen hindernis (incl. val)",Geen hindernis
27745,77,Leuven teller 2,Leuven,50.88672,4.70796,0.5321241914993756,50.883937814215,4.71413183321519,2021,10,4,24062,Leuven,Regenval,"Nat, plassen","Nacht, openbare verlichting aanwezig en ontstoken",met lichtgewonden,3,Fiets,10,"één bestuurder, geen hindernis",Buiten Kruispunt,Gemeenteweg,binnen bebouwde kom,"Eén bestuurder, geen hindernis (incl. val)",Geen hindernis
27745,69,Leuven teller 1,Leuven,50.87549,4.71526,0.9426828156271001,50.883937814215,4.71413183321519,2021,10,4,24062,Leuven,Regenval,"Nat, plassen","Nacht, openbare verlichting aanwezig en ontstoken",met lichtgewonden,3,Fiets,10,"één bestuurder, geen hindernis",Buiten Kruispunt,Gemeenteweg,binnen bebouwde kom,"Eén bestuurder, geen hindernis (incl. val)",Geen hindernis
27746,69,Leuven teller 1,Leuven,50.87549,4.71526,0.5125070602547904,50.875837115371894,4.7079763896095645,2021,10,9,24062,Leuven,Regenval,"Nat, plassen",Dag,met lichtgewonden,3,Fiets,10,"één bestuurder, geen hindernis",Buiten Kruispunt,Gemeenteweg,binnen bebouwde kom,"Eén bestuurder, geen hindernis (incl. val)",Geen hindernis
27749,151,Leuven,District Leuven,50.8690262,4.6854839,0.8073153958624135,50.866081919414256,4.695999524686694,2021,10,17,24062,Leuven,Normaal,Droog,Dag,met lichtgewonden,9,personenauto,3,Fiets,Op Kruispunt,Gewestweg,buiten bebouwde kom,Tss. 2 best.: langs opzij (voor-/achterkant-flank),Geen hindernis
27751,151,Leuven,District Leuven,50.8690262,4.6854839,0.6442428734980689,50.87240533338103,4.692941606536725,2021,10,16,24062,Leuven,Normaal,Droog,Dag,met lichtgewonden,3,Fiets,10,"één bestuurder, geen hindernis",Op Kruispunt,Gemeenteweg,binnen bebouwde kom,"Eén bestuurder, geen hindernis (incl. val)",Geen hindernis
27753,151,Leuven,District Leuven,50.8690262,4.6854839,0.8218645030426553,50.86599864402464,4.696167655450931,2021,10,15,24062,Leuven,Normaal,Proper,Dag,met lichtgewonden,1,Autobus,3,Fiets,Op Kruispunt,Gewestweg,binnen bebouwde kom,Tss. 2 best.: langs opzij (voor-/achterkant-flank),Geen hindernis
27756,151,Leuven,District Leuven,50.8690262,4.6854839,0.8343622700727057,50.875773775995825,4.690685413436057,2021,10,15,24062,Leuven,Regenval,"Nat, plassen",Dag,met lichtgewonden,3,Fiets,10,"één bestuurder, geen hindernis",Op Kruispunt,Gemeenteweg,binnen bebouwde kom,"Eén bestuurder, geen hindernis (incl. val)",Geen hindernis
27757,77,Leuven teller 2,Leuven,50.88672,4.70796,0.4162735533804539,50.88846994722535,4.702713919076879,2021,10,22,24062,Leuven,Normaal,Droog,"Nacht, openbare verlichting aanwezig en ontstoken",met lichtgewonden,3,Fiets,10,"één bestuurder, geen hindernis",Buiten Kruispunt,Gemeenteweg,binnen bebouwde kom,"Eén bestuurder, geen hindernis (incl. val)",Geen hindernis
27757,107,leuven totem,Leuven,50.8870744,4.7087919,0.4537102434108182,50.88846994722535,4.702713919076879,2021,10,22,24062,Leuven,Normaal,Droog,"Nacht, openbare verlichting aanwezig en ontstoken",met lichtgewonden,3,Fiets,10,"één bestuurder, geen hindernis",Buiten Kruispunt,Gemeenteweg,binnen bebouwde kom,"Eén bestuurder, geen hindernis (incl. val)",Geen hindernis
27758,151,Leuven,District Leuven,50.8690262,4.6854839,0.8724460841960663,50.86896234062622,4.697915986901162,2021,10,22,24062,Leuven,Normaal,Droog,"Nacht, openbare verlichting aanwezig en ontstoken",met lichtgewonden,3,Fiets,3,Fiets,Buiten Kruispunt,Gewestweg,binnen bebouwde kom,Tussen 2 bestuurders: Frontale botsing,Geen hindernis
27761,76,Heverlee teller 2,Leuven,50.84606,4.69597,0.7780402892026168,50.842405336343724,4.705419638746427,2021,10,8,24062,Leuven,Normaal,Droog,Dag,met lichtgewonden,3,Fiets,10,"één bestuurder, geen hindernis",Op Kruispunt,Gemeenteweg,buiten bebouwde kom,"Eén bestuurder, geen hindernis (incl. val)",Geen hindernis
27761,108,Heverlee teller 1,Leuven,50.8471728,4.6954674,0.877089880171537,50.842405336343724,4.705419638746427,2021,10,8,24062,Leuven,Normaal,Droog,Dag,met lichtgewonden,3,Fiets,10,"één bestuurder, geen hindernis",Op Kruispunt,Gemeenteweg,buiten bebouwde kom,"Eén bestuurder, geen hindernis (incl. val)",Geen hindernis
27764,69,Leuven teller 1,Leuven,50.87549,4.71526,0.48019933024136685,50.875690824153814,4.708423516915582,2021,10,20,24062,Leuven,Normaal,Onbekend,"Nacht, openbare verlichting aanwezig en ontstoken",met lichtgewonden,3,Fiets,10,"één bestuurder, geen hindernis",Op Kruispunt,Gemeenteweg,binnen bebouwde kom,"Eén bestuurder, geen hindernis (incl. val)",Geen hindernis
27767,69,Leuven teller 1,Leuven,50.87549,4.71526,0.48019933024136685,50.875690824153814,4.708423516915582,2021,10,12,24062,Leuven,Normaal,Droog,Dag,met lichtgewonden,3,Fiets,3,Fiets,Op Kruispunt,Gemeenteweg,binnen bebouwde kom,Tss. 2 best.: langs opzij (voor-/achterkant-flank),Geen hindernis
27768,69,Leuven teller 1,Leuven,50.87549,4.71526,0.43275035240485155,50.87907139017106,4.71284612125216,2021,10,7,24062,Leuven,Normaal,Droog,Dag,met lichtgewonden,3,Fiets,9,personenauto,Op Kruispunt,Gemeenteweg,binnen bebouwde kom,Tss. 2 best.: langs opzij (voor-/achterkant-flank),Geen hindernis
27768,77,Leuven teller 2,Leuven,50.88672,4.70796,0.9169652508393661,50.87907139017106,4.71284612125216,2021,10,7,24062,Leuven,Normaal,Droog,Dag,met lichtgewonden,3,Fiets,9,personenauto,Op Kruispunt,Gemeenteweg,binnen bebouwde kom,Tss. 2 best.: langs opzij (voor-/achterkant-flank),Geen hindernis
27768,107,leuven totem,Leuven,50.8870744,4.7087919,0.9342402510140166,50.87907139017106,4.71284612125216,2021,10,7,24062,Leuven,Normaal,Droog,Dag,met lichtgewonden,3,Fiets,9,personenauto,Op Kruispunt,Gemeenteweg,binnen bebouwde kom,Tss. 2 best.: langs opzij (voor-/achterkant-flank),Geen hindernis
27769,69,Leuven teller 1,Leuven,50.87549,4.71526,0.8692908352906572,50.88263875034744,4.7202748926445866,2021,10,2,24062,Leuven,Normaal,Droog,"Nacht, openbare verlichting aanwezig en ontstoken",met zwaargewonden,3,Fiets,3,Fiets,Op Kruispunt,Gemeenteweg,binnen bebouwde kom,Tussen 2 bestuurders: Langs achteren,Geen hindernis
27769,107,leuven totem,Leuven,50.8870744,4.7087919,0.9445439872206687,50.88263875034744,4.7202748926445866,2021,10,2,24062,Leuven,Normaal,Droog,"Nacht, openbare verlichting aanwezig en ontstoken",met zwaargewonden,3,Fiets,3,Fiets,Op Kruispunt,Gemeenteweg,binnen bebouwde kom,Tussen 2 bestuurders: Langs achteren,Geen hindernis
27769,77,Leuven teller 2,Leuven,50.88672,4.70796,0.9758455635469884,50.88263875034744,4.7202748926445866,2021,10,2,24062,Leuven,Normaal,Droog,"Nacht, openbare verlichting aanwezig en ontstoken",met zwaargewonden,3,Fiets,3,Fiets,Op Kruispunt,Gemeenteweg,binnen bebouwde kom,Tussen 2 bestuurders: Langs achteren,Geen hindernis
27770,69,Leuven teller 1,Leuven,50.87549,4.71526,0.7990041913429328,50.881590633861045,4.721277367553482,2021,10,20,24062,Leuven,Onbekend,Onbekend,Onbekend,met lichtgewonden,3,Fiets,9,personenauto,Op Kruispunt,Gemeenteweg,binnen bebouwde kom,Tussen 2 bestuurders: Flank tegen flank,Geen hindernis
27773,77,Leuven teller 2,Leuven,50.88672,4.70796,0.7936363712007705,50.880777387874225,4.701694142144172,2021,10,1,24062,Leuven,Normaal,Proper,"Nacht, openbare verlichting aanwezig en ontstoken",met lichtgewonden,3,Fiets,10,"één bestuurder, geen hindernis",Buiten Kruispunt,Gemeenteweg,binnen bebouwde kom,"Eén bestuurder, geen hindernis (incl. val)",Geen hindernis
27773,107,leuven totem,Leuven,50.8870744,4.7087919,0.8591865290284325,50.880777387874225,4.701694142144172,2021,10,1,24062,Leuven,Normaal,Proper,"Nacht, openbare verlichting aanwezig en ontstoken",met lichtgewonden,3,Fiets,10,"één bestuurder, geen hindernis",Buiten Kruispunt,Gemeenteweg,binnen bebouwde kom,"Eén bestuurder, geen hindernis (incl. val)",Geen hindernis
27774,69,Leuven teller 1,Leuven,50.87549,4.71526,0.611965345626009,50.87476616674263,4.723905990409517,2021,10,17,24062,Leuven,Normaal,Droog,Dag,met lichtgewonden,9,personenauto,3,Fiets,Buiten Kruispunt,Gemeenteweg,binnen bebouwde kom,Tussen 2 bestuurders: Langs achteren,Geen hindernis
27776,69,Leuven teller 1,Leuven,50.87549,4.71526,0.3639965831622826,50.87504703467684,4.710120006972443,2021,10,20,24062,Leuven,Normaal,Droog,"Nacht, openbare verlichting aanwezig en ontstoken",met lichtgewonden,3,Fiets,10,"één bestuurder, geen hindernis",Buiten Kruispunt,Gemeenteweg,binnen bebouwde kom,"Eén bestuurder, geen hindernis (incl. val)",Geen hindernis
27777,151,Leuven,District Leuven,50.8690262,4.6854839,0.7499124217187737,50.86699820376823,4.695675461917666,2021,10,12,24062,Leuven,Normaal,Droog,Dag,met lichtgewonden,3,Fiets,9,personenauto,Buiten Kruispunt,Gemeenteweg,buiten bebouwde kom,Tss. 2 best.: langs opzij (voor-/achterkant-flank),Geen hindernis
27779,69,Leuven teller 1,Leuven,50.87549,4.71526,0.8800763005984791,50.86905564008467,4.707956509643332,2021,10,15,24062,Leuven,Normaal,Droog,Dag,met lichtgewonden,5,Lichte vrachtauto,3,Fiets,Op Kruispunt,Gewestweg,binnen bebouwde kom,Tss. 2 best.: langs opzij (voor-/achterkant-flank),Geen hindernis
27781,77,Leuven teller 2,Leuven,50.88672,4.70796,0.34162397406495937,50.888689259237246,4.704221847946021,2021,10,15,24062,Leuven,Regenval,"Nat, plassen",Dag,met lichtgewonden,9,personenauto,3,Fiets,Buiten Kruispunt,Gemeenteweg,binnen bebouwde kom,Tussen 2 bestuurders: Flank tegen flank,Geen hindernis
27781,107,leuven totem,Leuven,50.8870744,4.7087919,0.36743646236991573,50.888689259237246,4.704221847946021,2021,10,15,24062,Leuven,Regenval,"Nat, plassen",Dag,met lichtgewonden,9,personenauto,3,Fiets,Buiten Kruispunt,Gemeenteweg,binnen bebouwde kom,Tussen 2 bestuurders: Flank tegen flank,Geen hindernis
27782,151,Leuven,District Leuven,50.8690262,4.6854839,0.9845139607059139,50.87287058443601,4.698122420041731,2021,10,9,24062,Leuven,Normaal,"Nat, plassen",Dag,met lichtgewonden,3,Fiets,10,"één bestuurder, geen hindernis",Op Kruispunt,Gemeenteweg,binnen bebouwde kom,"Eén bestuurder, geen hindernis (incl. val)",Geen hindernis
27833,118,Gent teller 1,Gent,51.028049,3.7681359,0.9902496906531882,51.0334932494775,3.7569297262439676,2021,10,17,44021,Gent,Normaal,Droog,Dag,met lichtgewonden,99,onbekend,3,Fiets,Buiten Kruispunt,Gewestweg,buiten bebouwde kom,Tussen 2 bestuurders: Frontale botsing,Geen hindernis
27833,119,Gent teller 2,Gent,51.0281795,3.7683918,0.9957921139352252,51.0334932494775,3.7569297262439676,2021,10,17,44021,Gent,Normaal,Droog,Dag,met lichtgewonden,99,onbekend,3,Fiets,Buiten Kruispunt,Gewestweg,buiten bebouwde kom,Tussen 2 bestuurders: Frontale botsing,Geen hindernis
27873,119,Gent teller 2,Gent,51.0281795,3.7683918,0.5372396503003236,51.025651610953396,3.774938270595422,2021,10,16,44040,Melle,Normaal,Droog,Dag,met lichtgewonden,8,Voetganger,3,Fiets,Buiten Kruispunt,Gewestweg,binnen bebouwde kom,Met een voetganger,Geen hindernis
27873,118,Gent teller 1,Gent,51.028049,3.7681359,0.5453328223651993,51.025651610953396,3.774938270595422,2021,10,16,44040,Melle,Normaal,Droog,Dag,met lichtgewonden,8,Voetganger,3,Fiets,Buiten Kruispunt,Gewestweg,binnen bebouwde kom,Met een voetganger,Geen hindernis
27878,116,Melle teller 2,Melle,50.9986113,3.8040599,0.39559464238376413,51.00212454919715,3.8031693600892575,2021,10,8,44040,Melle,Normaal,"Nat, plassen",Dag,met zwaargewonden,3,Fiets,10,"één bestuurder, geen hindernis",Buiten Kruispunt,Gewestweg,binnen bebouwde kom,"Eén bestuurder, geen hindernis (incl. val)",Geen hindernis
27878,117,Melle teller 1,Melle,50.9986113,3.8040599,0.39559464238376413,51.00212454919715,3.8031693600892575,2021,10,8,44040,Melle,Normaal,"Nat, plassen",Dag,met zwaargewonden,3,Fiets,10,"één bestuurder, geen hindernis",Buiten Kruispunt,Gewestweg,binnen bebouwde kom,"Eén bestuurder, geen hindernis (incl. val)",Geen hindernis
27929,126,Hamme totem,Hamme,51.1017709,4.1469307,0.8772611124081787,51.0939429377459,4.145365936465147,2021,10,3,42008,Hamme,Normaal,Droog,"Nacht, openbare verlichting aanwezig en ontstoken",met lichtgewonden,2,Andere weggebruiker,3,Fiets,Op Kruispunt,Gemeenteweg,binnen bebouwde kom,Tss. 2 best.: langs opzij (voor-/achterkant-flank),Geen hindernis
27932,126,Hamme totem,Hamme,51.1017709,4.1469307,0.667896770902944,51.099345400708664,4.138180014308043,2021,10,16,42008,Hamme,Normaal,Proper,Dag,met lichtgewonden,3,Fiets,11,een weggebruiker tegen een hindernis,Buiten Kruispunt,Gemeenteweg,binnen bebouwde kom,Weggebruiker tegen hindernis buiten rijbaan,Buiten de rijbaan: Omheining
27940,152,Opwijk,District Vilvoorde-gewestwegen,50.968901168564656,4.149169474840164,0.8354861504769668,50.97601963514139,4.145350419894789,2021,10,6,42011,Lebbeke,Normaal,Proper,Dageraad - schemering,met zwaargewonden,5,Lichte vrachtauto,3,Fiets,Op Kruispunt,Gewestweg,buiten bebouwde kom,Tss. 2 best.: langs opzij (voor-/achterkant-flank),Geen hindernis
27941,118,Gent teller 1,Gent,51.028049,3.7681359,0.0322521482723648,51.02783848489873,3.768453149350596,2021,10,17,44021,Gent,Normaal,Droog,Dag,met lichtgewonden,3,Fiets,9,personenauto,Buiten Kruispunt,Gewestweg,onbekend,Tss. 2 best.: langs opzij (voor-/achterkant-flank),Geen hindernis
27941,119,Gent teller 2,Gent,51.0281795,3.7683918,0.03816110546532408,51.02783848489873,3.768453149350596,2021,10,17,44021,Gent,Normaal,Droog,Dag,met lichtgewonden,3,Fiets,9,personenauto,Buiten Kruispunt,Gewestweg,onbekend,Tss. 2 best.: langs opzij (voor-/achterkant-flank),Geen hindernis
27954,11,Aalst 3,Aalst,50.93385,4.01647,0.9230030102284047,50.93486115156603,4.029543331507493,2021,10,11,41002,Aalst,Normaal,Droog,Dag,met lichtgewonden,9,personenauto,3,Fiets,Buiten Kruispunt,Gewestweg,binnen bebouwde kom,Tss. 2 best.: langs opzij (voor-/achterkant-flank),Geen hindernis
27954,10,Aalst 2,Aalst,50.93549,4.01571,0.9718888546325646,50.93486115156603,4.029543331507493,2021,10,11,41002,Aalst,Normaal,Droog,Dag,met lichtgewonden,9,personenauto,3,Fiets,Buiten Kruispunt,Gewestweg,binnen bebouwde kom,Tss. 2 best.: langs opzij (voor-/achterkant-flank),Geen hindernis
27972,125,Dendermonde totem,Dendermonde,51.0372706,4.1025998,0.7399423701412002,51.03062323264719,4.102111310573379,2021,10,16,42006,Dendermonde,Regenval,"Nat, plassen",Dag,met lichtgewonden,3,Fiets,3,Fiets,Buiten Kruispunt,Gemeenteweg,binnen bebouwde kom,Tussen 2 bestuurders: Frontale botsing,Geen hindernis
27972,122,Dendermonde teller 2,Dendermonde,51.0373918,4.1019222,0.752746511970386,51.03062323264719,4.102111310573379,2021,10,16,42006,Dendermonde,Regenval,"Nat, plassen",Dag,met lichtgewonden,3,Fiets,3,Fiets,Buiten Kruispunt,Gemeenteweg,binnen bebouwde kom,Tussen 2 bestuurders: Frontale botsing,Geen hindernis
27973,125,Dendermonde totem,Dendermonde,51.0372706,4.1025998,0.15443236130893778,51.0359175186216,4.103097778888928,2021,10,15,42006,Dendermonde,Normaal,Droog,Dag,met zwaargewonden,9,personenauto,3,Fiets,Buiten Kruispunt,Gemeenteweg,binnen bebouwde kom,Tss. 2 best.: langs opzij (voor-/achterkant-flank),Geen hindernis
27973,122,Dendermonde teller 2,Dendermonde,51.0373918,4.1019222,0.18338630140001108,51.0359175186216,4.103097778888928,2021,10,15,42006,Dendermonde,Normaal,Droog,Dag,met zwaargewonden,9,personenauto,3,Fiets,Buiten Kruispunt,Gemeenteweg,binnen bebouwde kom,Tss. 2 best.: langs opzij (voor-/achterkant-flank),Geen hindernis
27977,54,Brugge teller 2,Brugge,51.23015,3.22818,0.7105937804259784,51.22379256949472,3.2271428323362685,2021,10,17,31005,Brugge,Normaal,Droog,Dag,met lichtgewonden,9,personenauto,3,Fiets,Op Kruispunt,Gewestweg,binnen bebouwde kom,Tss. 2 best.: langs opzij (voor-/achterkant-flank),Geen hindernis
27977,53,Brugge teller 1,Brugge,51.23023,3.228,0.7182938755890873,51.22379256949472,3.2271428323362685,2021,10,17,31005,Brugge,Normaal,Droog,Dag,met lichtgewonden,9,personenauto,3,Fiets,Op Kruispunt,Gewestweg,binnen bebouwde kom,Tss. 2 best.: langs opzij (voor-/achterkant-flank),Geen hindernis
27988,54,Brugge teller 2,Brugge,51.23015,3.22818,0.6990705035185301,51.22389282960433,3.227204970762137,2021,10,11,31005,Brugge,Regenval,"Nat, plassen",Dag,met lichtgewonden,3,Fiets,5,Lichte vrachtauto,Op Kruispunt,Gewestweg,binnen bebouwde kom,Tss. 2 best.: langs opzij (voor-/achterkant-flank),Geen hindernis
27988,53,Brugge teller 1,Brugge,51.23023,3.228,0.7068325619067122,51.22389282960433,3.227204970762137,2021,10,11,31005,Brugge,Regenval,"Nat, plassen",Dag,met lichtgewonden,3,Fiets,5,Lichte vrachtauto,Op Kruispunt,Gewestweg,binnen bebouwde kom,Tss. 2 best.: langs opzij (voor-/achterkant-flank),Geen hindernis
27988,52,Brugge,Brugge,51.22632,3.24095,0.9944874099754132,51.22389282960433,3.227204970762137,2021,10,11,31005,Brugge,Regenval,"Nat, plassen",Dag,met lichtgewonden,3,Fiets,5,Lichte vrachtauto,Op Kruispunt,Gewestweg,binnen bebouwde kom,Tss. 2 best.: langs opzij (voor-/achterkant-flank),Geen hindernis
27988,142,TEST Validatie BRUGGE Y2H22022134,Brugge,51.22632,3.24095,0.9944874099754132,51.22389282960433,3.227204970762137,2021,10,11,31005,Brugge,Regenval,"Nat, plassen",Dag,met lichtgewonden,3,Fiets,5,Lichte vrachtauto,Op Kruispunt,Gewestweg,binnen bebouwde kom,Tss. 2 best.: langs opzij (voor-/achterkant-flank),Geen hindernis
28015,15,Oostende 2,Oostende,51.21371,2.92743,0.8835298751017252,51.2123872477535,2.9149227017876984,2021,10,16,35013,Oostende,Normaal,Droog,Dag,met lichtgewonden,9,personenauto,3,Fiets,Buiten Kruispunt,Gemeenteweg,binnen bebouwde kom,Tss. 2 best.: langs opzij (voor-/achterkant-flank),Geen hindernis
28015,18,Oostende 1,Oostende,51.21378,2.92765,0.8999499223365623,51.2123872477535,2.9149227017876984,2021,10,16,35013,Oostende,Normaal,Droog,Dag,met lichtgewonden,9,personenauto,3,Fiets,Buiten Kruispunt,Gemeenteweg,binnen bebouwde kom,Tss. 2 best.: langs opzij (voor-/achterkant-flank),Geen hindernis
28016,15,Oostende 2,Oostende,51.21371,2.92743,0.40554681476223897,51.216695784566966,2.9240862700008963,2021,10,8,35013,Oostende,Normaal,Droog,Dag,met lichtgewonden,9,personenauto,3,Fiets,Op Kruispunt,Gemeenteweg,binnen bebouwde kom,Tss. 2 best.: langs opzij (voor-/achterkant-flank),Geen hindernis
28016,18,Oostende 1,Oostende,51.21378,2.92765,0.4083291945193701,51.216695784566966,2.9240862700008963,2021,10,8,35013,Oostende,Normaal,Droog,Dag,met lichtgewonden,9,personenauto,3,Fiets,Op Kruispunt,Gemeenteweg,binnen bebouwde kom,Tss. 2 best.: langs opzij (voor-/achterkant-flank),Geen hindernis
28019,15,Oostende 2,Oostende,51.21371,2.92743,0.1274446814351888,51.21270643261555,2.928313761910922,2021,10,18,35013,Oostende,Normaal,Droog,Dageraad - schemering,met lichtgewonden,9,personenauto,3,Fiets,Op Kruispunt,Gemeenteweg,binnen bebouwde kom,Tussen 2 bestuurders: Langs achteren,Geen hindernis