crash_row_id,site_id,site_name,site_gemeente,site_lat,site_long,distance_km,crash_lat,crash_long,DT_YEAR_COLLISION,DT_MONTH_COLLISION,DT_TIME,CD_NIS,TX_MUNTY_COLLISION_NL,TX_WEATHER_NL,TX_ROAD_CONDITION_NL,TX_LIGHT_CONDITION_NL,TX_CLASS_ACCIDENTS_NL,CD_ROAD_USR_TYPE1,TX_ROAD_USR_TYPE1_NL,CD_ROAD_USR_TYPE2,TX_ROAD_USR_TYPE2_NL,TX_CROSSWAY_NL,CD_ROAD_TYPE_NL,TX_BUILD_UP_AREA_NL,TX_COLLISION_TYPE_NL,TX_OBSTACLES_NL
28019,18,Oostende 1,Oostende,51.21378,2.92765,0.12801590318318876,51.21270643261555,2.928313761910922,2021,10,18,35013,Oostende,Normaal,Droog,Dageraad - schemering,met lichtgewonden,9,personenauto,3,Fiets,Op Kruispunt,Gemeenteweg,binnen bebouwde kom,Tussen 2 bestuurders: Langs achteren,Geen hindernis
28028,55,Torhout teller 1,Torhout,51.07161,3.08261,0.9213520995930178,51.07988492999281,3.081931032812952,2021,10,17,31033,Torhout,Normaal,Droog,Dag,met lichtgewonden,9,personenauto,3,Fiets,Op Kruispunt,Gemeenteweg,buiten bebouwde kom,Tussen 2 bestuurders: Frontale botsing,Geen hindernis
28028,56,Torhout teller 2,Torhout,51.07147,3.08244,0.9363729096245731,51.07988492999281,3.081931032812952,2021,10,17,31033,Torhout,Normaal,Droog,Dag,met lichtgewonden,9,personenauto,3,Fiets,Op Kruispunt,Gemeenteweg,buiten bebouwde kom,Tussen 2 bestuurders: Frontale botsing,Geen hindernis
28035,84,Roeselare totem,Izegem,50.91717,3.18772,0.7602179042714853,50.91429344547288,3.197557541368196,2021,10,9,36008,Izegem,Normaal,Droog,Dag,met lichtgewonden,9,personenauto,3,Fiets,Buiten Kruispunt,Gewestweg,buiten bebouwde kom,Tss. 2 best.: langs opzij (voor-/achterkant-flank),Geen hindernis
28044,143,Eco Display Classic Budastraat,Kortrijk,50.83066,3.26286,0.4694246550117739,50.834259077605594,3.259366358164499,2021,10,16,34022,Kortrijk,Normaal,Droog,Dag,met lichtgewonden,3,Fiets,5,Lichte vrachtauto,Buiten Kruispunt,Gewestweg,onbekend,Tss. 2 best.: langs opzij (voor-/achterkant-flank),Geen hindernis
28053,75,Kortrijk teller 2,Kortrijk,50.81925,3.25731,0.6519630538520521,50.82364101914061,3.263460374749474,2021,10,13,34022,Kortrijk,Regenval,"Nat, plassen",Dag,met lichtgewonden,9,personenauto,3,Fiets,Op Kruispunt,Gewestweg,binnen bebouwde kom,Tss. 2 best.: langs opzij (voor-/achterkant-flank),Geen hindernis
28053,74,Kortrijk teller 1,Kortrijk,50.81909,3.25728,0.6667621809650728,50.82364101914061,3.263460374749474,2021,10,13,34022,Kortrijk,Regenval,"Nat, plassen",Dag,met lichtgewonden,9,personenauto,3,Fiets,Op Kruispunt,Gewestweg,binnen bebouwde kom,Tss. 2 best.: langs opzij (voor-/achterkant-flank),Geen hindernis
28053,143,Eco Display Classic Budastraat,Kortrijk,50.83066,3.26286,0.7816134192657073,50.82364101914061,3.263460374749474,2021,10,13,34022,Kortrijk,Regenval,"Nat, plassen",Dag,met lichtgewonden,9,personenauto,3,Fiets,Op Kruispunt,Gewestweg,binnen bebouwde kom,Tss. 2 best.: langs opzij (voor-/achterkant-flank),Geen hindernis
28057,143,Eco Display Classic Budastraat,Kortrijk,50.83066,3.26286,0.6056973972679232,50.82768311530717,3.270082173417817,2021,10,16,34022,Kortrijk,Onbekend,Droog,Dag,met lichtgewonden,3,Fiets,3,Fiets,Buiten Kruispunt,Gemeenteweg,binnen bebouwde kom,Tussen 2 bestuurders: Flank tegen flank,Geen hindernis
28057,16,Kortrijk 1,Kortrijk,50.83332,3.27777,0.827284787633593,50.82768311530717,3.270082173417817,2021,10,16,34022,Kortrijk,Onbekend,Droog,Dag,met lichtgewonden,3,Fiets,3,Fiets,Buiten Kruispunt,Gemeenteweg,binnen bebouwde kom,Tussen 2 bestuurders: Flank tegen flank,Geen hindernis
28057,17,Kortrijk 2,Kortrijk,50.83339,3.27773,0.8313795439335311,50.82768311530717,3.270082173417817,2021,10,16,34022,Kortrijk,Onbekend,Droog,Dag,met lichtgewonden,3,Fiets,3,Fiets,Buiten Kruispunt,Gemeenteweg,binnen bebouwde kom,Tussen 2 bestuurders: Flank tegen flank,Geen hindernis
28058,74,Kortrijk teller 1,Kortrijk,50.81909,3.25728,0.9327010512196251,50.816916283683575,3.270103068150218,2021,10,12,34022,Kortrijk,Regenval,"Nat, plassen",Dag,met lichtgewonden,9,personenauto,3,Fiets,Op Kruispunt,Gewestweg,binnen bebouwde kom,Tussen 2 bestuurders: Flank tegen flank,Geen hindernis
28058,75,Kortrijk teller 2,Kortrijk,50.81925,3.25731,0.935442583284262,50.816916283683575,3.270103068150218,2021,10,12,34022,Kortrijk,Regenval,"Nat, plassen",Dag,met lichtgewonden,9,personenauto,3,Fiets,Op Kruispunt,Gewestweg,binnen bebouwde kom,Tussen 2 bestuurders: Flank tegen flank,Geen hindernis
28059,16,Kortrijk 1,Kortrijk,50.83332,3.27777,0.7097489232086891,50.82733079763843,3.274275682211681,2021,10,8,34022,Kortrijk,Normaal,Droog,Dag,met lichtgewonden,8,Voetganger,3,Fiets,Buiten Kruispunt,Gemeenteweg,binnen bebouwde kom,Met een voetganger,Geen hindernis
28059,17,Kortrijk 2,Kortrijk,50.83339,3.27773,0.7161007988920888,50.82733079763843,3.274275682211681,2021,10,8,34022,Kortrijk,Normaal,Droog,Dag,met lichtgewonden,8,Voetganger,3,Fiets,Buiten Kruispunt,Gemeenteweg,binnen bebouwde kom,Met een voetganger,Geen hindernis
28059,143,Eco Display Classic Budastraat,Kortrijk,50.83066,3.26286,0.8831136957308761,50.82733079763843,3.274275682211681,2021,10,8,34022,Kortrijk,Normaal,Droog,Dag,met lichtgewonden,8,Voetganger,3,Fiets,Buiten Kruispunt,Gemeenteweg,binnen bebouwde kom,Met een voetganger,Geen hindernis
28106,136,Gent R4,Gent,51.0876313,3.7587918,0.9909261016682848,51.08132355480681,3.7487704156354966,2021,10,7,44021,Gent,Regenval,"Nat, plassen",Dag,met lichtgewonden,8,Voetganger,3,Fiets,Buiten Kruispunt,Gemeenteweg,binnen bebouwde kom,Met een voetganger,Geen hindernis
28116,109,Zemst,Zemst,50.9903936,4.4707023,0.6386534918863332,50.99566617742004,4.474321184241444,2021,10,12,12025,Mechelen,Normaal,Droog,Dag,met lichtgewonden,3,Fiets,9,personenauto,Op Kruispunt,Gewestweg,buiten bebouwde kom,Tss. 2 best.: langs opzij (voor-/achterkant-flank),Geen hindernis
28132,140,Hasselt ring,Hasselt,50.9300038,5.3438616,0.3409884456903692,50.927761158533635,5.340543213065741,2021,10,11,71022,Hasselt,Normaal,Droog,Dag,met lichtgewonden,3,Fiets,9,personenauto,Op Kruispunt,Gewestweg,binnen bebouwde kom,Tss. 2 best.: langs opzij (voor-/achterkant-flank),Geen hindernis
28134,30,Herk De Stad,Herk-de-Stad,50.94374,5.17691,0.6143016403621704,50.93886645802038,5.172780966405079,2021,10,11,71024,Herk-de-Stad,Normaal,Droog,Dag,met lichtgewonden,9,personenauto,3,Fiets,Op Kruispunt,Gewestweg,buiten bebouwde kom,Tss. 2 best.: langs opzij (voor-/achterkant-flank),Geen hindernis
28134,31,Herk De Stad,Herk-de-Stad,50.94366,5.1775,0.6272418725235305,50.93886645802038,5.172780966405079,2021,10,11,71024,Herk-de-Stad,Normaal,Droog,Dag,met lichtgewonden,9,personenauto,3,Fiets,Op Kruispunt,Gewestweg,buiten bebouwde kom,Tss. 2 best.: langs opzij (voor-/achterkant-flank),Geen hindernis
28137,140,Hasselt ring,Hasselt,50.9300038,5.3438616,0.774416076142473,50.92869031412777,5.333010028066385,2021,10,17,71022,Hasselt,Normaal,Droog,Dag,met lichtgewonden,3,Fiets,3,Fiets,Buiten Kruispunt,Gewestweg,binnen bebouwde kom,Tussen 2 bestuurders: Frontale botsing,Geen hindernis
28140,140,Hasselt ring,Hasselt,50.9300038,5.3438616,0.7027597658930401,50.93282913113726,5.334891530770219,2021,10,10,71022,Hasselt,Normaal,Droog,Dag,met lichtgewonden,8,Voetganger,3,Fiets,Buiten Kruispunt,Gewestweg,binnen bebouwde kom,Met een voetganger,Geen hindernis
28140,138,Hasselt-Kempische brug,Hasselt,50.9405318,5.3422472,0.9996289220106267,50.93282913113726,5.334891530770219,2021,10,10,71022,Hasselt,Normaal,Droog,Dag,met lichtgewonden,8,Voetganger,3,Fiets,Buiten Kruispunt,Gewestweg,binnen bebouwde kom,Met een voetganger,Geen hindernis
28143,140,Hasselt ring,Hasselt,50.9300038,5.3438616,0.5538819225290132,50.934681861124346,5.346576622996068,2021,10,11,71022,Hasselt,Normaal,Droog,Dag,met zwaargewonden,9,personenauto,3,Fiets,Buiten Kruispunt,Gemeenteweg,binnen bebouwde kom,Tss. 2 best.: langs opzij (voor-/achterkant-flank),Geen hindernis
28143,138,Hasselt-Kempische brug,Hasselt,50.9405318,5.3422472,0.7177472590680098,50.934681861124346,5.346576622996068,2021,10,11,71022,Hasselt,Normaal,Droog,Dag,met zwaargewonden,9,personenauto,3,Fiets,Buiten Kruispunt,Gemeenteweg,binnen bebouwde kom,Tss. 2 best.: langs opzij (voor-/achterkant-flank),Geen hindernis
28143,137,Hasselt-Kempische brug,Hasselt,50.9411605,5.3417576,0.795604988589127,50.934681861124346,5.346576622996068,2021,10,11,71022,Hasselt,Normaal,Droog,Dag,met zwaargewonden,9,personenauto,3,Fiets,Buiten Kruispunt,Gemeenteweg,binnen bebouwde kom,Tss. 2 best.: langs opzij (voor-/achterkant-flank),Geen hindernis
28150,139,Houthalen-Helchteren,Houthalen-Helchteren,51.0644267,5.3819796,0.8500657936243439,51.07205270616805,5.381126501067673,2021,10,7,72039,Houthalen-Helchteren,Normaal,"Nat, plassen",Dageraad - schemering,met lichtgewonden,3,Fiets,10,"één bestuurder, geen hindernis",Op Kruispunt,Gewestweg,buiten bebouwde kom,"Eén bestuurder, geen hindernis (incl. val)",Geen hindernis
28152,25,Bree,Bree,51.13679500160176,5.597669323604317,0.4763351466375578,51.14045798792096,5.6012092946959875,2021,10,10,72004,Bree,Normaal,Droog,Dag,dodelijk gewonden,9,personenauto,3,Fiets,Op Kruispunt,Gewestweg,binnen bebouwde kom,Tss. 2 best.: langs opzij (voor-/achterkant-flank),Geen hindernis
28170,23,Tienen 3,Tienen,50.81324,4.93447,0.44626061487103547,50.81234260307698,4.928279192581891,2021,10,17,24107,Tienen,Normaal,Droog,Dag,met lichtgewonden,5,Lichte vrachtauto,3,Fiets,Op Kruispunt,Gewestweg,binnen bebouwde kom,Tss. 2 best.: langs opzij (voor-/achterkant-flank),Geen hindernis
28170,24,Tienen 1,Tienen,50.8133795491886,4.935044252605416,0.4890926671396642,50.81234260307698,4.928279192581891,2021,10,17,24107,Tienen,Normaal,Droog,Dag,met lichtgewonden,5,Lichte vrachtauto,3,Fiets,Op Kruispunt,Gewestweg,binnen bebouwde kom,Tss. 2 best.: langs opzij (voor-/achterkant-flank),Geen hindernis
28170,22,Tienen 2,Tienen,50.81330800184882,4.935984252796022,0.5518917063110345,50.81234260307698,4.928279192581891,2021,10,17,24107,Tienen,Normaal,Droog,Dag,met lichtgewonden,5,Lichte vrachtauto,3,Fiets,Op Kruispunt,Gewestweg,binnen bebouwde kom,Tss. 2 best.: langs opzij (voor-/achterkant-flank),Geen hindernis
28172,22,Tienen 2,Tienen,50.81330800184882,4.935984252796022,0.766595101486963,50.806764459069456,4.9394192965920425,2021,10,9,24107,Tienen,Normaal,Droog,Dag,met lichtgewonden,5,Lichte vrachtauto,3,Fiets,Buiten Kruispunt,Gemeenteweg,binnen bebouwde kom,Tussen 2 bestuurders: Langs achteren,Geen hindernis
28172,24,Tienen 1,Tienen,50.8133795491886,4.935044252605416,0.7972157390847451,50.806764459069456,4.9394192965920425,2021,10,9,24107,Tienen,Normaal,Droog,Dag,met lichtgewonden,5,Lichte vrachtauto,3,Fiets,Buiten Kruispunt,Gemeenteweg,binnen bebouwde kom,Tussen 2 bestuurders: Langs achteren,Geen hindernis
28172,23,Tienen 3,Tienen,50.81324,4.93447,0.7996257039210812,50.806764459069456,4.9394192965920425,2021,10,9,24107,Tienen,Normaal,Droog,Dag,met lichtgewonden,5,Lichte vrachtauto,3,Fiets,Buiten Kruispunt,Gemeenteweg,binnen bebouwde kom,Tussen 2 bestuurders: Langs achteren,Geen hindernis
28297,8,Heist op den Berg 1,Heist-op-den-Berg,51.06759,4.68823,0.744545377980336,51.06556722601607,4.678072705001945,2021,11,7,12029,Putte,Normaal,Droog,Dageraad - schemering,met lichtgewonden,9,personenauto,3,Fiets,Op Kruispunt,Gewestweg,binnen bebouwde kom,Tss. 2 best.: langs opzij (voor-/achterkant-flank),Geen hindernis
28337,46,Pelt teller 2,Pelt,51.231,5.44375,0.5161707123222123,51.22754532023012,5.438798602652742,2021,11,12,72043,Pelt,Normaal,Droog,Dag,met lichtgewonden,3,Fiets,9,personenauto,Op Kruispunt,Gemeenteweg,binnen bebouwde kom,Tss. 2 best.: langs opzij (voor-/achterkant-flank),Geen hindernis
28337,45,Pelt teller 1,Pelt,51.23127,5.44377,0.5397786797951256,51.22754532023012,5.438798602652742,2021,11,12,72043,Pelt,Normaal,Droog,Dag,met lichtgewonden,3,Fiets,9,personenauto,Op Kruispunt,Gemeenteweg,binnen bebouwde kom,Tss. 2 best.: langs opzij (voor-/achterkant-flank),Geen hindernis
28356,151,Leuven,District Leuven,50.8690262,4.6854839,0.8898525539344192,50.86814650256987,4.698087486532832,2021,11,2,24062,Leuven,Normaal,Droog,"Nacht, openbare verlichting aanwezig en ontstoken",met lichtgewonden,3,Fiets,10,"één bestuurder, geen hindernis",Buiten Kruispunt,Gewestweg,binnen bebouwde kom,"Eén bestuurder, geen hindernis (incl. val)",Geen hindernis
28359,69,Leuven teller 1,Leuven,50.87549,4.71526,0.3982998002212065,50.873332142523,4.719790872270542,2021,11,19,24062,Leuven,Regenval,Onbekend,Onbekend,met lichtgewonden,9,personenauto,3,Fiets,Op Kruispunt,Gewestweg,binnen bebouwde kom,Tussen 2 bestuurders: Flank tegen flank,Geen hindernis
28360,151,Leuven,District Leuven,50.8690262,4.6854839,0.648979168285444,50.86342730309269,4.688095138804394,2021,11,11,24062,Leuven,Normaal,"Nat, plassen",Dag,dodelijk gewonden,8,Voetganger,3,Fiets,Buiten Kruispunt,Gemeenteweg,binnen bebouwde kom,Met een voetganger,Geen hindernis
28361,69,Leuven teller 1,Leuven,50.87549,4.71526,0.8800763005984791,50.86905564008467,4.707956509643332,2021,11,9,24062,Leuven,Regenval,"Ijzel, sneeuw",Dag,met lichtgewonden,3,Fiets,10,"één bestuurder, geen hindernis",Op Kruispunt,Gewestweg,binnen bebouwde kom,"Eén bestuurder, geen hindernis (incl. val)",Geen hindernis
28363,69,Leuven teller 1,Leuven,50.87549,4.71526,0.7585184071286636,50.87860913321171,4.705645466743514,2021,11,9,24062,Leuven,Normaal,"Vuil (zand, grint, bladeren,...)",Dag,met lichtgewonden,3,Fiets,10,"één bestuurder, geen hindernis",Buiten Kruispunt,Gemeenteweg,binnen bebouwde kom,"Eén bestuurder, geen hindernis (incl. val)",Geen hindernis
28363,77,Leuven teller 2,Leuven,50.88672,4.70796,0.9163874020890143,50.87860913321171,4.705645466743514,2021,11,9,24062,Leuven,Normaal,"Vuil (zand, grint, bladeren,...)",Dag,met lichtgewonden,3,Fiets,10,"één bestuurder, geen hindernis",Buiten Kruispunt,Gemeenteweg,binnen bebouwde kom,"Eén bestuurder, geen hindernis (incl. val)",Geen hindernis
28363,107,leuven totem,Leuven,50.8870744,4.7087919,0.9668295309086058,50.87860913321171,4.705645466743514,2021,11,9,24062,Leuven,Normaal,"Vuil (zand, grint, bladeren,...)",Dag,met lichtgewonden,3,Fiets,10,"één bestuurder, geen hindernis",Buiten Kruispunt,Gemeenteweg,binnen bebouwde kom,"Eén bestuurder, geen hindernis (incl. val)",Geen hindernis
28364,69,Leuven teller 1,Leuven,50.87549,4.71526,0.21073652666595144,50.8736654659637,4.714447515395654,2021,11,19,24062,Leuven,Normaal,Proper,"Nacht, openbare verlichting aanwezig en ontstoken",met lichtgewonden,3,Fiets,9,personenauto,Op Kruispunt,Gewestweg,binnen bebouwde kom,Tss. 2 best.: langs opzij (voor-/achterkant-flank),Geen hindernis
28368,69,Leuven teller 1,Leuven,50.87549,4.71526,0.3988384985761054,50.876950967228375,4.71006850715037,2021,11,16,24062,Leuven,Normaal,Onbekend,Dag,met lichtgewonden,3,Fiets,6,Bromfiets,Buiten Kruispunt,Gemeenteweg,binnen bebouwde kom,Tss. 2 best.: langs opzij (voor-/achterkant-flank),Geen hindernis
28370,77,Leuven teller 2,Leuven,50.88672,4.70796,0.6286378885890878,50.88309441524923,4.701084132776758,2021,11,9,24062,Leuven,Normaal,Droog,Dag,met lichtgewonden,9,personenauto,3,Fiets,Op Kruispunt,Gemeenteweg,binnen bebouwde kom,Tss. 2 best.: langs opzij (voor-/achterkant-flank),Geen hindernis
28370,107,leuven totem,Leuven,50.8870744,4.7087919,0.6987230676951066,50.88309441524923,4.701084132776758,2021,11,9,24062,Leuven,Normaal,Droog,Dag,met lichtgewonden,9,personenauto,3,Fiets,Op Kruispunt,Gemeenteweg,binnen bebouwde kom,Tss. 2 best.: langs opzij (voor-/achterkant-flank),Geen hindernis
28371,69,Leuven teller 1,Leuven,50.87549,4.71526,0.6238305637858609,50.87428748311495,4.706575825029773,2021,11,0,24062,Leuven,Normaal,Droog,"Nacht, openbare verlichting aanwezig en ontstoken",met lichtgewonden,3,Fiets,10,"één bestuurder, geen hindernis",Buiten Kruispunt,Gemeenteweg,binnen bebouwde kom,"Eén bestuurder, geen hindernis (incl. val)",Geen hindernis
28372,69,Leuven teller 1,Leuven,50.87549,4.71526,0.42271961499695426,50.8764597646316,4.7094345936542235,2021,11,8,24062,Leuven,Normaal,Droog,Dag,met lichtgewonden,1,Autobus,3,Fiets,Op Kruispunt,Gemeenteweg,buiten bebouwde kom,Tss. 2 best.: langs opzij (voor-/achterkant-flank),Geen hindernis
28373,151,Leuven,District Leuven,50.8690262,4.6854839,0.6301977174705508,50.87348414124484,4.691029482579781,2021,11,17,24062,Leuven,Normaal,Onbekend,Onbekend,met lichtgewonden,3,Fiets,10,"één bestuurder, geen hindernis",Op Kruispunt,Gemeenteweg,binnen bebouwde kom,"Eén bestuurder, geen hindernis (incl. val)",Geen hindernis
28374,151,Leuven,District Leuven,50.8690262,4.6854839,0.4877971888810473,50.8719282401724,4.690696896871564,2021,11,7,24062,Leuven,Normaal,Droog,Dag,met lichtgewonden,9,personenauto,3,Fiets,Op Kruispunt,Gewestweg,binnen bebouwde kom,Tss. 2 best.: langs opzij (voor-/achterkant-flank),Geen hindernis
28380,69,Leuven teller 1,Leuven,50.87549,4.71526,0.9952915796909196,50.870693720257705,4.72723604884217,2021,11,11,24062,Leuven,Normaal,Droog,Dag,met lichtgewonden,9,personenauto,3,Fiets,Buiten Kruispunt,Gewestweg,binnen bebouwde kom,Tussen 2 bestuurders: Frontale botsing,Geen hindernis
28381,77,Leuven teller 2,Leuven,50.88672,4.70796,0.33805361877926576,50.88439707035617,4.704851104956656,2021,11,14,24062,Leuven,Regenval,"Nat, plassen",Dag,met lichtgewonden,6,Bromfiets,3,Fiets,Buiten Kruispunt,Gemeenteweg,binnen bebouwde kom,Tussen 2 bestuurders: Flank tegen flank,Geen hindernis
28381,107,leuven totem,Leuven,50.8870744,4.7087919,0.4062636180381002,50.88439707035617,4.704851104956656,2021,11,14,24062,Leuven,Regenval,"Nat, plassen",Dag,met lichtgewonden,6,Bromfiets,3,Fiets,Buiten Kruispunt,Gemeenteweg,binnen bebouwde kom,Tussen 2 bestuurders: Flank tegen flank,Geen hindernis
28382,69,Leuven teller 1,Leuven,50.87549,4.71526,0.6701024686774336,50.87796443125581,4.706551566047145,2021,11,7,24062,Leuven,Onbekend,Onbekend,Onbekend,met lichtgewonden,3,Fiets,3,Fiets,Op Kruispunt,Gemeenteweg,binnen bebouwde kom,Tussen 2 bestuurders: Frontale botsing,Geen hindernis
28382,77,Leuven teller 2,Leuven,50.88672,4.70796,0.9785759891575202,50.87796443125581,4.706551566047145,2021,11,7,24062,Leuven,Onbekend,Onbekend,Onbekend,met lichtgewonden,3,Fiets,3,Fiets,Op Kruispunt,Gemeenteweg,binnen bebouwde kom,Tussen 2 bestuurders: Frontale botsing,Geen hindernis
28386,73,Herent teller 2,Herent,50.89128,4.64685,0.01616298835069047,50.89132603373274,4.646631425500201,2021,11,16,24038,Herent,Normaal,Proper,Onbekend,met lichtgewonden,6,Bromfiets,3,Fiets,Buiten Kruispunt,Gewestweg,buiten bebouwde kom,Tussen 2 bestuurders: Frontale botsing,Geen hindernis
28386,72,Herent teller 1,Herent,50.89135,4.64689,0.018331413873627384,50.89132603373274,4.646631425500201,2021,11,16,24038,Herent,Normaal,Proper,Onbekend,met lichtgewonden,6,Bromfiets,3,Fiets,Buiten Kruispunt,Gewestweg,buiten bebouwde kom,Tussen 2 bestuurders: Frontale botsing,Geen hindernis
28394,101,Diest teller 1,Diest,50.97799,5.04481,0.49651736895480575,50.979522779892015,5.051471234469063,2021,11,17,24020,Diest,Regenval,"Nat, plassen","Nacht, openbare verlichting aanwezig en ontstoken",met lichtgewonden,9,personenauto,3,Fiets,Op Kruispunt,Gewestweg,binnen bebouwde kom,Tss. 2 best.: langs opzij (voor-/achterkant-flank),Geen hindernis
28394,102,Diest teller 2,Diest,50.9779,5.04474,0.5046149333022136,50.979522779892015,5.051471234469063,2021,11,17,24020,Diest,Regenval,"Nat, plassen","Nacht, openbare verlichting aanwezig en ontstoken",met lichtgewonden,9,personenauto,3,Fiets,Op Kruispunt,Gewestweg,binnen bebouwde kom,Tss. 2 best.: langs opzij (voor-/achterkant-flank),Geen hindernis
28401,145,Overijse,District Vilvoorde-gewestwegen,50.7885856,4.4908759,0.2514025290214685,50.788456098229865,4.494446384898035,2021,11,16,23062,Overijse,Normaal,Droog,Dageraad - schemering,met lichtgewonden,5,Lichte vrachtauto,3,Fiets,Buiten Kruispunt,Gewestweg,buiten bebouwde kom,Tss. 2 best.: langs opzij (voor-/achterkant-flank),Geen hindernis
28401,146,Overijse 2,District Vilvoorde-gewestwegen,50.7881478,4.4902818,0.29475415636778807,50.788456098229865,4.494446384898035,2021,11,16,23062,Overijse,Normaal,Droog,Dageraad - schemering,met lichtgewonden,5,Lichte vrachtauto,3,Fiets,Buiten Kruispunt,Gewestweg,buiten bebouwde kom,Tss. 2 best.: langs opzij (voor-/achterkant-flank),Geen hindernis
28401,147,Overijse,District Vilvoorde-gewestwegen,50.7797555,4.4975769,0.992179319169805,50.788456098229865,4.494446384898035,2021,11,16,23062,Overijse,Normaal,Droog,Dageraad - schemering,met lichtgewonden,5,Lichte vrachtauto,3,Fiets,Buiten Kruispunt,Gewestweg,buiten bebouwde kom,Tss. 2 best.: langs opzij (voor-/achterkant-flank),Geen hindernis
28422,136,Gent R4,Gent,51.0876313,3.7587918,0.44991700244143173,51.08358531283561,3.7587256069486368,2021,11,16,44021,Gent,Normaal,Droog,Dag,met lichtgewonden,9,personenauto,3,Fiets,Buiten Kruispunt,Gemeenteweg,binnen bebouwde kom,Tss. 2 best.: langs opzij (voor-/achterkant-flank),Geen hindernis
28468,116,Melle teller 2,Melle,50.9986113,3.8040599,0.680049196247325,50.998821864953676,3.794347781213717,2021,11,8,44040,Melle,Normaal,"Nat, plassen",Dageraad - schemering,met zwaargewonden,3,Fiets,10,"één bestuurder, geen hindernis",Buiten Kruispunt,Gemeenteweg,binnen bebouwde kom,"Eén bestuurder, geen hindernis (incl. val)",Geen hindernis
28468,117,Melle teller 1,Melle,50.9986113,3.8040599,0.680049196247325,50.998821864953676,3.794347781213717,2021,11,8,44040,Melle,Normaal,"Nat, plassen",Dageraad - schemering,met zwaargewonden,3,Fiets,10,"één bestuurder, geen hindernis",Buiten Kruispunt,Gemeenteweg,binnen bebouwde kom,"Eén bestuurder, geen hindernis (incl. val)",Geen hindernis
28469,119,Gent teller 2,Gent,51.0281795,3.7683918,0.8254353866873706,51.022421672968854,3.775841056885225,2021,11,14,44040,Melle,Normaal,Droog,Dag,met lichtgewonden,3,Fiets,11,een weggebruiker tegen een hindernis,Buiten Kruispunt,Gewestweg,buiten bebouwde kom,Weggebruiker tegen hindernis op de rijbaan,"Op de rijbaan: Put, straatgoot, tramspoor"
28469,118,Gent teller 1,Gent,51.028049,3.7681359,0.8257985030890629,51.022421672968854,3.775841056885225,2021,11,14,44040,Melle,Normaal,Droog,Dag,met lichtgewonden,3,Fiets,11,een weggebruiker tegen een hindernis,Buiten Kruispunt,Gewestweg,buiten bebouwde kom,Weggebruiker tegen hindernis op de rijbaan,"Op de rijbaan: Put, straatgoot, tramspoor"
28470,116,Melle teller 2,Melle,50.9986113,3.8040599,0.7967692717151201,51.00194911834975,3.7939844744380204,2021,11,8,44040,Melle,Normaal,Droog,Dag,met lichtgewonden,9,personenauto,3,Fiets,Buiten Kruispunt,Gemeenteweg,binnen bebouwde kom,Tss. 2 best.: langs opzij (voor-/achterkant-flank),Geen hindernis
28470,117,Melle teller 1,Melle,50.9986113,3.8040599,0.7967692717151201,51.00194911834975,3.7939844744380204,2021,11,8,44040,Melle,Normaal,Droog,Dag,met lichtgewonden,9,personenauto,3,Fiets,Buiten Kruispunt,Gemeenteweg,binnen bebouwde kom,Tss. 2 best.: langs opzij (voor-/achterkant-flank),Geen hindernis
28510,141,Test site A support,Lokeren,51.08342085,3.9961071208376326,0.8678015775917466,51.08942637690572,4.004041709307381,2021,11,17,46014,Lokeren,Normaal,"Nat, plassen","Nacht, openbare verlichting aanwezig en ontstoken",met zwaargewonden,3,Fiets,11,een weggebruiker tegen een hindernis,Op Kruispunt,Gemeenteweg,buiten bebouwde kom,Weggebruiker tegen hindernis op de rijbaan,"Op de rijbaan: Put, straatgoot, tramspoor"
28562,59,Ardooie teller 1,Ardooie,50.96784,3.18479,0.7545172708029327,50.97151192242567,3.1938512896168145,2021,11,18,37020,Ardooie,Normaal,Droog,"Nacht, openbare verlichting aanwezig en ontstoken",met lichtgewonden,3,Fiets,6,Bromfiets,Buiten Kruispunt,Gewestweg,buiten bebouwde kom,Tussen 2 bestuurders: Frontale botsing,Geen hindernis
28562,60,Ardooie teller 2,Ardooie,50.96783,3.18411,0.7955482159269202,50.97151192242567,3.1938512896168145,2021,11,18,37020,Ardooie,Normaal,Droog,"Nacht, openbare verlichting aanwezig en ontstoken",met lichtgewonden,3,Fiets,6,Bromfiets,Buiten Kruispunt,Gewestweg,buiten bebouwde kom,Tussen 2 bestuurders: Frontale botsing,Geen hindernis
28582,143,Eco Display Classic Budastraat,Kortrijk,50.83066,3.26286,0.5005695587740537,50.83328182724464,3.268653970347068,2021,11,17,34022,Kortrijk,Normaal,Droog,"Nacht, openbare verlichting aanwezig en ontstoken",met lichtgewonden,3,Fiets,11,een weggebruiker tegen een hindernis,Buiten Kruispunt,Gemeenteweg,binnen bebouwde kom,Weggebruiker tegen hindernis op de rijbaan,"Op de rijbaan: Werken (signal., aarde, toestel,…)"