crash_row_id,site_id,site_name,site_gemeente,site_lat,site_long,distance_km,crash_lat,crash_long,DT_YEAR_COLLISION,DT_MONTH_COLLISION,DT_TIME,CD_NIS,TX_MUNTY_COLLISION_NL,TX_WEATHER_NL,TX_ROAD_CONDITION_NL,TX_LIGHT_CONDITION_NL,TX_CLASS_ACCIDENTS_NL,CD_ROAD_USR_TYPE1,TX_ROAD_USR_TYPE1_NL,CD_ROAD_USR_TYPE2,TX_ROAD_USR_TYPE2_NL,TX_CROSSWAY_NL,CD_ROAD_TYPE_NL,TX_BUILD_UP_AREA_NL,TX_COLLISION_TYPE_NL,TX_OBSTACLES_NL
28582,17,Kortrijk 2,Kortrijk,50.83339,3.27773,0.6375076567924038,50.83328182724464,3.268653970347068,2021,11,17,34022,Kortrijk,Normaal,Droog,"Nacht, openbare verlichting aanwezig en ontstoken",met lichtgewonden,3,Fiets,11,een weggebruiker tegen een hindernis,Buiten Kruispunt,Gemeenteweg,binnen bebouwde kom,Weggebruiker tegen hindernis op de rijbaan,"Op de rijbaan: Werken (signal., aarde, toestel,…)"
28582,16,Kortrijk 1,Kortrijk,50.83332,3.27777,0.6402178574926396,50.83328182724464,3.268653970347068,2021,11,17,34022,Kortrijk,Normaal,Droog,"Nacht, openbare verlichting aanwezig en ontstoken",met lichtgewonden,3,Fiets,11,een weggebruiker tegen een hindernis,Buiten Kruispunt,Gemeenteweg,binnen bebouwde kom,Weggebruiker tegen hindernis op de rijbaan,"Op de rijbaan: Werken (signal., aarde, toestel,…)"
28609,42,Maasmechelen teller 2,Maasmechelen,50.97043,5.6981,0.8581191258043945,50.97791918582638,5.701057532352414,2021,11,18,73107,Maasmechelen,Normaal,Droog,"Nacht, openbare verlichting aanwezig en ontstoken",met lichtgewonden,6,Bromfiets,3,Fiets,Buiten Kruispunt,Gewestweg,binnen bebouwde kom,Tussen 2 bestuurders: Langs achteren,Geen hindernis
28609,41,Maasmechelen teller 1,Maasmechelen,50.97025,5.69799,0.879405329613757,50.97791918582638,5.701057532352414,2021,11,18,73107,Maasmechelen,Normaal,Droog,"Nacht, openbare verlichting aanwezig en ontstoken",met lichtgewonden,6,Bromfiets,3,Fiets,Buiten Kruispunt,Gewestweg,binnen bebouwde kom,Tussen 2 bestuurders: Langs achteren,Geen hindernis
28625,138,Hasselt-Kempische brug,Hasselt,50.9405318,5.3422472,0.5759321930887272,50.93862217677495,5.349887730203391,2021,11,22,71022,Hasselt,Normaal,Droog+Proper,"Nacht, openbare verlichting aanwezig en ontstoken",met lichtgewonden,9,personenauto,3,Fiets,Op Kruispunt,Gewestweg,buiten bebouwde kom,Tss. 2 best.: langs opzij (voor-/achterkant-flank),Geen hindernis
28625,137,Hasselt-Kempische brug,Hasselt,50.9411605,5.3417576,0.6357497162943667,50.93862217677495,5.349887730203391,2021,11,22,71022,Hasselt,Normaal,Droog+Proper,"Nacht, openbare verlichting aanwezig en ontstoken",met lichtgewonden,9,personenauto,3,Fiets,Op Kruispunt,Gewestweg,buiten bebouwde kom,Tss. 2 best.: langs opzij (voor-/achterkant-flank),Geen hindernis
28626,140,Hasselt ring,Hasselt,50.9300038,5.3438616,0.30201985591247404,50.9277814516085,5.341384021660199,2021,11,23,71022,Hasselt,Normaal,"Nat, plassen","Nacht, openbare verlichting aanwezig en ontstoken",dodelijk gewonden,3,Fiets,11,een weggebruiker tegen een hindernis,Buiten Kruispunt,Gewestweg,binnen bebouwde kom,Weggebruiker tegen hindernis buiten rijbaan,Andere hindernis
28627,140,Hasselt ring,Hasselt,50.9300038,5.3438616,0.4089394520853656,50.93062653375956,5.338110727462374,2021,11,8,71022,Hasselt,Normaal,Droog+Proper,Dag,met lichtgewonden,99,onbekend,3,Fiets,Op Kruispunt,Gemeenteweg,binnen bebouwde kom,Tss. 2 best.: langs opzij (voor-/achterkant-flank),Geen hindernis
28632,138,Hasselt-Kempische brug,Hasselt,50.9405318,5.3422472,0.17662176193547482,50.93915583685981,5.340987857678312,2021,11,8,71022,Hasselt,Regenval,"Nat, plassen",Dag,met lichtgewonden,6,Bromfiets,3,Fiets,Buiten Kruispunt,Gewestweg,binnen bebouwde kom,Tss. 2 best.: langs opzij (voor-/achterkant-flank),Geen hindernis
28632,137,Hasselt-Kempische brug,Hasselt,50.9411605,5.3417576,0.22934037034728172,50.93915583685981,5.340987857678312,2021,11,8,71022,Hasselt,Regenval,"Nat, plassen",Dag,met lichtgewonden,6,Bromfiets,3,Fiets,Buiten Kruispunt,Gewestweg,binnen bebouwde kom,Tss. 2 best.: langs opzij (voor-/achterkant-flank),Geen hindernis
28633,140,Hasselt ring,Hasselt,50.9300038,5.3438616,0.9223260362846963,50.930300998835435,5.330709480183892,2021,11,19,71022,Hasselt,Normaal,Droog,"Nacht, openbare verlichting aanwezig en ontstoken",met zwaargewonden,3,Fiets,10,"één bestuurder, geen hindernis",Buiten Kruispunt,Gemeenteweg,binnen bebouwde kom,"Eén bestuurder, geen hindernis (incl. val)",Geen hindernis
28634,140,Hasselt ring,Hasselt,50.9300038,5.3438616,0.6447769216937606,50.92632245998851,5.336753577268719,2021,11,10,71022,Hasselt,Normaal,Droog,Dag,met lichtgewonden,9,personenauto,3,Fiets,Buiten Kruispunt,Gewestweg,binnen bebouwde kom,Tss. 2 best.: langs opzij (voor-/achterkant-flank),Geen hindernis
28638,140,Hasselt ring,Hasselt,50.9300038,5.3438616,0.800191753941667,50.9297504981008,5.332450893454955,2021,11,11,71022,Hasselt,Normaal,Droog,Dag,met lichtgewonden,9,personenauto,3,Fiets,Buiten Kruispunt,Gewestweg,binnen bebouwde kom,Tss. 2 best.: langs opzij (voor-/achterkant-flank),Geen hindernis
28640,137,Hasselt-Kempische brug,Hasselt,50.9411605,5.3417576,0.842325996265231,50.94873517887518,5.341613939556261,2021,11,8,71022,Hasselt,Normaal,Droog,Dag,met lichtgewonden,3,Fiets,9,personenauto,Op Kruispunt,Gemeenteweg,buiten bebouwde kom,Tss. 2 best.: langs opzij (voor-/achterkant-flank),Geen hindernis
28640,138,Hasselt-Kempische brug,Hasselt,50.9405318,5.3422472,0.9132524365472576,50.94873517887518,5.341613939556261,2021,11,8,71022,Hasselt,Normaal,Droog,Dag,met lichtgewonden,3,Fiets,9,personenauto,Op Kruispunt,Gemeenteweg,buiten bebouwde kom,Tss. 2 best.: langs opzij (voor-/achterkant-flank),Geen hindernis
28642,151,Leuven,District Leuven,50.8690262,4.6854839,0.8944143506685976,50.868252370083624,4.698170235363125,2021,11,6,24062,Leuven,Normaal,Droog,Dageraad - schemering,met lichtgewonden,3,Fiets,10,"één bestuurder, geen hindernis",Buiten Kruispunt,Gewestweg,binnen bebouwde kom,"Eén bestuurder, geen hindernis (incl. val)",Geen hindernis
28647,25,Bree,Bree,51.13679500160176,5.597669323604317,0.657864374295413,51.13742523768288,5.607044683587023,2021,11,10,72004,Bree,Normaal,Droog,Dag,met lichtgewonden,9,personenauto,3,Fiets,Op Kruispunt,Gewestweg,buiten bebouwde kom,Tss. 2 best.: langs opzij (voor-/achterkant-flank),Geen hindernis
28648,14,Genk,Genk,50.97172,5.48927,0.7291183181902986,50.97823404409026,5.490461684247929,2021,11,8,71016,Genk,Normaal,Droog,Dag,met lichtgewonden,9,personenauto,3,Fiets,Op Kruispunt,Gemeenteweg,buiten bebouwde kom,Tss. 2 best.: langs opzij (voor-/achterkant-flank),Geen hindernis
28652,25,Bree,Bree,51.13679500160176,5.597669323604317,0.6938287362865743,51.14011189490394,5.589245990087834,2021,11,15,72004,Bree,Normaal,Droog,Dag,met zwaargewonden,9,personenauto,3,Fiets,Op Kruispunt,Gewestweg,binnen bebouwde kom,Tss. 2 best.: langs opzij (voor-/achterkant-flank),Geen hindernis
28655,23,Tienen 3,Tienen,50.81324,4.93447,0.0788887699371283,50.813699912023246,4.933615040894004,2021,11,15,24107,Tienen,Normaal,Droog,Dag,met lichtgewonden,9,personenauto,3,Fiets,Buiten Kruispunt,Gemeenteweg,buiten bebouwde kom,Tss. 2 best.: langs opzij (voor-/achterkant-flank),Geen hindernis
28655,24,Tienen 1,Tienen,50.8133795491886,4.935044252605416,0.10654522785488119,50.813699912023246,4.933615040894004,2021,11,15,24107,Tienen,Normaal,Droog,Dag,met lichtgewonden,9,personenauto,3,Fiets,Buiten Kruispunt,Gemeenteweg,buiten bebouwde kom,Tss. 2 best.: langs opzij (voor-/achterkant-flank),Geen hindernis
28655,22,Tienen 2,Tienen,50.81330800184882,4.935984252796022,0.17206632384100035,50.813699912023246,4.933615040894004,2021,11,15,24107,Tienen,Normaal,Droog,Dag,met lichtgewonden,9,personenauto,3,Fiets,Buiten Kruispunt,Gemeenteweg,buiten bebouwde kom,Tss. 2 best.: langs opzij (voor-/achterkant-flank),Geen hindernis
28656,22,Tienen 2,Tienen,50.81330800184882,4.935984252796022,0.9466937291414992,50.80947709910916,4.948017080032027,2021,11,9,24107,Tienen,Normaal,Droog,Dag,met lichtgewonden,9,personenauto,3,Fiets,Buiten Kruispunt,Gewestweg,binnen bebouwde kom,Tss. 2 best.: langs opzij (voor-/achterkant-flank),Geen hindernis
28783,4,Balen 1,Balen,51.16023,5.19011,0.7879590983241377,51.15570287168283,5.198802396390258,2021,12,13,13003,Balen,Normaal,Droog,Dag,met lichtgewonden,3,Fiets,4,Vrachtwagen,Buiten Kruispunt,Gewestweg,buiten bebouwde kom,Tussen 2 bestuurders: Langs achteren,Geen hindernis
28783,5,Balen 2,Balen,51.16018,5.19003,0.7887385884438286,51.15570287168283,5.198802396390258,2021,12,13,13003,Balen,Normaal,Droog,Dag,met lichtgewonden,3,Fiets,4,Vrachtwagen,Buiten Kruispunt,Gewestweg,buiten bebouwde kom,Tussen 2 bestuurders: Langs achteren,Geen hindernis
28806,69,Leuven teller 1,Leuven,50.87549,4.71526,0.9287420161740811,50.870939836750146,4.72635941383279,2021,12,15,24062,Leuven,Normaal,Droog,Dag,met lichtgewonden,9,personenauto,3,Fiets,Buiten Kruispunt,Gewestweg,binnen bebouwde kom,Tss. 2 best.: langs opzij (voor-/achterkant-flank),Geen hindernis
28810,69,Leuven teller 1,Leuven,50.87549,4.71526,0.3982998002212065,50.873332142523,4.719790872270542,2021,12,9,24062,Leuven,Normaal,Droog,Dag,met lichtgewonden,9,personenauto,3,Fiets,Op Kruispunt,Gewestweg,binnen bebouwde kom,Tss. 2 best.: langs opzij (voor-/achterkant-flank),Geen hindernis
28812,69,Leuven teller 1,Leuven,50.87549,4.71526,0.6452647222966701,50.881292503407494,4.715380928101282,2021,12,13,24062,Leuven,Normaal,Proper,Dag,met lichtgewonden,3,Fiets,10,"één bestuurder, geen hindernis",Buiten Kruispunt,Gewestweg,binnen bebouwde kom,"Eén bestuurder, geen hindernis (incl. val)",Geen hindernis
28812,107,leuven totem,Leuven,50.8870744,4.7087919,0.7918341970502971,50.881292503407494,4.715380928101282,2021,12,13,24062,Leuven,Normaal,Proper,Dag,met lichtgewonden,3,Fiets,10,"één bestuurder, geen hindernis",Buiten Kruispunt,Gewestweg,binnen bebouwde kom,"Eén bestuurder, geen hindernis (incl. val)",Geen hindernis
28812,77,Leuven teller 2,Leuven,50.88672,4.70796,0.7970205223198433,50.881292503407494,4.715380928101282,2021,12,13,24062,Leuven,Normaal,Proper,Dag,met lichtgewonden,3,Fiets,10,"één bestuurder, geen hindernis",Buiten Kruispunt,Gewestweg,binnen bebouwde kom,"Eén bestuurder, geen hindernis (incl. val)",Geen hindernis
28813,77,Leuven teller 2,Leuven,50.88672,4.70796,0.8332888083871438,50.87952027690383,4.704664358025843,2021,12,19,24062,Leuven,Normaal,"Nat, plassen","Nacht, openbare verlichting aanwezig en ontstoken",met lichtgewonden,9,personenauto,3,Fiets,Buiten Kruispunt,Gemeenteweg,binnen bebouwde kom,Tussen 2 bestuurders: Flank tegen flank,Geen hindernis
28813,69,Leuven teller 1,Leuven,50.87549,4.71526,0.8680397042550744,50.87952027690383,4.704664358025843,2021,12,19,24062,Leuven,Normaal,"Nat, plassen","Nacht, openbare verlichting aanwezig en ontstoken",met lichtgewonden,9,personenauto,3,Fiets,Buiten Kruispunt,Gemeenteweg,binnen bebouwde kom,Tussen 2 bestuurders: Flank tegen flank,Geen hindernis
28813,107,leuven totem,Leuven,50.8870744,4.7087919,0.8884883772682881,50.87952027690383,4.704664358025843,2021,12,19,24062,Leuven,Normaal,"Nat, plassen","Nacht, openbare verlichting aanwezig en ontstoken",met lichtgewonden,9,personenauto,3,Fiets,Buiten Kruispunt,Gemeenteweg,binnen bebouwde kom,Tussen 2 bestuurders: Flank tegen flank,Geen hindernis
28814,151,Leuven,District Leuven,50.8690262,4.6854839,0.8931799354268173,50.87290153754229,4.696633064804618,2021,12,13,24062,Leuven,Normaal,Droog,Dag,met lichtgewonden,3,Fiets,10,"één bestuurder, geen hindernis",Buiten Kruispunt,Gemeenteweg,binnen bebouwde kom,"Eén bestuurder, geen hindernis (incl. val)",Geen hindernis
28815,69,Leuven teller 1,Leuven,50.87549,4.71526,0.9684462918365718,50.86898388982189,4.706084719319384,2021,12,16,24062,Leuven,Normaal,Droog,Dag,met lichtgewonden,9,personenauto,3,Fiets,Op Kruispunt,Gewestweg,binnen bebouwde kom,Tss. 2 best.: langs opzij (voor-/achterkant-flank),Geen hindernis
28816,69,Leuven teller 1,Leuven,50.87549,4.71526,0.7297465183317756,50.88190163699567,4.7174792992492085,2021,12,15,24062,Leuven,Normaal,Droog,Dag,met lichtgewonden,3,Fiets,3,Fiets,Buiten Kruispunt,Gewestweg,binnen bebouwde kom,Tussen 2 bestuurders: Flank tegen flank,Geen hindernis
28816,107,leuven totem,Leuven,50.8870744,4.7087919,0.8380010033103347,50.88190163699567,4.7174792992492085,2021,12,15,24062,Leuven,Normaal,Droog,Dag,met lichtgewonden,3,Fiets,3,Fiets,Buiten Kruispunt,Gewestweg,binnen bebouwde kom,Tussen 2 bestuurders: Flank tegen flank,Geen hindernis
28816,77,Leuven teller 2,Leuven,50.88672,4.70796,0.8561578001753964,50.88190163699567,4.7174792992492085,2021,12,15,24062,Leuven,Normaal,Droog,Dag,met lichtgewonden,3,Fiets,3,Fiets,Buiten Kruispunt,Gewestweg,binnen bebouwde kom,Tussen 2 bestuurders: Flank tegen flank,Geen hindernis
28817,151,Leuven,District Leuven,50.8690262,4.6854839,0.4899141500984529,50.87169563218913,4.691038143406855,2021,12,17,24062,Leuven,Onbekend,Onbekend,Dag,met lichtgewonden,3,Fiets,99,onbekend,Op Kruispunt,Gewestweg,binnen bebouwde kom,Tussen 2 bestuurders: Frontale botsing,Geen hindernis
28818,69,Leuven teller 1,Leuven,50.87549,4.71526,0.5896627638239745,50.88038882797838,4.718478033188772,2021,12,9,24062,Leuven,Normaal,Droog,Dag,met lichtgewonden,3,Fiets,3,Fiets,Op Kruispunt,Gemeenteweg,binnen bebouwde kom,Tss. 2 best.: langs opzij (voor-/achterkant-flank),Geen hindernis
28823,101,Diest teller 1,Diest,50.97799,5.04481,0.7057056852253972,50.98101549510445,5.053671205955935,2021,12,17,24020,Diest,Normaal,Droog,"Nacht, openbare verlichting aanwezig en ontstoken",met lichtgewonden,9,personenauto,3,Fiets,Buiten Kruispunt,Gemeenteweg,binnen bebouwde kom,Tss. 2 best.: langs opzij (voor-/achterkant-flank),Geen hindernis
28823,102,Diest teller 2,Diest,50.9779,5.04474,0.71481403872205,50.98101549510445,5.053671205955935,2021,12,17,24020,Diest,Normaal,Droog,"Nacht, openbare verlichting aanwezig en ontstoken",met lichtgewonden,9,personenauto,3,Fiets,Buiten Kruispunt,Gemeenteweg,binnen bebouwde kom,Tss. 2 best.: langs opzij (voor-/achterkant-flank),Geen hindernis
28829,86,Asse teller 2,Asse,50.89132,4.1709,0.4655463981101593,50.887314361325856,4.16896899348891,2021,12,7,23086,Ternat,Normaal,Droog,"Nacht, openbare verlichting aanwezig en ontstoken",met lichtgewonden,9,personenauto,3,Fiets,Op Kruispunt,Gewestweg,buiten bebouwde kom,Tss. 2 best.: langs opzij (voor-/achterkant-flank),Geen hindernis
28834,70,Kampenhout teller 1,Kampenhout,50.95682,4.59318,0.40449626528359656,50.958971394227966,4.5978369102535295,2021,12,14,23038,Kampenhout,Normaal,Droog,Dag,met lichtgewonden,3,Fiets,9,personenauto,Op Kruispunt,Gewestweg,buiten bebouwde kom,Tss. 2 best.: langs opzij (voor-/achterkant-flank),Geen hindernis
28834,71,Kampenhout teller 2,Kampenhout,50.95589,4.59164,0.5529828932208214,50.958971394227966,4.5978369102535295,2021,12,14,23038,Kampenhout,Normaal,Droog,Dag,met lichtgewonden,3,Fiets,9,personenauto,Op Kruispunt,Gewestweg,buiten bebouwde kom,Tss. 2 best.: langs opzij (voor-/achterkant-flank),Geen hindernis
28843,136,Gent R4,Gent,51.0876313,3.7587918,0.9871663061000381,51.07908463290217,3.7626155585296144,2021,12,11,44021,Gent,Normaal,Droog,Dag,met lichtgewonden,3,Fiets,5,Lichte vrachtauto,Buiten Kruispunt,Gemeenteweg,binnen bebouwde kom,Tussen 2 bestuurders: Langs achteren,Geen hindernis
28874,119,Gent teller 2,Gent,51.0281795,3.7683918,0.49066674971277224,51.0247582024903,3.7728226383177237,2021,12,9,44040,Melle,Normaal,"Nat, plassen",Dag,met lichtgewonden,5,Lichte vrachtauto,3,Fiets,Op Kruispunt,Gewestweg,buiten bebouwde kom,Tss. 2 best.: langs opzij (voor-/achterkant-flank),Geen hindernis
28874,118,Gent teller 1,Gent,51.028049,3.7681359,0.49125966760006845,51.0247582024903,3.7728226383177237,2021,12,9,44040,Melle,Normaal,"Nat, plassen",Dag,met lichtgewonden,5,Lichte vrachtauto,3,Fiets,Op Kruispunt,Gewestweg,buiten bebouwde kom,Tss. 2 best.: langs opzij (voor-/achterkant-flank),Geen hindernis
28912,121,Zele teller 2,Zele,51.0604067,4.0556696,0.02338538638642517,51.06032573010651,4.055360772966991,2021,12,8,42028,Zele,Regenval,"Nat, plassen",Dageraad - schemering,met zwaargewonden,9,personenauto,3,Fiets,Op Kruispunt,Gewestweg,buiten bebouwde kom,Tss. 2 best.: langs opzij (voor-/achterkant-flank),Geen hindernis
28912,120,Zele teller 1,Zele,51.0607671,4.0547741,0.06395054309792224,51.06032573010651,4.055360772966991,2021,12,8,42028,Zele,Regenval,"Nat, plassen",Dageraad - schemering,met zwaargewonden,9,personenauto,3,Fiets,Op Kruispunt,Gewestweg,buiten bebouwde kom,Tss. 2 best.: langs opzij (voor-/achterkant-flank),Geen hindernis
28913,121,Zele teller 2,Zele,51.0604067,4.0556696,0.3240849126430894,51.05769740924217,4.057379089925728,2021,12,12,42028,Zele,Normaal,Droog,Dag,met lichtgewonden,3,Fiets,9,personenauto,Op Kruispunt,Gewestweg,buiten bebouwde kom,Tss. 2 best.: langs opzij (voor-/achterkant-flank),Geen hindernis
28913,120,Zele teller 1,Zele,51.0607671,4.0547741,0.3868510584174253,51.05769740924217,4.057379089925728,2021,12,12,42028,Zele,Normaal,Droog,Dag,met lichtgewonden,3,Fiets,9,personenauto,Op Kruispunt,Gewestweg,buiten bebouwde kom,Tss. 2 best.: langs opzij (voor-/achterkant-flank),Geen hindernis
28953,18,Oostende 1,Oostende,51.21378,2.92765,0.7809773358409479,51.21938175349684,2.9344138522903527,2021,12,12,35013,Oostende,Normaal,Droog,Dag,met lichtgewonden,3,Fiets,3,Fiets,Buiten Kruispunt,Gemeenteweg,binnen bebouwde kom,Tussen 2 bestuurders: Frontale botsing,Geen hindernis
28953,15,Oostende 2,Oostende,51.21371,2.92743,0.7964643310427504,51.21938175349684,2.9344138522903527,2021,12,12,35013,Oostende,Normaal,Droog,Dag,met lichtgewonden,3,Fiets,3,Fiets,Buiten Kruispunt,Gemeenteweg,binnen bebouwde kom,Tussen 2 bestuurders: Frontale botsing,Geen hindernis
28956,51,"Brugge, Sint-Andries",Brugge,51.19281,3.16252,0.8639144910607662,51.18999248950102,3.150967019026564,2021,12,17,31012,Jabbeke,Regenval,"Nat, plassen","Nacht, openbare verlichting aanwezig en ontstoken",met zwaargewonden,9,personenauto,3,Fiets,Op Kruispunt,Gewestweg,binnen bebouwde kom,Tss. 2 best.: langs opzij (voor-/achterkant-flank),Geen hindernis
28956,50,"Brugge, Sint-Andries",Brugge,51.19291,3.16252,0.8680079492153716,51.18999248950102,3.150967019026564,2021,12,17,31012,Jabbeke,Regenval,"Nat, plassen","Nacht, openbare verlichting aanwezig en ontstoken",met zwaargewonden,9,personenauto,3,Fiets,Op Kruispunt,Gewestweg,binnen bebouwde kom,Tss. 2 best.: langs opzij (voor-/achterkant-flank),Geen hindernis
28970,17,Kortrijk 2,Kortrijk,50.83339,3.27773,0.5953791315033854,50.83671117875568,3.284380078239661,2021,12,16,34022,Kortrijk,Normaal,Droog,Dageraad - schemering,met lichtgewonden,3,Fiets,9,personenauto,Op Kruispunt,Gemeenteweg,binnen bebouwde kom,Tussen 2 bestuurders: Langs achteren,Geen hindernis
28970,16,Kortrijk 1,Kortrijk,50.83332,3.27777,0.5980555256500308,50.83671117875568,3.284380078239661,2021,12,16,34022,Kortrijk,Normaal,Droog,Dageraad - schemering,met lichtgewonden,3,Fiets,9,personenauto,Op Kruispunt,Gemeenteweg,binnen bebouwde kom,Tussen 2 bestuurders: Langs achteren,Geen hindernis
28971,74,Kortrijk teller 1,Kortrijk,50.81909,3.25728,0.9883395409261844,50.810206470501605,3.2577432956539614,2021,12,12,34022,Kortrijk,Normaal,"Nat, plassen",Dag,met lichtgewonden,6,Bromfiets,3,Fiets,Buiten Kruispunt,Gemeenteweg,binnen bebouwde kom,Tussen 2 bestuurders: Frontale botsing,Geen hindernis
28972,143,Eco Display Classic Budastraat,Kortrijk,50.83066,3.26286,0.6598374128976784,50.83634307948936,3.2601563883957834,2021,12,7,34022,Kortrijk,Normaal,"Nat, plassen","Nacht, openbare verlichting aanwezig en ontstoken",met lichtgewonden,9,personenauto,3,Fiets,Op Kruispunt,Gemeenteweg,binnen bebouwde kom,Tss. 2 best.: langs opzij (voor-/achterkant-flank),Geen hindernis
28995,100,Mechelen teller 2,Mechelen,51.0457,4.46883,0.20659693577094418,51.04752881179127,4.468308474397339,2021,12,15,12025,Mechelen,Normaal,Droog,Dag,met lichtgewonden,3,Fiets,9,personenauto,Op Kruispunt,Gewestweg,buiten bebouwde kom,Tss. 2 best.: langs opzij (voor-/achterkant-flank),Geen hindernis
28995,99,Mechelen teller 1,Mechelen,51.04564,4.46882,0.2130487314535332,51.04752881179127,4.468308474397339,2021,12,15,12025,Mechelen,Normaal,Droog,Dag,met lichtgewonden,3,Fiets,9,personenauto,Op Kruispunt,Gewestweg,buiten bebouwde kom,Tss. 2 best.: langs opzij (voor-/achterkant-flank),Geen hindernis
29002,140,Hasselt ring,Hasselt,50.9300038,5.3438616,0.6217739160693947,50.93369179868901,5.337192551612376,2021,12,16,71022,Hasselt,Normaal,"Nat, plassen","Nacht, openbare verlichting aanwezig en ontstoken",met lichtgewonden,3,Fiets,8,Voetganger,Buiten Kruispunt,Gemeenteweg,binnen bebouwde kom,Met een voetganger,Geen hindernis
29002,138,Hasselt-Kempische brug,Hasselt,50.9405318,5.3422472,0.8390007082159064,50.93369179868901,5.337192551612376,2021,12,16,71022,Hasselt,Normaal,"Nat, plassen","Nacht, openbare verlichting aanwezig en ontstoken",met lichtgewonden,3,Fiets,8,Voetganger,Buiten Kruispunt,Gemeenteweg,binnen bebouwde kom,Met een voetganger,Geen hindernis
29002,137,Hasselt-Kempische brug,Hasselt,50.9411605,5.3417576,0.8899568089407027,50.93369179868901,5.337192551612376,2021,12,16,71022,Hasselt,Normaal,"Nat, plassen","Nacht, openbare verlichting aanwezig en ontstoken",met lichtgewonden,3,Fiets,8,Voetganger,Buiten Kruispunt,Gemeenteweg,binnen bebouwde kom,Met een voetganger,Geen hindernis
29003,140,Hasselt ring,Hasselt,50.9300038,5.3438616,0.11161756981485613,50.930162335586175,5.342288932061969,2021,12,17,71022,Hasselt,Normaal,Droog,"Nacht, openbare verlichting aanwezig en ontstoken",met lichtgewonden,3,Fiets,8,Voetganger,Buiten Kruispunt,Gemeenteweg,binnen bebouwde kom,Met een voetganger,Geen hindernis
29005,140,Hasselt ring,Hasselt,50.9300038,5.3438616,0.6908865641263936,50.924675586243005,5.33879086332383,2021,12,11,71022,Hasselt,Normaal,Droog,Dag,met lichtgewonden,3,Fiets,9,personenauto,Op Kruispunt,Gewestweg,binnen bebouwde kom,Tss. 2 best.: langs opzij (voor-/achterkant-flank),Geen hindernis
29008,140,Hasselt ring,Hasselt,50.9300038,5.3438616,0.808432479166381,50.92820963359563,5.332683179186116,2021,12,14,71022,Hasselt,Normaal,"Nat, plassen",Dag,met lichtgewonden,9,personenauto,3,Fiets,Buiten Kruispunt,Gemeenteweg,binnen bebouwde kom,Tussen 2 bestuurders: Flank tegen flank,Geen hindernis
29010,140,Hasselt ring,Hasselt,50.9300038,5.3438616,0.6870426076119012,50.92468982108866,5.338860059551976,2021,12,19,71022,Hasselt,Normaal,Droog,"Nacht, openbare verlichting aanwezig en ontstoken",met lichtgewonden,3,Fiets,9,personenauto,Op Kruispunt,Gewestweg,binnen bebouwde kom,Tss. 2 best.: langs opzij (voor-/achterkant-flank),Geen hindernis
29013,140,Hasselt ring,Hasselt,50.9300038,5.3438616,0.539844534994311,50.92729911064451,5.337464902647232,2021,12,8,71022,Hasselt,Normaal,Droog,Dageraad - schemering,met lichtgewonden,3,Fiets,3,Fiets,Buiten Kruispunt,Gewestweg,binnen bebouwde kom,Tussen 2 bestuurders: Frontale botsing,Geen hindernis
29152,98,Geel teller 2,Geel,51.1481,4.99643,0.2561287445277645,51.150068034119876,4.994521955709557,2022,1,18,13008,Geel,Normaal,Droog,"Nacht, geen openbare verlichting aanwezig",met lichtgewonden,9,personenauto,3,Fiets,Op Kruispunt,Gewestweg,buiten bebouwde kom,Tussen 2 bestuurders: Flank tegen flank,Geen hindernis
29152,97,Geel teller 1,Geel,51.14813,4.99698,0.2753842224126028,51.150068034119876,4.994521955709557,2022,1,18,13008,Geel,Normaal,Droog,"Nacht, geen openbare verlichting aanwezig",met lichtgewonden,9,personenauto,3,Fiets,Op Kruispunt,Gewestweg,buiten bebouwde kom,Tussen 2 bestuurders: Flank tegen flank,Geen hindernis
29185,69,Leuven teller 1,Leuven,50.87549,4.71526,0.6262795368454492,50.879012290009605,4.7082947086720965,2022,1,14,24062,Leuven,Regenval,"Nat, plassen",Dag,met lichtgewonden,3,Fiets,8,Voetganger,Buiten Kruispunt,Gemeenteweg,binnen bebouwde kom,Met een voetganger,Geen hindernis
29185,77,Leuven teller 2,Leuven,50.88672,4.70796,0.8573798454133774,50.879012290009605,4.7082947086720965,2022,1,14,24062,Leuven,Regenval,"Nat, plassen",Dag,met lichtgewonden,3,Fiets,8,Voetganger,Buiten Kruispunt,Gemeenteweg,binnen bebouwde kom,Met een voetganger,Geen hindernis
29185,107,leuven totem,Leuven,50.8870744,4.7087919,0.8971440224482412,50.879012290009605,4.7082947086720965,2022,1,14,24062,Leuven,Regenval,"Nat, plassen",Dag,met lichtgewonden,3,Fiets,8,Voetganger,Buiten Kruispunt,Gemeenteweg,binnen bebouwde kom,Met een voetganger,Geen hindernis
29186,151,Leuven,District Leuven,50.8690262,4.6854839,0.7041564682830911,50.869617749287684,4.6954744389143555,2022,1,7,24062,Leuven,Normaal,Droog,"Nacht, openbare verlichting aanwezig en ontstoken",met lichtgewonden,9,personenauto,3,Fiets,Buiten Kruispunt,Gewestweg,binnen bebouwde kom,Tussen 2 bestuurders: Frontale botsing,Geen hindernis