crash_row_id,site_id,site_name,site_gemeente,site_lat,site_long,distance_km,crash_lat,crash_long,DT_YEAR_COLLISION,DT_MONTH_COLLISION,DT_TIME,CD_NIS,TX_MUNTY_COLLISION_NL,TX_WEATHER_NL,TX_ROAD_CONDITION_NL,TX_LIGHT_CONDITION_NL,TX_CLASS_ACCIDENTS_NL,CD_ROAD_USR_TYPE1,TX_ROAD_USR_TYPE1_NL,CD_ROAD_USR_TYPE2,TX_ROAD_USR_TYPE2_NL,TX_CROSSWAY_NL,CD_ROAD_TYPE_NL,TX_BUILD_UP_AREA_NL,TX_COLLISION_TYPE_NL,TX_OBSTACLES_NL
29189,77,Leuven teller 2,Leuven,50.88672,4.70796,0.7386972648488906,50.884351038172596,4.698121982194391,2022,1,20,24062,Leuven,"Regenval+Sterke wind, rukwind","Nat, plassen","Nacht, openbare verlichting aanwezig en ontstoken",met lichtgewonden,3,Fiets,10,"één bestuurder, geen hindernis",Buiten Kruispunt,Gemeenteweg,binnen bebouwde kom,"Eén bestuurder, geen hindernis (incl. val)",Geen hindernis
29189,107,leuven totem,Leuven,50.8870744,4.7087919,0.8074269129796041,50.884351038172596,4.698121982194391,2022,1,20,24062,Leuven,"Regenval+Sterke wind, rukwind","Nat, plassen","Nacht, openbare verlichting aanwezig en ontstoken",met lichtgewonden,3,Fiets,10,"één bestuurder, geen hindernis",Buiten Kruispunt,Gemeenteweg,binnen bebouwde kom,"Eén bestuurder, geen hindernis (incl. val)",Geen hindernis
29229,13,Gent,Gent,51.03018,3.70146,0.7816949844512672,51.02315024201898,3.7013769839029997,2022,1,13,44021,Gent,Normaal,Droog,Dag,met lichtgewonden,9,personenauto,3,Fiets,Buiten Kruispunt,Gewestweg,binnen bebouwde kom,Tss. 2 best.: langs opzij (voor-/achterkant-flank),Geen hindernis
29234,13,Gent,Gent,51.03018,3.70146,0.8091746659302703,51.03122452302967,3.7129112401478452,2022,1,16,44021,Gent,Normaal,Droog,Dag,met lichtgewonden,3,Fiets,2,Andere weggebruiker,Buiten Kruispunt,Gemeenteweg,binnen bebouwde kom,Tussen 2 bestuurders: Langs achteren,Geen hindernis
29305,128,Lokeren teller 1,Lokeren,51.09644,3.97023,0.8333972779896236,51.1036221040031,3.9736421722134203,2022,1,15,46014,Lokeren,Normaal,Droog,Dag,met lichtgewonden,9,personenauto,3,Fiets,Op Kruispunt,Gemeenteweg,binnen bebouwde kom,Tss. 2 best.: langs opzij (voor-/achterkant-flank),Geen hindernis
29305,129,Lokeren teller 2,Lokeren,51.09612,3.97025,0.8671719157955932,51.1036221040031,3.9736421722134203,2022,1,15,46014,Lokeren,Normaal,Droog,Dag,met lichtgewonden,9,personenauto,3,Fiets,Op Kruispunt,Gemeenteweg,binnen bebouwde kom,Tss. 2 best.: langs opzij (voor-/achterkant-flank),Geen hindernis
29327,10,Aalst 2,Aalst,50.93549,4.01571,0.4817073931034531,50.939278595587616,4.019043806033763,2022,1,15,41002,Aalst,Normaal,Droog,Dag,met lichtgewonden,9,personenauto,3,Fiets,Buiten Kruispunt,Gewestweg,binnen bebouwde kom,Tss. 2 best.: langs opzij (voor-/achterkant-flank),Geen hindernis
29327,19,Aalst 1,Aalst,50.93433,4.01471,0.6284955027405695,50.939278595587616,4.019043806033763,2022,1,15,41002,Aalst,Normaal,Droog,Dag,met lichtgewonden,9,personenauto,3,Fiets,Buiten Kruispunt,Gewestweg,binnen bebouwde kom,Tss. 2 best.: langs opzij (voor-/achterkant-flank),Geen hindernis
29327,11,Aalst 3,Aalst,50.93385,4.01647,0.6299995974258255,50.939278595587616,4.019043806033763,2022,1,15,41002,Aalst,Normaal,Droog,Dag,met lichtgewonden,9,personenauto,3,Fiets,Buiten Kruispunt,Gewestweg,binnen bebouwde kom,Tss. 2 best.: langs opzij (voor-/achterkant-flank),Geen hindernis
29334,122,Dendermonde teller 2,Dendermonde,51.0373918,4.1019222,0.4694414068227939,51.04160550388583,4.102337507303634,2022,1,15,42006,Dendermonde,Normaal,Droog,Dag,met lichtgewonden,3,Fiets,11,een weggebruiker tegen een hindernis,Buiten Kruispunt,Gewestweg,buiten bebouwde kom,Weggebruiker tegen hindernis op de rijbaan,"Op de rijbaan: Werken (signal., aarde, toestel,…)"
29334,125,Dendermonde totem,Dendermonde,51.0372706,4.1025998,0.482368054649976,51.04160550388583,4.102337507303634,2022,1,15,42006,Dendermonde,Normaal,Droog,Dag,met lichtgewonden,3,Fiets,11,een weggebruiker tegen een hindernis,Buiten Kruispunt,Gewestweg,buiten bebouwde kom,Weggebruiker tegen hindernis op de rijbaan,"Op de rijbaan: Werken (signal., aarde, toestel,…)"
29339,125,Dendermonde totem,Dendermonde,51.0372706,4.1025998,0.6709138182624651,51.031824087370126,4.1067284167086155,2022,1,11,42006,Dendermonde,Normaal,Droog,Dag,met lichtgewonden,9,personenauto,3,Fiets,Op Kruispunt,Gewestweg,binnen bebouwde kom,Tss. 2 best.: langs opzij (voor-/achterkant-flank),Geen hindernis
29339,122,Dendermonde teller 2,Dendermonde,51.0373918,4.1019222,0.7044379522135863,51.031824087370126,4.1067284167086155,2022,1,11,42006,Dendermonde,Normaal,Droog,Dag,met lichtgewonden,9,personenauto,3,Fiets,Op Kruispunt,Gewestweg,binnen bebouwde kom,Tss. 2 best.: langs opzij (voor-/achterkant-flank),Geen hindernis
29361,15,Oostende 2,Oostende,51.21371,2.92743,0.40554681476223897,51.216695784566966,2.9240862700008963,2022,1,8,35013,Oostende,Normaal,Droog,Dag,met lichtgewonden,3,Fiets,5,Lichte vrachtauto,Op Kruispunt,Gemeenteweg,binnen bebouwde kom,Tss. 2 best.: langs opzij (voor-/achterkant-flank),Geen hindernis
29361,18,Oostende 1,Oostende,51.21378,2.92765,0.4083291945193701,51.216695784566966,2.9240862700008963,2022,1,8,35013,Oostende,Normaal,Droog,Dag,met lichtgewonden,3,Fiets,5,Lichte vrachtauto,Op Kruispunt,Gemeenteweg,binnen bebouwde kom,Tss. 2 best.: langs opzij (voor-/achterkant-flank),Geen hindernis
29364,18,Oostende 1,Oostende,51.21378,2.92765,0.667419577851554,51.21694399383785,2.9357927889133557,2022,1,8,35013,Oostende,Onbekend,Onbekend,Dag,met lichtgewonden,9,personenauto,3,Fiets,Op Kruispunt,Gemeenteweg,binnen bebouwde kom,Tss. 2 best.: langs opzij (voor-/achterkant-flank),Geen hindernis
29364,15,Oostende 2,Oostende,51.21371,2.92743,0.6845461133684977,51.21694399383785,2.9357927889133557,2022,1,8,35013,Oostende,Onbekend,Onbekend,Dag,met lichtgewonden,9,personenauto,3,Fiets,Op Kruispunt,Gemeenteweg,binnen bebouwde kom,Tss. 2 best.: langs opzij (voor-/achterkant-flank),Geen hindernis
29380,75,Kortrijk teller 2,Kortrijk,50.81925,3.25731,0.6558305152542799,50.825144551249004,3.256989590424649,2022,1,15,34022,Kortrijk,Normaal,"Nat, plassen",Dag,met lichtgewonden,3,Fiets,9,personenauto,Buiten Kruispunt,Gemeenteweg,binnen bebouwde kom,Tussen 2 bestuurders: Flank tegen flank,Geen hindernis
29380,74,Kortrijk teller 1,Kortrijk,50.81909,3.25728,0.673544381928399,50.825144551249004,3.256989590424649,2022,1,15,34022,Kortrijk,Normaal,"Nat, plassen",Dag,met lichtgewonden,3,Fiets,9,personenauto,Buiten Kruispunt,Gemeenteweg,binnen bebouwde kom,Tussen 2 bestuurders: Flank tegen flank,Geen hindernis
29380,143,Eco Display Classic Budastraat,Kortrijk,50.83066,3.26286,0.7390059230887983,50.825144551249004,3.256989590424649,2022,1,15,34022,Kortrijk,Normaal,"Nat, plassen",Dag,met lichtgewonden,3,Fiets,9,personenauto,Buiten Kruispunt,Gemeenteweg,binnen bebouwde kom,Tussen 2 bestuurders: Flank tegen flank,Geen hindernis
29385,143,Eco Display Classic Budastraat,Kortrijk,50.83066,3.26286,0.6223657383777137,50.825791849455655,3.2584874068784178,2022,1,7,34022,Kortrijk,Normaal,Droog+Proper,Dageraad - schemering,met lichtgewonden,5,Lichte vrachtauto,3,Fiets,Op Kruispunt,Gewestweg,binnen bebouwde kom,Tussen 2 bestuurders: Frontale botsing,Geen hindernis
29385,75,Kortrijk teller 2,Kortrijk,50.81925,3.25731,0.7321071622645049,50.825791849455655,3.2584874068784178,2022,1,7,34022,Kortrijk,Normaal,Droog+Proper,Dageraad - schemering,met lichtgewonden,5,Lichte vrachtauto,3,Fiets,Op Kruispunt,Gewestweg,binnen bebouwde kom,Tussen 2 bestuurders: Frontale botsing,Geen hindernis
29385,74,Kortrijk teller 1,Kortrijk,50.81909,3.25728,0.7500225455029556,50.825791849455655,3.2584874068784178,2022,1,7,34022,Kortrijk,Normaal,Droog+Proper,Dageraad - schemering,met lichtgewonden,5,Lichte vrachtauto,3,Fiets,Op Kruispunt,Gewestweg,binnen bebouwde kom,Tussen 2 bestuurders: Frontale botsing,Geen hindernis
29387,143,Eco Display Classic Budastraat,Kortrijk,50.83066,3.26286,0.507669675112178,50.827779995924814,3.2572513475960285,2022,1,17,34022,Kortrijk,Normaal,Droog,"Nacht, openbare verlichting aanwezig en ontstoken",met lichtgewonden,3,Fiets,9,personenauto,Op Kruispunt,Gewestweg,binnen bebouwde kom,Tss. 2 best.: langs opzij (voor-/achterkant-flank),Geen hindernis
29387,75,Kortrijk teller 2,Kortrijk,50.81925,3.25731,0.9485012188684315,50.827779995924814,3.2572513475960285,2022,1,17,34022,Kortrijk,Normaal,Droog,"Nacht, openbare verlichting aanwezig en ontstoken",met lichtgewonden,3,Fiets,9,personenauto,Op Kruispunt,Gewestweg,binnen bebouwde kom,Tss. 2 best.: langs opzij (voor-/achterkant-flank),Geen hindernis
29387,74,Kortrijk teller 1,Kortrijk,50.81909,3.25728,0.9662855554221322,50.827779995924814,3.2572513475960285,2022,1,17,34022,Kortrijk,Normaal,Droog,"Nacht, openbare verlichting aanwezig en ontstoken",met lichtgewonden,3,Fiets,9,personenauto,Op Kruispunt,Gewestweg,binnen bebouwde kom,Tss. 2 best.: langs opzij (voor-/achterkant-flank),Geen hindernis
29388,143,Eco Display Classic Budastraat,Kortrijk,50.83066,3.26286,0.5578263526778168,50.83565808175187,3.2635428265482282,2022,1,11,34022,Kortrijk,Normaal,Droog,Dag,met zwaargewonden,9,personenauto,3,Fiets,Buiten Kruispunt,Gewestweg,binnen bebouwde kom,Tss. 2 best.: langs opzij (voor-/achterkant-flank),Geen hindernis
29399,68,Ieper,Ieper,50.85032,2.85608,0.16667369282568517,50.850736427571,2.853799274722183,2022,1,5,33011,Ieper,Normaal,Droog,"Nacht, openbare verlichting aanwezig en ontstoken",met lichtgewonden,3,Fiets,10,"één bestuurder, geen hindernis",Buiten Kruispunt,Gewestweg,buiten bebouwde kom,"Eén bestuurder, geen hindernis (incl. val)",Geen hindernis
29399,67,Ieper totem,Ieper,50.85018,2.85624,0.18217376697411392,50.850736427571,2.853799274722183,2022,1,5,33011,Ieper,Normaal,Droog,"Nacht, openbare verlichting aanwezig en ontstoken",met lichtgewonden,3,Fiets,10,"één bestuurder, geen hindernis",Buiten Kruispunt,Gewestweg,buiten bebouwde kom,"Eén bestuurder, geen hindernis (incl. val)",Geen hindernis
29421,99,Mechelen teller 1,Mechelen,51.04564,4.46882,0.7228882965784089,51.04210759078512,4.4775005494338265,2022,1,19,12025,Mechelen,Regenval,"Nat, plassen","Nacht, openbare verlichting aanwezig en ontstoken",met lichtgewonden,3,Fiets,6,Bromfiets,Buiten Kruispunt,Gewestweg,binnen bebouwde kom,Tussen 2 bestuurders: Flank tegen flank,Geen hindernis
29421,100,Mechelen teller 2,Mechelen,51.0457,4.46883,0.7259508093859143,51.04210759078512,4.4775005494338265,2022,1,19,12025,Mechelen,Regenval,"Nat, plassen","Nacht, openbare verlichting aanwezig en ontstoken",met lichtgewonden,3,Fiets,6,Bromfiets,Buiten Kruispunt,Gewestweg,binnen bebouwde kom,Tussen 2 bestuurders: Flank tegen flank,Geen hindernis
29425,138,Hasselt-Kempische brug,Hasselt,50.9405318,5.3422472,0.6940333070862257,50.94353964549181,5.350926741646892,2022,1,8,71022,Hasselt,Onbekend,Droog,"Nacht, openbare verlichting aanwezig en ontstoken",met lichtgewonden,3,Fiets,9,personenauto,Buiten Kruispunt,Gewestweg,buiten bebouwde kom,Tss. 2 best.: langs opzij (voor-/achterkant-flank),Geen hindernis
29425,137,Hasselt-Kempische brug,Hasselt,50.9411605,5.3417576,0.6947661373511671,50.94353964549181,5.350926741646892,2022,1,8,71022,Hasselt,Onbekend,Droog,"Nacht, openbare verlichting aanwezig en ontstoken",met lichtgewonden,3,Fiets,9,personenauto,Buiten Kruispunt,Gewestweg,buiten bebouwde kom,Tss. 2 best.: langs opzij (voor-/achterkant-flank),Geen hindernis
29427,137,Hasselt-Kempische brug,Hasselt,50.9411605,5.3417576,0.6407948355261553,50.94503941278046,5.348521568241255,2022,1,13,71022,Hasselt,Normaal,"Nat, plassen",Dag,met zwaargewonden,9,personenauto,3,Fiets,Buiten Kruispunt,Gemeenteweg,binnen bebouwde kom,Tss. 2 best.: langs opzij (voor-/achterkant-flank),Geen hindernis
29427,138,Hasselt-Kempische brug,Hasselt,50.9405318,5.3422472,0.6666910646652313,50.94503941278046,5.348521568241255,2022,1,13,71022,Hasselt,Normaal,"Nat, plassen",Dag,met zwaargewonden,9,personenauto,3,Fiets,Buiten Kruispunt,Gemeenteweg,binnen bebouwde kom,Tss. 2 best.: langs opzij (voor-/achterkant-flank),Geen hindernis
29432,140,Hasselt ring,Hasselt,50.9300038,5.3438616,0.5362058264746626,50.93395148943885,5.3394674396747,2022,1,12,71022,Hasselt,Normaal,"Nat, plassen",Dag,met lichtgewonden,3,Fiets,9,personenauto,Op Kruispunt,Gewestweg,binnen bebouwde kom,Tss. 2 best.: langs opzij (voor-/achterkant-flank),Geen hindernis
29432,138,Hasselt-Kempische brug,Hasselt,50.9405318,5.3422472,0.7571797093193716,50.93395148943885,5.3394674396747,2022,1,12,71022,Hasselt,Normaal,"Nat, plassen",Dag,met lichtgewonden,3,Fiets,9,personenauto,Op Kruispunt,Gewestweg,binnen bebouwde kom,Tss. 2 best.: langs opzij (voor-/achterkant-flank),Geen hindernis
29432,137,Hasselt-Kempische brug,Hasselt,50.9411605,5.3417576,0.8175104525275575,50.93395148943885,5.3394674396747,2022,1,12,71022,Hasselt,Normaal,"Nat, plassen",Dag,met lichtgewonden,3,Fiets,9,personenauto,Op Kruispunt,Gewestweg,binnen bebouwde kom,Tss. 2 best.: langs opzij (voor-/achterkant-flank),Geen hindernis
29433,140,Hasselt ring,Hasselt,50.9300038,5.3438616,0.566598769962132,50.93361341585968,5.338154990516979,2022,1,13,71022,Hasselt,Regenval,"Nat, plassen",Dag,met lichtgewonden,3,Fiets,9,personenauto,Buiten Kruispunt,Gemeenteweg,binnen bebouwde kom,Tussen 2 bestuurders: Flank tegen flank,Geen hindernis
29433,138,Hasselt-Kempische brug,Hasselt,50.9405318,5.3422472,0.8209940915100581,50.93361341585968,5.338154990516979,2022,1,13,71022,Hasselt,Regenval,"Nat, plassen",Dag,met lichtgewonden,3,Fiets,9,personenauto,Buiten Kruispunt,Gemeenteweg,binnen bebouwde kom,Tussen 2 bestuurders: Flank tegen flank,Geen hindernis
29433,137,Hasselt-Kempische brug,Hasselt,50.9411605,5.3417576,0.8763439393875861,50.93361341585968,5.338154990516979,2022,1,13,71022,Hasselt,Regenval,"Nat, plassen",Dag,met lichtgewonden,3,Fiets,9,personenauto,Buiten Kruispunt,Gemeenteweg,binnen bebouwde kom,Tussen 2 bestuurders: Flank tegen flank,Geen hindernis
29555,88,Westerlo teller 1,Westerlo,51.082,4.91325,0.8836417577027954,51.08991537777578,4.914373579996918,2022,2,19,13049,Westerlo,Regenval,"Nat, plassen","Nacht, openbare verlichting aanwezig en ontstoken",met zwaargewonden,3,Fiets,9,personenauto,Op Kruispunt,Gewestweg,binnen bebouwde kom,Tss. 2 best.: langs opzij (voor-/achterkant-flank),Geen hindernis
29555,89,Westerlo teller 2,Westerlo,51.08191,4.91334,0.8930800777404031,51.08991537777578,4.914373579996918,2022,2,19,13049,Westerlo,Regenval,"Nat, plassen","Nacht, openbare verlichting aanwezig en ontstoken",met zwaargewonden,3,Fiets,9,personenauto,Op Kruispunt,Gewestweg,binnen bebouwde kom,Tss. 2 best.: langs opzij (voor-/achterkant-flank),Geen hindernis
29560,112,Geel teller 2,Westerlo,51.1354992,4.9394789,0.5303200074610022,51.14005419884654,4.9417317025174805,2022,2,7,13008,Geel,Onbekend,Onbekend,Onbekend,met lichtgewonden,3,Fiets,3,Fiets,Op Kruispunt,Gewestweg,buiten bebouwde kom,Tussen 2 bestuurders: Frontale botsing,Geen hindernis
29560,127,Geel totem,Westerlo,51.1342966,4.9400421,0.6509783709044377,51.14005419884654,4.9417317025174805,2022,2,7,13008,Geel,Onbekend,Onbekend,Onbekend,met lichtgewonden,3,Fiets,3,Fiets,Op Kruispunt,Gewestweg,buiten bebouwde kom,Tussen 2 bestuurders: Frontale botsing,Geen hindernis
29578,94,Herentals teller 2,Herentals,51.17345,4.81283,0.5534146959468862,51.175844405122206,4.819789352602936,2022,2,4,13011,Herentals,Onbekend,Onbekend,Onbekend,met lichtgewonden,3,Fiets,5,Lichte vrachtauto,Buiten Kruispunt,Gemeenteweg,onbekend,Tussen 2 bestuurders: Langs achteren,Geen hindernis
29578,110,Herentals totem,Herentals,51.1739426,4.811783,0.5968660700214328,51.175844405122206,4.819789352602936,2022,2,4,13011,Herentals,Onbekend,Onbekend,Onbekend,met lichtgewonden,3,Fiets,5,Lichte vrachtauto,Buiten Kruispunt,Gemeenteweg,onbekend,Tussen 2 bestuurders: Langs achteren,Geen hindernis
29582,38,Lommel teller 2,Lommel,51.23277,5.29189,0.3863536339047742,51.229666290728616,5.29438435283695,2022,2,8,72020,Lommel,Normaal,Droog,Dag,met lichtgewonden,9,personenauto,3,Fiets,Op Kruispunt,Gemeenteweg,binnen bebouwde kom,Tussen 2 bestuurders: Flank tegen flank,Geen hindernis
29582,37,Lommel teller 1,Lommel,51.23299,5.29211,0.40207758087918893,51.229666290728616,5.29438435283695,2022,2,8,72020,Lommel,Normaal,Droog,Dag,met lichtgewonden,9,personenauto,3,Fiets,Op Kruispunt,Gemeenteweg,binnen bebouwde kom,Tussen 2 bestuurders: Flank tegen flank,Geen hindernis
29583,46,Pelt teller 2,Pelt,51.231,5.44375,0.11132115817781028,51.230344334558595,5.442541806616629,2022,2,8,72043,Pelt,Normaal,Droog,Dag,met lichtgewonden,9,personenauto,3,Fiets,Op Kruispunt,Gewestweg,buiten bebouwde kom,Tss. 2 best.: langs opzij (voor-/achterkant-flank),Geen hindernis
29583,45,Pelt teller 1,Pelt,51.23127,5.44377,0.13381948955534398,51.230344334558595,5.442541806616629,2022,2,8,72043,Pelt,Normaal,Droog,Dag,met lichtgewonden,9,personenauto,3,Fiets,Op Kruispunt,Gewestweg,buiten bebouwde kom,Tss. 2 best.: langs opzij (voor-/achterkant-flank),Geen hindernis
29596,69,Leuven teller 1,Leuven,50.87549,4.71526,0.3362288346294117,50.87291123896333,4.71776227091801,2022,2,19,24062,Leuven,Onbekend,Onbekend,Onbekend,met lichtgewonden,3,Fiets,11,een weggebruiker tegen een hindernis,Buiten Kruispunt,Gewestweg,binnen bebouwde kom,Weggebruiker tegen hindernis buiten rijbaan,Andere hindernis
29603,107,leuven totem,Leuven,50.8870744,4.7087919,0.6862776744464713,50.88339355139172,4.716644618068392,2022,2,7,24062,Leuven,Onbekend,Onbekend,Dageraad - schemering,met lichtgewonden,3,Fiets,3,Fiets,Op Kruispunt,Gewestweg,binnen bebouwde kom,Tussen 2 bestuurders: Flank tegen flank,Geen hindernis
29603,77,Leuven teller 2,Leuven,50.88672,4.70796,0.7127239253434906,50.88339355139172,4.716644618068392,2022,2,7,24062,Leuven,Onbekend,Onbekend,Dageraad - schemering,met lichtgewonden,3,Fiets,3,Fiets,Op Kruispunt,Gewestweg,binnen bebouwde kom,Tussen 2 bestuurders: Flank tegen flank,Geen hindernis
29603,69,Leuven teller 1,Leuven,50.87549,4.71526,0.8841874546971654,50.88339355139172,4.716644618068392,2022,2,7,24062,Leuven,Onbekend,Onbekend,Dageraad - schemering,met lichtgewonden,3,Fiets,3,Fiets,Op Kruispunt,Gewestweg,binnen bebouwde kom,Tussen 2 bestuurders: Flank tegen flank,Geen hindernis
29604,151,Leuven,District Leuven,50.8690262,4.6854839,0.5551886064987733,50.864940357803114,4.680936903993892,2022,2,7,24062,Leuven,Normaal,Droog,"Nacht, openbare verlichting aanwezig en ontstoken",met zwaargewonden,9,personenauto,3,Fiets,Op Kruispunt,Gemeenteweg,buiten bebouwde kom,Tss. 2 best.: langs opzij (voor-/achterkant-flank),Geen hindernis
29618,111,Zaventem totem,Zaventem,50.8871216,4.4597084,0.8694725181940178,50.882145464450964,4.469268977637076,2022,2,13,23094,Zaventem,Normaal,Droog,Dag,met lichtgewonden,3,Fiets,5,Lichte vrachtauto,Op Kruispunt,Gemeenteweg,binnen bebouwde kom,Tussen 2 bestuurders: Frontale botsing,Geen hindernis
29619,145,Overijse,District Vilvoorde-gewestwegen,50.7885856,4.4908759,0.330688332193559,50.78802461626937,4.4954956729054105,2022,2,19,23062,Overijse,Normaal,"Nat, plassen","Nacht, openbare verlichting aanwezig en ontstoken",met lichtgewonden,3,Fiets,9,personenauto,Buiten Kruispunt,Gewestweg,buiten bebouwde kom,Tss. 2 best.: langs opzij (voor-/achterkant-flank),Geen hindernis
29619,146,Overijse 2,District Vilvoorde-gewestwegen,50.7881478,4.4902818,0.36677218882853974,50.78802461626937,4.4954956729054105,2022,2,19,23062,Overijse,Normaal,"Nat, plassen","Nacht, openbare verlichting aanwezig en ontstoken",met lichtgewonden,3,Fiets,9,personenauto,Buiten Kruispunt,Gewestweg,buiten bebouwde kom,Tss. 2 best.: langs opzij (voor-/achterkant-flank),Geen hindernis
29619,147,Overijse,District Vilvoorde-gewestwegen,50.7797555,4.4975769,0.9310524906142886,50.78802461626937,4.4954956729054105,2022,2,19,23062,Overijse,Normaal,"Nat, plassen","Nacht, openbare verlichting aanwezig en ontstoken",met lichtgewonden,3,Fiets,9,personenauto,Buiten Kruispunt,Gewestweg,buiten bebouwde kom,Tss. 2 best.: langs opzij (voor-/achterkant-flank),Geen hindernis
29620,148,Hoeilaart,District Leuven,50.76699493,4.44471001,0.992095432390324,50.76102214029613,4.455188770223501,2022,2,16,23033,Hoeilaart,Normaal,Droog,Dag,met lichtgewonden,3,Fiets,9,personenauto,Op Kruispunt,Gemeenteweg,binnen bebouwde kom,Tss. 2 best.: langs opzij (voor-/achterkant-flank),Geen hindernis
29622,86,Asse teller 2,Asse,50.89132,4.1709,0.983607620859108,50.88282891271368,4.166969075974398,2022,2,13,23086,Ternat,Normaal,Droog,Dag,met lichtgewonden,9,personenauto,3,Fiets,Op Kruispunt,Gewestweg,binnen bebouwde kom,Tss. 2 best.: langs opzij (voor-/achterkant-flank),Geen hindernis
29663,119,Gent teller 2,Gent,51.0281795,3.7683918,0.8049463238155439,51.0354183696091,3.7684744478480976,2022,2,9,44021,Gent,Normaal,Onbekend,Dag,met lichtgewonden,9,personenauto,3,Fiets,Buiten Kruispunt,Gemeenteweg,binnen bebouwde kom,Tss. 2 best.: langs opzij (voor-/achterkant-flank),Geen hindernis
29663,118,Gent teller 1,Gent,51.028049,3.7681359,0.8197784321877094,51.0354183696091,3.7684744478480976,2022,2,9,44021,Gent,Normaal,Onbekend,Dag,met lichtgewonden,9,personenauto,3,Fiets,Buiten Kruispunt,Gemeenteweg,binnen bebouwde kom,Tss. 2 best.: langs opzij (voor-/achterkant-flank),Geen hindernis
29683,116,Melle teller 2,Melle,50.9986113,3.8040599,0.5860114185059472,51.00213479534505,3.797832363211747,2022,2,16,44040,Melle,Normaal,Droog,Dag,met lichtgewonden,3,Fiets,10,"één bestuurder, geen hindernis",Op Kruispunt,Gemeenteweg,binnen bebouwde kom,"Eén bestuurder, geen hindernis (incl. val)",Geen hindernis
29683,117,Melle teller 1,Melle,50.9986113,3.8040599,0.5860114185059472,51.00213479534505,3.797832363211747,2022,2,16,44040,Melle,Normaal,Droog,Dag,met lichtgewonden,3,Fiets,10,"één bestuurder, geen hindernis",Op Kruispunt,Gemeenteweg,binnen bebouwde kom,"Eén bestuurder, geen hindernis (incl. val)",Geen hindernis
29689,116,Melle teller 2,Melle,50.9986113,3.8040599,0.8902774025625996,51.00580754853248,3.798482809141007,2022,1,8,44040,Melle,Normaal,Droog,Dag,met lichtgewonden,3,Fiets,10,"één bestuurder, geen hindernis",Buiten Kruispunt,Gemeenteweg,buiten bebouwde kom,"Eén bestuurder, geen hindernis (incl. val)",Geen hindernis
29689,117,Melle teller 1,Melle,50.9986113,3.8040599,0.8902774025625996,51.00580754853248,3.798482809141007,2022,1,8,44040,Melle,Normaal,Droog,Dag,met lichtgewonden,3,Fiets,10,"één bestuurder, geen hindernis",Buiten Kruispunt,Gemeenteweg,buiten bebouwde kom,"Eén bestuurder, geen hindernis (incl. val)",Geen hindernis
29725,120,Zele teller 1,Zele,51.0607671,4.0547741,0.19655468830832595,51.06246496984909,4.053991601352879,2022,2,2,42028,Zele,Onbekend,Droog,"Nacht, openbare verlichting aanwezig en ontstoken",met lichtgewonden,3,Fiets,11,een weggebruiker tegen een hindernis,Buiten Kruispunt,Gewestweg,buiten bebouwde kom,Weggebruiker tegen hindernis op de rijbaan,Op de rijbaan: Container
29725,121,Zele teller 2,Zele,51.0604067,4.0556696,0.25716229516434774,51.06246496984909,4.053991601352879,2022,2,2,42028,Zele,Onbekend,Droog,"Nacht, openbare verlichting aanwezig en ontstoken",met lichtgewonden,3,Fiets,11,een weggebruiker tegen een hindernis,Buiten Kruispunt,Gewestweg,buiten bebouwde kom,Weggebruiker tegen hindernis op de rijbaan,Op de rijbaan: Container
29736,10,Aalst 2,Aalst,50.93549,4.01571,0.697404764732453,50.94061351704706,4.009969365433014,2022,2,12,41002,Aalst,Normaal,Droog,Dag,Met doden,9,personenauto,3,Fiets,Buiten Kruispunt,Gewestweg,buiten bebouwde kom,Tss. 2 best.: langs opzij (voor-/achterkant-flank),Geen hindernis
29736,19,Aalst 1,Aalst,50.93433,4.01471,0.773641259646401,50.94061351704706,4.009969365433014,2022,2,12,41002,Aalst,Normaal,Droog,Dag,Met doden,9,personenauto,3,Fiets,Buiten Kruispunt,Gewestweg,buiten bebouwde kom,Tss. 2 best.: langs opzij (voor-/achterkant-flank),Geen hindernis
29736,11,Aalst 3,Aalst,50.93385,4.01647,0.8792600494906632,50.94061351704706,4.009969365433014,2022,2,12,41002,Aalst,Normaal,Droog,Dag,Met doden,9,personenauto,3,Fiets,Buiten Kruispunt,Gewestweg,buiten bebouwde kom,Tss. 2 best.: langs opzij (voor-/achterkant-flank),Geen hindernis
29744,125,Dendermonde totem,Dendermonde,51.0372706,4.1025998,0.6533961422277966,51.03289030099231,4.108828487845802,2022,2,10,42006,Dendermonde,Normaal,Droog,Dag,met lichtgewonden,9,personenauto,3,Fiets,Op Kruispunt,Gewestweg,binnen bebouwde kom,Tss. 2 best.: langs opzij (voor-/achterkant-flank),Geen hindernis