crash_row_id,site_id,site_name,site_gemeente,site_lat,site_long,distance_km,crash_lat,crash_long,DT_YEAR_COLLISION,DT_MONTH_COLLISION,DT_TIME,CD_NIS,TX_MUNTY_COLLISION_NL,TX_WEATHER_NL,TX_ROAD_CONDITION_NL,TX_LIGHT_CONDITION_NL,TX_CLASS_ACCIDENTS_NL,CD_ROAD_USR_TYPE1,TX_ROAD_USR_TYPE1_NL,CD_ROAD_USR_TYPE2,TX_ROAD_USR_TYPE2_NL,TX_CROSSWAY_NL,CD_ROAD_TYPE_NL,TX_BUILD_UP_AREA_NL,TX_COLLISION_TYPE_NL,TX_OBSTACLES_NL
29744,122,Dendermonde teller 2,Dendermonde,51.0373918,4.1019222,0.6955233863418621,51.03289030099231,4.108828487845802,2022,2,10,42006,Dendermonde,Normaal,Droog,Dag,met lichtgewonden,9,personenauto,3,Fiets,Op Kruispunt,Gewestweg,binnen bebouwde kom,Tss. 2 best.: langs opzij (voor-/achterkant-flank),Geen hindernis
29745,125,Dendermonde totem,Dendermonde,51.0372706,4.1025998,0.9406072717350198,51.04539635701931,4.106339239839676,2022,2,16,42006,Dendermonde,Normaal,Droog,Dag,met lichtgewonden,5,Lichte vrachtauto,3,Fiets,Op Kruispunt,Gewestweg,binnen bebouwde kom,Tss. 2 best.: langs opzij (voor-/achterkant-flank),Geen hindernis
29745,122,Dendermonde teller 2,Dendermonde,51.0373918,4.1019222,0.942117444502257,51.04539635701931,4.106339239839676,2022,2,16,42006,Dendermonde,Normaal,Droog,Dag,met lichtgewonden,5,Lichte vrachtauto,3,Fiets,Op Kruispunt,Gewestweg,binnen bebouwde kom,Tss. 2 best.: langs opzij (voor-/achterkant-flank),Geen hindernis
29792,84,Roeselare totem,Izegem,50.91717,3.18772,0.8033131087368257,50.91810995342121,3.1990818981284894,2022,2,8,36008,Izegem,Normaal,Droog,Dag,met lichtgewonden,3,Fiets,9,personenauto,Op Kruispunt,Gemeenteweg,binnen bebouwde kom,Tss. 2 best.: langs opzij (voor-/achterkant-flank),Geen hindernis
29802,16,Kortrijk 1,Kortrijk,50.83332,3.27777,0.5302007779196861,50.829384053265976,3.2735086413469356,2022,2,8,34022,Kortrijk,Normaal,Droog,Dag,met lichtgewonden,9,personenauto,3,Fiets,Buiten Kruispunt,Gewestweg,binnen bebouwde kom,Tussen 2 bestuurders: Flank tegen flank,Geen hindernis
29802,17,Kortrijk 2,Kortrijk,50.83339,3.27773,0.5350820858491453,50.829384053265976,3.2735086413469356,2022,2,8,34022,Kortrijk,Normaal,Droog,Dag,met lichtgewonden,9,personenauto,3,Fiets,Buiten Kruispunt,Gewestweg,binnen bebouwde kom,Tussen 2 bestuurders: Flank tegen flank,Geen hindernis
29802,143,Eco Display Classic Budastraat,Kortrijk,50.83066,3.26286,0.7612277811959143,50.829384053265976,3.2735086413469356,2022,2,8,34022,Kortrijk,Normaal,Droog,Dag,met lichtgewonden,9,personenauto,3,Fiets,Buiten Kruispunt,Gewestweg,binnen bebouwde kom,Tussen 2 bestuurders: Flank tegen flank,Geen hindernis
29805,143,Eco Display Classic Budastraat,Kortrijk,50.83066,3.26286,0.12730396249501053,50.8298998789663,3.264215441996384,2022,2,12,34022,Kortrijk,Normaal,Droog,Dag,met lichtgewonden,3,Fiets,5,Lichte vrachtauto,Buiten Kruispunt,Gemeenteweg,binnen bebouwde kom,Tss. 2 best.: langs opzij (voor-/achterkant-flank),Geen hindernis
29807,16,Kortrijk 1,Kortrijk,50.83332,3.27777,0.21832417881839467,50.831970869649936,3.2755113906272944,2022,2,11,34022,Kortrijk,Normaal,Droog,Dag,met lichtgewonden,9,personenauto,3,Fiets,Op Kruispunt,Gewestweg,binnen bebouwde kom,Tss. 2 best.: langs opzij (voor-/achterkant-flank),Geen hindernis
29807,17,Kortrijk 2,Kortrijk,50.83339,3.27773,0.22176124735677816,50.831970869649936,3.2755113906272944,2022,2,11,34022,Kortrijk,Normaal,Droog,Dag,met lichtgewonden,9,personenauto,3,Fiets,Op Kruispunt,Gewestweg,binnen bebouwde kom,Tss. 2 best.: langs opzij (voor-/achterkant-flank),Geen hindernis
29807,143,Eco Display Classic Budastraat,Kortrijk,50.83066,3.26286,0.9004009023142318,50.831970869649936,3.2755113906272944,2022,2,11,34022,Kortrijk,Normaal,Droog,Dag,met lichtgewonden,9,personenauto,3,Fiets,Op Kruispunt,Gewestweg,binnen bebouwde kom,Tss. 2 best.: langs opzij (voor-/achterkant-flank),Geen hindernis
29809,143,Eco Display Classic Budastraat,Kortrijk,50.83066,3.26286,0.5986265666591819,50.835108971480466,3.267659721912424,2022,2,16,34022,Kortrijk,Normaal,Droog,Dag,met lichtgewonden,3,Fiets,3,Fiets,Op Kruispunt,Gewestweg,binnen bebouwde kom,Tss. 2 best.: langs opzij (voor-/achterkant-flank),Geen hindernis
29809,17,Kortrijk 2,Kortrijk,50.83339,3.27773,0.7325799291945532,50.835108971480466,3.267659721912424,2022,2,16,34022,Kortrijk,Normaal,Droog,Dag,met lichtgewonden,3,Fiets,3,Fiets,Op Kruispunt,Gewestweg,binnen bebouwde kom,Tss. 2 best.: langs opzij (voor-/achterkant-flank),Geen hindernis
29809,16,Kortrijk 1,Kortrijk,50.83332,3.27777,0.7373542675788779,50.835108971480466,3.267659721912424,2022,2,16,34022,Kortrijk,Normaal,Droog,Dag,met lichtgewonden,3,Fiets,3,Fiets,Op Kruispunt,Gewestweg,binnen bebouwde kom,Tss. 2 best.: langs opzij (voor-/achterkant-flank),Geen hindernis
29822,66,Nieuwpoort totem,Nieuwpoort,51.1347,2.74369,0.2479931744600429,51.133193493220645,2.7463107577468704,2022,2,11,38016,Nieuwpoort,Normaal,Droog,Dag,met lichtgewonden,3,Fiets,3,Fiets,Op Kruispunt,Gewestweg,binnen bebouwde kom,Tss. 2 best.: langs opzij (voor-/achterkant-flank),Geen hindernis
29822,63,Nieuwpoort teller 3,Nieuwpoort,51.13529,2.74289,0.33363816146418956,51.133193493220645,2.7463107577468704,2022,2,11,38016,Nieuwpoort,Normaal,Droog,Dag,met lichtgewonden,3,Fiets,3,Fiets,Op Kruispunt,Gewestweg,binnen bebouwde kom,Tss. 2 best.: langs opzij (voor-/achterkant-flank),Geen hindernis
29822,65,Nieuwpoort teller 2,Nieuwpoort,51.13435,2.75511,0.6272926735335759,51.133193493220645,2.7463107577468704,2022,2,11,38016,Nieuwpoort,Normaal,Droog,Dag,met lichtgewonden,3,Fiets,3,Fiets,Op Kruispunt,Gewestweg,binnen bebouwde kom,Tss. 2 best.: langs opzij (voor-/achterkant-flank),Geen hindernis
29822,64,Nieuwpoort teller 1,Nieuwpoort,51.13359,2.75737,0.7729266598075841,51.133193493220645,2.7463107577468704,2022,2,11,38016,Nieuwpoort,Normaal,Droog,Dag,met lichtgewonden,3,Fiets,3,Fiets,Op Kruispunt,Gewestweg,binnen bebouwde kom,Tss. 2 best.: langs opzij (voor-/achterkant-flank),Geen hindernis
29837,106,St. pieters leeuw teller 1,Sint-Pieters-Leeuw,50.75533,4.24951,0.7656834020478085,50.76207890348303,4.25167096904075,2022,2,15,23077,Sint-Pieters-Leeuw,Normaal,Droog,Dag,met lichtgewonden,3,Fiets,9,personenauto,Buiten Kruispunt,Gewestweg,binnen bebouwde kom,Tussen 2 bestuurders: Flank tegen flank,Geen hindernis
29837,105,St. pieters leeuw teller 2,Halle,50.75509,4.24943,0.7929562635880355,50.76207890348303,4.25167096904075,2022,2,15,23077,Sint-Pieters-Leeuw,Normaal,Droog,Dag,met lichtgewonden,3,Fiets,9,personenauto,Buiten Kruispunt,Gewestweg,binnen bebouwde kom,Tussen 2 bestuurders: Flank tegen flank,Geen hindernis
29838,99,Mechelen teller 1,Mechelen,51.04564,4.46882,0.706054715779156,51.040520764182666,4.474794867987896,2022,2,18,12025,Mechelen,Onbekend,Onbekend,Onbekend,met lichtgewonden,9,personenauto,3,Fiets,Op Kruispunt,Gemeenteweg,binnen bebouwde kom,Tss. 2 best.: langs opzij (voor-/achterkant-flank),Geen hindernis
29838,100,Mechelen teller 2,Mechelen,51.0457,4.46883,0.7110340823135617,51.040520764182666,4.474794867987896,2022,2,18,12025,Mechelen,Onbekend,Onbekend,Onbekend,met lichtgewonden,9,personenauto,3,Fiets,Op Kruispunt,Gemeenteweg,binnen bebouwde kom,Tss. 2 best.: langs opzij (voor-/achterkant-flank),Geen hindernis
29841,99,Mechelen teller 1,Mechelen,51.04564,4.46882,0.9252929215151614,51.03736181098498,4.470166346490991,2022,2,15,12025,Mechelen,Normaal,Droog+Proper,Dag,met lichtgewonden,3,Fiets,3,Fiets,Buiten Kruispunt,Gemeenteweg,binnen bebouwde kom,Tussen 2 bestuurders: Langs achteren,Geen hindernis
29841,100,Mechelen teller 2,Mechelen,51.0457,4.46883,0.9318598888522246,51.03736181098498,4.470166346490991,2022,2,15,12025,Mechelen,Normaal,Droog+Proper,Dag,met lichtgewonden,3,Fiets,3,Fiets,Buiten Kruispunt,Gemeenteweg,binnen bebouwde kom,Tussen 2 bestuurders: Langs achteren,Geen hindernis
29848,99,Mechelen teller 1,Mechelen,51.04564,4.46882,0.6154023713210711,51.040436482694055,4.471818194898973,2022,2,16,12025,Mechelen,Normaal,Droog,Dag,met lichtgewonden,9,personenauto,3,Fiets,Op Kruispunt,Gewestweg,binnen bebouwde kom,Tss. 2 best.: langs opzij (voor-/achterkant-flank),Geen hindernis
29848,100,Mechelen teller 2,Mechelen,51.0457,4.46883,0.621443870541375,51.040436482694055,4.471818194898973,2022,2,16,12025,Mechelen,Normaal,Droog,Dag,met lichtgewonden,9,personenauto,3,Fiets,Op Kruispunt,Gewestweg,binnen bebouwde kom,Tss. 2 best.: langs opzij (voor-/achterkant-flank),Geen hindernis
29860,140,Hasselt ring,Hasselt,50.9300038,5.3438616,0.285344911225395,50.927470351001304,5.344509687615561,2022,2,18,71022,Hasselt,Normaal,"Nat, plassen","Nacht, openbare verlichting aanwezig en ontstoken",met lichtgewonden,3,Fiets,9,personenauto,Op Kruispunt,Gemeenteweg,binnen bebouwde kom,Tss. 2 best.: langs opzij (voor-/achterkant-flank),Geen hindernis
29871,14,Genk,Genk,50.97172,5.48927,0.703029729142124,50.967015882796616,5.495978155679936,2022,2,7,71016,Genk,Normaal,"Nat, plassen",Dageraad - schemering,met lichtgewonden,9,personenauto,3,Fiets,Buiten Kruispunt,Gewestweg,binnen bebouwde kom,Tss. 2 best.: langs opzij (voor-/achterkant-flank),Geen hindernis
29879,23,Tienen 3,Tienen,50.81324,4.93447,0.44626061487103547,50.81234260307698,4.928279192581891,2022,2,20,24107,Tienen,Normaal,Droog,Dageraad - schemering,met lichtgewonden,3,Fiets,10,"één bestuurder, geen hindernis",Op Kruispunt,Gewestweg,binnen bebouwde kom,"Eén bestuurder, geen hindernis (incl. val)",Geen hindernis
29879,24,Tienen 1,Tienen,50.8133795491886,4.935044252605416,0.4890926671396642,50.81234260307698,4.928279192581891,2022,2,20,24107,Tienen,Normaal,Droog,Dageraad - schemering,met lichtgewonden,3,Fiets,10,"één bestuurder, geen hindernis",Op Kruispunt,Gewestweg,binnen bebouwde kom,"Eén bestuurder, geen hindernis (incl. val)",Geen hindernis
29879,22,Tienen 2,Tienen,50.81330800184882,4.935984252796022,0.5518917063110345,50.81234260307698,4.928279192581891,2022,2,20,24107,Tienen,Normaal,Droog,Dageraad - schemering,met lichtgewonden,3,Fiets,10,"één bestuurder, geen hindernis",Op Kruispunt,Gewestweg,binnen bebouwde kom,"Eén bestuurder, geen hindernis (incl. val)",Geen hindernis
29880,23,Tienen 3,Tienen,50.81324,4.93447,0.6744883988545759,50.811035136800186,4.9255267829429465,2022,2,18,24107,Tienen,Normaal,"Nat, plassen","Nacht, openbare verlichting aanwezig en ontstoken",met zwaargewonden,3,Fiets,9,personenauto,Op Kruispunt,Gewestweg,binnen bebouwde kom,Tss. 2 best.: langs opzij (voor-/achterkant-flank),Geen hindernis
29880,24,Tienen 1,Tienen,50.8133795491886,4.935044252605416,0.7177151142919089,50.811035136800186,4.9255267829429465,2022,2,18,24107,Tienen,Normaal,"Nat, plassen","Nacht, openbare verlichting aanwezig en ontstoken",met zwaargewonden,3,Fiets,9,personenauto,Op Kruispunt,Gewestweg,binnen bebouwde kom,Tss. 2 best.: langs opzij (voor-/achterkant-flank),Geen hindernis
29880,22,Tienen 2,Tienen,50.81330800184882,4.935984252796022,0.7769947075419055,50.811035136800186,4.9255267829429465,2022,2,18,24107,Tienen,Normaal,"Nat, plassen","Nacht, openbare verlichting aanwezig en ontstoken",met zwaargewonden,3,Fiets,9,personenauto,Op Kruispunt,Gewestweg,binnen bebouwde kom,Tss. 2 best.: langs opzij (voor-/achterkant-flank),Geen hindernis
30032,89,Westerlo teller 2,Westerlo,51.08191,4.91334,0.5950896571867248,51.07670811782718,4.915341962678822,2022,3,16,13013,Herselt,Normaal,Droog,Dag,met lichtgewonden,5,Lichte vrachtauto,3,Fiets,Op Kruispunt,Gewestweg,buiten bebouwde kom,Tussen 2 bestuurders: Frontale botsing,Geen hindernis
30032,88,Westerlo teller 1,Westerlo,51.082,4.91325,0.6063060899812498,51.07670811782718,4.915341962678822,2022,3,16,13013,Herselt,Normaal,Droog,Dag,met lichtgewonden,5,Lichte vrachtauto,3,Fiets,Op Kruispunt,Gewestweg,buiten bebouwde kom,Tussen 2 bestuurders: Frontale botsing,Geen hindernis
30048,94,Herentals teller 2,Herentals,51.17345,4.81283,0.9472087083461662,51.17593495049247,4.8258262104373255,2022,3,15,13011,Herentals,Normaal,Droog,Dag,met lichtgewonden,9,personenauto,3,Fiets,Buiten Kruispunt,Gewestweg,binnen bebouwde kom,Tss. 2 best.: langs opzij (voor-/achterkant-flank),Geen hindernis
30055,37,Lommel teller 1,Lommel,51.23299,5.29211,0.3067279024623506,51.23285373218748,5.2965100262941105,2022,3,14,72020,Lommel,Normaal,Droog,Dag,met lichtgewonden,9,personenauto,3,Fiets,Op Kruispunt,Gewestweg,buiten bebouwde kom,Kettingbotsing (3 bestuurders of meer),Geen hindernis
30055,38,Lommel teller 2,Lommel,51.23277,5.29189,0.32180647871585716,51.23285373218748,5.2965100262941105,2022,3,14,72020,Lommel,Normaal,Droog,Dag,met lichtgewonden,9,personenauto,3,Fiets,Op Kruispunt,Gewestweg,buiten bebouwde kom,Kettingbotsing (3 bestuurders of meer),Geen hindernis
30086,151,Leuven,District Leuven,50.8690262,4.6854839,0.9416151220409008,50.868479585703604,4.698874015946121,2022,3,17,24062,Leuven,Normaal,Droog,Dag,met lichtgewonden,9,personenauto,3,Fiets,Op Kruispunt,Gewestweg,binnen bebouwde kom,Tss. 2 best.: langs opzij (voor-/achterkant-flank),Geen hindernis
30087,69,Leuven teller 1,Leuven,50.87549,4.71526,0.6711065449421809,50.877901576664385,4.706491783937833,2022,3,1,24062,Leuven,Normaal,Proper,"Nacht, openbare verlichting aanwezig en ontstoken",met lichtgewonden,3,Fiets,3,Fiets,Op Kruispunt,Gemeenteweg,binnen bebouwde kom,Tss. 2 best.: langs opzij (voor-/achterkant-flank),Geen hindernis
30087,77,Leuven teller 2,Leuven,50.88672,4.70796,0.9859589563244334,50.877901576664385,4.706491783937833,2022,3,1,24062,Leuven,Normaal,Proper,"Nacht, openbare verlichting aanwezig en ontstoken",met lichtgewonden,3,Fiets,3,Fiets,Op Kruispunt,Gemeenteweg,binnen bebouwde kom,Tss. 2 best.: langs opzij (voor-/achterkant-flank),Geen hindernis
30088,77,Leuven teller 2,Leuven,50.88672,4.70796,0.24809516870144685,50.888620423393796,4.706106947222132,2022,3,13,24062,Leuven,Normaal,Droog,Dag,met lichtgewonden,9,personenauto,3,Fiets,Buiten Kruispunt,Gemeenteweg,binnen bebouwde kom,Tss. 2 best.: langs opzij (voor-/achterkant-flank),Geen hindernis
30088,107,leuven totem,Leuven,50.8870744,4.7087919,0.2549995154333812,50.888620423393796,4.706106947222132,2022,3,13,24062,Leuven,Normaal,Droog,Dag,met lichtgewonden,9,personenauto,3,Fiets,Buiten Kruispunt,Gemeenteweg,binnen bebouwde kom,Tss. 2 best.: langs opzij (voor-/achterkant-flank),Geen hindernis
30090,151,Leuven,District Leuven,50.8690262,4.6854839,0.4877971888810473,50.8719282401724,4.690696896871564,2022,3,18,24062,Leuven,Normaal,Droog,Dag,met lichtgewonden,4,Vrachtwagen,3,Fiets,Op Kruispunt,Gewestweg,binnen bebouwde kom,Tss. 2 best.: langs opzij (voor-/achterkant-flank),Geen hindernis
30091,77,Leuven teller 2,Leuven,50.88672,4.70796,0.5916091334682231,50.88140269281494,4.708250684825997,2022,3,8,24062,Leuven,Normaal,Droog,Dag,met lichtgewonden,3,Fiets,9,personenauto,Buiten Kruispunt,Gemeenteweg,binnen bebouwde kom,Tussen 2 bestuurders: Langs achteren,Geen hindernis
30091,107,leuven totem,Leuven,50.8870744,4.7087919,0.6318068758955641,50.88140269281494,4.708250684825997,2022,3,8,24062,Leuven,Normaal,Droog,Dag,met lichtgewonden,3,Fiets,9,personenauto,Buiten Kruispunt,Gemeenteweg,binnen bebouwde kom,Tussen 2 bestuurders: Langs achteren,Geen hindernis
30091,69,Leuven teller 1,Leuven,50.87549,4.71526,0.8210356756379396,50.88140269281494,4.708250684825997,2022,3,8,24062,Leuven,Normaal,Droog,Dag,met lichtgewonden,3,Fiets,9,personenauto,Buiten Kruispunt,Gemeenteweg,binnen bebouwde kom,Tussen 2 bestuurders: Langs achteren,Geen hindernis
30092,77,Leuven teller 2,Leuven,50.88672,4.70796,0.6321381940645967,50.88103747070622,4.708223224850101,2022,3,8,24062,Leuven,Onbekend,Onbekend,Dag,met lichtgewonden,3,Fiets,4,Vrachtwagen,Buiten Kruispunt,Gemeenteweg,binnen bebouwde kom,Tss. 2 best.: langs opzij (voor-/achterkant-flank),Geen hindernis
30092,107,leuven totem,Leuven,50.8870744,4.7087919,0.6724602982725573,50.88103747070622,4.708223224850101,2022,3,8,24062,Leuven,Onbekend,Onbekend,Dag,met lichtgewonden,3,Fiets,4,Vrachtwagen,Buiten Kruispunt,Gemeenteweg,binnen bebouwde kom,Tss. 2 best.: langs opzij (voor-/achterkant-flank),Geen hindernis
30092,69,Leuven teller 1,Leuven,50.87549,4.71526,0.7900944432505529,50.88103747070622,4.708223224850101,2022,3,8,24062,Leuven,Onbekend,Onbekend,Dag,met lichtgewonden,3,Fiets,4,Vrachtwagen,Buiten Kruispunt,Gemeenteweg,binnen bebouwde kom,Tss. 2 best.: langs opzij (voor-/achterkant-flank),Geen hindernis
30099,151,Leuven,District Leuven,50.8690262,4.6854839,0.8415554601966923,50.861481571834304,4.686431377818839,2022,3,12,24062,Leuven,Normaal,Droog,Dag,met lichtgewonden,9,personenauto,3,Fiets,Buiten Kruispunt,Gemeenteweg,binnen bebouwde kom,Tss. 2 best.: langs opzij (voor-/achterkant-flank),Geen hindernis
30101,69,Leuven teller 1,Leuven,50.87549,4.71526,0.9799906496706351,50.874340496268694,4.729107491537166,2022,3,16,24062,Leuven,Normaal,Droog,Dag,met lichtgewonden,9,personenauto,3,Fiets,Op Kruispunt,Gemeenteweg,binnen bebouwde kom,Tussen 2 bestuurders: Flank tegen flank,Geen hindernis
30102,69,Leuven teller 1,Leuven,50.87549,4.71526,0.0186206151933724,50.87548490640663,4.7149947390283105,2022,3,17,24062,Leuven,Normaal,Droog,Dag,met lichtgewonden,7,Motorfiets,3,Fiets,Buiten Kruispunt,Gewestweg,binnen bebouwde kom,Tussen 2 bestuurders: Frontale botsing,Geen hindernis
30103,151,Leuven,District Leuven,50.8690262,4.6854839,0.9845139607059139,50.87287058443601,4.698122420041731,2022,3,2,24062,Leuven,Normaal,Droog,"Nacht, openbare verlichting aanwezig en ontstoken",met lichtgewonden,3,Fiets,3,Fiets,Op Kruispunt,Gemeenteweg,binnen bebouwde kom,Tss. 2 best.: langs opzij (voor-/achterkant-flank),Geen hindernis
30106,77,Leuven teller 2,Leuven,50.88672,4.70796,0.8392078484855598,50.88126115672945,4.699699301401921,2022,3,14,24062,Leuven,Normaal,Droog,Dag,met lichtgewonden,9,personenauto,3,Fiets,Buiten Kruispunt,Gemeenteweg,binnen bebouwde kom,Tussen 2 bestuurders: Flank tegen flank,Geen hindernis
30106,107,leuven totem,Leuven,50.8870744,4.7087919,0.908132745664166,50.88126115672945,4.699699301401921,2022,3,14,24062,Leuven,Normaal,Droog,Dag,met lichtgewonden,9,personenauto,3,Fiets,Buiten Kruispunt,Gemeenteweg,binnen bebouwde kom,Tussen 2 bestuurders: Flank tegen flank,Geen hindernis
30110,87,Aarschot,Aarschot,50.99084,4.81259,0.02607064236629949,50.9906931266545,4.812880341990024,2022,3,20,24001,Aarschot,Normaal,"Nat, plassen","Nacht, openbare verlichting aanwezig en ontstoken",Met doden,4,Vrachtwagen,3,Fiets,Op Kruispunt,Gewestweg,buiten bebouwde kom,Tss. 2 best.: langs opzij (voor-/achterkant-flank),Geen hindernis
30119,111,Zaventem totem,Zaventem,50.8871216,4.4597084,0.8851884327668648,50.89028291148818,4.471290105172656,2022,3,16,23094,Zaventem,Normaal,Droog,Dag,met lichtgewonden,5,Lichte vrachtauto,3,Fiets,Buiten Kruispunt,Gewestweg,binnen bebouwde kom,Tss. 2 best.: langs opzij (voor-/achterkant-flank),Geen hindernis
30135,27,Grimbergen,Meise,50.92127,4.34013,0.5044303648567043,50.91780798532645,4.335479818798123,2022,3,20,23025,Grimbergen,Onbekend,Onbekend,Onbekend,met lichtgewonden,9,personenauto,3,Fiets,Buiten Kruispunt,Gemeenteweg,onbekend,Tussen 2 bestuurders: Flank tegen flank,Geen hindernis
30154,13,Gent,Gent,51.03018,3.70146,0.5858071337538745,51.03351785559114,3.7079412439723187,2022,3,0,44021,Gent,Normaal,Droog,"Nacht, openb. verlicht. aanw., maar niet ontstoken",met zwaargewonden,2,Andere weggebruiker,3,Fiets,Buiten Kruispunt,Gewestweg,binnen bebouwde kom,Tss. 2 best.: langs opzij (voor-/achterkant-flank),Geen hindernis
30206,116,Melle teller 2,Melle,50.9986113,3.8040599,0.6116690938813926,51.003593950692824,3.8003560796757063,2022,3,16,44040,Melle,Normaal,Droog,Dag,met lichtgewonden,3,Fiets,9,personenauto,Op Kruispunt,Gewestweg,binnen bebouwde kom,Tss. 2 best.: langs opzij (voor-/achterkant-flank),Geen hindernis
30206,117,Melle teller 1,Melle,50.9986113,3.8040599,0.6116690938813926,51.003593950692824,3.8003560796757063,2022,3,16,44040,Melle,Normaal,Droog,Dag,met lichtgewonden,3,Fiets,9,personenauto,Op Kruispunt,Gewestweg,binnen bebouwde kom,Tss. 2 best.: langs opzij (voor-/achterkant-flank),Geen hindernis
30215,6,Evergem 2,Evergem,51.10894,3.70298,0.15380427104690908,51.10825433658971,3.701066651769457,2022,3,15,44019,Evergem,Normaal,Droog,Dag,met lichtgewonden,9,personenauto,3,Fiets,Buiten Kruispunt,Gemeenteweg,binnen bebouwde kom,Tussen 2 bestuurders: Flank tegen flank,Geen hindernis
30215,7,Evergem 1,Evergem,51.1089,3.70317,0.1634532357172739,51.10825433658971,3.701066651769457,2022,3,15,44019,Evergem,Normaal,Droog,Dag,met lichtgewonden,9,personenauto,3,Fiets,Buiten Kruispunt,Gemeenteweg,binnen bebouwde kom,Tussen 2 bestuurders: Flank tegen flank,Geen hindernis
30262,120,Zele teller 1,Zele,51.0607671,4.0547741,0.46486612181531656,51.06433220540526,4.0512997566059035,2022,3,4,42028,Zele,Normaal,Droog,"Nacht, openbare verlichting aanwezig en ontstoken",met lichtgewonden,3,Fiets,10,"één bestuurder, geen hindernis",Buiten Kruispunt,Gewestweg,binnen bebouwde kom,"Eén bestuurder, geen hindernis (incl. val)",Geen hindernis
30262,121,Zele teller 2,Zele,51.0604067,4.0556696,0.5327146743568302,51.06433220540526,4.0512997566059035,2022,3,4,42028,Zele,Normaal,Droog,"Nacht, openbare verlichting aanwezig en ontstoken",met lichtgewonden,3,Fiets,10,"één bestuurder, geen hindernis",Buiten Kruispunt,Gewestweg,binnen bebouwde kom,"Eén bestuurder, geen hindernis (incl. val)",Geen hindernis
30285,122,Dendermonde teller 2,Dendermonde,51.0373918,4.1019222,0.11770981864713138,51.038430868360685,4.102244015477858,2022,3,1,42006,Dendermonde,Normaal,Droog,"Nacht, openbare verlichting aanwezig en ontstoken",dodelijk gewonden,3,Fiets,10,"één bestuurder, geen hindernis",Buiten Kruispunt,Gewestweg,binnen bebouwde kom,"Eén bestuurder, geen hindernis (incl. val)",Geen hindernis
30285,125,Dendermonde totem,Dendermonde,51.0372706,4.1025998,0.13139237802529977,51.038430868360685,4.102244015477858,2022,3,1,42006,Dendermonde,Normaal,Droog,"Nacht, openbare verlichting aanwezig en ontstoken",dodelijk gewonden,3,Fiets,10,"één bestuurder, geen hindernis",Buiten Kruispunt,Gewestweg,binnen bebouwde kom,"Eén bestuurder, geen hindernis (incl. val)",Geen hindernis
30290,142,TEST Validatie BRUGGE Y2H22022134,Brugge,51.22632,3.24095,0.228595227394431,51.22458662051933,3.2391850372490483,2022,3,14,31005,Brugge,Normaal,Droog,Dag,met lichtgewonden,3,Fiets,9,personenauto,Buiten Kruispunt,Gewestweg,binnen bebouwde kom,Tss. 2 best.: langs opzij (voor-/achterkant-flank),Geen hindernis
30290,52,Brugge,Brugge,51.22632,3.24095,0.228595227394431,51.22458662051933,3.2391850372490483,2022,3,14,31005,Brugge,Normaal,Droog,Dag,met lichtgewonden,3,Fiets,9,personenauto,Buiten Kruispunt,Gewestweg,binnen bebouwde kom,Tss. 2 best.: langs opzij (voor-/achterkant-flank),Geen hindernis
30290,54,Brugge teller 2,Brugge,51.23015,3.22818,0.9848552274597852,51.22458662051933,3.2391850372490483,2022,3,14,31005,Brugge,Normaal,Droog,Dag,met lichtgewonden,3,Fiets,9,personenauto,Buiten Kruispunt,Gewestweg,binnen bebouwde kom,Tss. 2 best.: langs opzij (voor-/achterkant-flank),Geen hindernis
30316,18,Oostende 1,Oostende,51.21378,2.92765,0.7809773358409479,51.21938175349684,2.9344138522903527,2022,3,13,35013,Oostende,Normaal,Droog,Dag,met zwaargewonden,9,personenauto,3,Fiets,Buiten Kruispunt,Gemeenteweg,binnen bebouwde kom,Tss. 2 best.: langs opzij (voor-/achterkant-flank),Geen hindernis
30316,15,Oostende 2,Oostende,51.21371,2.92743,0.7964643310427504,51.21938175349684,2.9344138522903527,2022,3,13,35013,Oostende,Normaal,Droog,Dag,met zwaargewonden,9,personenauto,3,Fiets,Buiten Kruispunt,Gemeenteweg,binnen bebouwde kom,Tss. 2 best.: langs opzij (voor-/achterkant-flank),Geen hindernis
30324,56,Torhout teller 2,Torhout,51.07147,3.08244,0.8254504367977711,51.065921726357814,3.0745913953383845,2022,3,16,31033,Torhout,Normaal,Droog,Dag,met lichtgewonden,9,personenauto,3,Fiets,Op Kruispunt,Gemeenteweg,binnen bebouwde kom,Tussen 2 bestuurders: Langs achteren,Geen hindernis
30324,55,Torhout teller 1,Torhout,51.07161,3.08261,0.8449779073319204,51.065921726357814,3.0745913953383845,2022,3,16,31033,Torhout,Normaal,Droog,Dag,met lichtgewonden,9,personenauto,3,Fiets,Op Kruispunt,Gemeenteweg,binnen bebouwde kom,Tussen 2 bestuurders: Langs achteren,Geen hindernis
30345,143,Eco Display Classic Budastraat,Kortrijk,50.83066,3.26286,0.7008844133125472,50.83694195244267,3.2620411362472264,2022,3,8,34022,Kortrijk,Normaal,Droog,Dag,met zwaargewonden,5,Lichte vrachtauto,3,Fiets,Buiten Kruispunt,Gewestweg,binnen bebouwde kom,Tss. 2 best.: langs opzij (voor-/achterkant-flank),Geen hindernis
30347,16,Kortrijk 1,Kortrijk,50.83332,3.27777,0.33020065881587596,50.83099004469582,3.2748550042174243,2022,3,12,34022,Kortrijk,Normaal,Droog,Dag,met lichtgewonden,9,personenauto,3,Fiets,Buiten Kruispunt,Gemeenteweg,binnen bebouwde kom,Tss. 2 best.: langs opzij (voor-/achterkant-flank),Geen hindernis