crash_row_id,site_id,site_name,site_gemeente,site_lat,site_long,distance_km,crash_lat,crash_long,DT_YEAR_COLLISION,DT_MONTH_COLLISION,DT_TIME,CD_NIS,TX_MUNTY_COLLISION_NL,TX_WEATHER_NL,TX_ROAD_CONDITION_NL,TX_LIGHT_CONDITION_NL,TX_CLASS_ACCIDENTS_NL,CD_ROAD_USR_TYPE1,TX_ROAD_USR_TYPE1_NL,CD_ROAD_USR_TYPE2,TX_ROAD_USR_TYPE2_NL,TX_CROSSWAY_NL,CD_ROAD_TYPE_NL,TX_BUILD_UP_AREA_NL,TX_COLLISION_TYPE_NL,TX_OBSTACLES_NL
30347,17,Kortrijk 2,Kortrijk,50.83339,3.27773,0.3346398802074144,50.83099004469582,3.2748550042174243,2022,3,12,34022,Kortrijk,Normaal,Droog,Dag,met lichtgewonden,9,personenauto,3,Fiets,Buiten Kruispunt,Gemeenteweg,binnen bebouwde kom,Tss. 2 best.: langs opzij (voor-/achterkant-flank),Geen hindernis
30347,143,Eco Display Classic Budastraat,Kortrijk,50.83066,3.26286,0.8432331194564601,50.83099004469582,3.2748550042174243,2022,3,12,34022,Kortrijk,Normaal,Droog,Dag,met lichtgewonden,9,personenauto,3,Fiets,Buiten Kruispunt,Gemeenteweg,binnen bebouwde kom,Tss. 2 best.: langs opzij (voor-/achterkant-flank),Geen hindernis
30348,143,Eco Display Classic Budastraat,Kortrijk,50.83066,3.26286,0.4483739594053283,50.83322348825825,3.25793188815185,2022,3,17,34022,Kortrijk,Normaal,Droog,Dag,met lichtgewonden,9,personenauto,3,Fiets,Buiten Kruispunt,Gewestweg,binnen bebouwde kom,Tussen 2 bestuurders: Langs achteren,Geen hindernis
30362,65,Nieuwpoort teller 2,Nieuwpoort,51.13435,2.75511,0.7894145690595052,51.12800527204674,2.750034287242202,2022,3,8,38016,Nieuwpoort,Regenval,"Nat, plassen",Dag,met zwaargewonden,3,Fiets,9,personenauto,Buiten Kruispunt,Gemeenteweg,binnen bebouwde kom,Tussen 2 bestuurders: Langs achteren,Geen hindernis
30362,64,Nieuwpoort teller 1,Nieuwpoort,51.13359,2.75737,0.8047723207995141,51.12800527204674,2.750034287242202,2022,3,8,38016,Nieuwpoort,Regenval,"Nat, plassen",Dag,met zwaargewonden,3,Fiets,9,personenauto,Buiten Kruispunt,Gemeenteweg,binnen bebouwde kom,Tussen 2 bestuurders: Langs achteren,Geen hindernis
30362,66,Nieuwpoort totem,Nieuwpoort,51.1347,2.74369,0.8661073979749545,51.12800527204674,2.750034287242202,2022,3,8,38016,Nieuwpoort,Regenval,"Nat, plassen",Dag,met zwaargewonden,3,Fiets,9,personenauto,Buiten Kruispunt,Gemeenteweg,binnen bebouwde kom,Tussen 2 bestuurders: Langs achteren,Geen hindernis
30362,63,Nieuwpoort teller 3,Nieuwpoort,51.13529,2.74289,0.9511361514088635,51.12800527204674,2.750034287242202,2022,3,8,38016,Nieuwpoort,Regenval,"Nat, plassen",Dag,met zwaargewonden,3,Fiets,9,personenauto,Buiten Kruispunt,Gemeenteweg,binnen bebouwde kom,Tussen 2 bestuurders: Langs achteren,Geen hindernis
30363,66,Nieuwpoort totem,Nieuwpoort,51.1347,2.74369,0.4104357048258399,51.13232154464945,2.748188216467663,2022,3,16,38016,Nieuwpoort,Normaal,Droog,Dag,met lichtgewonden,3,Fiets,9,personenauto,Buiten Kruispunt,Gemeenteweg,binnen bebouwde kom,Tussen 2 bestuurders: Langs achteren,Geen hindernis
30363,63,Nieuwpoort teller 3,Nieuwpoort,51.13529,2.74289,0.4955980466787692,51.13232154464945,2.748188216467663,2022,3,16,38016,Nieuwpoort,Normaal,Droog,Dag,met lichtgewonden,3,Fiets,9,personenauto,Buiten Kruispunt,Gemeenteweg,binnen bebouwde kom,Tussen 2 bestuurders: Langs achteren,Geen hindernis
30363,65,Nieuwpoort teller 2,Nieuwpoort,51.13435,2.75511,0.5330463935334514,51.13232154464945,2.748188216467663,2022,3,16,38016,Nieuwpoort,Normaal,Droog,Dag,met lichtgewonden,3,Fiets,9,personenauto,Buiten Kruispunt,Gemeenteweg,binnen bebouwde kom,Tussen 2 bestuurders: Langs achteren,Geen hindernis
30363,64,Nieuwpoort teller 1,Nieuwpoort,51.13359,2.75737,0.6560150018500494,51.13232154464945,2.748188216467663,2022,3,16,38016,Nieuwpoort,Normaal,Droog,Dag,met lichtgewonden,3,Fiets,9,personenauto,Buiten Kruispunt,Gemeenteweg,binnen bebouwde kom,Tussen 2 bestuurders: Langs achteren,Geen hindernis
30369,67,Ieper totem,Ieper,50.85018,2.85624,0.7576194152845133,50.84893288670136,2.8668493850728813,2022,3,7,33011,Ieper,Normaal,"Nat, plassen",Dag,met zwaargewonden,9,personenauto,3,Fiets,Op Kruispunt,Gewestweg,binnen bebouwde kom,Tss. 2 best.: langs opzij (voor-/achterkant-flank),Geen hindernis
30369,68,Ieper,Ieper,50.85032,2.85608,0.7716242990480393,50.84893288670136,2.8668493850728813,2022,3,7,33011,Ieper,Normaal,"Nat, plassen",Dag,met zwaargewonden,9,personenauto,3,Fiets,Op Kruispunt,Gewestweg,binnen bebouwde kom,Tss. 2 best.: langs opzij (voor-/achterkant-flank),Geen hindernis
30389,109,Zemst,Zemst,50.9903936,4.4707023,0.6386534918863332,50.99566617742004,4.474321184241444,2022,3,15,12025,Mechelen,Normaal,Droog,Dag,met lichtgewonden,9,personenauto,3,Fiets,Op Kruispunt,Gewestweg,buiten bebouwde kom,Tss. 2 best.: langs opzij (voor-/achterkant-flank),Geen hindernis
30394,140,Hasselt ring,Hasselt,50.9300038,5.3438616,0.8204717770822851,50.93454722955093,5.334636580319544,2022,3,13,71022,Hasselt,Normaal,Droog,Dag,met lichtgewonden,3,Fiets,11,een weggebruiker tegen een hindernis,Buiten Kruispunt,Gemeenteweg,binnen bebouwde kom,Weggebruiker tegen hindernis op de rijbaan,"Op de rijbaan: Werken (signal., aarde, toestel,…)"
30394,138,Hasselt-Kempische brug,Hasselt,50.9405318,5.3422472,0.8527740719487137,50.93454722955093,5.334636580319544,2022,3,13,71022,Hasselt,Normaal,Droog,Dag,met lichtgewonden,3,Fiets,11,een weggebruiker tegen een hindernis,Buiten Kruispunt,Gemeenteweg,binnen bebouwde kom,Weggebruiker tegen hindernis op de rijbaan,"Op de rijbaan: Werken (signal., aarde, toestel,…)"
30394,137,Hasselt-Kempische brug,Hasselt,50.9411605,5.3417576,0.8886703119534262,50.93454722955093,5.334636580319544,2022,3,13,71022,Hasselt,Normaal,Droog,Dag,met lichtgewonden,3,Fiets,11,een weggebruiker tegen een hindernis,Buiten Kruispunt,Gemeenteweg,binnen bebouwde kom,Weggebruiker tegen hindernis op de rijbaan,"Op de rijbaan: Werken (signal., aarde, toestel,…)"
30396,138,Hasselt-Kempische brug,Hasselt,50.9405318,5.3422472,0.9703355990670924,50.943850489135244,5.355055797449063,2022,3,17,71022,Hasselt,Normaal,Droog,Dag,met lichtgewonden,9,personenauto,3,Fiets,Buiten Kruispunt,Gemeenteweg,binnen bebouwde kom,Tussen 2 bestuurders: Frontale botsing,Geen hindernis
30396,137,Hasselt-Kempische brug,Hasselt,50.9411605,5.3417576,0.9785590613713251,50.943850489135244,5.355055797449063,2022,3,17,71022,Hasselt,Normaal,Droog,Dag,met lichtgewonden,9,personenauto,3,Fiets,Buiten Kruispunt,Gemeenteweg,binnen bebouwde kom,Tussen 2 bestuurders: Frontale botsing,Geen hindernis
30399,140,Hasselt ring,Hasselt,50.9300038,5.3438616,0.7403783348521825,50.932431887834895,5.334024477853193,2022,3,9,71022,Hasselt,Normaal,Droog,Dag,met lichtgewonden,9,personenauto,3,Fiets,Op Kruispunt,Gewestweg,binnen bebouwde kom,Tss. 2 best.: langs opzij (voor-/achterkant-flank),Geen hindernis
30419,14,Genk,Genk,50.97172,5.48927,0.4648293729448624,50.97588350071017,5.489864774986192,2022,3,5,71016,Genk,Normaal,Droog,"Nacht, openbare verlichting aanwezig en ontstoken",met lichtgewonden,9,personenauto,3,Fiets,Op Kruispunt,Gemeenteweg,binnen bebouwde kom,Tss. 2 best.: langs opzij (voor-/achterkant-flank),Geen hindernis
30423,14,Genk,Genk,50.97172,5.48927,0.9560957679995871,50.96507220308019,5.497929537935157,2022,3,21,71016,Genk,Normaal,Droog,Onbekend,met lichtgewonden,3,Fiets,10,"één bestuurder, geen hindernis",Buiten Kruispunt,Gemeenteweg,binnen bebouwde kom,"Eén bestuurder, geen hindernis (incl. val)",Geen hindernis
30573,133,Gierde Lille Totem,Lille,51.2453915,4.8297416,0.8591792559282357,51.2384705804849,4.824253543910048,2022,4,9,13019,Lille,Normaal,Droog,Dag,met lichtgewonden,9,personenauto,3,Fiets,Op Kruispunt,Gewestweg,binnen bebouwde kom,Tussen 2 bestuurders: Flank tegen flank,Geen hindernis
30573,132,Gierde lille,Lille,51.245445,4.8298851,0.8689722150307929,51.2384705804849,4.824253543910048,2022,4,9,13019,Lille,Normaal,Droog,Dag,met lichtgewonden,9,personenauto,3,Fiets,Op Kruispunt,Gewestweg,binnen bebouwde kom,Tussen 2 bestuurders: Flank tegen flank,Geen hindernis
30582,127,Geel totem,Westerlo,51.1342966,4.9400421,0.2678254734538555,51.13204096413722,4.93869598910677,2022,4,14,13049,Westerlo,Normaal,Droog,Dag,met lichtgewonden,3,Fiets,3,Fiets,Buiten Kruispunt,Gewestweg,buiten bebouwde kom,Kettingbotsing (3 bestuurders of meer),Geen hindernis
30582,112,Geel teller 2,Westerlo,51.1354992,4.9394789,0.3883991393010938,51.13204096413722,4.93869598910677,2022,4,14,13049,Westerlo,Normaal,Droog,Dag,met lichtgewonden,3,Fiets,3,Fiets,Buiten Kruispunt,Gewestweg,buiten bebouwde kom,Kettingbotsing (3 bestuurders of meer),Geen hindernis
30583,127,Geel totem,Westerlo,51.1342966,4.9400421,0.49916929311957714,51.130040345272626,4.942316288207641,2022,4,16,13049,Westerlo,Normaal,Droog,Dag,met lichtgewonden,3,Fiets,3,Fiets,Buiten Kruispunt,Gemeenteweg,binnen bebouwde kom,Tussen 2 bestuurders: Frontale botsing,Geen hindernis
30583,112,Geel teller 2,Westerlo,51.1354992,4.9394789,0.6384691941565184,51.130040345272626,4.942316288207641,2022,4,16,13049,Westerlo,Normaal,Droog,Dag,met lichtgewonden,3,Fiets,3,Fiets,Buiten Kruispunt,Gemeenteweg,binnen bebouwde kom,Tussen 2 bestuurders: Frontale botsing,Geen hindernis
30593,94,Herentals teller 2,Herentals,51.17345,4.81283,0.17239834756055072,51.17433445444428,4.814861062511641,2022,4,22,13011,Herentals,Normaal,Droog,"Nacht, openbare verlichting aanwezig en ontstoken",met zwaargewonden,9,personenauto,3,Fiets,Buiten Kruispunt,Gewestweg,buiten bebouwde kom,Tss. 2 best.: langs opzij (voor-/achterkant-flank),Geen hindernis
30593,110,Herentals totem,Herentals,51.1739426,4.811783,0.2189639546606435,51.17433445444428,4.814861062511641,2022,4,22,13011,Herentals,Normaal,Droog,"Nacht, openbare verlichting aanwezig en ontstoken",met zwaargewonden,9,personenauto,3,Fiets,Buiten Kruispunt,Gewestweg,buiten bebouwde kom,Tss. 2 best.: langs opzij (voor-/achterkant-flank),Geen hindernis
30629,69,Leuven teller 1,Leuven,50.87549,4.71526,0.9105527180481875,50.87096591587751,4.726076487177475,2022,4,7,24062,Leuven,Onbekend,Onbekend,Onbekend,met lichtgewonden,9,personenauto,3,Fiets,Buiten Kruispunt,Gewestweg,onbekend,Tss. 2 best.: langs opzij (voor-/achterkant-flank),Geen hindernis
30630,77,Leuven teller 2,Leuven,50.88672,4.70796,0.9136710023276265,50.881976357141546,4.697325348773542,2022,4,23,24062,Leuven,Onbekend,Onbekend,Onbekend,met lichtgewonden,3,Fiets,9,personenauto,Op Kruispunt,Gemeenteweg,binnen bebouwde kom,Tss. 2 best.: langs opzij (voor-/achterkant-flank),Geen hindernis
30630,107,leuven totem,Leuven,50.8870744,4.7087919,0.9840716301590041,50.881976357141546,4.697325348773542,2022,4,23,24062,Leuven,Onbekend,Onbekend,Onbekend,met lichtgewonden,3,Fiets,9,personenauto,Op Kruispunt,Gemeenteweg,binnen bebouwde kom,Tss. 2 best.: langs opzij (voor-/achterkant-flank),Geen hindernis
30633,69,Leuven teller 1,Leuven,50.87549,4.71526,0.6235690129426085,50.881013247214604,4.713721639827605,2022,4,17,24062,Leuven,Normaal,Droog,Dag,met lichtgewonden,6,Bromfiets,3,Fiets,Buiten Kruispunt,Gemeenteweg,binnen bebouwde kom,Tussen 2 bestuurders: Langs achteren,Geen hindernis
30633,77,Leuven teller 2,Leuven,50.88672,4.70796,0.7523563168165314,50.881013247214604,4.713721639827605,2022,4,17,24062,Leuven,Normaal,Droog,Dag,met lichtgewonden,6,Bromfiets,3,Fiets,Buiten Kruispunt,Gemeenteweg,binnen bebouwde kom,Tussen 2 bestuurders: Langs achteren,Geen hindernis
30633,107,leuven totem,Leuven,50.8870744,4.7087919,0.7575182425556692,50.881013247214604,4.713721639827605,2022,4,17,24062,Leuven,Normaal,Droog,Dag,met lichtgewonden,6,Bromfiets,3,Fiets,Buiten Kruispunt,Gemeenteweg,binnen bebouwde kom,Tussen 2 bestuurders: Langs achteren,Geen hindernis
30636,69,Leuven teller 1,Leuven,50.87549,4.71526,0.6647191502456404,50.876263341607995,4.724654146839572,2022,4,8,24062,Leuven,Normaal,Droog,Dag,met lichtgewonden,3,Fiets,5,Lichte vrachtauto,Buiten Kruispunt,Gemeenteweg,binnen bebouwde kom,Tss. 2 best.: langs opzij (voor-/achterkant-flank),Geen hindernis
30637,77,Leuven teller 2,Leuven,50.88672,4.70796,0.8162536829958271,50.88054763852326,4.701661869068194,2022,4,11,24062,Leuven,Normaal,Droog,Dag,met lichtgewonden,3,Fiets,9,personenauto,Buiten Kruispunt,Gemeenteweg,binnen bebouwde kom,Tussen 2 bestuurders: Langs achteren,Geen hindernis
30637,107,leuven totem,Leuven,50.8870744,4.7087919,0.8814141313640451,50.88054763852326,4.701661869068194,2022,4,11,24062,Leuven,Normaal,Droog,Dag,met lichtgewonden,3,Fiets,9,personenauto,Buiten Kruispunt,Gemeenteweg,binnen bebouwde kom,Tussen 2 bestuurders: Langs achteren,Geen hindernis
30638,69,Leuven teller 1,Leuven,50.87549,4.71526,0.72555852315512,50.86989487548097,4.70993975682235,2022,4,12,24062,Leuven,Normaal,"Nat, plassen",Dag,met lichtgewonden,9,personenauto,3,Fiets,Op Kruispunt,Gewestweg,buiten bebouwde kom,Tss. 2 best.: langs opzij (voor-/achterkant-flank),Geen hindernis
30643,77,Leuven teller 2,Leuven,50.88672,4.70796,0.7952999249734793,50.87970129205744,4.705779105644577,2022,4,13,24062,Leuven,Onbekend,Onbekend,Dag,met lichtgewonden,3,Fiets,2,Andere weggebruiker,Op Kruispunt,Gemeenteweg,binnen bebouwde kom,Tussen 2 bestuurders: Langs achteren,Geen hindernis
30643,69,Leuven teller 1,Leuven,50.87549,4.71526,0.8134899797071663,50.87970129205744,4.705779105644577,2022,4,13,24062,Leuven,Onbekend,Onbekend,Dag,met lichtgewonden,3,Fiets,2,Andere weggebruiker,Op Kruispunt,Gemeenteweg,binnen bebouwde kom,Tussen 2 bestuurders: Langs achteren,Geen hindernis
30643,107,leuven totem,Leuven,50.8870744,4.7087919,0.8466576510866316,50.87970129205744,4.705779105644577,2022,4,13,24062,Leuven,Onbekend,Onbekend,Dag,met lichtgewonden,3,Fiets,2,Andere weggebruiker,Op Kruispunt,Gemeenteweg,binnen bebouwde kom,Tussen 2 bestuurders: Langs achteren,Geen hindernis
30654,101,Diest teller 1,Diest,50.97799,5.04481,0.38852047023432035,50.980723503005024,5.048266657204229,2022,4,7,24020,Diest,Normaal,Droog,Dag,met lichtgewonden,9,personenauto,3,Fiets,Op Kruispunt,Gewestweg,binnen bebouwde kom,Tss. 2 best.: langs opzij (voor-/achterkant-flank),Geen hindernis
30654,102,Diest teller 2,Diest,50.9779,5.04474,0.3994094305027216,50.980723503005024,5.048266657204229,2022,4,7,24020,Diest,Normaal,Droog,Dag,met lichtgewonden,9,personenauto,3,Fiets,Op Kruispunt,Gewestweg,binnen bebouwde kom,Tss. 2 best.: langs opzij (voor-/achterkant-flank),Geen hindernis
30657,78,Pepingen teller 1,Pepingen,50.75824,4.1652,0.0721853207566196,50.758549526184176,4.164297939132498,2022,4,11,23064,Pepingen,Normaal,Droog,Dag,met lichtgewonden,9,personenauto,3,Fiets,Op Kruispunt,Gewestweg,binnen bebouwde kom,Tss. 2 best.: langs opzij (voor-/achterkant-flank),Geen hindernis
30657,79,Pepingen teller 2,Pepingen,50.75848,4.16537,0.07580489723475424,50.758549526184176,4.164297939132498,2022,4,11,23064,Pepingen,Normaal,Droog,Dag,met lichtgewonden,9,personenauto,3,Fiets,Op Kruispunt,Gewestweg,binnen bebouwde kom,Tss. 2 best.: langs opzij (voor-/achterkant-flank),Geen hindernis
30675,47,Vilvoorde,Vilvoorde,50.91372,4.41497,0.7989712908747575,50.90658238937187,4.4136589691396075,2022,4,18,23088,Vilvoorde,Normaal,Droog,Dag,met lichtgewonden,3,Fiets,9,personenauto,Op Kruispunt,Gewestweg,buiten bebouwde kom,Tss. 2 best.: langs opzij (voor-/achterkant-flank),Geen hindernis
30679,99,Mechelen teller 1,Mechelen,51.04564,4.46882,0.6154032083638686,51.04043647370886,4.471818190601623,2022,4,17,12025,Mechelen,Normaal,Onbekend,Dag,met lichtgewonden,3,Fiets,9,personenauto,Buiten Kruispunt,Gewestweg,onbekend,Tss. 2 best.: langs opzij (voor-/achterkant-flank),Geen hindernis
30679,100,Mechelen teller 2,Mechelen,51.0457,4.46883,0.6214447105109764,51.04043647370886,4.471818190601623,2022,4,17,12025,Mechelen,Normaal,Onbekend,Dag,met lichtgewonden,3,Fiets,9,personenauto,Buiten Kruispunt,Gewestweg,onbekend,Tss. 2 best.: langs opzij (voor-/achterkant-flank),Geen hindernis
30681,13,Gent,Gent,51.03018,3.70146,0.8455512994751253,51.031335846824085,3.7134107558461404,2022,4,12,44021,Gent,Normaal,Droog,Dag,met lichtgewonden,3,Fiets,10,"één bestuurder, geen hindernis",Op Kruispunt,Gewestweg,binnen bebouwde kom,"Eén bestuurder, geen hindernis (incl. val)",Geen hindernis
30704,13,Gent,Gent,51.03018,3.70146,0.7956363446732363,51.02678893202791,3.7114781360049998,2022,4,7,44021,Gent,Normaal,Droog,Dag,met lichtgewonden,3,Fiets,3,Fiets,Buiten Kruispunt,Gewestweg,binnen bebouwde kom,Tussen 2 bestuurders: Frontale botsing,Geen hindernis
30725,118,Gent teller 1,Gent,51.028049,3.7681359,0.21785521939842079,51.02925267658087,3.7656779763439747,2022,4,6,44021,Gent,Normaal,Droog,Dageraad - schemering,met lichtgewonden,3,Fiets,10,"één bestuurder, geen hindernis",Op Kruispunt,Gewestweg,binnen bebouwde kom,"Eén bestuurder, geen hindernis (incl. val)",Geen hindernis
30725,119,Gent teller 2,Gent,51.0281795,3.7683918,0.22418670976822158,51.02925267658087,3.7656779763439747,2022,4,6,44021,Gent,Normaal,Droog,Dageraad - schemering,met lichtgewonden,3,Fiets,10,"één bestuurder, geen hindernis",Op Kruispunt,Gewestweg,binnen bebouwde kom,"Eén bestuurder, geen hindernis (incl. val)",Geen hindernis
30748,7,Evergem 1,Evergem,51.1089,3.70317,0.7046649546623772,51.11288256769429,3.7110217275229793,2022,4,4,44019,Evergem,Normaal,Droog,"Nacht, openbare verlichting aanwezig en ontstoken",met zwaargewonden,3,Fiets,10,"één bestuurder, geen hindernis",Op Kruispunt,Gemeenteweg,binnen bebouwde kom,"Eén bestuurder, geen hindernis (incl. val)",Geen hindernis
30748,6,Evergem 2,Evergem,51.10894,3.70298,0.7122846346941715,51.11288256769429,3.7110217275229793,2022,4,4,44019,Evergem,Normaal,Droog,"Nacht, openbare verlichting aanwezig en ontstoken",met zwaargewonden,3,Fiets,10,"één bestuurder, geen hindernis",Op Kruispunt,Gemeenteweg,binnen bebouwde kom,"Eén bestuurder, geen hindernis (incl. val)",Geen hindernis
30814,122,Dendermonde teller 2,Dendermonde,51.0373918,4.1019222,0.5324792591584475,51.04061155358032,4.096284887924373,2022,4,16,42006,Dendermonde,Onbekend,Onbekend,Dag,met lichtgewonden,3,Fiets,3,Fiets,Buiten Kruispunt,Gemeenteweg,buiten bebouwde kom,Tussen 2 bestuurders: Frontale botsing,Geen hindernis
30814,125,Dendermonde totem,Dendermonde,51.0372706,4.1025998,0.5770251549320867,51.04061155358032,4.096284887924373,2022,4,16,42006,Dendermonde,Onbekend,Onbekend,Dag,met lichtgewonden,3,Fiets,3,Fiets,Buiten Kruispunt,Gemeenteweg,buiten bebouwde kom,Tussen 2 bestuurders: Frontale botsing,Geen hindernis
30834,11,Aalst 3,Aalst,50.93385,4.01647,0.7517798856412984,50.931327985683275,4.026423307012219,2022,4,11,41002,Aalst,Normaal,Droog,Dag,met lichtgewonden,3,Fiets,11,een weggebruiker tegen een hindernis,Buiten Kruispunt,Gemeenteweg,buiten bebouwde kom,Weggebruiker tegen hindernis op de rijbaan,"Op de rijbaan: Werken (signal., aarde, toestel,…)"
30834,10,Aalst 2,Aalst,50.93549,4.01571,0.8819434712752618,50.931327985683275,4.026423307012219,2022,4,11,41002,Aalst,Normaal,Droog,Dag,met lichtgewonden,3,Fiets,11,een weggebruiker tegen een hindernis,Buiten Kruispunt,Gemeenteweg,buiten bebouwde kom,Weggebruiker tegen hindernis op de rijbaan,"Op de rijbaan: Werken (signal., aarde, toestel,…)"
30834,19,Aalst 1,Aalst,50.93433,4.01471,0.886128962084564,50.931327985683275,4.026423307012219,2022,4,11,41002,Aalst,Normaal,Droog,Dag,met lichtgewonden,3,Fiets,11,een weggebruiker tegen een hindernis,Buiten Kruispunt,Gemeenteweg,buiten bebouwde kom,Weggebruiker tegen hindernis op de rijbaan,"Op de rijbaan: Werken (signal., aarde, toestel,…)"
30841,125,Dendermonde totem,Dendermonde,51.0372706,4.1025998,0.6564650807586342,51.033183574419944,4.1093746513670855,2022,4,17,42006,Dendermonde,Normaal,Droog,Dag,met lichtgewonden,9,personenauto,3,Fiets,Buiten Kruispunt,Gewestweg,binnen bebouwde kom,Tss. 2 best.: langs opzij (voor-/achterkant-flank),Geen hindernis
30841,122,Dendermonde teller 2,Dendermonde,51.0373918,4.1019222,0.700365792060969,51.033183574419944,4.1093746513670855,2022,4,17,42006,Dendermonde,Normaal,Droog,Dag,met lichtgewonden,9,personenauto,3,Fiets,Buiten Kruispunt,Gewestweg,binnen bebouwde kom,Tss. 2 best.: langs opzij (voor-/achterkant-flank),Geen hindernis
30858,54,Brugge teller 2,Brugge,51.23015,3.22818,0.6586860660972754,51.22428594117114,3.226841017994011,2022,4,17,31005,Brugge,Normaal,Droog,Dag,met lichtgewonden,3,Fiets,9,personenauto,Op Kruispunt,Gemeenteweg,binnen bebouwde kom,Tss. 2 best.: langs opzij (voor-/achterkant-flank),Geen hindernis
30858,53,Brugge teller 1,Brugge,51.23023,3.228,0.6658581211355802,51.22428594117114,3.226841017994011,2022,4,17,31005,Brugge,Normaal,Droog,Dag,met lichtgewonden,3,Fiets,9,personenauto,Op Kruispunt,Gemeenteweg,binnen bebouwde kom,Tss. 2 best.: langs opzij (voor-/achterkant-flank),Geen hindernis
30879,15,Oostende 2,Oostende,51.21371,2.92743,0.8064672717712547,51.206906271269915,2.9234197807440214,2022,4,10,35013,Oostende,Normaal,Droog,Dag,met lichtgewonden,3,Fiets,9,personenauto,Op Kruispunt,Gemeenteweg,binnen bebouwde kom,Tss. 2 best.: langs opzij (voor-/achterkant-flank),Geen hindernis
30879,18,Oostende 1,Oostende,51.21378,2.92765,0.8191606638722424,51.206906271269915,2.9234197807440214,2022,4,10,35013,Oostende,Normaal,Droog,Dag,met lichtgewonden,3,Fiets,9,personenauto,Op Kruispunt,Gemeenteweg,binnen bebouwde kom,Tss. 2 best.: langs opzij (voor-/achterkant-flank),Geen hindernis
30883,55,Torhout teller 1,Torhout,51.07161,3.08261,0.289738182236622,51.07033346878031,3.0862250916785148,2022,4,10,31033,Torhout,Normaal,Droog,Dag,met lichtgewonden,3,Fiets,9,personenauto,Buiten Kruispunt,Gewestweg,buiten bebouwde kom,Kettingbotsing (3 bestuurders of meer),Geen hindernis
30883,56,Torhout teller 2,Torhout,51.07147,3.08244,0.2931090384183504,51.07033346878031,3.0862250916785148,2022,4,10,31033,Torhout,Normaal,Droog,Dag,met lichtgewonden,3,Fiets,9,personenauto,Buiten Kruispunt,Gewestweg,buiten bebouwde kom,Kettingbotsing (3 bestuurders of meer),Geen hindernis
30885,84,Roeselare totem,Izegem,50.91717,3.18772,0.8105615327322467,50.923403563790565,3.1937144824725032,2022,4,16,36008,Izegem,Normaal,Droog,Dag,met lichtgewonden,9,personenauto,3,Fiets,Op Kruispunt,Gewestweg,binnen bebouwde kom,Tss. 2 best.: langs opzij (voor-/achterkant-flank),Geen hindernis
30891,84,Roeselare totem,Izegem,50.91717,3.18772,0.7957658796081089,50.92372156214339,3.1922879984230392,2022,4,15,36008,Izegem,Normaal,Droog,Dag,met lichtgewonden,3,Fiets,11,een weggebruiker tegen een hindernis,Buiten Kruispunt,Gewestweg,binnen bebouwde kom,Weggebruiker tegen hindernis op de rijbaan,Op de rijbaan: Container
30899,17,Kortrijk 2,Kortrijk,50.83339,3.27773,0.5650880746622777,50.83643462109504,3.271287225660925,2022,4,17,34022,Kortrijk,Normaal,Onbekend,Dag,met lichtgewonden,3,Fiets,3,Fiets,Buiten Kruispunt,Gemeenteweg,binnen bebouwde kom,Tussen 2 bestuurders: Frontale botsing,Geen hindernis
30899,16,Kortrijk 1,Kortrijk,50.83332,3.27777,0.5720187636072767,50.83643462109504,3.271287225660925,2022,4,17,34022,Kortrijk,Normaal,Onbekend,Dag,met lichtgewonden,3,Fiets,3,Fiets,Buiten Kruispunt,Gemeenteweg,binnen bebouwde kom,Tussen 2 bestuurders: Frontale botsing,Geen hindernis
30899,143,Eco Display Classic Budastraat,Kortrijk,50.83066,3.26286,0.8732483705335096,50.83643462109504,3.271287225660925,2022,4,17,34022,Kortrijk,Normaal,Onbekend,Dag,met lichtgewonden,3,Fiets,3,Fiets,Buiten Kruispunt,Gemeenteweg,binnen bebouwde kom,Tussen 2 bestuurders: Frontale botsing,Geen hindernis
30904,143,Eco Display Classic Budastraat,Kortrijk,50.83066,3.26286,0.45802499142310926,50.8338192848112,3.258675164039159,2022,4,10,34022,Kortrijk,Sneeuwval,"Nat, plassen",Dag,met zwaargewonden,9,personenauto,3,Fiets,Op Kruispunt,Gewestweg,binnen bebouwde kom,Tss. 2 best.: langs opzij (voor-/achterkant-flank),Geen hindernis
30906,16,Kortrijk 1,Kortrijk,50.83332,3.27777,0.45598798372149124,50.82937204839774,3.2760139100822996,2022,4,17,34022,Kortrijk,Regenval,"Nat, plassen",Dag,met lichtgewonden,9,personenauto,3,Fiets,Op Kruispunt,Gemeenteweg,binnen bebouwde kom,Tss. 2 best.: langs opzij (voor-/achterkant-flank),Geen hindernis
30906,17,Kortrijk 2,Kortrijk,50.83339,3.27773,0.4627466597805171,50.82937204839774,3.2760139100822996,2022,4,17,34022,Kortrijk,Regenval,"Nat, plassen",Dag,met lichtgewonden,9,personenauto,3,Fiets,Op Kruispunt,Gemeenteweg,binnen bebouwde kom,Tss. 2 best.: langs opzij (voor-/achterkant-flank),Geen hindernis
30906,143,Eco Display Classic Budastraat,Kortrijk,50.83066,3.26286,0.9348770719331195,50.82937204839774,3.2760139100822996,2022,4,17,34022,Kortrijk,Regenval,"Nat, plassen",Dag,met lichtgewonden,9,personenauto,3,Fiets,Op Kruispunt,Gemeenteweg,binnen bebouwde kom,Tss. 2 best.: langs opzij (voor-/achterkant-flank),Geen hindernis