crash_row_id,site_id,site_name,site_gemeente,site_lat,site_long,distance_km,crash_lat,crash_long,DT_YEAR_COLLISION,DT_MONTH_COLLISION,DT_TIME,CD_NIS,TX_MUNTY_COLLISION_NL,TX_WEATHER_NL,TX_ROAD_CONDITION_NL,TX_LIGHT_CONDITION_NL,TX_CLASS_ACCIDENTS_NL,CD_ROAD_USR_TYPE1,TX_ROAD_USR_TYPE1_NL,CD_ROAD_USR_TYPE2,TX_ROAD_USR_TYPE2_NL,TX_CROSSWAY_NL,CD_ROAD_TYPE_NL,TX_BUILD_UP_AREA_NL,TX_COLLISION_TYPE_NL,TX_OBSTACLES_NL
30907,143,Eco Display Classic Budastraat,Kortrijk,50.83066,3.26286,0.3324032566597383,50.82776731610596,3.264053962807514,2022,4,13,34022,Kortrijk,Onbekend,Onbekend,Dag,met lichtgewonden,3,Fiets,9,personenauto,Op Kruispunt,Gewestweg,binnen bebouwde kom,Tss. 2 best.: langs opzij (voor-/achterkant-flank),Geen hindernis
30925,67,Ieper totem,Ieper,50.85018,2.85624,0.7102738192288929,50.84891110720887,2.8661556684082137,2022,4,14,33011,Ieper,Normaal,Droog,Dag,met lichtgewonden,3,Fiets,10,"één bestuurder, geen hindernis",Buiten Kruispunt,Gewestweg,binnen bebouwde kom,"Eén bestuurder, geen hindernis (incl. val)",Geen hindernis
30925,68,Ieper,Ieper,50.85032,2.85608,0.7244910676213181,50.84891110720887,2.8661556684082137,2022,4,14,33011,Ieper,Normaal,Droog,Dag,met lichtgewonden,3,Fiets,10,"één bestuurder, geen hindernis",Buiten Kruispunt,Gewestweg,binnen bebouwde kom,"Eén bestuurder, geen hindernis (incl. val)",Geen hindernis
30946,124,Beveren teller 2,Beveren,51.1964712,4.2361077,0.831012413729298,51.20390345855569,4.237358582065384,2022,4,13,46003,Beveren,Normaal,Droog,Dag,met lichtgewonden,9,personenauto,3,Fiets,Buiten Kruispunt,Gewestweg,binnen bebouwde kom,Tussen 2 bestuurders: Flank tegen flank,Geen hindernis
30954,99,Mechelen teller 1,Mechelen,51.04564,4.46882,0.2682826900962946,51.04337529176292,4.4701434366860875,2022,4,8,12025,Mechelen,Normaal,Droog,Dag,met lichtgewonden,9,personenauto,3,Fiets,Op Kruispunt,Gewestweg,binnen bebouwde kom,Tss. 2 best.: langs opzij (voor-/achterkant-flank),Geen hindernis
30954,100,Mechelen teller 2,Mechelen,51.0457,4.46883,0.27431991242964576,51.04337529176292,4.4701434366860875,2022,4,8,12025,Mechelen,Normaal,Droog,Dag,met lichtgewonden,9,personenauto,3,Fiets,Op Kruispunt,Gewestweg,binnen bebouwde kom,Tss. 2 best.: langs opzij (voor-/achterkant-flank),Geen hindernis
30956,140,Hasselt ring,Hasselt,50.9300038,5.3438616,0.7403791744930908,50.932431887940155,5.334024465051525,2022,4,15,71022,Hasselt,Normaal,Droog,Dag,met lichtgewonden,3,Fiets,3,Fiets,Op Kruispunt,Gewestweg,binnen bebouwde kom,Tussen 2 bestuurders: Langs achteren,Geen hindernis
30959,140,Hasselt ring,Hasselt,50.9300038,5.3438616,0.8747447626983006,50.92235003824702,5.340976982681297,2022,4,16,71022,Hasselt,Normaal,Droog,Dag,met lichtgewonden,3,Fiets,3,Fiets,Op Kruispunt,Gewestweg,binnen bebouwde kom,Tussen 2 bestuurders: Frontale botsing,Geen hindernis
30961,140,Hasselt ring,Hasselt,50.9300038,5.3438616,0.34098949284850116,50.92776115324648,5.340543200153592,2022,4,15,71022,Hasselt,Normaal,Droog,Dag,met lichtgewonden,9,personenauto,3,Fiets,Op Kruispunt,Gewestweg,binnen bebouwde kom,Tss. 2 best.: langs opzij (voor-/achterkant-flank),Geen hindernis
30962,138,Hasselt-Kempische brug,Hasselt,50.9405318,5.3422472,0.23686645608007237,50.93845191746184,5.341516853863203,2022,4,17,71022,Hasselt,Normaal,Droog,Dag,met lichtgewonden,9,personenauto,3,Fiets,Buiten Kruispunt,Gewestweg,binnen bebouwde kom,Tss. 2 best.: langs opzij (voor-/achterkant-flank),Geen hindernis
30962,137,Hasselt-Kempische brug,Hasselt,50.9411605,5.3417576,0.30165265689950366,50.93845191746184,5.341516853863203,2022,4,17,71022,Hasselt,Normaal,Droog,Dag,met lichtgewonden,9,personenauto,3,Fiets,Buiten Kruispunt,Gewestweg,binnen bebouwde kom,Tss. 2 best.: langs opzij (voor-/achterkant-flank),Geen hindernis
30962,140,Hasselt ring,Hasselt,50.9300038,5.3438616,0.953649651251166,50.93845191746184,5.341516853863203,2022,4,17,71022,Hasselt,Normaal,Droog,Dag,met lichtgewonden,9,personenauto,3,Fiets,Buiten Kruispunt,Gewestweg,binnen bebouwde kom,Tss. 2 best.: langs opzij (voor-/achterkant-flank),Geen hindernis
30968,140,Hasselt ring,Hasselt,50.9300038,5.3438616,0.7645966611068411,50.92361902672998,5.347911583965747,2022,4,15,71022,Hasselt,Normaal,"Nat, plassen",Dag,met lichtgewonden,9,personenauto,3,Fiets,Op Kruispunt,Gemeenteweg,binnen bebouwde kom,Tss. 2 best.: langs opzij (voor-/achterkant-flank),Geen hindernis
30970,31,Herk De Stad,Herk-de-Stad,50.94366,5.1775,0.0300005173127875,50.94379608266742,5.1778697418011665,2022,4,8,71024,Herk-de-Stad,Normaal,Droog,Dag,met lichtgewonden,8,Voetganger,3,Fiets,Op Kruispunt,Gewestweg,buiten bebouwde kom,Met een voetganger,Geen hindernis
30970,30,Herk De Stad,Herk-de-Stad,50.94374,5.17691,0.06752999637106614,50.94379608266742,5.1778697418011665,2022,4,8,71024,Herk-de-Stad,Normaal,Droog,Dag,met lichtgewonden,8,Voetganger,3,Fiets,Op Kruispunt,Gewestweg,buiten bebouwde kom,Met een voetganger,Geen hindernis
30981,139,Houthalen-Helchteren,Houthalen-Helchteren,51.0644267,5.3819796,0.9309186595069121,51.05656274149513,5.386549037521649,2022,4,16,72039,Houthalen-Helchteren,Normaal,Droog,Dag,met lichtgewonden,9,personenauto,3,Fiets,Op Kruispunt,Gewestweg,binnen bebouwde kom,Tss. 2 best.: langs opzij (voor-/achterkant-flank),Geen hindernis
30985,49,Bokrijk,Genk,50.95264,5.41001,0.6055042539673943,50.95205960315942,5.418604761413993,2022,4,9,71016,Genk,Normaal,"Nat, plassen",Dag,met lichtgewonden,3,Fiets,10,"één bestuurder, geen hindernis",Buiten Kruispunt,Gemeenteweg,buiten bebouwde kom,"Eén bestuurder, geen hindernis (incl. val)",Geen hindernis
30992,139,Houthalen-Helchteren,Houthalen-Helchteren,51.0644267,5.3819796,0.3614251195065059,51.061290934918446,5.383340875398499,2022,4,11,72039,Houthalen-Helchteren,Normaal,Droog,Dag,met lichtgewonden,3,Fiets,9,personenauto,Buiten Kruispunt,Gewestweg,buiten bebouwde kom,Tss. 2 best.: langs opzij (voor-/achterkant-flank),Geen hindernis
30993,25,Bree,Bree,51.13679500160176,5.597669323604317,0.28160453926218537,51.13708719614941,5.593660122781947,2022,4,2,72004,Bree,Normaal,Droog,"Nacht, openbare verlichting aanwezig en ontstoken",met lichtgewonden,3,Fiets,11,een weggebruiker tegen een hindernis,Buiten Kruispunt,Gewestweg,buiten bebouwde kom,Weggebruiker tegen hindernis buiten rijbaan,Buiten de rijbaan: Andere paal
30996,25,Bree,Bree,51.13679500160176,5.597669323604317,0.6115410036509715,51.14191927186937,5.600852464306958,2022,4,1,72004,Bree,Sneeuwval,"Nat, plassen","Nacht, openbare verlichting aanwezig en ontstoken",met lichtgewonden,3,Fiets,11,een weggebruiker tegen een hindernis,Op Kruispunt,Gewestweg,binnen bebouwde kom,Weggebruiker tegen hindernis buiten rijbaan,"Buiten de rijbaan: Verkeerseiland, middenberm"
30999,139,Houthalen-Helchteren,Houthalen-Helchteren,51.0644267,5.3819796,0.6197617142591325,51.05888961988856,5.382993850100207,2022,4,11,72039,Houthalen-Helchteren,Normaal,Droog,Dag,met lichtgewonden,3,Fiets,3,Fiets,Buiten Kruispunt,Gewestweg,binnen bebouwde kom,Tss. 2 best.: langs opzij (voor-/achterkant-flank),Geen hindernis
31007,22,Tienen 2,Tienen,50.81330800184882,4.935984252796022,0.30481678231132975,50.81535457463918,4.938870732108641,2022,4,15,24107,Tienen,Normaal,Droog,Dag,met lichtgewonden,3,Fiets,9,personenauto,Buiten Kruispunt,Gemeenteweg,binnen bebouwde kom,Tss. 2 best.: langs opzij (voor-/achterkant-flank),Geen hindernis
31007,24,Tienen 1,Tienen,50.8133795491886,4.935044252605416,0.34713510162490835,50.81535457463918,4.938870732108641,2022,4,15,24107,Tienen,Normaal,Droog,Dag,met lichtgewonden,3,Fiets,9,personenauto,Buiten Kruispunt,Gemeenteweg,binnen bebouwde kom,Tss. 2 best.: langs opzij (voor-/achterkant-flank),Geen hindernis
31007,23,Tienen 3,Tienen,50.81324,4.93447,0.38843225316482316,50.81535457463918,4.938870732108641,2022,4,15,24107,Tienen,Normaal,Droog,Dag,met lichtgewonden,3,Fiets,9,personenauto,Buiten Kruispunt,Gemeenteweg,binnen bebouwde kom,Tss. 2 best.: langs opzij (voor-/achterkant-flank),Geen hindernis
31181,3,Brasschaat 1,Brasschaat,51.27503,4.47222,0.13807748683219456,51.27621188561297,4.4728289455224886,2022,5,17,11008,Brasschaat,Normaal,Droog,Dag,met lichtgewonden,9,personenauto,3,Fiets,Op Kruispunt,Gewestweg,buiten bebouwde kom,Tss. 2 best.: langs opzij (voor-/achterkant-flank),Geen hindernis
31181,2,Brasschaat 2,Brasschaat,51.27512,4.47169,0.14497460420888442,51.27621188561297,4.4728289455224886,2022,5,17,11008,Brasschaat,Normaal,Droog,Dag,met lichtgewonden,9,personenauto,3,Fiets,Op Kruispunt,Gewestweg,buiten bebouwde kom,Tss. 2 best.: langs opzij (voor-/achterkant-flank),Geen hindernis
31184,2,Brasschaat 2,Brasschaat,51.27512,4.47169,0.5236660381981418,51.27389729360134,4.464420143718085,2022,5,16,11008,Brasschaat,Normaal,Droog,Dag,met lichtgewonden,3,Fiets,3,Fiets,Op Kruispunt,Gemeenteweg,binnen bebouwde kom,Tss. 2 best.: langs opzij (voor-/achterkant-flank),Geen hindernis
31184,3,Brasschaat 1,Brasschaat,51.27503,4.47222,0.5570043954648091,51.27389729360134,4.464420143718085,2022,5,16,11008,Brasschaat,Normaal,Droog,Dag,met lichtgewonden,3,Fiets,3,Fiets,Op Kruispunt,Gemeenteweg,binnen bebouwde kom,Tss. 2 best.: langs opzij (voor-/achterkant-flank),Geen hindernis
31231,9,Heist op den Berg 2,Heist-op-den-Berg,51.06904,4.69524,0.17903165874064497,51.06841376421923,4.697600472649721,2022,5,12,12014,Heist-op-den-Berg,Normaal,Droog,Dag,met lichtgewonden,3,Fiets,5,Lichte vrachtauto,Buiten Kruispunt,Gewestweg,buiten bebouwde kom,Tss. 2 best.: langs opzij (voor-/achterkant-flank),Geen hindernis
31231,8,Heist op den Berg 1,Heist-op-den-Berg,51.06759,4.68823,0.6611343522563925,51.06841376421923,4.697600472649721,2022,5,12,12014,Heist-op-den-Berg,Normaal,Droog,Dag,met lichtgewonden,3,Fiets,5,Lichte vrachtauto,Buiten Kruispunt,Gewestweg,buiten bebouwde kom,Tss. 2 best.: langs opzij (voor-/achterkant-flank),Geen hindernis
31273,45,Pelt teller 1,Pelt,51.23127,5.44377,0.6653318190535261,51.235551859965796,5.45044481186217,2022,5,8,72043,Pelt,Normaal,Droog,Dag,met lichtgewonden,9,personenauto,3,Fiets,Op Kruispunt,Gewestweg,buiten bebouwde kom,Tss. 2 best.: langs opzij (voor-/achterkant-flank),Geen hindernis
31273,46,Pelt teller 2,Pelt,51.231,5.44375,0.6880800003088215,51.235551859965796,5.45044481186217,2022,5,8,72043,Pelt,Normaal,Droog,Dag,met lichtgewonden,9,personenauto,3,Fiets,Op Kruispunt,Gewestweg,buiten bebouwde kom,Tss. 2 best.: langs opzij (voor-/achterkant-flank),Geen hindernis
31276,46,Pelt teller 2,Pelt,51.231,5.44375,0.5072833787778445,51.22689454080135,5.446927022519907,2022,5,18,72043,Pelt,Normaal,Droog,Dag,met lichtgewonden,9,personenauto,3,Fiets,Buiten Kruispunt,Gemeenteweg,buiten bebouwde kom,Tss. 2 best.: langs opzij (voor-/achterkant-flank),Geen hindernis
31276,45,Pelt teller 1,Pelt,51.23127,5.44377,0.5338860561597597,51.22689454080135,5.446927022519907,2022,5,18,72043,Pelt,Normaal,Droog,Dag,met lichtgewonden,9,personenauto,3,Fiets,Buiten Kruispunt,Gemeenteweg,buiten bebouwde kom,Tss. 2 best.: langs opzij (voor-/achterkant-flank),Geen hindernis
31294,21,Bilzen,Bilzen,50.86015,5.50161,0.45694893635780387,50.864257539043955,5.501411964870711,2022,5,19,73006,Bilzen,Normaal,Droog,Dag,met zwaargewonden,9,personenauto,3,Fiets,Buiten Kruispunt,Gemeenteweg,buiten bebouwde kom,Tss. 2 best.: langs opzij (voor-/achterkant-flank),Geen hindernis
31301,69,Leuven teller 1,Leuven,50.87549,4.71526,0.7649707215826291,50.881523012749774,4.720499886366514,2022,5,20,24062,Leuven,Normaal,Droog,Dag,met lichtgewonden,6,Bromfiets,3,Fiets,Op Kruispunt,Gemeenteweg,binnen bebouwde kom,Tussen 2 bestuurders: Frontale botsing,Geen hindernis
31302,69,Leuven teller 1,Leuven,50.87549,4.71526,0.7688112065676446,50.8777653313313,4.725607145707534,2022,5,16,24062,Leuven,Normaal,Droog,Dag,met lichtgewonden,9,personenauto,3,Fiets,Buiten Kruispunt,Gemeenteweg,binnen bebouwde kom,Tussen 2 bestuurders: Frontale botsing,Geen hindernis
31303,69,Leuven teller 1,Leuven,50.87549,4.71526,0.8494618202142965,50.870446061610835,4.706167877452415,2022,5,7,24062,Leuven,Normaal,Droog,Dag,met lichtgewonden,9,personenauto,3,Fiets,Buiten Kruispunt,Gemeenteweg,binnen bebouwde kom,Tussen 2 bestuurders: Flank tegen flank,Geen hindernis
31304,151,Leuven,District Leuven,50.8690262,4.6854839,0.229256724861123,50.86899230489266,4.688750405177226,2022,5,7,24062,Leuven,Normaal,Droog,Dag,met lichtgewonden,3,Fiets,8,Voetganger,Op Kruispunt,Gewestweg,binnen bebouwde kom,Met een voetganger,Geen hindernis
31306,69,Leuven teller 1,Leuven,50.87549,4.71526,0.796510247162524,50.87133256408367,4.724503954110569,2022,5,9,24062,Leuven,Normaal,Droog,Dag,met lichtgewonden,9,personenauto,3,Fiets,Op Kruispunt,Gewestweg,binnen bebouwde kom,Tss. 2 best.: langs opzij (voor-/achterkant-flank),Geen hindernis
31308,77,Leuven teller 2,Leuven,50.88672,4.70796,0.6829565174800685,50.887387381754046,4.698281632345071,2022,5,8,24062,Leuven,Onbekend,Onbekend,Dag,met lichtgewonden,3,Fiets,8,Voetganger,Op Kruispunt,Gemeenteweg,binnen bebouwde kom,Met een voetganger,Geen hindernis
31308,107,leuven totem,Leuven,50.8870744,4.7087919,0.7380865758255643,50.887387381754046,4.698281632345071,2022,5,8,24062,Leuven,Onbekend,Onbekend,Dag,met lichtgewonden,3,Fiets,8,Voetganger,Op Kruispunt,Gemeenteweg,binnen bebouwde kom,Met een voetganger,Geen hindernis
31309,69,Leuven teller 1,Leuven,50.87549,4.71526,0.6214500025467444,50.88091562374798,4.713135062913418,2022,5,20,24062,Leuven,Normaal,Droog,Onbekend,met lichtgewonden,3,Fiets,10,"één bestuurder, geen hindernis",Buiten Kruispunt,Gemeenteweg,binnen bebouwde kom,"Eén bestuurder, geen hindernis (incl. val)",Geen hindernis
31309,77,Leuven teller 2,Leuven,50.88672,4.70796,0.7405155819436444,50.88091562374798,4.713135062913418,2022,5,20,24062,Leuven,Normaal,Droog,Onbekend,met lichtgewonden,3,Fiets,10,"één bestuurder, geen hindernis",Buiten Kruispunt,Gemeenteweg,binnen bebouwde kom,"Eén bestuurder, geen hindernis (incl. val)",Geen hindernis
31309,107,leuven totem,Leuven,50.8870744,4.7087919,0.7495437460964075,50.88091562374798,4.713135062913418,2022,5,20,24062,Leuven,Normaal,Droog,Onbekend,met lichtgewonden,3,Fiets,10,"één bestuurder, geen hindernis",Buiten Kruispunt,Gemeenteweg,binnen bebouwde kom,"Eén bestuurder, geen hindernis (incl. val)",Geen hindernis
31311,151,Leuven,District Leuven,50.8690262,4.6854839,0.6458303817858982,50.86480967322056,4.691812849524342,2022,4,15,24062,Leuven,Onbekend,Onbekend,Dag,met lichtgewonden,3,Fiets,3,Fiets,Buiten Kruispunt,Gemeenteweg,binnen bebouwde kom,Tussen 2 bestuurders: Frontale botsing,Geen hindernis
31313,108,Heverlee teller 1,Leuven,50.8471728,4.6954674,0.7747625744486858,50.85173350862619,4.7038106379981555,2022,5,19,24062,Leuven,Normaal,Droog,Dag,met lichtgewonden,3,Fiets,9,personenauto,Buiten Kruispunt,Gemeenteweg,binnen bebouwde kom,Tussen 2 bestuurders: Langs achteren,Geen hindernis
31313,76,Heverlee teller 2,Leuven,50.84606,4.69597,0.8372499919844486,50.85173350862619,4.7038106379981555,2022,5,19,24062,Leuven,Normaal,Droog,Dag,met lichtgewonden,3,Fiets,9,personenauto,Buiten Kruispunt,Gemeenteweg,binnen bebouwde kom,Tussen 2 bestuurders: Langs achteren,Geen hindernis
31315,151,Leuven,District Leuven,50.8690262,4.6854839,0.7564801078334306,50.86921482741003,4.696259749496685,2022,5,2,24062,Leuven,Normaal,Proper,"Nacht, openbare verlichting aanwezig en ontstoken",met lichtgewonden,3,Fiets,10,"één bestuurder, geen hindernis",Buiten Kruispunt,Gewestweg,binnen bebouwde kom,"Eén bestuurder, geen hindernis (incl. val)",Geen hindernis
31319,77,Leuven teller 2,Leuven,50.88672,4.70796,0.9902912295318546,50.87890149972495,4.701200663362051,2022,5,16,24062,Leuven,Normaal,Droog,Dag,met lichtgewonden,3,Fiets,8,Voetganger,Buiten Kruispunt,Gemeenteweg,binnen bebouwde kom,Met een voetganger,Geen hindernis
31320,69,Leuven teller 1,Leuven,50.87549,4.71526,0.7101015693189817,50.88010820766031,4.708269702479033,2022,5,12,24062,Leuven,Normaal,Droog,Dag,met lichtgewonden,8,Voetganger,3,Fiets,Buiten Kruispunt,Gemeenteweg,binnen bebouwde kom,Met een voetganger,Geen hindernis
31320,77,Leuven teller 2,Leuven,50.88672,4.70796,0.7355187249986382,50.88010820766031,4.708269702479033,2022,5,12,24062,Leuven,Normaal,Droog,Dag,met lichtgewonden,8,Voetganger,3,Fiets,Buiten Kruispunt,Gemeenteweg,binnen bebouwde kom,Met een voetganger,Geen hindernis
31320,107,leuven totem,Leuven,50.8870744,4.7087919,0.7754710207832539,50.88010820766031,4.708269702479033,2022,5,12,24062,Leuven,Normaal,Droog,Dag,met lichtgewonden,8,Voetganger,3,Fiets,Buiten Kruispunt,Gemeenteweg,binnen bebouwde kom,Met een voetganger,Geen hindernis
31322,69,Leuven teller 1,Leuven,50.87549,4.71526,0.2107364568272103,50.87366546686684,4.714447513981549,2022,5,8,24062,Leuven,Normaal,Droog,Dag,met lichtgewonden,9,personenauto,3,Fiets,Op Kruispunt,Gewestweg,binnen bebouwde kom,Tss. 2 best.: langs opzij (voor-/achterkant-flank),Geen hindernis
31323,77,Leuven teller 2,Leuven,50.88672,4.70796,0.24809518858553964,50.88862042364778,4.706106947335625,2022,5,17,24062,Leuven,Normaal,Droog,Dag,met lichtgewonden,9,personenauto,3,Fiets,Buiten Kruispunt,Gemeenteweg,buiten bebouwde kom,Tss. 2 best.: langs opzij (voor-/achterkant-flank),Geen hindernis
31323,107,leuven totem,Leuven,50.8870744,4.7087919,0.254999528592581,50.88862042364778,4.706106947335625,2022,5,17,24062,Leuven,Normaal,Droog,Dag,met lichtgewonden,9,personenauto,3,Fiets,Buiten Kruispunt,Gemeenteweg,buiten bebouwde kom,Tss. 2 best.: langs opzij (voor-/achterkant-flank),Geen hindernis
31325,77,Leuven teller 2,Leuven,50.88672,4.70796,0.7596522712639376,50.880852247980435,4.702414176331325,2022,5,12,24062,Leuven,Normaal,"Nat, plassen",Dag,met lichtgewonden,9,personenauto,3,Fiets,Buiten Kruispunt,Gemeenteweg,binnen bebouwde kom,Tss. 2 best.: langs opzij (voor-/achterkant-flank),Geen hindernis
31325,107,leuven totem,Leuven,50.8870744,4.7087919,0.8239313333459187,50.880852247980435,4.702414176331325,2022,5,12,24062,Leuven,Normaal,"Nat, plassen",Dag,met lichtgewonden,9,personenauto,3,Fiets,Buiten Kruispunt,Gemeenteweg,binnen bebouwde kom,Tss. 2 best.: langs opzij (voor-/achterkant-flank),Geen hindernis
31327,77,Leuven teller 2,Leuven,50.88672,4.70796,0.9433260294097539,50.8808711991622,4.698219761217524,2022,5,18,24062,Leuven,Normaal,Droog,Dag,met lichtgewonden,8,Voetganger,3,Fiets,Buiten Kruispunt,Gemeenteweg,binnen bebouwde kom,Met een voetganger,Geen hindernis
31329,107,leuven totem,Leuven,50.8870744,4.7087919,0.326186605574547,50.88465214158762,4.711414729457049,2022,5,14,24062,Leuven,Normaal,Droog,Dag,met lichtgewonden,9,personenauto,3,Fiets,Buiten Kruispunt,Gewestweg,binnen bebouwde kom,Tss. 2 best.: langs opzij (voor-/achterkant-flank),Geen hindernis
31329,77,Leuven teller 2,Leuven,50.88672,4.70796,0.3340697740050902,50.88465214158762,4.711414729457049,2022,5,14,24062,Leuven,Normaal,Droog,Dag,met lichtgewonden,9,personenauto,3,Fiets,Buiten Kruispunt,Gewestweg,binnen bebouwde kom,Tss. 2 best.: langs opzij (voor-/achterkant-flank),Geen hindernis
31331,69,Leuven teller 1,Leuven,50.87549,4.71526,0.594158945094292,50.87199587855358,4.721666420139509,2022,5,8,24062,Leuven,Normaal,Droog,Dag,met lichtgewonden,9,personenauto,3,Fiets,Buiten Kruispunt,Gewestweg,binnen bebouwde kom,Tss. 2 best.: langs opzij (voor-/achterkant-flank),Geen hindernis
31384,47,Vilvoorde,Vilvoorde,50.91372,4.41497,0.5921297933176285,50.91857369339276,4.418444682411933,2022,5,16,23088,Vilvoorde,Normaal,Droog,Dag,met lichtgewonden,3,Fiets,11,een weggebruiker tegen een hindernis,Buiten Kruispunt,Gewestweg,binnen bebouwde kom,Weggebruiker tegen hindernis op de rijbaan,"Op de rijbaan: Werken (signal., aarde, toestel,…)"
31404,13,Gent,Gent,51.03018,3.70146,0.8546568730956849,51.02438400949257,3.709486156335517,2022,5,15,44021,Gent,Normaal,Droog,Dag,met lichtgewonden,9,personenauto,3,Fiets,Buiten Kruispunt,Gewestweg,binnen bebouwde kom,Tussen 2 bestuurders: Langs achteren,Geen hindernis
31406,136,Gent R4,Gent,51.0876313,3.7587918,0.7617355350485784,51.09387866307275,3.763266555098143,2022,5,20,44021,Gent,Normaal,Droog,Dag,met lichtgewonden,9,personenauto,3,Fiets,Op Kruispunt,Gemeenteweg,binnen bebouwde kom,Tss. 2 best.: langs opzij (voor-/achterkant-flank),Geen hindernis
31408,116,Melle teller 2,Melle,50.9986113,3.8040599,0.3272070513634726,50.99915850096265,3.808654140278915,2022,5,14,44040,Melle,Onbekend,Onbekend,Dag,met lichtgewonden,3,Fiets,9,personenauto,Buiten Kruispunt,Gewestweg,binnen bebouwde kom,Tss. 2 best.: langs opzij (voor-/achterkant-flank),Geen hindernis
31408,117,Melle teller 1,Melle,50.9986113,3.8040599,0.3272070513634726,50.99915850096265,3.808654140278915,2022,5,14,44040,Melle,Onbekend,Onbekend,Dag,met lichtgewonden,3,Fiets,9,personenauto,Buiten Kruispunt,Gewestweg,binnen bebouwde kom,Tss. 2 best.: langs opzij (voor-/achterkant-flank),Geen hindernis
31420,13,Gent,Gent,51.03018,3.70146,0.8546568730956849,51.02438400949257,3.709486156335517,2022,5,16,44021,Gent,Normaal,Droog,Dag,met lichtgewonden,3,Fiets,3,Fiets,Buiten Kruispunt,Gewestweg,binnen bebouwde kom,Tussen 2 bestuurders: Frontale botsing,Geen hindernis
31473,118,Gent teller 1,Gent,51.028049,3.7681359,0.4917219421300058,51.02467003890827,3.7726715288812858,2022,5,17,44040,Melle,Onbekend,Onbekend,Onbekend,met zwaargewonden,9,personenauto,3,Fiets,Op Kruispunt,Gewestweg,buiten bebouwde kom,Tss. 2 best.: langs opzij (voor-/achterkant-flank),Geen hindernis
31473,119,Gent teller 2,Gent,51.0281795,3.7683918,0.49180387657326596,51.02467003890827,3.7726715288812858,2022,5,17,44040,Melle,Onbekend,Onbekend,Onbekend,met zwaargewonden,9,personenauto,3,Fiets,Op Kruispunt,Gewestweg,buiten bebouwde kom,Tss. 2 best.: langs opzij (voor-/achterkant-flank),Geen hindernis
31487,6,Evergem 2,Evergem,51.10894,3.70298,0.29351050399029915,51.11157223037597,3.702665974224128,2022,5,18,44019,Evergem,Normaal,Droog,Dag,met lichtgewonden,9,personenauto,3,Fiets,Op Kruispunt,Gemeenteweg,binnen bebouwde kom,Tss. 2 best.: langs opzij (voor-/achterkant-flank),Geen hindernis
31487,7,Evergem 1,Evergem,51.1089,3.70317,0.29921455867684443,51.11157223037597,3.702665974224128,2022,5,18,44019,Evergem,Normaal,Droog,Dag,met lichtgewonden,9,personenauto,3,Fiets,Op Kruispunt,Gemeenteweg,binnen bebouwde kom,Tss. 2 best.: langs opzij (voor-/achterkant-flank),Geen hindernis
31492,7,Evergem 1,Evergem,51.1089,3.70317,0.9770760537201513,51.11502552410638,3.7132050731817254,2022,5,15,44019,Evergem,Normaal,Droog,Dag,met lichtgewonden,9,personenauto,3,Fiets,Buiten Kruispunt,Gemeenteweg,binnen bebouwde kom,Tussen 2 bestuurders: Frontale botsing,Geen hindernis
31492,6,Evergem 2,Evergem,51.10894,3.70298,0.9835633777729474,51.11502552410638,3.7132050731817254,2022,5,15,44019,Evergem,Normaal,Droog,Dag,met lichtgewonden,9,personenauto,3,Fiets,Buiten Kruispunt,Gemeenteweg,binnen bebouwde kom,Tussen 2 bestuurders: Frontale botsing,Geen hindernis
31496,115,Aalter,Aalter,51.1058367,3.4350591,0.6935137125879546,51.11109820304225,3.440393178801644,2022,5,22,44084,Aalter,Normaal,Droog,"Nacht, geen openbare verlichting aanwezig",met lichtgewonden,3,Fiets,11,een weggebruiker tegen een hindernis,Buiten Kruispunt,Gemeenteweg,buiten bebouwde kom,Weggebruiker tegen hindernis op de rijbaan,"Op de rijbaan: Verkeersdrempel, ezelsrug"
31570,128,Lokeren teller 1,Lokeren,51.09644,3.97023,0.45223639530530163,51.09833962159283,3.975956392959859,2022,5,12,46014,Lokeren,Normaal,Droog,Dag,met lichtgewonden,9,personenauto,3,Fiets,Op Kruispunt,Gewestweg,binnen bebouwde kom,Tss. 2 best.: langs opzij (voor-/achterkant-flank),Geen hindernis
31570,129,Lokeren teller 2,Lokeren,51.09612,3.97025,0.4687237830258913,51.09833962159283,3.975956392959859,2022,5,12,46014,Lokeren,Normaal,Droog,Dag,met lichtgewonden,9,personenauto,3,Fiets,Op Kruispunt,Gewestweg,binnen bebouwde kom,Tss. 2 best.: langs opzij (voor-/achterkant-flank),Geen hindernis
31572,128,Lokeren teller 1,Lokeren,51.09644,3.97023,0.8859332936501844,51.10440666475457,3.9700588673364217,2022,5,16,46014,Lokeren,Normaal,Droog,Dag,met lichtgewonden,3,Fiets,3,Fiets,Buiten Kruispunt,Gemeenteweg,binnen bebouwde kom,Tussen 2 bestuurders: Frontale botsing,Geen hindernis
31572,129,Lokeren teller 2,Lokeren,51.09612,3.97025,0.9215317258717696,51.10440666475457,3.9700588673364217,2022,5,16,46014,Lokeren,Normaal,Droog,Dag,met lichtgewonden,3,Fiets,3,Fiets,Buiten Kruispunt,Gemeenteweg,binnen bebouwde kom,Tussen 2 bestuurders: Frontale botsing,Geen hindernis