crash_row_id,site_id,site_name,site_gemeente,site_lat,site_long,distance_km,crash_lat,crash_long,DT_YEAR_COLLISION,DT_MONTH_COLLISION,DT_TIME,CD_NIS,TX_MUNTY_COLLISION_NL,TX_WEATHER_NL,TX_ROAD_CONDITION_NL,TX_LIGHT_CONDITION_NL,TX_CLASS_ACCIDENTS_NL,CD_ROAD_USR_TYPE1,TX_ROAD_USR_TYPE1_NL,CD_ROAD_USR_TYPE2,TX_ROAD_USR_TYPE2_NL,TX_CROSSWAY_NL,CD_ROAD_TYPE_NL,TX_BUILD_UP_AREA_NL,TX_COLLISION_TYPE_NL,TX_OBSTACLES_NL
31573,129,Lokeren teller 2,Lokeren,51.09612,3.97025,0.5406742417032246,51.09217996171252,3.9657130587470246,2022,5,18,46014,Lokeren,Normaal,Droog,Dag,met lichtgewonden,9,personenauto,3,Fiets,Op Kruispunt,Gewestweg,buiten bebouwde kom,Tss. 2 best.: langs opzij (voor-/achterkant-flank),Geen hindernis
31573,128,Lokeren teller 1,Lokeren,51.09644,3.97023,0.5691125528721015,51.09217996171252,3.9657130587470246,2022,5,18,46014,Lokeren,Normaal,Droog,Dag,met lichtgewonden,9,personenauto,3,Fiets,Op Kruispunt,Gewestweg,buiten bebouwde kom,Tss. 2 best.: langs opzij (voor-/achterkant-flank),Geen hindernis
31582,121,Zele teller 2,Zele,51.0604067,4.0556696,0.32366817934884773,51.05769815461159,4.057365864153764,2022,5,18,42028,Zele,"Andere (dikke rook,...)",Droog,Dag,met lichtgewonden,9,personenauto,3,Fiets,Op Kruispunt,Gemeenteweg,buiten bebouwde kom,Tussen 2 bestuurders: Frontale botsing,Geen hindernis
31582,120,Zele teller 1,Zele,51.0607671,4.0547741,0.3863437111907866,51.05769815461159,4.057365864153764,2022,5,18,42028,Zele,"Andere (dikke rook,...)",Droog,Dag,met lichtgewonden,9,personenauto,3,Fiets,Op Kruispunt,Gemeenteweg,buiten bebouwde kom,Tussen 2 bestuurders: Frontale botsing,Geen hindernis
31598,11,Aalst 3,Aalst,50.93385,4.01647,0.9161668737300518,50.93473696165856,4.029467875371437,2022,5,10,41002,Aalst,Normaal,Droog,Dag,met lichtgewonden,4,Vrachtwagen,3,Fiets,Op Kruispunt,Gewestweg,binnen bebouwde kom,Tss. 2 best.: langs opzij (voor-/achterkant-flank),Geen hindernis
31598,10,Aalst 2,Aalst,50.93549,4.01571,0.9677133096250068,50.93473696165856,4.029467875371437,2022,5,10,41002,Aalst,Normaal,Droog,Dag,met lichtgewonden,4,Vrachtwagen,3,Fiets,Op Kruispunt,Gewestweg,binnen bebouwde kom,Tss. 2 best.: langs opzij (voor-/achterkant-flank),Geen hindernis
31604,10,Aalst 2,Aalst,50.93549,4.01571,0.6999139723222715,50.94166097072243,4.0176790346160205,2022,5,8,41002,Aalst,Normaal,Droog,Dag,met lichtgewonden,9,personenauto,3,Fiets,Op Kruispunt,Gewestweg,binnen bebouwde kom,Tss. 2 best.: langs opzij (voor-/achterkant-flank),Geen hindernis
31604,19,Aalst 1,Aalst,50.93433,4.01471,0.8412957019259645,50.94166097072243,4.0176790346160205,2022,5,8,41002,Aalst,Normaal,Droog,Dag,met lichtgewonden,9,personenauto,3,Fiets,Op Kruispunt,Gewestweg,binnen bebouwde kom,Tss. 2 best.: langs opzij (voor-/achterkant-flank),Geen hindernis
31604,11,Aalst 3,Aalst,50.93385,4.01647,0.8726622945951849,50.94166097072243,4.0176790346160205,2022,5,8,41002,Aalst,Normaal,Droog,Dag,met lichtgewonden,9,personenauto,3,Fiets,Op Kruispunt,Gewestweg,binnen bebouwde kom,Tss. 2 best.: langs opzij (voor-/achterkant-flank),Geen hindernis
31621,125,Dendermonde totem,Dendermonde,51.0372706,4.1025998,0.7013927511705106,51.033621404205434,4.110781598379822,2022,5,16,42006,Dendermonde,Normaal,Droog,Dag,met lichtgewonden,3,Fiets,9,personenauto,Buiten Kruispunt,Gewestweg,binnen bebouwde kom,Tussen 2 bestuurders: Langs achteren,Geen hindernis
31621,122,Dendermonde teller 2,Dendermonde,51.0373918,4.1019222,0.748015462942365,51.033621404205434,4.110781598379822,2022,5,16,42006,Dendermonde,Normaal,Droog,Dag,met lichtgewonden,3,Fiets,9,personenauto,Buiten Kruispunt,Gewestweg,binnen bebouwde kom,Tussen 2 bestuurders: Langs achteren,Geen hindernis
31642,142,TEST Validatie BRUGGE Y2H22022134,Brugge,51.22632,3.24095,0.2285952368516227,51.22458662044253,3.239185037188784,2022,5,16,31005,Brugge,Normaal,Droog,Dag,met lichtgewonden,3,Fiets,3,Fiets,Buiten Kruispunt,Gewestweg,binnen bebouwde kom,Tussen 2 bestuurders: Frontale botsing,Geen hindernis
31642,52,Brugge,Brugge,51.22632,3.24095,0.2285952368516227,51.22458662044253,3.239185037188784,2022,5,16,31005,Brugge,Normaal,Droog,Dag,met lichtgewonden,3,Fiets,3,Fiets,Buiten Kruispunt,Gewestweg,binnen bebouwde kom,Tussen 2 bestuurders: Frontale botsing,Geen hindernis
31642,54,Brugge teller 2,Brugge,51.23015,3.22818,0.9848552295593999,51.22458662044253,3.239185037188784,2022,5,16,31005,Brugge,Normaal,Droog,Dag,met lichtgewonden,3,Fiets,3,Fiets,Buiten Kruispunt,Gewestweg,binnen bebouwde kom,Tussen 2 bestuurders: Frontale botsing,Geen hindernis
31649,54,Brugge teller 2,Brugge,51.23015,3.22818,0.4663348018794246,51.22867236792291,3.2344477971107075,2022,5,16,31005,Brugge,Normaal,Droog,Dag,met lichtgewonden,3,Fiets,9,personenauto,Op Kruispunt,Gemeenteweg,binnen bebouwde kom,Tss. 2 best.: langs opzij (voor-/achterkant-flank),Geen hindernis
31649,53,Brugge teller 1,Brugge,51.23023,3.228,0.4812143333338865,51.22867236792291,3.2344477971107075,2022,5,16,31005,Brugge,Normaal,Droog,Dag,met lichtgewonden,3,Fiets,9,personenauto,Op Kruispunt,Gemeenteweg,binnen bebouwde kom,Tss. 2 best.: langs opzij (voor-/achterkant-flank),Geen hindernis
31649,52,Brugge,Brugge,51.22632,3.24095,0.5228974133274502,51.22867236792291,3.2344477971107075,2022,5,16,31005,Brugge,Normaal,Droog,Dag,met lichtgewonden,3,Fiets,9,personenauto,Op Kruispunt,Gemeenteweg,binnen bebouwde kom,Tss. 2 best.: langs opzij (voor-/achterkant-flank),Geen hindernis
31649,142,TEST Validatie BRUGGE Y2H22022134,Brugge,51.22632,3.24095,0.5228974133274502,51.22867236792291,3.2344477971107075,2022,5,16,31005,Brugge,Normaal,Droog,Dag,met lichtgewonden,3,Fiets,9,personenauto,Op Kruispunt,Gemeenteweg,binnen bebouwde kom,Tss. 2 best.: langs opzij (voor-/achterkant-flank),Geen hindernis
31656,142,TEST Validatie BRUGGE Y2H22022134,Brugge,51.22632,3.24095,0.8352767753805247,51.230407879679795,3.2510137847743095,2022,5,15,31005,Brugge,Normaal,Droog,Dag,met lichtgewonden,3,Fiets,11,een weggebruiker tegen een hindernis,Buiten Kruispunt,Gewestweg,binnen bebouwde kom,Weggebruiker tegen hindernis op de rijbaan,Op de rijbaan: Dier (wild dier)
31656,52,Brugge,Brugge,51.22632,3.24095,0.8352767753805247,51.230407879679795,3.2510137847743095,2022,5,15,31005,Brugge,Normaal,Droog,Dag,met lichtgewonden,3,Fiets,11,een weggebruiker tegen een hindernis,Buiten Kruispunt,Gewestweg,binnen bebouwde kom,Weggebruiker tegen hindernis op de rijbaan,Op de rijbaan: Dier (wild dier)
31682,18,Oostende 1,Oostende,51.21378,2.92765,0.01291358954251515,51.21384585757838,2.9274972965287374,2022,5,17,35013,Oostende,Normaal,Droog,Dag,met lichtgewonden,3,Fiets,99,onbekend,Buiten Kruispunt,Gemeenteweg,binnen bebouwde kom,Tussen 2 bestuurders: Flank tegen flank,Geen hindernis
31682,15,Oostende 2,Oostende,51.21371,2.92743,0.01581721167426718,51.21384585757838,2.9274972965287374,2022,5,17,35013,Oostende,Normaal,Droog,Dag,met lichtgewonden,3,Fiets,99,onbekend,Buiten Kruispunt,Gemeenteweg,binnen bebouwde kom,Tussen 2 bestuurders: Flank tegen flank,Geen hindernis
31688,15,Oostende 2,Oostende,51.21371,2.92743,0.9209986274568654,51.21788579365029,2.9160104523883934,2022,5,13,35013,Oostende,Normaal,Droog,Dag,met lichtgewonden,3,Fiets,3,Fiets,Op Kruispunt,Gemeenteweg,binnen bebouwde kom,Tussen 2 bestuurders: Frontale botsing,Geen hindernis
31688,18,Oostende 1,Oostende,51.21378,2.92765,0.9304194692826164,51.21788579365029,2.9160104523883934,2022,5,13,35013,Oostende,Normaal,Droog,Dag,met lichtgewonden,3,Fiets,3,Fiets,Op Kruispunt,Gemeenteweg,binnen bebouwde kom,Tussen 2 bestuurders: Frontale botsing,Geen hindernis
31746,143,Eco Display Classic Budastraat,Kortrijk,50.83066,3.26286,0.3664906867302141,50.83331101537727,3.2659606895421263,2022,5,11,34022,Kortrijk,Normaal,Droog,Dag,met zwaargewonden,3,Fiets,8,Voetganger,Buiten Kruispunt,Gemeenteweg,binnen bebouwde kom,Met een voetganger,Geen hindernis
31746,17,Kortrijk 2,Kortrijk,50.83339,3.27773,0.8265851205254506,50.83331101537727,3.2659606895421263,2022,5,11,34022,Kortrijk,Normaal,Droog,Dag,met zwaargewonden,3,Fiets,8,Voetganger,Buiten Kruispunt,Gemeenteweg,binnen bebouwde kom,Met een voetganger,Geen hindernis
31746,16,Kortrijk 1,Kortrijk,50.83332,3.27777,0.8293488149320581,50.83331101537727,3.2659606895421263,2022,5,11,34022,Kortrijk,Normaal,Droog,Dag,met zwaargewonden,3,Fiets,8,Voetganger,Buiten Kruispunt,Gemeenteweg,binnen bebouwde kom,Met een voetganger,Geen hindernis
31750,143,Eco Display Classic Budastraat,Kortrijk,50.83066,3.26286,0.6346913406569812,50.82733628789255,3.270206613469144,2022,5,3,34022,Kortrijk,Normaal,Droog,"Nacht, openbare verlichting aanwezig en ontstoken",met lichtgewonden,3,Fiets,8,Voetganger,Op Kruispunt,Gemeenteweg,binnen bebouwde kom,Met een voetganger,Geen hindernis
31750,16,Kortrijk 1,Kortrijk,50.83332,3.27777,0.8513948534498923,50.82733628789255,3.270206613469144,2022,5,3,34022,Kortrijk,Normaal,Droog,"Nacht, openbare verlichting aanwezig en ontstoken",met lichtgewonden,3,Fiets,8,Voetganger,Op Kruispunt,Gemeenteweg,binnen bebouwde kom,Met een voetganger,Geen hindernis
31750,17,Kortrijk 2,Kortrijk,50.83339,3.27773,0.8557537491846668,50.82733628789255,3.270206613469144,2022,5,3,34022,Kortrijk,Normaal,Droog,"Nacht, openbare verlichting aanwezig en ontstoken",met lichtgewonden,3,Fiets,8,Voetganger,Op Kruispunt,Gemeenteweg,binnen bebouwde kom,Met een voetganger,Geen hindernis
31752,75,Kortrijk teller 2,Kortrijk,50.81925,3.25731,0.5917303560941756,50.82046701742433,3.249109858622662,2022,5,16,34022,Kortrijk,Normaal,Droog,Dag,met lichtgewonden,3,Fiets,3,Fiets,Buiten Kruispunt,Gemeenteweg,binnen bebouwde kom,Tussen 2 bestuurders: Frontale botsing,Geen hindernis
31752,74,Kortrijk teller 1,Kortrijk,50.81909,3.25728,0.5940152714232254,50.82046701742433,3.249109858622662,2022,5,16,34022,Kortrijk,Normaal,Droog,Dag,met lichtgewonden,3,Fiets,3,Fiets,Buiten Kruispunt,Gemeenteweg,binnen bebouwde kom,Tussen 2 bestuurders: Frontale botsing,Geen hindernis
31755,143,Eco Display Classic Budastraat,Kortrijk,50.83066,3.26286,0.784061829663108,50.826533694335204,3.2719123167833164,2022,5,10,34022,Kortrijk,Normaal,Droog,Dag,met lichtgewonden,3,Fiets,2,Andere weggebruiker,Op Kruispunt,Gewestweg,binnen bebouwde kom,Tussen 2 bestuurders: Frontale botsing,Geen hindernis
31755,16,Kortrijk 1,Kortrijk,50.83332,3.27777,0.8594646994444128,50.826533694335204,3.2719123167833164,2022,5,10,34022,Kortrijk,Normaal,Droog,Dag,met lichtgewonden,3,Fiets,2,Andere weggebruiker,Op Kruispunt,Gewestweg,binnen bebouwde kom,Tussen 2 bestuurders: Frontale botsing,Geen hindernis
31755,17,Kortrijk 2,Kortrijk,50.83339,3.27773,0.864975932903671,50.826533694335204,3.2719123167833164,2022,5,10,34022,Kortrijk,Normaal,Droog,Dag,met lichtgewonden,3,Fiets,2,Andere weggebruiker,Op Kruispunt,Gewestweg,binnen bebouwde kom,Tussen 2 bestuurders: Frontale botsing,Geen hindernis
31757,74,Kortrijk teller 1,Kortrijk,50.81909,3.25728,0.9022393239327886,50.81145851334616,3.261642675190897,2022,5,8,34022,Kortrijk,Onbekend,Onbekend,Dag,met lichtgewonden,9,personenauto,3,Fiets,Buiten Kruispunt,Gemeenteweg,binnen bebouwde kom,Tss. 2 best.: langs opzij (voor-/achterkant-flank),Geen hindernis
31757,75,Kortrijk teller 2,Kortrijk,50.81925,3.25731,0.9182913635791657,50.81145851334616,3.261642675190897,2022,5,8,34022,Kortrijk,Onbekend,Onbekend,Dag,met lichtgewonden,9,personenauto,3,Fiets,Buiten Kruispunt,Gemeenteweg,binnen bebouwde kom,Tss. 2 best.: langs opzij (voor-/achterkant-flank),Geen hindernis
31786,64,Nieuwpoort teller 1,Nieuwpoort,51.13359,2.75737,0.5867527061462252,51.12854185528907,2.7549215771260203,2022,5,18,38016,Nieuwpoort,Normaal,Droog,Dag,met lichtgewonden,9,personenauto,3,Fiets,Op Kruispunt,Gemeenteweg,binnen bebouwde kom,Tss. 2 best.: langs opzij (voor-/achterkant-flank),Geen hindernis
31786,65,Nieuwpoort teller 2,Nieuwpoort,51.13435,2.75511,0.6459700437908492,51.12854185528907,2.7549215771260203,2022,5,18,38016,Nieuwpoort,Normaal,Droog,Dag,met lichtgewonden,9,personenauto,3,Fiets,Op Kruispunt,Gemeenteweg,binnen bebouwde kom,Tss. 2 best.: langs opzij (voor-/achterkant-flank),Geen hindernis
31787,66,Nieuwpoort totem,Nieuwpoort,51.1347,2.74369,0.382022806529076,51.13234875020374,2.7476819964505883,2022,5,14,38016,Nieuwpoort,Normaal,Droog,Dag,met lichtgewonden,9,personenauto,3,Fiets,Op Kruispunt,Gewestweg,binnen bebouwde kom,Tss. 2 best.: langs opzij (voor-/achterkant-flank),Geen hindernis
31787,63,Nieuwpoort teller 3,Nieuwpoort,51.13529,2.74289,0.46771934209166144,51.13234875020374,2.7476819964505883,2022,5,14,38016,Nieuwpoort,Normaal,Droog,Dag,met lichtgewonden,9,personenauto,3,Fiets,Op Kruispunt,Gewestweg,binnen bebouwde kom,Tss. 2 best.: langs opzij (voor-/achterkant-flank),Geen hindernis
31787,65,Nieuwpoort teller 2,Nieuwpoort,51.13435,2.75511,0.5640475452916556,51.13234875020374,2.7476819964505883,2022,5,14,38016,Nieuwpoort,Normaal,Droog,Dag,met lichtgewonden,9,personenauto,3,Fiets,Op Kruispunt,Gewestweg,binnen bebouwde kom,Tss. 2 best.: langs opzij (voor-/achterkant-flank),Geen hindernis
31787,64,Nieuwpoort teller 1,Nieuwpoort,51.13359,2.75737,0.6899412368900041,51.13234875020374,2.7476819964505883,2022,5,14,38016,Nieuwpoort,Normaal,Droog,Dag,met lichtgewonden,9,personenauto,3,Fiets,Op Kruispunt,Gewestweg,binnen bebouwde kom,Tss. 2 best.: langs opzij (voor-/achterkant-flank),Geen hindernis
31805,67,Ieper totem,Ieper,50.85018,2.85624,0.9784325916444241,50.849073252173696,2.8700663526718344,2022,5,9,33011,Ieper,Onbekend,Onbekend,Dag,met lichtgewonden,3,Fiets,9,personenauto,Buiten Kruispunt,Gewestweg,binnen bebouwde kom,Tussen 2 bestuurders: Flank tegen flank,Geen hindernis
31805,68,Ieper,Ieper,50.85032,2.85608,0.9916318167003474,50.849073252173696,2.8700663526718344,2022,5,9,33011,Ieper,Onbekend,Onbekend,Dag,met lichtgewonden,3,Fiets,9,personenauto,Buiten Kruispunt,Gewestweg,binnen bebouwde kom,Tussen 2 bestuurders: Flank tegen flank,Geen hindernis
31808,41,Maasmechelen teller 1,Maasmechelen,50.97025,5.69799,0.747035095966305,50.96372535036361,5.700532504610679,2022,5,14,73107,Maasmechelen,Onbekend,Onbekend,Dag,met lichtgewonden,3,Fiets,1,Autobus,Buiten Kruispunt,Gemeenteweg,onbekend,Tss. 2 best.: langs opzij (voor-/achterkant-flank),Geen hindernis
31808,42,Maasmechelen teller 2,Maasmechelen,50.97043,5.6981,0.7647355978316283,50.96372535036361,5.700532504610679,2022,5,14,73107,Maasmechelen,Onbekend,Onbekend,Dag,met lichtgewonden,3,Fiets,1,Autobus,Buiten Kruispunt,Gemeenteweg,onbekend,Tss. 2 best.: langs opzij (voor-/achterkant-flank),Geen hindernis
31810,41,Maasmechelen teller 1,Maasmechelen,50.97025,5.69799,0.6542595845272962,50.970394686898274,5.688649194570545,2022,5,17,73107,Maasmechelen,Normaal,Droog,Dag,met lichtgewonden,3,Fiets,9,personenauto,Buiten Kruispunt,Gemeenteweg,binnen bebouwde kom,Tussen 2 bestuurders: Flank tegen flank,Geen hindernis
31810,42,Maasmechelen teller 2,Maasmechelen,50.97043,5.6981,0.6617745301624417,50.970394686898274,5.688649194570545,2022,5,17,73107,Maasmechelen,Normaal,Droog,Dag,met lichtgewonden,3,Fiets,9,personenauto,Buiten Kruispunt,Gemeenteweg,binnen bebouwde kom,Tussen 2 bestuurders: Flank tegen flank,Geen hindernis
31853,140,Hasselt ring,Hasselt,50.9300038,5.3438616,0.5466948744012834,50.934089612444964,5.339522479839735,2022,5,8,71022,Hasselt,Normaal,Droog,Dag,met lichtgewonden,3,Fiets,3,Fiets,Op Kruispunt,Gewestweg,binnen bebouwde kom,Tussen 2 bestuurders: Frontale botsing,Geen hindernis
31853,138,Hasselt-Kempische brug,Hasselt,50.9405318,5.3422472,0.7413458337753798,50.934089612444964,5.339522479839735,2022,5,8,71022,Hasselt,Normaal,Droog,Dag,met lichtgewonden,3,Fiets,3,Fiets,Op Kruispunt,Gewestweg,binnen bebouwde kom,Tussen 2 bestuurders: Frontale botsing,Geen hindernis
31853,137,Hasselt-Kempische brug,Hasselt,50.9411605,5.3417576,0.8016939390571317,50.934089612444964,5.339522479839735,2022,5,8,71022,Hasselt,Normaal,Droog,Dag,met lichtgewonden,3,Fiets,3,Fiets,Op Kruispunt,Gewestweg,binnen bebouwde kom,Tussen 2 bestuurders: Frontale botsing,Geen hindernis
31856,140,Hasselt ring,Hasselt,50.9300038,5.3438616,0.9935060426440879,50.929811385307325,5.329688732194395,2022,5,20,71022,Hasselt,Normaal,Droog,Dag,met zwaargewonden,3,Fiets,9,personenauto,Buiten Kruispunt,Gemeenteweg,binnen bebouwde kom,Tussen 2 bestuurders: Flank tegen flank,Geen hindernis
31858,138,Hasselt-Kempische brug,Hasselt,50.9405318,5.3422472,0.43002968922794593,50.93682934612708,5.340474226400959,2022,5,17,71022,Hasselt,Normaal,Droog,Dag,met lichtgewonden,9,personenauto,3,Fiets,Buiten Kruispunt,Gewestweg,binnen bebouwde kom,Tss. 2 best.: langs opzij (voor-/achterkant-flank),Geen hindernis
31858,137,Hasselt-Kempische brug,Hasselt,50.9411605,5.3417576,0.48992582173540533,50.93682934612708,5.340474226400959,2022,5,17,71022,Hasselt,Normaal,Droog,Dag,met lichtgewonden,9,personenauto,3,Fiets,Buiten Kruispunt,Gewestweg,binnen bebouwde kom,Tss. 2 best.: langs opzij (voor-/achterkant-flank),Geen hindernis
31858,140,Hasselt ring,Hasselt,50.9300038,5.3438616,0.7952222037629776,50.93682934612708,5.340474226400959,2022,5,17,71022,Hasselt,Normaal,Droog,Dag,met lichtgewonden,9,personenauto,3,Fiets,Buiten Kruispunt,Gewestweg,binnen bebouwde kom,Tss. 2 best.: langs opzij (voor-/achterkant-flank),Geen hindernis
31862,138,Hasselt-Kempische brug,Hasselt,50.9405318,5.3422472,0.3652278121275764,50.93740683745744,5.3406421041284755,2022,5,0,71022,Hasselt,Normaal,Droog,"Nacht, openbare verlichting aanwezig en ontstoken",met lichtgewonden,3,Fiets,9,personenauto,Buiten Kruispunt,Gewestweg,binnen bebouwde kom,Tussen 2 bestuurders: Langs achteren,Geen hindernis
31862,137,Hasselt-Kempische brug,Hasselt,50.9411605,5.3417576,0.4246435486435557,50.93740683745744,5.3406421041284755,2022,5,0,71022,Hasselt,Normaal,Droog,"Nacht, openbare verlichting aanwezig en ontstoken",met lichtgewonden,3,Fiets,9,personenauto,Buiten Kruispunt,Gewestweg,binnen bebouwde kom,Tussen 2 bestuurders: Langs achteren,Geen hindernis
31862,140,Hasselt ring,Hasselt,50.9300038,5.3438616,0.8535379063985334,50.93740683745744,5.3406421041284755,2022,5,0,71022,Hasselt,Normaal,Droog,"Nacht, openbare verlichting aanwezig en ontstoken",met lichtgewonden,3,Fiets,9,personenauto,Buiten Kruispunt,Gewestweg,binnen bebouwde kom,Tussen 2 bestuurders: Langs achteren,Geen hindernis
31863,140,Hasselt ring,Hasselt,50.9300038,5.3438616,0.7947760204401929,50.92373154804233,5.34929919428143,2022,5,6,71022,Hasselt,Normaal,Droog,Dag,met lichtgewonden,9,personenauto,3,Fiets,Op Kruispunt,Gemeenteweg,binnen bebouwde kom,Tss. 2 best.: langs opzij (voor-/achterkant-flank),Geen hindernis
31887,139,Houthalen-Helchteren,Houthalen-Helchteren,51.0644267,5.3819796,0.8848859004638864,51.05901083057412,5.372702099857644,2022,5,22,72039,Houthalen-Helchteren,Normaal,Droog,"Nacht, openbare verlichting aanwezig en ontstoken",met lichtgewonden,3,Fiets,11,een weggebruiker tegen een hindernis,Op Kruispunt,Gemeenteweg,binnen bebouwde kom,Weggebruiker tegen hindernis buiten rijbaan,Buiten de rijbaan: Andere paal
31889,48,As,As,51.00509,5.60389,0.7576717258905454,51.004361973661354,5.593123478714484,2022,5,16,71002,As,Normaal,Droog,Dag,met lichtgewonden,9,personenauto,3,Fiets,Op Kruispunt,Gewestweg,buiten bebouwde kom,Tss. 2 best.: langs opzij (voor-/achterkant-flank),Geen hindernis
31896,49,Bokrijk,Genk,50.95264,5.41001,0.2563298880673322,50.95038793930038,5.410791373814381,2022,5,9,71016,Genk,Normaal,Droog,Dag,met lichtgewonden,9,personenauto,3,Fiets,Op Kruispunt,Gemeenteweg,binnen bebouwde kom,Tss. 2 best.: langs opzij (voor-/achterkant-flank),Geen hindernis
31902,24,Tienen 1,Tienen,50.8133795491886,4.935044252605416,0.03632998740510326,50.81305289543329,4.935054930685372,2022,5,16,24107,Tienen,Normaal,Droog,Dag,met lichtgewonden,9,personenauto,3,Fiets,Buiten Kruispunt,Gewestweg,binnen bebouwde kom,Tussen 2 bestuurders: Flank tegen flank,Geen hindernis
31902,23,Tienen 3,Tienen,50.81324,4.93447,0.04606267545989197,50.81305289543329,4.935054930685372,2022,5,16,24107,Tienen,Normaal,Droog,Dag,met lichtgewonden,9,personenauto,3,Fiets,Buiten Kruispunt,Gewestweg,binnen bebouwde kom,Tussen 2 bestuurders: Flank tegen flank,Geen hindernis
31902,22,Tienen 2,Tienen,50.81330800184882,4.935984252796022,0.07118864232810655,50.81305289543329,4.935054930685372,2022,5,16,24107,Tienen,Normaal,Droog,Dag,met lichtgewonden,9,personenauto,3,Fiets,Buiten Kruispunt,Gewestweg,binnen bebouwde kom,Tussen 2 bestuurders: Flank tegen flank,Geen hindernis
31905,23,Tienen 3,Tienen,50.81324,4.93447,0.8058493466226901,50.810962504011975,4.923581586865792,2022,5,20,24107,Tienen,Normaal,Droog,Dag,met lichtgewonden,9,personenauto,3,Fiets,Op Kruispunt,Gemeenteweg,binnen bebouwde kom,Tss. 2 best.: langs opzij (voor-/achterkant-flank),Geen hindernis
31905,24,Tienen 1,Tienen,50.8133795491886,4.935044252605416,0.8490301299747558,50.810962504011975,4.923581586865792,2022,5,20,24107,Tienen,Normaal,Droog,Dag,met lichtgewonden,9,personenauto,3,Fiets,Op Kruispunt,Gemeenteweg,binnen bebouwde kom,Tss. 2 best.: langs opzij (voor-/achterkant-flank),Geen hindernis
31905,22,Tienen 2,Tienen,50.81330800184882,4.935984252796022,0.9096056898049204,50.810962504011975,4.923581586865792,2022,5,20,24107,Tienen,Normaal,Droog,Dag,met lichtgewonden,9,personenauto,3,Fiets,Op Kruispunt,Gemeenteweg,binnen bebouwde kom,Tss. 2 best.: langs opzij (voor-/achterkant-flank),Geen hindernis
31912,114,Deinze teller 1,Nazareth,50.9598305,3.555502,0.6239780381260096,50.95773770220698,3.5472357848874125,2022,5,17,44083,Deinze,Normaal,Droog,Dag,met lichtgewonden,3,Fiets,11,een weggebruiker tegen een hindernis,Buiten Kruispunt,Gemeenteweg,binnen bebouwde kom,Weggebruiker tegen hindernis op de rijbaan,"Op de rijbaan: Werken (signal., aarde, toestel,…)"
31912,113,Deinze teller 2,Deinze,50.96018,3.55578,0.6571670021062427,50.95773770220698,3.5472357848874125,2022,5,17,44083,Deinze,Normaal,Droog,Dag,met lichtgewonden,3,Fiets,11,een weggebruiker tegen een hindernis,Buiten Kruispunt,Gemeenteweg,binnen bebouwde kom,Weggebruiker tegen hindernis op de rijbaan,"Op de rijbaan: Werken (signal., aarde, toestel,…)"
31914,131,Nevele,Deinze,51.0276612,3.558569,0.989476962916078,51.021621031725516,3.56895811266384,2022,5,18,44083,Deinze,Normaal,Droog,Dag,met lichtgewonden,9,personenauto,3,Fiets,Buiten Kruispunt,Gewestweg,buiten bebouwde kom,Tussen 2 bestuurders: Frontale botsing,Geen hindernis
32100,93,Nijlen teller 2,Nijlen,51.14998,4.64469,0.20461269735419818,51.149555030846514,4.641835832932472,2022,6,10,12026,Nijlen,Normaal,Droog,Dag,met lichtgewonden,3,Fiets,11,een weggebruiker tegen een hindernis,Buiten Kruispunt,Gewestweg,buiten bebouwde kom,Weggebruiker tegen hindernis op de rijbaan,"Op de rijbaan: Werken (signal., aarde, toestel,…)"
32100,92,Nijlen teller 1,Nijlen,51.14989,4.64479,0.2093959634935466,51.149555030846514,4.641835832932472,2022,6,10,12026,Nijlen,Normaal,Droog,Dag,met lichtgewonden,3,Fiets,11,een weggebruiker tegen een hindernis,Buiten Kruispunt,Gewestweg,buiten bebouwde kom,Weggebruiker tegen hindernis op de rijbaan,"Op de rijbaan: Werken (signal., aarde, toestel,…)"
32103,92,Nijlen teller 1,Nijlen,51.14989,4.64479,0.841734007762431,51.14499182053723,4.63558959774597,2022,6,13,12026,Nijlen,Normaal,Droog,Dag,met lichtgewonden,3,Fiets,9,personenauto,Buiten Kruispunt,Gewestweg,buiten bebouwde kom,Tss. 2 best.: langs opzij (voor-/achterkant-flank),Geen hindernis
32103,93,Nijlen teller 2,Nijlen,51.14998,4.64469,0.8429781363494968,51.14499182053723,4.63558959774597,2022,6,13,12026,Nijlen,Normaal,Droog,Dag,met lichtgewonden,3,Fiets,9,personenauto,Buiten Kruispunt,Gewestweg,buiten bebouwde kom,Tss. 2 best.: langs opzij (voor-/achterkant-flank),Geen hindernis
32104,93,Nijlen teller 2,Nijlen,51.14998,4.64469,0.2863008189904549,51.14928762564174,4.640736595068813,2022,6,9,12026,Nijlen,Normaal,Droog,Dag,met lichtgewonden,3,Fiets,9,personenauto,Op Kruispunt,Gewestweg,buiten bebouwde kom,Tss. 2 best.: langs opzij (voor-/achterkant-flank),Geen hindernis
32104,92,Nijlen teller 1,Nijlen,51.14989,4.64479,0.29055643843376494,51.14928762564174,4.640736595068813,2022,6,9,12026,Nijlen,Normaal,Droog,Dag,met lichtgewonden,3,Fiets,9,personenauto,Op Kruispunt,Gewestweg,buiten bebouwde kom,Tss. 2 best.: langs opzij (voor-/achterkant-flank),Geen hindernis
32111,9,Heist op den Berg 2,Heist-op-den-Berg,51.06904,4.69524,0.9570061732752634,51.074801672273416,4.70541505589167,2022,5,21,12014,Heist-op-den-Berg,Onbekend,Onbekend,Onbekend,met lichtgewonden,3,Fiets,3,Fiets,Buiten Kruispunt,Gemeenteweg,binnen bebouwde kom,Tussen 2 bestuurders: Frontale botsing,Geen hindernis