crash_row_id,site_id,site_name,site_gemeente,site_lat,site_long,distance_km,crash_lat,crash_long,DT_YEAR_COLLISION,DT_MONTH_COLLISION,DT_TIME,CD_NIS,TX_MUNTY_COLLISION_NL,TX_WEATHER_NL,TX_ROAD_CONDITION_NL,TX_LIGHT_CONDITION_NL,TX_CLASS_ACCIDENTS_NL,CD_ROAD_USR_TYPE1,TX_ROAD_USR_TYPE1_NL,CD_ROAD_USR_TYPE2,TX_ROAD_USR_TYPE2_NL,TX_CROSSWAY_NL,CD_ROAD_TYPE_NL,TX_BUILD_UP_AREA_NL,TX_COLLISION_TYPE_NL,TX_OBSTACLES_NL
32127,132,Gierde lille,Lille,51.245445,4.8298851,0.23393355660876358,51.246872611004534,4.83235373234909,2022,6,6,13019,Lille,Normaal,Droog,Dageraad - schemering,met lichtgewonden,9,personenauto,3,Fiets,Op Kruispunt,Gewestweg,binnen bebouwde kom,Tss. 2 best.: langs opzij (voor-/achterkant-flank),Geen hindernis
32127,133,Gierde Lille Totem,Lille,51.2453915,4.8297416,0.24531899223905507,51.246872611004534,4.83235373234909,2022,6,6,13019,Lille,Normaal,Droog,Dageraad - schemering,met lichtgewonden,9,personenauto,3,Fiets,Op Kruispunt,Gewestweg,binnen bebouwde kom,Tss. 2 best.: langs opzij (voor-/achterkant-flank),Geen hindernis
32140,97,Geel teller 1,Geel,51.14813,4.99698,0.3300322864522956,51.14963966293732,5.001053712490723,2022,6,13,13008,Geel,Normaal,Droog,Dag,met zwaargewonden,9,personenauto,3,Fiets,Op Kruispunt,Gewestweg,buiten bebouwde kom,Tss. 2 best.: langs opzij (voor-/achterkant-flank),Geen hindernis
32140,98,Geel teller 2,Geel,51.1481,4.99643,0.3651390547546541,51.14963966293732,5.001053712490723,2022,6,13,13008,Geel,Normaal,Droog,Dag,met zwaargewonden,9,personenauto,3,Fiets,Op Kruispunt,Gewestweg,buiten bebouwde kom,Tss. 2 best.: langs opzij (voor-/achterkant-flank),Geen hindernis
32172,37,Lommel teller 1,Lommel,51.23299,5.29211,0.9123286199151697,51.23071218013718,5.304698015125313,2022,6,16,72020,Lommel,Normaal,Droog,Dag,met lichtgewonden,3,Fiets,3,Fiets,Buiten Kruispunt,Gemeenteweg,binnen bebouwde kom,Tss. 2 best.: langs opzij (voor-/achterkant-flank),Geen hindernis
32172,38,Lommel teller 2,Lommel,51.23277,5.29189,0.9206734771067879,51.23071218013718,5.304698015125313,2022,6,16,72020,Lommel,Normaal,Droog,Dag,met lichtgewonden,3,Fiets,3,Fiets,Buiten Kruispunt,Gemeenteweg,binnen bebouwde kom,Tss. 2 best.: langs opzij (voor-/achterkant-flank),Geen hindernis
32174,46,Pelt teller 2,Pelt,51.231,5.44375,0.4086591831910162,51.22879459794399,5.439055153886147,2022,6,15,72043,Pelt,Normaal,Droog,Dag,met lichtgewonden,3,Fiets,3,Fiets,Buiten Kruispunt,Gemeenteweg,binnen bebouwde kom,Tussen 2 bestuurders: Frontale botsing,Geen hindernis
32174,45,Pelt teller 1,Pelt,51.23127,5.44377,0.42841609425578614,51.22879459794399,5.439055153886147,2022,6,15,72043,Pelt,Normaal,Droog,Dag,met lichtgewonden,3,Fiets,3,Fiets,Buiten Kruispunt,Gemeenteweg,binnen bebouwde kom,Tussen 2 bestuurders: Frontale botsing,Geen hindernis
32216,69,Leuven teller 1,Leuven,50.87549,4.71526,0.6960657162817461,50.88172654091506,4.714404283149927,2022,6,1,24062,Leuven,Normaal,Droog,"Nacht, openbare verlichting aanwezig en ontstoken",met lichtgewonden,3,Fiets,9,personenauto,Buiten Kruispunt,Gewestweg,binnen bebouwde kom,Tss. 2 best.: langs opzij (voor-/achterkant-flank),Geen hindernis
32216,107,leuven totem,Leuven,50.8870744,4.7087919,0.7131810595706732,50.88172654091506,4.714404283149927,2022,6,1,24062,Leuven,Normaal,Droog,"Nacht, openbare verlichting aanwezig en ontstoken",met lichtgewonden,3,Fiets,9,personenauto,Buiten Kruispunt,Gewestweg,binnen bebouwde kom,Tss. 2 best.: langs opzij (voor-/achterkant-flank),Geen hindernis
32216,77,Leuven teller 2,Leuven,50.88672,4.70796,0.716012307202422,50.88172654091506,4.714404283149927,2022,6,1,24062,Leuven,Normaal,Droog,"Nacht, openbare verlichting aanwezig en ontstoken",met lichtgewonden,3,Fiets,9,personenauto,Buiten Kruispunt,Gewestweg,binnen bebouwde kom,Tss. 2 best.: langs opzij (voor-/achterkant-flank),Geen hindernis
32217,69,Leuven teller 1,Leuven,50.87549,4.71526,0.5053800415787959,50.87125658753238,4.717880823563984,2022,6,0,24062,Leuven,Regenval,"Nat, plassen","Nacht, openbare verlichting aanwezig en ontstoken",met zwaargewonden,3,Fiets,10,"één bestuurder, geen hindernis",Buiten Kruispunt,Gemeenteweg,binnen bebouwde kom,"Eén bestuurder, geen hindernis (incl. val)",Geen hindernis
32218,151,Leuven,District Leuven,50.8690262,4.6854839,0.4230182354618555,50.87217996835564,4.6888551914340955,2022,6,9,24062,Leuven,Normaal,"Nat, plassen",Dag,met lichtgewonden,3,Fiets,10,"één bestuurder, geen hindernis",Buiten Kruispunt,Gemeenteweg,binnen bebouwde kom,"Eén bestuurder, geen hindernis (incl. val)",Geen hindernis
32221,151,Leuven,District Leuven,50.8690262,4.6854839,0.5233779890034633,50.87332529845767,4.688520505683877,2022,6,19,24062,Leuven,Normaal,Droog,Dag,met lichtgewonden,5,Lichte vrachtauto,3,Fiets,Op Kruispunt,Gewestweg,binnen bebouwde kom,Tussen 2 bestuurders: Flank tegen flank,Geen hindernis
32222,151,Leuven,District Leuven,50.8690262,4.6854839,0.9014288095826789,50.86843017347122,4.698294568692115,2022,6,20,24062,Leuven,Normaal,Droog,Dag,met lichtgewonden,3,Fiets,9,personenauto,Op Kruispunt,Gewestweg,binnen bebouwde kom,Tss. 2 best.: langs opzij (voor-/achterkant-flank),Geen hindernis
32223,151,Leuven,District Leuven,50.8690262,4.6854839,0.8349548559612963,50.8665913765196,4.696738982420748,2022,6,22,24062,Leuven,Normaal,Droog,"Nacht, openbare verlichting aanwezig en ontstoken",met lichtgewonden,3,Fiets,9,personenauto,Buiten Kruispunt,Gewestweg,binnen bebouwde kom,Tss. 2 best.: langs opzij (voor-/achterkant-flank),Geen hindernis
32225,107,leuven totem,Leuven,50.8870744,4.7087919,0.7720554927376235,50.89391256123236,4.710699796696923,2022,6,15,24062,Leuven,Normaal,Droog,Dag,met lichtgewonden,3,Fiets,11,een weggebruiker tegen een hindernis,Buiten Kruispunt,Gemeenteweg,binnen bebouwde kom,Weggebruiker tegen hindernis op de rijbaan,Op de rijbaan: Dier (wild dier)
32225,77,Leuven teller 2,Leuven,50.88672,4.70796,0.8225411132182395,50.89391256123236,4.710699796696923,2022,6,15,24062,Leuven,Normaal,Droog,Dag,met lichtgewonden,3,Fiets,11,een weggebruiker tegen een hindernis,Buiten Kruispunt,Gemeenteweg,binnen bebouwde kom,Weggebruiker tegen hindernis op de rijbaan,Op de rijbaan: Dier (wild dier)
32226,107,leuven totem,Leuven,50.8870744,4.7087919,0.3230052965396273,50.884632466922056,4.711285707916805,2022,6,12,24062,Leuven,Normaal,Droog,Dag,met lichtgewonden,3,Fiets,9,personenauto,Op Kruispunt,Gewestweg,binnen bebouwde kom,Tss. 2 best.: langs opzij (voor-/achterkant-flank),Geen hindernis
32226,77,Leuven teller 2,Leuven,50.88672,4.70796,0.3291026167512252,50.884632466922056,4.711285707916805,2022,6,12,24062,Leuven,Normaal,Droog,Dag,met lichtgewonden,3,Fiets,9,personenauto,Op Kruispunt,Gewestweg,binnen bebouwde kom,Tss. 2 best.: langs opzij (voor-/achterkant-flank),Geen hindernis
32227,77,Leuven teller 2,Leuven,50.88672,4.70796,0.3637055073276348,50.8884552082393,4.703564817218957,2022,6,17,24062,Leuven,Normaal,Droog,Dag,met lichtgewonden,3,Fiets,3,Fiets,Buiten Kruispunt,Gemeenteweg,binnen bebouwde kom,Tss. 2 best.: langs opzij (voor-/achterkant-flank),Geen hindernis
32227,107,leuven totem,Leuven,50.8870744,4.7087919,0.39751026404543216,50.8884552082393,4.703564817218957,2022,6,17,24062,Leuven,Normaal,Droog,Dag,met lichtgewonden,3,Fiets,3,Fiets,Buiten Kruispunt,Gemeenteweg,binnen bebouwde kom,Tss. 2 best.: langs opzij (voor-/achterkant-flank),Geen hindernis
32229,69,Leuven teller 1,Leuven,50.87549,4.71526,0.4801997244665432,50.87569082327136,4.70842351122589,2022,6,16,24062,Leuven,Normaal,Droog+Proper,Dag,met lichtgewonden,9,personenauto,3,Fiets,Op Kruispunt,Gemeenteweg,binnen bebouwde kom,Tss. 2 best.: langs opzij (voor-/achterkant-flank),Geen hindernis
32230,69,Leuven teller 1,Leuven,50.87549,4.71526,0.5014803156028576,50.872303845076296,4.720318138769367,2022,6,17,24062,Leuven,Normaal,Onbekend,Dag,met lichtgewonden,3,Fiets,9,personenauto,Op Kruispunt,Gewestweg,binnen bebouwde kom,Tussen 2 bestuurders: Flank tegen flank,Geen hindernis
32232,69,Leuven teller 1,Leuven,50.87549,4.71526,0.764246572335721,50.879876030310704,4.706873607514438,2022,6,17,24062,Leuven,Normaal,Droog,Dag,met lichtgewonden,3,Fiets,8,Voetganger,Buiten Kruispunt,Gemeenteweg,binnen bebouwde kom,Met een voetganger,Geen hindernis
32232,77,Leuven teller 2,Leuven,50.88672,4.70796,0.764821501263002,50.879876030310704,4.706873607514438,2022,6,17,24062,Leuven,Normaal,Droog,Dag,met lichtgewonden,3,Fiets,8,Voetganger,Buiten Kruispunt,Gemeenteweg,binnen bebouwde kom,Met een voetganger,Geen hindernis
32232,107,leuven totem,Leuven,50.8870744,4.7087919,0.811656177425187,50.879876030310704,4.706873607514438,2022,6,17,24062,Leuven,Normaal,Droog,Dag,met lichtgewonden,3,Fiets,8,Voetganger,Buiten Kruispunt,Gemeenteweg,binnen bebouwde kom,Met een voetganger,Geen hindernis
32234,151,Leuven,District Leuven,50.8690262,4.6854839,0.7929254145471301,50.86415451895455,4.6937348612701815,2022,6,20,24062,Leuven,Normaal,Droog,Dag,met lichtgewonden,9,personenauto,3,Fiets,Op Kruispunt,Gemeenteweg,binnen bebouwde kom,Tussen 2 bestuurders: Flank tegen flank,Geen hindernis
32236,77,Leuven teller 2,Leuven,50.88672,4.70796,0.8618163339450395,50.87940071492187,4.703919486549029,2022,5,8,24062,Leuven,Onbekend,Onbekend,Onbekend,met lichtgewonden,3,Fiets,3,Fiets,Buiten Kruispunt,Gemeenteweg,binnen bebouwde kom,Tss. 2 best.: langs opzij (voor-/achterkant-flank),Geen hindernis
32236,69,Leuven teller 1,Leuven,50.87549,4.71526,0.9067469875970362,50.87940071492187,4.703919486549029,2022,5,8,24062,Leuven,Onbekend,Onbekend,Onbekend,met lichtgewonden,3,Fiets,3,Fiets,Buiten Kruispunt,Gemeenteweg,binnen bebouwde kom,Tss. 2 best.: langs opzij (voor-/achterkant-flank),Geen hindernis
32236,107,leuven totem,Leuven,50.8870744,4.7087919,0.9191929656750073,50.87940071492187,4.703919486549029,2022,5,8,24062,Leuven,Onbekend,Onbekend,Onbekend,met lichtgewonden,3,Fiets,3,Fiets,Buiten Kruispunt,Gemeenteweg,binnen bebouwde kom,Tss. 2 best.: langs opzij (voor-/achterkant-flank),Geen hindernis
32238,151,Leuven,District Leuven,50.8690262,4.6854839,0.5233779890034633,50.87332529845767,4.688520505683877,2022,6,14,24062,Leuven,Normaal,Droog,Dag,met lichtgewonden,3,Fiets,9,personenauto,Op Kruispunt,Gewestweg,binnen bebouwde kom,Tss. 2 best.: langs opzij (voor-/achterkant-flank),Geen hindernis
32242,151,Leuven,District Leuven,50.8690262,4.6854839,0.5658140134223129,50.872583957210104,4.6912487073266895,2022,5,17,24062,Leuven,Onbekend,Onbekend,Dag,met lichtgewonden,3,Fiets,9,personenauto,Op Kruispunt,Gemeenteweg,binnen bebouwde kom,Tussen 2 bestuurders: Flank tegen flank,Geen hindernis
32262,101,Diest teller 1,Diest,50.97799,5.04481,0.7443752345487216,50.98244108371748,5.052751989996684,2022,6,10,24020,Diest,Normaal,Droog,Dag,met lichtgewonden,9,personenauto,3,Fiets,Buiten Kruispunt,Gemeenteweg,binnen bebouwde kom,Tussen 2 bestuurders: Flank tegen flank,Geen hindernis
32262,102,Diest teller 2,Diest,50.9779,5.04474,0.754701793187761,50.98244108371748,5.052751989996684,2022,6,10,24020,Diest,Normaal,Droog,Dag,met lichtgewonden,9,personenauto,3,Fiets,Buiten Kruispunt,Gemeenteweg,binnen bebouwde kom,Tussen 2 bestuurders: Flank tegen flank,Geen hindernis
32270,148,Hoeilaart,District Leuven,50.76699493,4.44471001,0.25424150716695254,50.765541748274266,4.447500984949182,2022,6,21,23033,Hoeilaart,Normaal,Droog,Dag,met lichtgewonden,3,Fiets,9,personenauto,Op Kruispunt,Gewestweg,buiten bebouwde kom,Tussen 2 bestuurders: Langs achteren,Geen hindernis
32298,47,Vilvoorde,Vilvoorde,50.91372,4.41497,0.6648497414426292,50.91677626973592,4.423121068144408,2022,6,9,23088,Vilvoorde,Normaal,Droog,Dag,met lichtgewonden,9,personenauto,3,Fiets,Op Kruispunt,Gewestweg,buiten bebouwde kom,Tss. 2 best.: langs opzij (voor-/achterkant-flank),Geen hindernis
32300,149,Machelen,,50.88297881,4.43356644,0.7575407748706151,50.88777928869732,4.44122900987411,2022,6,22,23047,Machelen,Normaal,Droog+Proper,"Nacht, openbare verlichting aanwezig en ontstoken",met lichtgewonden,3,Fiets,9,personenauto,Buiten Kruispunt,Gemeenteweg,binnen bebouwde kom,Tussen 2 bestuurders: Langs achteren,Geen hindernis
32302,47,Vilvoorde,Vilvoorde,50.91372,4.41497,0.9115939844032788,50.91880987835933,4.4251638053863855,2022,6,16,23088,Vilvoorde,Onbekend,Onbekend,Dag,met lichtgewonden,9,personenauto,3,Fiets,Op Kruispunt,Gewestweg,buiten bebouwde kom,Tussen 2 bestuurders: Flank tegen flank,Geen hindernis
32344,13,Gent,Gent,51.03018,3.70146,0.5058337357514661,51.028665991100056,3.694639215902054,2022,6,16,44021,Gent,Normaal,Droog,Dag,met lichtgewonden,9,personenauto,3,Fiets,Buiten Kruispunt,Gemeenteweg,buiten bebouwde kom,Tss. 2 best.: langs opzij (voor-/achterkant-flank),Geen hindernis
32347,13,Gent,Gent,51.03018,3.70146,0.7330293262992985,51.03670922625737,3.7000134709583223,2022,6,18,44021,Gent,Normaal,Droog,Dag,met lichtgewonden,3,Fiets,8,Voetganger,Buiten Kruispunt,Gemeenteweg,binnen bebouwde kom,Met een voetganger,Geen vermelding van de aanwezigheid van een hindernis
32352,118,Gent teller 1,Gent,51.028049,3.7681359,0.793206160675764,51.02813598175596,3.7567946714576714,2022,6,7,44021,Gent,Normaal,Droog,Dag,met zwaargewonden,3,Fiets,9,personenauto,Op Kruispunt,Gemeenteweg,buiten bebouwde kom,Tss. 2 best.: langs opzij (voor-/achterkant-flank),Geen hindernis
32352,119,Gent teller 2,Gent,51.0281795,3.7683918,0.8110568149520233,51.02813598175596,3.7567946714576714,2022,6,7,44021,Gent,Normaal,Droog,Dag,met zwaargewonden,3,Fiets,9,personenauto,Op Kruispunt,Gemeenteweg,buiten bebouwde kom,Tss. 2 best.: langs opzij (voor-/achterkant-flank),Geen hindernis
32380,116,Melle teller 2,Melle,50.9986113,3.8040599,0.3723615357718265,51.00194223958581,3.803512160971445,2022,6,8,44040,Melle,Normaal,Droog,Dag,met lichtgewonden,9,personenauto,3,Fiets,Buiten Kruispunt,Gewestweg,binnen bebouwde kom,Tss. 2 best.: langs opzij (voor-/achterkant-flank),Geen hindernis
32380,117,Melle teller 1,Melle,50.9986113,3.8040599,0.3723615357718265,51.00194223958581,3.803512160971445,2022,6,8,44040,Melle,Normaal,Droog,Dag,met lichtgewonden,9,personenauto,3,Fiets,Buiten Kruispunt,Gewestweg,binnen bebouwde kom,Tss. 2 best.: langs opzij (voor-/achterkant-flank),Geen hindernis
32381,119,Gent teller 2,Gent,51.0281795,3.7683918,0.8581196368977435,51.02750082536192,3.780614463879548,2022,6,18,44040,Melle,Normaal,Droog,Dag,met lichtgewonden,9,personenauto,3,Fiets,Buiten Kruispunt,Gewestweg,binnen bebouwde kom,Tussen 2 bestuurders: Frontale botsing,Geen hindernis
32381,118,Gent teller 1,Gent,51.028049,3.7681359,0.874818674476055,51.02750082536192,3.780614463879548,2022,6,18,44040,Melle,Normaal,Droog,Dag,met lichtgewonden,9,personenauto,3,Fiets,Buiten Kruispunt,Gewestweg,binnen bebouwde kom,Tussen 2 bestuurders: Frontale botsing,Geen hindernis
32382,114,Deinze teller 1,Nazareth,50.9598305,3.555502,0.4107327361662757,50.958872279274615,3.549838374898137,2022,6,15,44048,Nazareth,Normaal,Droog,Dag,met lichtgewonden,9,personenauto,3,Fiets,Buiten Kruispunt,Gemeenteweg,buiten bebouwde kom,Tss. 2 best.: langs opzij (voor-/achterkant-flank),Geen hindernis
32382,113,Deinze teller 2,Deinze,50.96018,3.55578,0.4408151867234945,50.958872279274615,3.549838374898137,2022,6,15,44048,Nazareth,Normaal,Droog,Dag,met lichtgewonden,9,personenauto,3,Fiets,Buiten Kruispunt,Gemeenteweg,buiten bebouwde kom,Tss. 2 best.: langs opzij (voor-/achterkant-flank),Geen hindernis
32386,7,Evergem 1,Evergem,51.1089,3.70317,0.9423934830208027,51.1123308696257,3.7155137875928435,2022,6,15,44019,Evergem,Normaal,Droog,Dag,met lichtgewonden,6,Bromfiets,3,Fiets,Buiten Kruispunt,Gemeenteweg,binnen bebouwde kom,Tussen 2 bestuurders: Flank tegen flank,Geen hindernis
32386,6,Evergem 2,Evergem,51.10894,3.70298,0.9527678683506061,51.1123308696257,3.7155137875928435,2022,6,15,44019,Evergem,Normaal,Droog,Dag,met lichtgewonden,6,Bromfiets,3,Fiets,Buiten Kruispunt,Gemeenteweg,binnen bebouwde kom,Tussen 2 bestuurders: Flank tegen flank,Geen hindernis
32387,7,Evergem 1,Evergem,51.1089,3.70317,0.8139669118356628,51.113800935177906,3.711830997492033,2022,6,14,44019,Evergem,Normaal,"Nat, plassen",Dag,met lichtgewonden,9,personenauto,3,Fiets,Buiten Kruispunt,Gemeenteweg,binnen bebouwde kom,Tss. 2 best.: langs opzij (voor-/achterkant-flank),Geen hindernis
32387,6,Evergem 2,Evergem,51.10894,3.70298,0.8209316311706106,51.113800935177906,3.711830997492033,2022,6,14,44019,Evergem,Normaal,"Nat, plassen",Dag,met lichtgewonden,9,personenauto,3,Fiets,Buiten Kruispunt,Gemeenteweg,binnen bebouwde kom,Tss. 2 best.: langs opzij (voor-/achterkant-flank),Geen hindernis
32390,6,Evergem 2,Evergem,51.10894,3.70298,0.7550076560080784,51.11302550484991,3.69434163408772,2022,5,9,44019,Evergem,Onbekend,Onbekend,Dag,met lichtgewonden,3,Fiets,11,een weggebruiker tegen een hindernis,Buiten Kruispunt,Gewestweg,onbekend,Weggebruiker tegen hindernis op de rijbaan,"Op de rijbaan: Werken (signal., aarde, toestel,…)"
32390,7,Evergem 1,Evergem,51.1089,3.70317,0.7682910046310385,51.11302550484991,3.69434163408772,2022,5,9,44019,Evergem,Onbekend,Onbekend,Dag,met lichtgewonden,3,Fiets,11,een weggebruiker tegen een hindernis,Buiten Kruispunt,Gewestweg,onbekend,Weggebruiker tegen hindernis op de rijbaan,"Op de rijbaan: Werken (signal., aarde, toestel,…)"
32470,126,Hamme totem,Hamme,51.1017709,4.1469307,0.3738465955097602,51.100124312163445,4.1422627001194545,2022,6,18,42008,Hamme,Normaal,Droog,Dag,met lichtgewonden,3,Fiets,11,een weggebruiker tegen een hindernis,Buiten Kruispunt,Gemeenteweg,binnen bebouwde kom,Weggebruiker tegen hindernis buiten rijbaan,Buiten de rijbaan: Muur gebouw
32473,126,Hamme totem,Hamme,51.1017709,4.1469307,0.35005228325520377,51.10214014413829,4.141951906302849,2022,6,12,42008,Hamme,Normaal,Droog,Dag,met lichtgewonden,3,Fiets,9,personenauto,Op Kruispunt,Gewestweg,binnen bebouwde kom,Tss. 2 best.: langs opzij (voor-/achterkant-flank),Geen hindernis
32476,120,Zele teller 1,Zele,51.0607671,4.0547741,0.13334514452741017,51.061947737081276,4.054439658716159,2022,6,16,42028,Zele,Normaal,Droog,Dag,met lichtgewonden,5,Lichte vrachtauto,3,Fiets,Buiten Kruispunt,Gemeenteweg,buiten bebouwde kom,Tussen 2 bestuurders: Flank tegen flank,Geen hindernis
32476,121,Zele teller 2,Zele,51.0604067,4.0556696,0.19170513928809174,51.061947737081276,4.054439658716159,2022,6,16,42028,Zele,Normaal,Droog,Dag,met lichtgewonden,5,Lichte vrachtauto,3,Fiets,Buiten Kruispunt,Gemeenteweg,buiten bebouwde kom,Tussen 2 bestuurders: Flank tegen flank,Geen hindernis
32503,19,Aalst 1,Aalst,50.93433,4.01471,0.9378666632240064,50.93047346284419,4.00280792872538,2022,6,11,41002,Aalst,Normaal,Droog,Dag,met lichtgewonden,3,Fiets,9,personenauto,Op Kruispunt,Gemeenteweg,binnen bebouwde kom,Tss. 2 best.: langs opzij (voor-/achterkant-flank),Geen hindernis
32527,122,Dendermonde teller 2,Dendermonde,51.0373918,4.1019222,0.6890139778659342,51.03150527745953,4.098844906656565,2022,6,12,42006,Dendermonde,Normaal,Droog,Dag,met lichtgewonden,3,Fiets,10,"één bestuurder, geen hindernis",Buiten Kruispunt,Gemeenteweg,binnen bebouwde kom,"Eén bestuurder, geen hindernis (incl. val)",Geen hindernis
32527,125,Dendermonde totem,Dendermonde,51.0372706,4.1025998,0.6927594129828699,51.03150527745953,4.098844906656565,2022,6,12,42006,Dendermonde,Normaal,Droog,Dag,met lichtgewonden,3,Fiets,10,"één bestuurder, geen hindernis",Buiten Kruispunt,Gemeenteweg,binnen bebouwde kom,"Eén bestuurder, geen hindernis (incl. val)",Geen hindernis
32528,125,Dendermonde totem,Dendermonde,51.0372706,4.1025998,0.6131433718924698,51.031986953088975,4.100091150247833,2022,6,13,42006,Dendermonde,Normaal,Droog,Dag,met lichtgewonden,3,Fiets,9,personenauto,Buiten Kruispunt,Gemeenteweg,binnen bebouwde kom,Tussen 2 bestuurders: Flank tegen flank,Geen hindernis
32528,122,Dendermonde teller 2,Dendermonde,51.0373918,4.1019222,0.6144786905485645,51.031986953088975,4.100091150247833,2022,6,13,42006,Dendermonde,Normaal,Droog,Dag,met lichtgewonden,3,Fiets,9,personenauto,Buiten Kruispunt,Gemeenteweg,binnen bebouwde kom,Tussen 2 bestuurders: Flank tegen flank,Geen hindernis
32529,122,Dendermonde teller 2,Dendermonde,51.0373918,4.1019222,0.5885097354036847,51.03245914591943,4.098871440294762,2022,6,17,42006,Dendermonde,Normaal,Droog,Dag,met lichtgewonden,3,Fiets,3,Fiets,Buiten Kruispunt,Gemeenteweg,binnen bebouwde kom,Tussen 2 bestuurders: Frontale botsing,Geen hindernis
32529,125,Dendermonde totem,Dendermonde,51.0372706,4.1025998,0.595148396824405,51.03245914591943,4.098871440294762,2022,6,17,42006,Dendermonde,Normaal,Droog,Dag,met lichtgewonden,3,Fiets,3,Fiets,Buiten Kruispunt,Gemeenteweg,binnen bebouwde kom,Tussen 2 bestuurders: Frontale botsing,Geen hindernis
32569,15,Oostende 2,Oostende,51.21371,2.92743,0.9791088201723843,51.211612666573764,2.9137782145888314,2022,6,16,35013,Oostende,Normaal,Droog,Dag,met lichtgewonden,3,Fiets,9,personenauto,Buiten Kruispunt,Gemeenteweg,binnen bebouwde kom,Tussen 2 bestuurders: Frontale botsing,Geen hindernis
32569,18,Oostende 1,Oostende,51.21378,2.92765,0.9958530305080597,51.211612666573764,2.9137782145888314,2022,6,16,35013,Oostende,Normaal,Droog,Dag,met lichtgewonden,3,Fiets,9,personenauto,Buiten Kruispunt,Gemeenteweg,binnen bebouwde kom,Tussen 2 bestuurders: Frontale botsing,Geen hindernis
32582,56,Torhout teller 2,Torhout,51.07147,3.08244,0.5123050345368714,51.06688398789346,3.083143510413832,2022,6,12,31033,Torhout,Normaal,Droog,Dag,met lichtgewonden,3,Fiets,9,personenauto,Buiten Kruispunt,Gemeenteweg,binnen bebouwde kom,Tss. 2 best.: langs opzij (voor-/achterkant-flank),Geen hindernis
32582,55,Torhout teller 1,Torhout,51.07161,3.08261,0.5268290934600126,51.06688398789346,3.083143510413832,2022,6,12,31033,Torhout,Normaal,Droog,Dag,met lichtgewonden,3,Fiets,9,personenauto,Buiten Kruispunt,Gemeenteweg,binnen bebouwde kom,Tss. 2 best.: langs opzij (voor-/achterkant-flank),Geen hindernis
32589,84,Roeselare totem,Izegem,50.91717,3.18772,0.536424117994148,50.913024055483675,3.191632221857144,2022,6,16,36008,Izegem,Normaal,Droog,Dag,met lichtgewonden,9,personenauto,3,Fiets,Op Kruispunt,Gemeenteweg,binnen bebouwde kom,Tss. 2 best.: langs opzij (voor-/achterkant-flank),Geen hindernis
32620,143,Eco Display Classic Budastraat,Kortrijk,50.83066,3.26286,0.8709427887798569,50.82419515225886,3.269860785017592,2022,6,22,34022,Kortrijk,Normaal,"Nat, plassen","Nacht, openbare verlichting aanwezig en ontstoken",met lichtgewonden,9,personenauto,3,Fiets,Op Kruispunt,Gewestweg,binnen bebouwde kom,Tss. 2 best.: langs opzij (voor-/achterkant-flank),Geen hindernis
32621,75,Kortrijk teller 2,Kortrijk,50.81925,3.25731,0.6400584004331021,50.82499127712607,3.256654677295622,2022,6,15,34022,Kortrijk,Normaal,Droog,Dag,met zwaargewonden,3,Fiets,2,Andere weggebruiker,Buiten Kruispunt,Gemeenteweg,binnen bebouwde kom,Tussen 2 bestuurders: Langs achteren,Geen hindernis
32621,74,Kortrijk teller 1,Kortrijk,50.81909,3.25728,0.6576606524879539,50.82499127712607,3.256654677295622,2022,6,15,34022,Kortrijk,Normaal,Droog,Dag,met zwaargewonden,3,Fiets,2,Andere weggebruiker,Buiten Kruispunt,Gemeenteweg,binnen bebouwde kom,Tussen 2 bestuurders: Langs achteren,Geen hindernis
32621,143,Eco Display Classic Budastraat,Kortrijk,50.83066,3.26286,0.7663400830448385,50.82499127712607,3.256654677295622,2022,6,15,34022,Kortrijk,Normaal,Droog,Dag,met zwaargewonden,3,Fiets,2,Andere weggebruiker,Buiten Kruispunt,Gemeenteweg,binnen bebouwde kom,Tussen 2 bestuurders: Langs achteren,Geen hindernis
32623,74,Kortrijk teller 1,Kortrijk,50.81909,3.25728,0.9358420882535666,50.81559105153167,3.245164626268846,2022,6,17,34022,Kortrijk,Normaal,Droog,Dag,met zwaargewonden,3,Fiets,3,Fiets,Buiten Kruispunt,Gemeenteweg,binnen bebouwde kom,Tussen 2 bestuurders: Langs achteren,Geen hindernis
32623,75,Kortrijk teller 2,Kortrijk,50.81925,3.25731,0.9452779518345026,50.81559105153167,3.245164626268846,2022,6,17,34022,Kortrijk,Normaal,Droog,Dag,met zwaargewonden,3,Fiets,3,Fiets,Buiten Kruispunt,Gemeenteweg,binnen bebouwde kom,Tussen 2 bestuurders: Langs achteren,Geen hindernis
32624,74,Kortrijk teller 1,Kortrijk,50.81909,3.25728,0.9033213541923,50.81338049954354,3.266426783683026,2022,6,19,34022,Kortrijk,Normaal,Droog,Dag,met lichtgewonden,9,personenauto,3,Fiets,Op Kruispunt,Gewestweg,binnen bebouwde kom,Tss. 2 best.: langs opzij (voor-/achterkant-flank),Geen hindernis
32624,75,Kortrijk teller 2,Kortrijk,50.81925,3.25731,0.9144344798191527,50.81338049954354,3.266426783683026,2022,6,19,34022,Kortrijk,Normaal,Droog,Dag,met lichtgewonden,9,personenauto,3,Fiets,Op Kruispunt,Gewestweg,binnen bebouwde kom,Tss. 2 best.: langs opzij (voor-/achterkant-flank),Geen hindernis