crash_row_id,site_id,site_name,site_gemeente,site_lat,site_long,distance_km,crash_lat,crash_long,DT_YEAR_COLLISION,DT_MONTH_COLLISION,DT_TIME,CD_NIS,TX_MUNTY_COLLISION_NL,TX_WEATHER_NL,TX_ROAD_CONDITION_NL,TX_LIGHT_CONDITION_NL,TX_CLASS_ACCIDENTS_NL,CD_ROAD_USR_TYPE1,TX_ROAD_USR_TYPE1_NL,CD_ROAD_USR_TYPE2,TX_ROAD_USR_TYPE2_NL,TX_CROSSWAY_NL,CD_ROAD_TYPE_NL,TX_BUILD_UP_AREA_NL,TX_COLLISION_TYPE_NL,TX_OBSTACLES_NL
32625,17,Kortrijk 2,Kortrijk,50.83339,3.27773,0.048636791559532454,50.83374588853549,3.27813262740914,2022,6,15,34022,Kortrijk,Normaal,"Nat, plassen",Dag,met lichtgewonden,3,Fiets,9,personenauto,Buiten Kruispunt,Gewestweg,binnen bebouwde kom,Tss. 2 best.: langs opzij (voor-/achterkant-flank),Geen hindernis
32625,16,Kortrijk 1,Kortrijk,50.83332,3.27777,0.053769875600611625,50.83374588853549,3.27813262740914,2022,6,15,34022,Kortrijk,Normaal,"Nat, plassen",Dag,met lichtgewonden,3,Fiets,9,personenauto,Buiten Kruispunt,Gewestweg,binnen bebouwde kom,Tss. 2 best.: langs opzij (voor-/achterkant-flank),Geen hindernis
32629,143,Eco Display Classic Budastraat,Kortrijk,50.83066,3.26286,0.1409488740324161,50.82969699304992,3.2615550264609143,2022,6,8,34022,Kortrijk,Normaal,Droog,Dag,met lichtgewonden,5,Lichte vrachtauto,3,Fiets,Buiten Kruispunt,Gemeenteweg,binnen bebouwde kom,Tss. 2 best.: langs opzij (voor-/achterkant-flank),Geen hindernis
32635,75,Kortrijk teller 2,Kortrijk,50.81925,3.25731,0.6167158716328468,50.82474649386889,3.2561365382933003,2022,6,16,34022,Kortrijk,Onbekend,Onbekend,Dag,met lichtgewonden,3,Fiets,6,Bromfiets,Buiten Kruispunt,Gemeenteweg,binnen bebouwde kom,Tussen 2 bestuurders: Frontale botsing,Geen hindernis
32635,74,Kortrijk teller 1,Kortrijk,50.81909,3.25728,0.6340815023067115,50.82474649386889,3.2561365382933003,2022,6,16,34022,Kortrijk,Onbekend,Onbekend,Dag,met lichtgewonden,3,Fiets,6,Bromfiets,Buiten Kruispunt,Gemeenteweg,binnen bebouwde kom,Tussen 2 bestuurders: Frontale botsing,Geen hindernis
32635,143,Eco Display Classic Budastraat,Kortrijk,50.83066,3.26286,0.8095552518119736,50.82474649386889,3.2561365382933003,2022,6,16,34022,Kortrijk,Onbekend,Onbekend,Dag,met lichtgewonden,3,Fiets,6,Bromfiets,Buiten Kruispunt,Gemeenteweg,binnen bebouwde kom,Tussen 2 bestuurders: Frontale botsing,Geen hindernis
32636,17,Kortrijk 2,Kortrijk,50.83339,3.27773,0.0556230235016763,50.833792421973264,3.2782004595150376,2022,6,16,34022,Kortrijk,Normaal,Droog,Dag,met lichtgewonden,3,Fiets,3,Fiets,Buiten Kruispunt,Gewestweg,binnen bebouwde kom,Tss. 2 best.: langs opzij (voor-/achterkant-flank),Geen hindernis
32636,16,Kortrijk 1,Kortrijk,50.83332,3.27777,0.06060832655616913,50.833792421973264,3.2782004595150376,2022,6,16,34022,Kortrijk,Normaal,Droog,Dag,met lichtgewonden,3,Fiets,3,Fiets,Buiten Kruispunt,Gewestweg,binnen bebouwde kom,Tss. 2 best.: langs opzij (voor-/achterkant-flank),Geen hindernis
32641,143,Eco Display Classic Budastraat,Kortrijk,50.83066,3.26286,0.43497776712119796,50.82720350388797,3.265759952335874,2022,6,17,34022,Kortrijk,Normaal,Droog,Dag,met lichtgewonden,3,Fiets,9,personenauto,Op Kruispunt,Gemeenteweg,binnen bebouwde kom,Tussen 2 bestuurders: Frontale botsing,Geen hindernis
32668,68,Ieper,Ieper,50.85032,2.85608,0.3323905492453885,50.85113332651681,2.8515238604092437,2022,6,20,33011,Ieper,Onbekend,Droog,Dag,met lichtgewonden,3,Fiets,10,"één bestuurder, geen hindernis",Buiten Kruispunt,Gewestweg,buiten bebouwde kom,"Eén bestuurder, geen hindernis (incl. val)",Geen hindernis
32668,67,Ieper totem,Ieper,50.85018,2.85624,0.3476397555122929,50.85113332651681,2.8515238604092437,2022,6,20,33011,Ieper,Onbekend,Droog,Dag,met lichtgewonden,3,Fiets,10,"één bestuurder, geen hindernis",Buiten Kruispunt,Gewestweg,buiten bebouwde kom,"Eén bestuurder, geen hindernis (incl. val)",Geen hindernis
32691,42,Maasmechelen teller 2,Maasmechelen,50.97043,5.6981,0.4760719404922412,50.97458598469299,5.699733734564522,2022,6,18,73107,Maasmechelen,Normaal,Proper,Dag,met lichtgewonden,3,Fiets,8,Voetganger,Buiten Kruispunt,Gewestweg,buiten bebouwde kom,Met een voetganger,Geen hindernis
32691,41,Maasmechelen teller 1,Maasmechelen,50.97025,5.69799,0.4973585252277123,50.97458598469299,5.699733734564522,2022,6,18,73107,Maasmechelen,Normaal,Proper,Dag,met lichtgewonden,3,Fiets,8,Voetganger,Buiten Kruispunt,Gewestweg,buiten bebouwde kom,Met een voetganger,Geen hindernis
32716,99,Mechelen teller 1,Mechelen,51.04564,4.46882,0.4582839277732638,51.04176833295125,4.471067366168536,2022,6,23,12025,Mechelen,Regenval,"Nat, plassen","Nacht, openb. verlicht. aanw., maar niet ontstoken",met lichtgewonden,3,Fiets,3,Fiets,Buiten Kruispunt,Gewestweg,binnen bebouwde kom,Tussen 2 bestuurders: Frontale botsing,Geen hindernis
32716,100,Mechelen teller 2,Mechelen,51.0457,4.46883,0.4643209049351657,51.04176833295125,4.471067366168536,2022,6,23,12025,Mechelen,Regenval,"Nat, plassen","Nacht, openb. verlicht. aanw., maar niet ontstoken",met lichtgewonden,3,Fiets,3,Fiets,Buiten Kruispunt,Gewestweg,binnen bebouwde kom,Tussen 2 bestuurders: Frontale botsing,Geen hindernis
32724,138,Hasselt-Kempische brug,Hasselt,50.9405318,5.3422472,0.5752258599591791,50.93849441961098,5.349793192407511,2022,6,13,71022,Hasselt,Normaal,Droog,Dag,met lichtgewonden,3,Fiets,9,personenauto,Op Kruispunt,Gewestweg,buiten bebouwde kom,Tss. 2 best.: langs opzij (voor-/achterkant-flank),Geen hindernis
32724,137,Hasselt-Kempische brug,Hasselt,50.9411605,5.3417576,0.6363148161096298,50.93849441961098,5.349793192407511,2022,6,13,71022,Hasselt,Normaal,Droog,Dag,met lichtgewonden,3,Fiets,9,personenauto,Op Kruispunt,Gewestweg,buiten bebouwde kom,Tss. 2 best.: langs opzij (voor-/achterkant-flank),Geen hindernis
32733,137,Hasselt-Kempische brug,Hasselt,50.9411605,5.3417576,0.555224675307227,50.94359487558982,5.348676538913572,2022,6,10,71022,Hasselt,Normaal,Droog,Dag,met lichtgewonden,9,personenauto,3,Fiets,Buiten Kruispunt,Gewestweg,buiten bebouwde kom,Tss. 2 best.: langs opzij (voor-/achterkant-flank),Geen hindernis
32733,138,Hasselt-Kempische brug,Hasselt,50.9405318,5.3422472,0.5647384996728564,50.94359487558982,5.348676538913572,2022,6,10,71022,Hasselt,Normaal,Droog,Dag,met lichtgewonden,9,personenauto,3,Fiets,Buiten Kruispunt,Gewestweg,buiten bebouwde kom,Tss. 2 best.: langs opzij (voor-/achterkant-flank),Geen hindernis
32739,140,Hasselt ring,Hasselt,50.9300038,5.3438616,0.5466948744012834,50.934089612444964,5.339522479839735,2022,6,18,71022,Hasselt,Normaal,Droog,Dag,met lichtgewonden,6,Bromfiets,3,Fiets,Op Kruispunt,Gewestweg,binnen bebouwde kom,Tussen 2 bestuurders: Frontale botsing,Geen hindernis
32739,138,Hasselt-Kempische brug,Hasselt,50.9405318,5.3422472,0.7413458337753798,50.934089612444964,5.339522479839735,2022,6,18,71022,Hasselt,Normaal,Droog,Dag,met lichtgewonden,6,Bromfiets,3,Fiets,Op Kruispunt,Gewestweg,binnen bebouwde kom,Tussen 2 bestuurders: Frontale botsing,Geen hindernis
32739,137,Hasselt-Kempische brug,Hasselt,50.9411605,5.3417576,0.8016939390571317,50.934089612444964,5.339522479839735,2022,6,18,71022,Hasselt,Normaal,Droog,Dag,met lichtgewonden,6,Bromfiets,3,Fiets,Op Kruispunt,Gewestweg,binnen bebouwde kom,Tussen 2 bestuurders: Frontale botsing,Geen hindernis
32741,14,Genk,Genk,50.97172,5.48927,0.8477118342516566,50.96440622937023,5.492686391469865,2022,6,10,71016,Genk,Normaal,Droog,Dag,met lichtgewonden,9,personenauto,3,Fiets,Buiten Kruispunt,Gemeenteweg,binnen bebouwde kom,Tss. 2 best.: langs opzij (voor-/achterkant-flank),Geen hindernis
32751,25,Bree,Bree,51.13679500160176,5.597669323604317,0.9596118524102761,51.14481268482885,5.602758098792334,2022,6,10,72004,Bree,Normaal,Droog,Dag,met lichtgewonden,5,Lichte vrachtauto,3,Fiets,Buiten Kruispunt,Gewestweg,binnen bebouwde kom,Tss. 2 best.: langs opzij (voor-/achterkant-flank),Geen hindernis
32752,14,Genk,Genk,50.97172,5.48927,0.791998774883915,50.97051057276364,5.5004166560376175,2022,6,16,71016,Genk,Normaal,Droog,Dag,met lichtgewonden,9,personenauto,3,Fiets,Op Kruispunt,Gemeenteweg,binnen bebouwde kom,Tussen 2 bestuurders: Flank tegen flank,Geen hindernis
32754,25,Bree,Bree,51.13679500160176,5.597669323604317,0.6426326247287936,51.14257260284636,5.597443778166792,2022,6,10,72004,Bree,Normaal,Droog,Dag,met lichtgewonden,3,Fiets,5,Lichte vrachtauto,Op Kruispunt,Gewestweg,binnen bebouwde kom,Tss. 2 best.: langs opzij (voor-/achterkant-flank),Geen hindernis
32755,48,As,As,51.00509,5.60389,0.09461223862179018,51.00584936973321,5.603279997528397,2022,6,15,71002,As,Normaal,Droog,Dag,met lichtgewonden,9,personenauto,3,Fiets,Op Kruispunt,Gewestweg,buiten bebouwde kom,Tss. 2 best.: langs opzij (voor-/achterkant-flank),Geen hindernis
32756,14,Genk,Genk,50.97172,5.48927,0.9152939126554366,50.96420963023845,5.483920128669696,2022,6,8,71016,Genk,Normaal,Droog,Dag,met lichtgewonden,9,personenauto,3,Fiets,Op Kruispunt,Gewestweg,binnen bebouwde kom,Tss. 2 best.: langs opzij (voor-/achterkant-flank),Geen hindernis
32774,139,Houthalen-Helchteren,Houthalen-Helchteren,51.0644267,5.3819796,0.9284430084852299,51.05620203462984,5.384269977068289,2022,5,18,72039,Houthalen-Helchteren,Normaal,Droog,Dag,met lichtgewonden,3,Fiets,10,"één bestuurder, geen hindernis",Buiten Kruispunt,Gewestweg,binnen bebouwde kom,"Eén bestuurder, geen hindernis (incl. val)",Geen hindernis
32787,131,Nevele,Deinze,51.0276612,3.558569,0.5851726280920826,51.03246307431335,3.5551451198527615,2022,6,7,44083,Deinze,Normaal,Droog,Dag,met lichtgewonden,9,personenauto,3,Fiets,Buiten Kruispunt,Gemeenteweg,binnen bebouwde kom,Tss. 2 best.: langs opzij (voor-/achterkant-flank),Geen hindernis
32897,2,Brasschaat 2,Brasschaat,51.27512,4.47169,0.8454585918612016,51.268950446670594,4.464586858378577,2022,7,18,11040,Schoten,Normaal,Droog,Dag,met zwaargewonden,9,personenauto,3,Fiets,Op Kruispunt,Gewestweg,buiten bebouwde kom,Tss. 2 best.: langs opzij (voor-/achterkant-flank),Geen hindernis
32897,3,Brasschaat 1,Brasschaat,51.27503,4.47222,0.8596320981797568,51.268950446670594,4.464586858378577,2022,7,18,11040,Schoten,Normaal,Droog,Dag,met zwaargewonden,9,personenauto,3,Fiets,Op Kruispunt,Gewestweg,buiten bebouwde kom,Tss. 2 best.: langs opzij (voor-/achterkant-flank),Geen hindernis
32951,133,Gierde Lille Totem,Lille,51.2453915,4.8297416,0.5832012649837063,51.2426594741041,4.82258971748264,2022,7,10,13019,Lille,Normaal,Droog,Dag,met lichtgewonden,9,personenauto,3,Fiets,Buiten Kruispunt,Gewestweg,binnen bebouwde kom,Tss. 2 best.: langs opzij (voor-/achterkant-flank),Geen hindernis
32951,132,Gierde lille,Lille,51.245445,4.8298851,0.5948264637558276,51.2426594741041,4.82258971748264,2022,7,10,13019,Lille,Normaal,Droog,Dag,met lichtgewonden,9,personenauto,3,Fiets,Buiten Kruispunt,Gewestweg,binnen bebouwde kom,Tss. 2 best.: langs opzij (voor-/achterkant-flank),Geen hindernis
33005,69,Leuven teller 1,Leuven,50.87549,4.71526,0.8097944470691438,50.87971457215128,4.724661455679234,2022,7,23,24062,Leuven,Normaal,Droog,"Nacht, openbare verlichting aanwezig en ontstoken",met zwaargewonden,3,Fiets,10,"één bestuurder, geen hindernis",Buiten Kruispunt,Gemeenteweg,binnen bebouwde kom,"Eén bestuurder, geen hindernis (incl. val)",Geen hindernis
33007,69,Leuven teller 1,Leuven,50.87549,4.71526,0.4327507332281577,50.87907139198982,4.712846114160876,2022,7,14,24062,Leuven,Normaal,Droog,Dag,met lichtgewonden,9,personenauto,3,Fiets,Op Kruispunt,Gemeenteweg,binnen bebouwde kom,Tss. 2 best.: langs opzij (voor-/achterkant-flank),Geen hindernis
33007,77,Leuven teller 2,Leuven,50.88672,4.70796,0.9169648772946879,50.87907139198982,4.712846114160876,2022,7,14,24062,Leuven,Normaal,Droog,Dag,met lichtgewonden,9,personenauto,3,Fiets,Op Kruispunt,Gemeenteweg,binnen bebouwde kom,Tss. 2 best.: langs opzij (voor-/achterkant-flank),Geen hindernis
33007,107,leuven totem,Leuven,50.8870744,4.7087919,0.9342399069248423,50.87907139198982,4.712846114160876,2022,7,14,24062,Leuven,Normaal,Droog,Dag,met lichtgewonden,9,personenauto,3,Fiets,Op Kruispunt,Gemeenteweg,binnen bebouwde kom,Tss. 2 best.: langs opzij (voor-/achterkant-flank),Geen hindernis
33008,69,Leuven teller 1,Leuven,50.87549,4.71526,0.6243748820927812,50.88103358126008,4.713843801059851,2022,7,20,24062,Leuven,Normaal,Droog,Dageraad - schemering,met lichtgewonden,3,Fiets,8,Voetganger,Buiten Kruispunt,Gemeenteweg,binnen bebouwde kom,Met een voetganger,Geen hindernis
33008,77,Leuven teller 2,Leuven,50.88672,4.70796,0.7551004715944366,50.88103358126008,4.713843801059851,2022,7,20,24062,Leuven,Normaal,Droog,Dageraad - schemering,met lichtgewonden,3,Fiets,8,Voetganger,Buiten Kruispunt,Gemeenteweg,binnen bebouwde kom,Met een voetganger,Geen hindernis
33008,107,leuven totem,Leuven,50.8870744,4.7087919,0.7594682886363002,50.88103358126008,4.713843801059851,2022,7,20,24062,Leuven,Normaal,Droog,Dageraad - schemering,met lichtgewonden,3,Fiets,8,Voetganger,Buiten Kruispunt,Gemeenteweg,binnen bebouwde kom,Met een voetganger,Geen hindernis
33010,151,Leuven,District Leuven,50.8690262,4.6854839,0.6443960733614943,50.86986810454711,4.6945693184672255,2022,7,17,24062,Leuven,Onbekend,Onbekend,Dag,met lichtgewonden,3,Fiets,9,personenauto,Buiten Kruispunt,Gewestweg,buiten bebouwde kom,Tss. 2 best.: langs opzij (voor-/achterkant-flank),Geen hindernis
33013,69,Leuven teller 1,Leuven,50.87549,4.71526,0.9699294661476177,50.86766073307454,4.709165943133061,2022,7,13,24062,Leuven,Normaal,Droog,Dag,met lichtgewonden,3,Fiets,10,"één bestuurder, geen hindernis",Buiten Kruispunt,Gemeenteweg,binnen bebouwde kom,"Eén bestuurder, geen hindernis (incl. val)",Geen hindernis
33014,107,leuven totem,Leuven,50.8870744,4.7087919,0.6981482938597285,50.88480517918689,4.7180714917165005,2022,7,17,24062,Leuven,Normaal,Droog,Dag,met lichtgewonden,8,Voetganger,3,Fiets,Buiten Kruispunt,Gemeenteweg,binnen bebouwde kom,Met een voetganger,Geen hindernis
33014,77,Leuven teller 2,Leuven,50.88672,4.70796,0.7405821850399518,50.88480517918689,4.7180714917165005,2022,7,17,24062,Leuven,Normaal,Droog,Dag,met lichtgewonden,8,Voetganger,3,Fiets,Buiten Kruispunt,Gemeenteweg,binnen bebouwde kom,Met een voetganger,Geen hindernis
33015,107,leuven totem,Leuven,50.8870744,4.7087919,0.7579922999588059,50.883607287804885,4.71809521011722,2022,7,11,24062,Leuven,Normaal,Droog,Dag,met lichtgewonden,6,Bromfiets,3,Fiets,Buiten Kruispunt,Gewestweg,binnen bebouwde kom,Tss. 2 best.: langs opzij (voor-/achterkant-flank),Geen hindernis
33015,77,Leuven teller 2,Leuven,50.88672,4.70796,0.7907600179295212,50.883607287804885,4.71809521011722,2022,7,11,24062,Leuven,Normaal,Droog,Dag,met lichtgewonden,6,Bromfiets,3,Fiets,Buiten Kruispunt,Gewestweg,binnen bebouwde kom,Tss. 2 best.: langs opzij (voor-/achterkant-flank),Geen hindernis
33015,69,Leuven teller 1,Leuven,50.87549,4.71526,0.9242597358103241,50.883607287804885,4.71809521011722,2022,7,11,24062,Leuven,Normaal,Droog,Dag,met lichtgewonden,6,Bromfiets,3,Fiets,Buiten Kruispunt,Gewestweg,binnen bebouwde kom,Tss. 2 best.: langs opzij (voor-/achterkant-flank),Geen hindernis
33018,77,Leuven teller 2,Leuven,50.88672,4.70796,0.9902912295318546,50.87890149972495,4.701200663362051,2022,7,17,24062,Leuven,Normaal,Droog,Dag,met lichtgewonden,3,Fiets,3,Fiets,Buiten Kruispunt,Gemeenteweg,binnen bebouwde kom,Tussen 2 bestuurders: Flank tegen flank,Geen hindernis
33036,111,Zaventem totem,Zaventem,50.8871216,4.4597084,0.813412747983274,50.888982075397564,4.470923099216597,2022,7,16,23094,Zaventem,Normaal,Droog,Dag,met lichtgewonden,9,personenauto,3,Fiets,Buiten Kruispunt,Gewestweg,binnen bebouwde kom,Tss. 2 best.: langs opzij (voor-/achterkant-flank),Geen hindernis
33038,111,Zaventem totem,Zaventem,50.8871216,4.4597084,0.9394531223008636,50.88469550621052,4.472536592091749,2022,7,7,23094,Zaventem,Normaal,Droog,Dag,met lichtgewonden,3,Fiets,9,personenauto,Buiten Kruispunt,Gemeenteweg,binnen bebouwde kom,Tussen 2 bestuurders: Flank tegen flank,Geen hindernis
33039,26,Zaventem,Zaventem,50.86995,4.45444,0.32610642094448533,50.867275633024406,4.452532787495835,2022,7,19,23094,Zaventem,Normaal,Droog,Dag,met lichtgewonden,3,Fiets,3,Fiets,Buiten Kruispunt,Gewestweg,buiten bebouwde kom,Tussen 2 bestuurders: Frontale botsing,Geen hindernis
33060,109,Zemst,Zemst,50.9903936,4.4707023,0.34849761876183444,50.98725998267135,4.4707909707077995,2022,7,11,23096,Zemst,Normaal,Droog,Dag,met lichtgewonden,9,personenauto,3,Fiets,Op Kruispunt,Gewestweg,buiten bebouwde kom,Tussen 2 bestuurders: Frontale botsing,Geen hindernis
33097,136,Gent R4,Gent,51.0876313,3.7587918,0.3798759126363049,51.08422701962221,3.7583358667637246,2022,7,10,44021,Gent,Normaal,Droog,Dag,met lichtgewonden,3,Fiets,10,"één bestuurder, geen hindernis",Buiten Kruispunt,Gemeenteweg,buiten bebouwde kom,"Eén bestuurder, geen hindernis (incl. val)",Geen hindernis
33116,116,Melle teller 2,Melle,50.9986113,3.8040599,0.7841900722948829,51.002311132965644,3.794519429430034,2022,7,17,44040,Melle,Normaal,Droog,Dag,met lichtgewonden,9,personenauto,3,Fiets,Op Kruispunt,Gemeenteweg,binnen bebouwde kom,Tussen 2 bestuurders: Frontale botsing,Geen hindernis
33116,117,Melle teller 1,Melle,50.9986113,3.8040599,0.7841900722948829,51.002311132965644,3.794519429430034,2022,7,17,44040,Melle,Normaal,Droog,Dag,met lichtgewonden,9,personenauto,3,Fiets,Op Kruispunt,Gemeenteweg,binnen bebouwde kom,Tussen 2 bestuurders: Frontale botsing,Geen hindernis
33118,116,Melle teller 2,Melle,50.9986113,3.8040599,0.49817622993707494,50.99445365708732,3.8014077003956883,2022,7,0,44040,Melle,Normaal,Droog,"Nacht, openb. verlicht. aanw., maar niet ontstoken",met lichtgewonden,3,Fiets,11,een weggebruiker tegen een hindernis,Buiten Kruispunt,Gewestweg,binnen bebouwde kom,Weggebruiker tegen hindernis op de rijbaan,"Op de rijbaan: Werken (signal., aarde, toestel,…)"
33118,117,Melle teller 1,Melle,50.9986113,3.8040599,0.49817622993707494,50.99445365708732,3.8014077003956883,2022,7,0,44040,Melle,Normaal,Droog,"Nacht, openb. verlicht. aanw., maar niet ontstoken",met lichtgewonden,3,Fiets,11,een weggebruiker tegen een hindernis,Buiten Kruispunt,Gewestweg,binnen bebouwde kom,Weggebruiker tegen hindernis op de rijbaan,"Op de rijbaan: Werken (signal., aarde, toestel,…)"
33129,7,Evergem 1,Evergem,51.1089,3.70317,0.6312212917535824,51.1137625817717,3.7078357808464064,2022,7,18,44019,Evergem,Normaal,Droog,Dag,met zwaargewonden,9,personenauto,3,Fiets,Op Kruispunt,Gemeenteweg,binnen bebouwde kom,Tss. 2 best.: langs opzij (voor-/achterkant-flank),Geen hindernis
33129,6,Evergem 2,Evergem,51.10894,3.70298,0.634402488371225,51.1137625817717,3.7078357808464064,2022,7,18,44019,Evergem,Normaal,Droog,Dag,met zwaargewonden,9,personenauto,3,Fiets,Op Kruispunt,Gemeenteweg,binnen bebouwde kom,Tss. 2 best.: langs opzij (voor-/achterkant-flank),Geen hindernis
33133,115,Aalter,Aalter,51.1058367,3.4350591,0.580569793154566,51.11088803609517,3.432955223078024,2022,7,18,44084,Aalter,Normaal,Droog,Dag,met zwaargewonden,9,personenauto,3,Fiets,Op Kruispunt,Gemeenteweg,binnen bebouwde kom,Tss. 2 best.: langs opzij (voor-/achterkant-flank),Geen hindernis
33183,141,Test site A support,Lokeren,51.08342085,3.9961071208376326,0.4423796487593523,51.085852513704324,3.9910945135422273,2022,7,11,46014,Lokeren,Normaal,Droog,Dag,met lichtgewonden,3,Fiets,11,een weggebruiker tegen een hindernis,Buiten Kruispunt,Gemeenteweg,binnen bebouwde kom,Weggebruiker tegen hindernis op de rijbaan,"Op de rijbaan: Put, straatgoot, tramspoor"
33211,10,Aalst 2,Aalst,50.93549,4.01571,0.8104873711485189,50.94244931480817,4.019148852629971,2022,7,13,41002,Aalst,Normaal,Droog,Dag,met lichtgewonden,6,Bromfiets,3,Fiets,Op Kruispunt,Gewestweg,binnen bebouwde kom,Tss. 2 best.: langs opzij (voor-/achterkant-flank),Geen hindernis
33211,19,Aalst 1,Aalst,50.93433,4.01471,0.9549011090051904,50.94244931480817,4.019148852629971,2022,7,13,41002,Aalst,Normaal,Droog,Dag,met lichtgewonden,6,Bromfiets,3,Fiets,Op Kruispunt,Gewestweg,binnen bebouwde kom,Tss. 2 best.: langs opzij (voor-/achterkant-flank),Geen hindernis
33211,11,Aalst 3,Aalst,50.93385,4.01647,0.9744502334499863,50.94244931480817,4.019148852629971,2022,7,13,41002,Aalst,Normaal,Droog,Dag,met lichtgewonden,6,Bromfiets,3,Fiets,Op Kruispunt,Gewestweg,binnen bebouwde kom,Tss. 2 best.: langs opzij (voor-/achterkant-flank),Geen hindernis
33223,122,Dendermonde teller 2,Dendermonde,51.0373918,4.1019222,0.738850685495736,51.031063475410605,4.098700899237459,2022,7,15,42006,Dendermonde,Normaal,Droog,Dag,met lichtgewonden,9,personenauto,3,Fiets,Buiten Kruispunt,Gemeenteweg,binnen bebouwde kom,Tss. 2 best.: langs opzij (voor-/achterkant-flank),Geen hindernis
33223,125,Dendermonde totem,Dendermonde,51.0372706,4.1025998,0.7420956984322707,51.031063475410605,4.098700899237459,2022,7,15,42006,Dendermonde,Normaal,Droog,Dag,met lichtgewonden,9,personenauto,3,Fiets,Buiten Kruispunt,Gemeenteweg,binnen bebouwde kom,Tss. 2 best.: langs opzij (voor-/achterkant-flank),Geen hindernis
33248,54,Brugge teller 2,Brugge,51.23015,3.22818,0.9911196827421788,51.2213219502199,3.2262156107844473,2022,7,18,31005,Brugge,Normaal,Droog,Dag,met lichtgewonden,9,personenauto,3,Fiets,Op Kruispunt,Gewestweg,binnen bebouwde kom,Tss. 2 best.: langs opzij (voor-/achterkant-flank),Geen hindernis
33248,53,Brugge teller 1,Brugge,51.23023,3.228,0.9982933560483195,51.2213219502199,3.2262156107844473,2022,7,18,31005,Brugge,Normaal,Droog,Dag,met lichtgewonden,9,personenauto,3,Fiets,Op Kruispunt,Gewestweg,binnen bebouwde kom,Tss. 2 best.: langs opzij (voor-/achterkant-flank),Geen hindernis
33286,15,Oostende 2,Oostende,51.21371,2.92743,0.13964605796578958,51.21475684633309,2.9263224688925416,2022,7,14,35013,Oostende,Normaal,Droog,Dag,met lichtgewonden,3,Fiets,9,personenauto,Op Kruispunt,Gewestweg,binnen bebouwde kom,Tussen 2 bestuurders: Frontale botsing,Geen hindernis
33286,18,Oostende 1,Oostende,51.21378,2.92765,0.14264845884594732,51.21475684633309,2.9263224688925416,2022,7,14,35013,Oostende,Normaal,Droog,Dag,met lichtgewonden,3,Fiets,9,personenauto,Op Kruispunt,Gewestweg,binnen bebouwde kom,Tussen 2 bestuurders: Frontale botsing,Geen hindernis
33294,18,Oostende 1,Oostende,51.21378,2.92765,0.7685937255462681,51.218029433796396,2.9363532253304223,2022,7,11,35013,Oostende,Normaal,Droog,Dag,met lichtgewonden,3,Fiets,9,personenauto,Op Kruispunt,Gewestweg,binnen bebouwde kom,Tussen 2 bestuurders: Frontale botsing,Geen hindernis
33294,15,Oostende 2,Oostende,51.21371,2.92743,0.7854716074586043,51.218029433796396,2.9363532253304223,2022,7,11,35013,Oostende,Normaal,Droog,Dag,met lichtgewonden,3,Fiets,9,personenauto,Op Kruispunt,Gewestweg,binnen bebouwde kom,Tussen 2 bestuurders: Frontale botsing,Geen hindernis
33319,84,Roeselare totem,Izegem,50.91717,3.18772,0.9518804107144259,50.917865738596795,3.2012536702105723,2022,7,8,36008,Izegem,Normaal,Droog,Dag,met lichtgewonden,9,personenauto,3,Fiets,Op Kruispunt,Gemeenteweg,binnen bebouwde kom,Tss. 2 best.: langs opzij (voor-/achterkant-flank),Geen hindernis
33333,75,Kortrijk teller 2,Kortrijk,50.81925,3.25731,0.2773698639287628,50.82026796133372,3.2537053456331853,2022,7,18,34022,Kortrijk,Normaal,Droog,Dag,met lichtgewonden,9,personenauto,3,Fiets,Buiten Kruispunt,Gemeenteweg,binnen bebouwde kom,Tss. 2 best.: langs opzij (voor-/achterkant-flank),Geen hindernis
33333,74,Kortrijk teller 1,Kortrijk,50.81909,3.25728,0.28322351125304157,50.82026796133372,3.2537053456331853,2022,7,18,34022,Kortrijk,Normaal,Droog,Dag,met lichtgewonden,9,personenauto,3,Fiets,Buiten Kruispunt,Gemeenteweg,binnen bebouwde kom,Tss. 2 best.: langs opzij (voor-/achterkant-flank),Geen hindernis
33335,17,Kortrijk 2,Kortrijk,50.83339,3.27773,0.09359978456789846,50.834040056608764,3.2785767454616703,2022,7,15,34022,Kortrijk,Normaal,Droog,Dag,met lichtgewonden,3,Fiets,9,personenauto,Op Kruispunt,Gewestweg,binnen bebouwde kom,Tussen 2 bestuurders: Flank tegen flank,Geen hindernis
33335,16,Kortrijk 1,Kortrijk,50.83332,3.27777,0.09808447176755283,50.834040056608764,3.2785767454616703,2022,7,15,34022,Kortrijk,Normaal,Droog,Dag,met lichtgewonden,3,Fiets,9,personenauto,Op Kruispunt,Gewestweg,binnen bebouwde kom,Tussen 2 bestuurders: Flank tegen flank,Geen hindernis
33339,17,Kortrijk 2,Kortrijk,50.83339,3.27773,0.9298428925229179,50.84043931731278,3.2706071178647105,2022,7,19,34022,Kortrijk,Normaal,Droog,Dag,met lichtgewonden,3,Fiets,8,Voetganger,Buiten Kruispunt,Gemeenteweg,binnen bebouwde kom,Met een voetganger,Geen hindernis