crash_row_id,site_id,site_name,site_gemeente,site_lat,site_long,distance_km,crash_lat,crash_long,DT_YEAR_COLLISION,DT_MONTH_COLLISION,DT_TIME,CD_NIS,TX_MUNTY_COLLISION_NL,TX_WEATHER_NL,TX_ROAD_CONDITION_NL,TX_LIGHT_CONDITION_NL,TX_CLASS_ACCIDENTS_NL,CD_ROAD_USR_TYPE1,TX_ROAD_USR_TYPE1_NL,CD_ROAD_USR_TYPE2,TX_ROAD_USR_TYPE2_NL,TX_CROSSWAY_NL,CD_ROAD_TYPE_NL,TX_BUILD_UP_AREA_NL,TX_COLLISION_TYPE_NL,TX_OBSTACLES_NL
33339,16,Kortrijk 1,Kortrijk,50.83332,3.27777,0.9379173924686606,50.84043931731278,3.2706071178647105,2022,7,19,34022,Kortrijk,Normaal,Droog,Dag,met lichtgewonden,3,Fiets,8,Voetganger,Buiten Kruispunt,Gemeenteweg,binnen bebouwde kom,Met een voetganger,Geen hindernis
33340,143,Eco Display Classic Budastraat,Kortrijk,50.83066,3.26286,0.3090636948891685,50.8281282082882,3.264675870924244,2022,7,16,34022,Kortrijk,Normaal,Droog,Dag,met lichtgewonden,3,Fiets,10,"één bestuurder, geen hindernis",Buiten Kruispunt,Gemeenteweg,binnen bebouwde kom,"Eén bestuurder, geen hindernis (incl. val)",Geen hindernis
33341,75,Kortrijk teller 2,Kortrijk,50.81925,3.25731,0.8463855787902207,50.82544460107262,3.250308128892301,2022,7,21,34022,Kortrijk,Normaal,Droog,"Nacht, openbare verlichting aanwezig en ontstoken",met zwaargewonden,3,Fiets,10,"één bestuurder, geen hindernis",Buiten Kruispunt,Gemeenteweg,binnen bebouwde kom,"Eén bestuurder, geen hindernis (incl. val)",Geen hindernis
33341,74,Kortrijk teller 1,Kortrijk,50.81909,3.25728,0.8597248365941691,50.82544460107262,3.250308128892301,2022,7,21,34022,Kortrijk,Normaal,Droog,"Nacht, openbare verlichting aanwezig en ontstoken",met zwaargewonden,3,Fiets,10,"één bestuurder, geen hindernis",Buiten Kruispunt,Gemeenteweg,binnen bebouwde kom,"Eén bestuurder, geen hindernis (incl. val)",Geen hindernis
33343,143,Eco Display Classic Budastraat,Kortrijk,50.83066,3.26286,0.5385449667983073,50.8354951137112,3.262415657597169,2022,7,17,34022,Kortrijk,Normaal,Droog,Dag,met lichtgewonden,3,Fiets,3,Fiets,Op Kruispunt,Gewestweg,binnen bebouwde kom,Tss. 2 best.: langs opzij (voor-/achterkant-flank),Geen hindernis
33365,64,Nieuwpoort teller 1,Nieuwpoort,51.13359,2.75737,0.3784142643714355,51.13018828949329,2.7572116677789595,2022,7,12,38016,Nieuwpoort,Normaal,Droog,Dag,met lichtgewonden,9,personenauto,3,Fiets,Op Kruispunt,Gemeenteweg,binnen bebouwde kom,Tussen 2 bestuurders: Frontale botsing,Geen hindernis
33365,65,Nieuwpoort teller 2,Nieuwpoort,51.13435,2.75511,0.4854418928116548,51.13018828949329,2.7572116677789595,2022,7,12,38016,Nieuwpoort,Normaal,Droog,Dag,met lichtgewonden,9,personenauto,3,Fiets,Op Kruispunt,Gemeenteweg,binnen bebouwde kom,Tussen 2 bestuurders: Frontale botsing,Geen hindernis
33366,66,Nieuwpoort totem,Nieuwpoort,51.1347,2.74369,0.2508140298953301,51.133204421167264,2.7463808548766377,2022,7,8,38016,Nieuwpoort,Normaal,Droog,Dag,met lichtgewonden,3,Fiets,9,personenauto,Op Kruispunt,Gewestweg,binnen bebouwde kom,Tss. 2 best.: langs opzij (voor-/achterkant-flank),Geen hindernis
33366,63,Nieuwpoort teller 3,Nieuwpoort,51.13529,2.74289,0.33631539821544415,51.133204421167264,2.7463808548766377,2022,7,8,38016,Nieuwpoort,Normaal,Droog,Dag,met lichtgewonden,3,Fiets,9,personenauto,Op Kruispunt,Gewestweg,binnen bebouwde kom,Tss. 2 best.: langs opzij (voor-/achterkant-flank),Geen hindernis
33366,65,Nieuwpoort teller 2,Nieuwpoort,51.13435,2.75511,0.622256356923928,51.133204421167264,2.7463808548766377,2022,7,8,38016,Nieuwpoort,Normaal,Droog,Dag,met lichtgewonden,3,Fiets,9,personenauto,Op Kruispunt,Gewestweg,binnen bebouwde kom,Tss. 2 best.: langs opzij (voor-/achterkant-flank),Geen hindernis
33366,64,Nieuwpoort teller 1,Nieuwpoort,51.13359,2.75737,0.7679746996754238,51.133204421167264,2.7463808548766377,2022,7,8,38016,Nieuwpoort,Normaal,Droog,Dag,met lichtgewonden,3,Fiets,9,personenauto,Op Kruispunt,Gewestweg,binnen bebouwde kom,Tss. 2 best.: langs opzij (voor-/achterkant-flank),Geen hindernis
33367,65,Nieuwpoort teller 2,Nieuwpoort,51.13435,2.75511,0.6273851514313613,51.129202703554164,2.751427606963608,2022,7,9,38016,Nieuwpoort,Normaal,Droog,Dag,met lichtgewonden,3,Fiets,3,Fiets,Op Kruispunt,Gewestweg,binnen bebouwde kom,Tussen 2 bestuurders: Frontale botsing,Geen hindernis
33367,64,Nieuwpoort teller 1,Nieuwpoort,51.13359,2.75737,0.6402580564678894,51.129202703554164,2.751427606963608,2022,7,9,38016,Nieuwpoort,Normaal,Droog,Dag,met lichtgewonden,3,Fiets,3,Fiets,Op Kruispunt,Gewestweg,binnen bebouwde kom,Tussen 2 bestuurders: Frontale botsing,Geen hindernis
33367,66,Nieuwpoort totem,Nieuwpoort,51.1347,2.74369,0.8155740637471712,51.129202703554164,2.751427606963608,2022,7,9,38016,Nieuwpoort,Normaal,Droog,Dag,met lichtgewonden,3,Fiets,3,Fiets,Op Kruispunt,Gewestweg,binnen bebouwde kom,Tussen 2 bestuurders: Frontale botsing,Geen hindernis
33367,63,Nieuwpoort teller 3,Nieuwpoort,51.13529,2.74289,0.9016985944875875,51.129202703554164,2.751427606963608,2022,7,9,38016,Nieuwpoort,Normaal,Droog,Dag,met lichtgewonden,3,Fiets,3,Fiets,Op Kruispunt,Gewestweg,binnen bebouwde kom,Tussen 2 bestuurders: Frontale botsing,Geen hindernis
33368,65,Nieuwpoort teller 2,Nieuwpoort,51.13435,2.75511,0.2663953771580641,51.1319819140439,2.754531473544644,2022,7,14,38016,Nieuwpoort,Normaal,Droog+Proper,Dag,met lichtgewonden,3,Fiets,9,personenauto,Op Kruispunt,Gemeenteweg,binnen bebouwde kom,Tss. 2 best.: langs opzij (voor-/achterkant-flank),Geen hindernis
33368,64,Nieuwpoort teller 1,Nieuwpoort,51.13359,2.75737,0.26683780675045143,51.1319819140439,2.754531473544644,2022,7,14,38016,Nieuwpoort,Normaal,Droog+Proper,Dag,met lichtgewonden,3,Fiets,9,personenauto,Op Kruispunt,Gemeenteweg,binnen bebouwde kom,Tss. 2 best.: langs opzij (voor-/achterkant-flank),Geen hindernis
33368,66,Nieuwpoort totem,Nieuwpoort,51.1347,2.74369,0.8146166663994202,51.1319819140439,2.754531473544644,2022,7,14,38016,Nieuwpoort,Normaal,Droog+Proper,Dag,met lichtgewonden,3,Fiets,9,personenauto,Op Kruispunt,Gemeenteweg,binnen bebouwde kom,Tss. 2 best.: langs opzij (voor-/achterkant-flank),Geen hindernis
33368,63,Nieuwpoort teller 3,Nieuwpoort,51.13529,2.74289,0.8916963130606067,51.1319819140439,2.754531473544644,2022,7,14,38016,Nieuwpoort,Normaal,Droog+Proper,Dag,met lichtgewonden,3,Fiets,9,personenauto,Op Kruispunt,Gemeenteweg,binnen bebouwde kom,Tss. 2 best.: langs opzij (voor-/achterkant-flank),Geen hindernis
33381,68,Ieper,Ieper,50.85032,2.85608,0.16667368999733542,50.850736429052986,2.8537992754429413,2022,7,8,33011,Ieper,Normaal,Droog,Dag,met lichtgewonden,3,Fiets,11,een weggebruiker tegen een hindernis,Buiten Kruispunt,Gewestweg,buiten bebouwde kom,Weggebruiker tegen hindernis op de rijbaan,"Op de rijbaan: Put, straatgoot, tramspoor"
33381,67,Ieper totem,Ieper,50.85018,2.85624,0.18217377534787005,50.850736429052986,2.8537992754429413,2022,7,8,33011,Ieper,Normaal,Droog,Dag,met lichtgewonden,3,Fiets,11,een weggebruiker tegen een hindernis,Buiten Kruispunt,Gewestweg,buiten bebouwde kom,Weggebruiker tegen hindernis op de rijbaan,"Op de rijbaan: Put, straatgoot, tramspoor"
33385,67,Ieper totem,Ieper,50.85018,2.85624,0.9784325281965164,50.849073254866376,2.8700663523019525,2022,7,18,33011,Ieper,Normaal,Droog,Dag,met lichtgewonden,3,Fiets,3,Fiets,Buiten Kruispunt,Gewestweg,binnen bebouwde kom,Tussen 2 bestuurders: Langs achteren,Geen hindernis
33385,68,Ieper,Ieper,50.85032,2.85608,0.9916317491019029,50.849073254866376,2.8700663523019525,2022,7,18,33011,Ieper,Normaal,Droog,Dag,met lichtgewonden,3,Fiets,3,Fiets,Buiten Kruispunt,Gewestweg,binnen bebouwde kom,Tussen 2 bestuurders: Langs achteren,Geen hindernis
33390,67,Ieper totem,Ieper,50.85018,2.85624,0.6913364380444987,50.848907566810375,2.8658791088597377,2022,7,16,33011,Ieper,Normaal,Droog,Dag,met lichtgewonden,3,Fiets,11,een weggebruiker tegen een hindernis,Buiten Kruispunt,Gewestweg,buiten bebouwde kom,Weggebruiker tegen hindernis op de rijbaan,"Op de rijbaan: Put, straatgoot, tramspoor"
33390,68,Ieper,Ieper,50.85032,2.85608,0.7056349220506635,50.848907566810375,2.8658791088597377,2022,7,16,33011,Ieper,Normaal,Droog,Dag,met lichtgewonden,3,Fiets,11,een weggebruiker tegen een hindernis,Buiten Kruispunt,Gewestweg,buiten bebouwde kom,Weggebruiker tegen hindernis op de rijbaan,"Op de rijbaan: Put, straatgoot, tramspoor"
33399,124,Beveren teller 2,Beveren,51.1964712,4.2361077,0.2935058326289937,51.1985109496614,4.233434190439229,2022,7,10,46003,Beveren,Normaal,Droog,Dag,met lichtgewonden,4,Vrachtwagen,3,Fiets,Buiten Kruispunt,Gemeenteweg,buiten bebouwde kom,Tussen 2 bestuurders: Flank tegen flank,Geen hindernis
33401,105,St. pieters leeuw teller 2,Halle,50.75509,4.24943,0.32331416790193107,50.75262262560287,4.246998477077376,2022,7,16,23027,Halle,Normaal,Droog,Dag,met lichtgewonden,5,Lichte vrachtauto,3,Fiets,Buiten Kruispunt,Gewestweg,onbekend,Tss. 2 best.: langs opzij (voor-/achterkant-flank),Geen hindernis
33401,106,St. pieters leeuw teller 1,Sint-Pieters-Leeuw,50.75533,4.24951,0.3490624572356681,50.75262262560287,4.246998477077376,2022,7,16,23027,Halle,Normaal,Droog,Dag,met lichtgewonden,5,Lichte vrachtauto,3,Fiets,Buiten Kruispunt,Gewestweg,onbekend,Tss. 2 best.: langs opzij (voor-/achterkant-flank),Geen hindernis
33410,140,Hasselt ring,Hasselt,50.9300038,5.3438616,0.7902979357264487,50.92960845099431,5.332602467934025,2022,7,11,71022,Hasselt,Normaal,Droog,Dag,met lichtgewonden,3,Fiets,9,personenauto,Op Kruispunt,Gewestweg,binnen bebouwde kom,Tss. 2 best.: langs opzij (voor-/achterkant-flank),Geen hindernis
33435,48,As,As,51.00509,5.60389,0.6485816797532428,51.00710130226893,5.595188849919618,2022,7,13,71002,As,Normaal,Droog,Dag,met lichtgewonden,3,Fiets,10,"één bestuurder, geen hindernis",Buiten Kruispunt,Gemeenteweg,buiten bebouwde kom,"Eén bestuurder, geen hindernis (incl. val)",Geen hindernis
33441,25,Bree,Bree,51.13679500160176,5.597669323604317,0.6426326247287936,51.14257260284636,5.597443778166792,2022,7,12,72004,Bree,Normaal,Droog,Dag,met lichtgewonden,3,Fiets,1,Autobus,Op Kruispunt,Gewestweg,binnen bebouwde kom,Tss. 2 best.: langs opzij (voor-/achterkant-flank),Geen hindernis
33450,14,Genk,Genk,50.97172,5.48927,0.8451730376963841,50.96434166101039,5.492168831786696,2022,7,2,71016,Genk,Normaal,Droog,"Nacht, openbare verlichting aanwezig en ontstoken",met lichtgewonden,3,Fiets,10,"één bestuurder, geen hindernis",Buiten Kruispunt,Gemeenteweg,binnen bebouwde kom,"Eén bestuurder, geen hindernis (incl. val)",Geen hindernis
33471,23,Tienen 3,Tienen,50.81324,4.93447,0.04111807954214671,50.81321086613856,4.933886579764527,2022,7,11,24107,Tienen,Normaal,Droog,Dag,met lichtgewonden,3,Fiets,9,personenauto,Op Kruispunt,Gewestweg,binnen bebouwde kom,Tss. 2 best.: langs opzij (voor-/achterkant-flank),Geen hindernis
33471,24,Tienen 1,Tienen,50.8133795491886,4.935044252605416,0.08347100255188208,50.81321086613856,4.933886579764527,2022,7,11,24107,Tienen,Normaal,Droog,Dag,met lichtgewonden,3,Fiets,9,personenauto,Op Kruispunt,Gewestweg,binnen bebouwde kom,Tss. 2 best.: langs opzij (voor-/achterkant-flank),Geen hindernis
33471,22,Tienen 2,Tienen,50.81330800184882,4.935984252796022,0.14777463520093204,50.81321086613856,4.933886579764527,2022,7,11,24107,Tienen,Normaal,Droog,Dag,met lichtgewonden,3,Fiets,9,personenauto,Op Kruispunt,Gewestweg,binnen bebouwde kom,Tss. 2 best.: langs opzij (voor-/achterkant-flank),Geen hindernis
33474,131,Nevele,Deinze,51.0276612,3.558569,0.8571405673662363,51.032696638512974,3.549288694775455,2022,7,10,44083,Deinze,Normaal,Droog,Dag,met lichtgewonden,9,personenauto,3,Fiets,Buiten Kruispunt,Gemeenteweg,binnen bebouwde kom,Tussen 2 bestuurders: Frontale botsing,Geen hindernis
33589,2,Brasschaat 2,Brasschaat,51.27512,4.47169,0.4169977622077654,51.27206016497771,4.468224238189548,2022,8,14,11008,Brasschaat,Normaal,Droog,Dag,met zwaargewonden,3,Fiets,11,een weggebruiker tegen een hindernis,Buiten Kruispunt,Gewestweg,buiten bebouwde kom,Weggebruiker tegen hindernis buiten rijbaan,Onbekend
33589,3,Brasschaat 1,Brasschaat,51.27503,4.47222,0.4316414853318,51.27206016497771,4.468224238189548,2022,8,14,11008,Brasschaat,Normaal,Droog,Dag,met zwaargewonden,3,Fiets,11,een weggebruiker tegen een hindernis,Buiten Kruispunt,Gewestweg,buiten bebouwde kom,Weggebruiker tegen hindernis buiten rijbaan,Onbekend
33660,46,Pelt teller 2,Pelt,51.231,5.44375,0.7154812753068609,51.22570631486151,5.437908925635803,2022,8,18,72043,Pelt,Onbekend,Droog,Dag,met lichtgewonden,3,Fiets,3,Fiets,Op Kruispunt,Gewestweg,binnen bebouwde kom,Tss. 2 best.: langs opzij (voor-/achterkant-flank),Geen hindernis
33660,45,Pelt teller 1,Pelt,51.23127,5.44377,0.741143121888713,51.22570631486151,5.437908925635803,2022,8,18,72043,Pelt,Onbekend,Droog,Dag,met lichtgewonden,3,Fiets,3,Fiets,Op Kruispunt,Gewestweg,binnen bebouwde kom,Tss. 2 best.: langs opzij (voor-/achterkant-flank),Geen hindernis
33691,48,As,As,51.00509,5.60389,0.10431203937197683,51.005819206058035,5.60295211266194,2022,7,16,71002,As,Normaal,Droog,Dag,met lichtgewonden,3,Fiets,3,Fiets,Buiten Kruispunt,Gewestweg,binnen bebouwde kom,Tussen 2 bestuurders: Frontale botsing,Geen hindernis
33695,69,Leuven teller 1,Leuven,50.87549,4.71526,0.7523046517518259,50.879921378423845,4.707157636278447,2022,8,18,24062,Leuven,Normaal,Droog,Dag,met lichtgewonden,3,Fiets,3,Fiets,Op Kruispunt,Gemeenteweg,binnen bebouwde kom,Tussen 2 bestuurders: Frontale botsing,Geen hindernis
33695,77,Leuven teller 2,Leuven,50.88672,4.70796,0.758064890831608,50.879921378423845,4.707157636278447,2022,8,18,24062,Leuven,Normaal,Droog,Dag,met lichtgewonden,3,Fiets,3,Fiets,Op Kruispunt,Gemeenteweg,binnen bebouwde kom,Tussen 2 bestuurders: Frontale botsing,Geen hindernis
33695,107,leuven totem,Leuven,50.8870744,4.7087919,0.8036000788230362,50.879921378423845,4.707157636278447,2022,8,18,24062,Leuven,Normaal,Droog,Dag,met lichtgewonden,3,Fiets,3,Fiets,Op Kruispunt,Gemeenteweg,binnen bebouwde kom,Tussen 2 bestuurders: Frontale botsing,Geen hindernis
33699,77,Leuven teller 2,Leuven,50.88672,4.70796,0.7952999249734793,50.87970129205744,4.705779105644577,2022,8,12,24062,Leuven,Normaal,Proper,Dag,met lichtgewonden,3,Fiets,3,Fiets,Op Kruispunt,Gemeenteweg,binnen bebouwde kom,Tussen 2 bestuurders: Flank tegen flank,Geen hindernis
33699,69,Leuven teller 1,Leuven,50.87549,4.71526,0.8134899797071663,50.87970129205744,4.705779105644577,2022,8,12,24062,Leuven,Normaal,Proper,Dag,met lichtgewonden,3,Fiets,3,Fiets,Op Kruispunt,Gemeenteweg,binnen bebouwde kom,Tussen 2 bestuurders: Flank tegen flank,Geen hindernis
33699,107,leuven totem,Leuven,50.8870744,4.7087919,0.8466576510866316,50.87970129205744,4.705779105644577,2022,8,12,24062,Leuven,Normaal,Proper,Dag,met lichtgewonden,3,Fiets,3,Fiets,Op Kruispunt,Gemeenteweg,binnen bebouwde kom,Tussen 2 bestuurders: Flank tegen flank,Geen hindernis
33711,107,leuven totem,Leuven,50.8870744,4.7087919,0.631949261386362,50.89251340264333,4.706179042993072,2022,8,15,24062,Leuven,Onbekend,Onbekend,Dag,met lichtgewonden,3,Fiets,3,Fiets,Buiten Kruispunt,Gemeenteweg,binnen bebouwde kom,Tussen 2 bestuurders: Flank tegen flank,Geen hindernis
33711,77,Leuven teller 2,Leuven,50.88672,4.70796,0.6561977108335189,50.89251340264333,4.706179042993072,2022,8,15,24062,Leuven,Onbekend,Onbekend,Dag,met lichtgewonden,3,Fiets,3,Fiets,Buiten Kruispunt,Gemeenteweg,binnen bebouwde kom,Tussen 2 bestuurders: Flank tegen flank,Geen hindernis
33712,72,Herent teller 1,Herent,50.89135,4.64689,0.7277271430303991,50.897510614536316,4.643388173640656,2022,8,7,24038,Herent,Normaal,Droog,Dageraad - schemering,met lichtgewonden,9,personenauto,3,Fiets,Buiten Kruispunt,Gemeenteweg,binnen bebouwde kom,Tussen 2 bestuurders: Frontale botsing,Geen hindernis
33712,73,Herent teller 2,Herent,50.89128,4.64685,0.7341262267512665,50.897510614536316,4.643388173640656,2022,8,7,24038,Herent,Normaal,Droog,Dageraad - schemering,met lichtgewonden,9,personenauto,3,Fiets,Buiten Kruispunt,Gemeenteweg,binnen bebouwde kom,Tussen 2 bestuurders: Frontale botsing,Geen hindernis
33739,152,Opwijk,District Vilvoorde-gewestwegen,50.968901168564656,4.149169474840164,0.8960486561215086,50.96187251577852,4.155427866302431,2022,8,8,23060,Opwijk,Onbekend,Onbekend,Onbekend,met lichtgewonden,3,Fiets,3,Fiets,Op Kruispunt,Gemeenteweg,buiten bebouwde kom,Tussen 2 bestuurders: Flank tegen flank,Geen hindernis
33750,71,Kampenhout teller 2,Kampenhout,50.95589,4.59164,0.35398533216715494,50.95306577523322,4.589307886510205,2022,8,22,23038,Kampenhout,Onbekend,Onbekend,Onbekend,met lichtgewonden,3,Fiets,11,een weggebruiker tegen een hindernis,Buiten Kruispunt,Gewestweg,onbekend,Weggebruiker tegen hindernis buiten rijbaan,Andere hindernis
33750,70,Kampenhout teller 1,Kampenhout,50.95682,4.59318,0.49782221502119867,50.95306577523322,4.589307886510205,2022,8,22,23038,Kampenhout,Onbekend,Onbekend,Onbekend,met lichtgewonden,3,Fiets,11,een weggebruiker tegen een hindernis,Buiten Kruispunt,Gewestweg,onbekend,Weggebruiker tegen hindernis buiten rijbaan,Andere hindernis
33751,71,Kampenhout teller 2,Kampenhout,50.95589,4.59164,0.3019093283680484,50.95809829922679,4.589132193388915,2022,8,16,23038,Kampenhout,Normaal,Droog,Dag,met lichtgewonden,3,Fiets,3,Fiets,Buiten Kruispunt,Gewestweg,binnen bebouwde kom,Tussen 2 bestuurders: Frontale botsing,Geen hindernis
33751,70,Kampenhout teller 1,Kampenhout,50.95682,4.59318,0.3171498824713636,50.95809829922679,4.589132193388915,2022,8,16,23038,Kampenhout,Normaal,Droog,Dag,met lichtgewonden,3,Fiets,3,Fiets,Buiten Kruispunt,Gewestweg,binnen bebouwde kom,Tussen 2 bestuurders: Frontale botsing,Geen hindernis
33758,13,Gent,Gent,51.03018,3.70146,0.3977580046926859,51.033749403389706,3.7010864989924666,2022,8,17,44021,Gent,Normaal,"Nat, plassen",Dag,met lichtgewonden,3,Fiets,9,personenauto,Buiten Kruispunt,Gemeenteweg,binnen bebouwde kom,Tussen 2 bestuurders: Frontale botsing,Geen hindernis
33763,13,Gent,Gent,51.03018,3.70146,0.9547036781300084,51.03716362684251,3.7094022406822353,2022,8,9,44021,Gent,Normaal,Droog,Dag,met lichtgewonden,6,Bromfiets,3,Fiets,Buiten Kruispunt,Gemeenteweg,binnen bebouwde kom,Tss. 2 best.: langs opzij (voor-/achterkant-flank),Geen hindernis
33772,13,Gent,Gent,51.03018,3.70146,0.8689185433839285,51.03172844049974,3.7136390691255396,2022,8,17,44021,Gent,Normaal,Droog,Dag,met lichtgewonden,3,Fiets,11,een weggebruiker tegen een hindernis,Buiten Kruispunt,Gewestweg,binnen bebouwde kom,Weggebruiker tegen hindernis buiten rijbaan,Buiten de rijbaan: Verlichtingspaal
33781,13,Gent,Gent,51.03018,3.70146,0.7883573945282448,51.023092685455325,3.7011574695237774,2022,8,12,44021,Gent,Normaal,Droog,Dag,met lichtgewonden,9,personenauto,3,Fiets,Op Kruispunt,Gewestweg,binnen bebouwde kom,Tss. 2 best.: langs opzij (voor-/achterkant-flank),Geen hindernis
33787,13,Gent,Gent,51.03018,3.70146,0.8045160373658061,51.03703179481321,3.7051555007273453,2022,8,17,44021,Gent,Normaal,Droog,Dag,met lichtgewonden,3,Fiets,3,Fiets,Buiten Kruispunt,Gemeenteweg,binnen bebouwde kom,Tussen 2 bestuurders: Frontale botsing,Geen hindernis
33790,118,Gent teller 1,Gent,51.028049,3.7681359,0.03977492232687669,51.02781040334575,3.7685596334053373,2022,8,16,44021,Gent,Normaal,Droog,Dag,met lichtgewonden,9,personenauto,3,Fiets,Op Kruispunt,Gewestweg,buiten bebouwde kom,Tss. 2 best.: langs opzij (voor-/achterkant-flank),Geen hindernis
33790,119,Gent teller 2,Gent,51.0281795,3.7683918,0.0426870750746349,51.02781040334575,3.7685596334053373,2022,8,16,44021,Gent,Normaal,Droog,Dag,met lichtgewonden,9,personenauto,3,Fiets,Op Kruispunt,Gewestweg,buiten bebouwde kom,Tss. 2 best.: langs opzij (voor-/achterkant-flank),Geen hindernis
33794,13,Gent,Gent,51.03018,3.70146,0.41892125528083035,51.028517720079954,3.7068357080306127,2022,8,17,44021,Gent,Onbekend,Onbekend,Onbekend,met lichtgewonden,3,Fiets,3,Fiets,Buiten Kruispunt,Gewestweg,binnen bebouwde kom,Tussen 2 bestuurders: Flank tegen flank,Geen hindernis
33812,116,Melle teller 2,Melle,50.9986113,3.8040599,0.8679710208367123,50.99141520705183,3.799254450285354,2022,8,10,44040,Melle,Normaal,Droog,Dag,met lichtgewonden,3,Fiets,3,Fiets,Buiten Kruispunt,Gewestweg,binnen bebouwde kom,Tussen 2 bestuurders: Flank tegen flank,Geen hindernis
33812,117,Melle teller 1,Melle,50.9986113,3.8040599,0.8679710208367123,50.99141520705183,3.799254450285354,2022,8,10,44040,Melle,Normaal,Droog,Dag,met lichtgewonden,3,Fiets,3,Fiets,Buiten Kruispunt,Gewestweg,binnen bebouwde kom,Tussen 2 bestuurders: Flank tegen flank,Geen hindernis
33827,115,Aalter,Aalter,51.1058367,3.4350591,0.580569793154566,51.11088803609517,3.432955223078024,2022,8,10,44084,Aalter,Normaal,Droog,Dag,met lichtgewonden,9,personenauto,3,Fiets,Op Kruispunt,Gemeenteweg,binnen bebouwde kom,Tussen 2 bestuurders: Flank tegen flank,Geen hindernis
33863,126,Hamme totem,Hamme,51.1017709,4.1469307,0.9741408495772484,51.110328558653386,4.143944464000135,2022,8,7,46025,Temse,Normaal,"Vuil (zand, grint, bladeren,...)",Dag,met lichtgewonden,3,Fiets,11,een weggebruiker tegen een hindernis,Buiten Kruispunt,Gewestweg,binnen bebouwde kom,Weggebruiker tegen hindernis op de rijbaan,Op de rijbaan: Lading
33870,129,Lokeren teller 2,Lokeren,51.09612,3.97025,0.7851030339442269,51.0890866019016,3.9692641226925507,2022,8,19,46014,Lokeren,Normaal,Onbekend,Dag,met lichtgewonden,9,personenauto,3,Fiets,Op Kruispunt,Gemeenteweg,binnen bebouwde kom,Tss. 2 best.: langs opzij (voor-/achterkant-flank),Geen hindernis
33870,128,Lokeren teller 1,Lokeren,51.09644,3.97023,0.82043821466222,51.0890866019016,3.9692641226925507,2022,8,19,46014,Lokeren,Normaal,Onbekend,Dag,met lichtgewonden,9,personenauto,3,Fiets,Op Kruispunt,Gemeenteweg,binnen bebouwde kom,Tss. 2 best.: langs opzij (voor-/achterkant-flank),Geen hindernis
33873,128,Lokeren teller 1,Lokeren,51.09644,3.97023,0.3686993200876255,51.09930083567671,3.972899357835873,2022,8,7,46014,Lokeren,Normaal,Droog,Dag,met lichtgewonden,3,Fiets,5,Lichte vrachtauto,Op Kruispunt,Gewestweg,buiten bebouwde kom,Tss. 2 best.: langs opzij (voor-/achterkant-flank),Geen hindernis
33873,129,Lokeren teller 2,Lokeren,51.09612,3.97025,0.3991554604662751,51.09930083567671,3.972899357835873,2022,8,7,46014,Lokeren,Normaal,Droog,Dag,met lichtgewonden,3,Fiets,5,Lichte vrachtauto,Op Kruispunt,Gewestweg,buiten bebouwde kom,Tss. 2 best.: langs opzij (voor-/achterkant-flank),Geen hindernis
33876,126,Hamme totem,Hamme,51.1017709,4.1469307,0.9485167434629893,51.093243973983924,4.146553481350617,2022,8,12,42008,Hamme,Normaal,Onbekend,Dag,met lichtgewonden,3,Fiets,3,Fiets,Buiten Kruispunt,Gemeenteweg,binnen bebouwde kom,Tss. 2 best.: langs opzij (voor-/achterkant-flank),Geen hindernis
33907,10,Aalst 2,Aalst,50.93549,4.01571,0.7732546038894507,50.94159970796582,4.020980425539253,2022,8,18,41002,Aalst,Normaal,Droog,Dag,met lichtgewonden,3,Fiets,9,personenauto,Op Kruispunt,Gemeenteweg,binnen bebouwde kom,Tss. 2 best.: langs opzij (voor-/achterkant-flank),Geen hindernis
33907,11,Aalst 3,Aalst,50.93385,4.01647,0.9178580836003183,50.94159970796582,4.020980425539253,2022,8,18,41002,Aalst,Normaal,Droog,Dag,met lichtgewonden,3,Fiets,9,personenauto,Op Kruispunt,Gemeenteweg,binnen bebouwde kom,Tss. 2 best.: langs opzij (voor-/achterkant-flank),Geen hindernis
33907,19,Aalst 1,Aalst,50.93433,4.01471,0.9200468828208266,50.94159970796582,4.020980425539253,2022,8,18,41002,Aalst,Normaal,Droog,Dag,met lichtgewonden,3,Fiets,9,personenauto,Op Kruispunt,Gemeenteweg,binnen bebouwde kom,Tss. 2 best.: langs opzij (voor-/achterkant-flank),Geen hindernis
33915,122,Dendermonde teller 2,Dendermonde,51.0373918,4.1019222,0.3769588371158196,51.04077267939083,4.102318975503541,2022,8,11,42006,Dendermonde,Normaal,Droog,Dag,met lichtgewonden,9,personenauto,3,Fiets,Buiten Kruispunt,Gewestweg,buiten bebouwde kom,Tss. 2 best.: langs opzij (voor-/achterkant-flank),Geen hindernis
33915,125,Dendermonde totem,Dendermonde,51.0372706,4.1025998,0.38990815399071926,51.04077267939083,4.102318975503541,2022,8,11,42006,Dendermonde,Normaal,Droog,Dag,met lichtgewonden,9,personenauto,3,Fiets,Buiten Kruispunt,Gewestweg,buiten bebouwde kom,Tss. 2 best.: langs opzij (voor-/achterkant-flank),Geen hindernis
33916,125,Dendermonde totem,Dendermonde,51.0372706,4.1025998,0.9989503988443873,51.02846763132266,4.1054514303097465,2022,8,19,42006,Dendermonde,Normaal,"Vuil (zand, grint, bladeren,...)",Dag,met lichtgewonden,3,Fiets,11,een weggebruiker tegen een hindernis,Buiten Kruispunt,Gewestweg,buiten bebouwde kom,Weggebruiker tegen hindernis buiten rijbaan,Buiten de rijbaan: Verlichtingspaal