crash_row_id,site_id,site_name,site_gemeente,site_lat,site_long,distance_km,crash_lat,crash_long,DT_YEAR_COLLISION,DT_MONTH_COLLISION,DT_TIME,CD_NIS,TX_MUNTY_COLLISION_NL,TX_WEATHER_NL,TX_ROAD_CONDITION_NL,TX_LIGHT_CONDITION_NL,TX_CLASS_ACCIDENTS_NL,CD_ROAD_USR_TYPE1,TX_ROAD_USR_TYPE1_NL,CD_ROAD_USR_TYPE2,TX_ROAD_USR_TYPE2_NL,TX_CROSSWAY_NL,CD_ROAD_TYPE_NL,TX_BUILD_UP_AREA_NL,TX_COLLISION_TYPE_NL,TX_OBSTACLES_NL
33917,125,Dendermonde totem,Dendermonde,51.0372706,4.1025998,0.653479306367546,51.03150000731998,4.104369126789586,2022,8,20,42006,Dendermonde,Normaal,Droog,Dag,met zwaargewonden,3,Fiets,9,personenauto,Op Kruispunt,Gemeenteweg,binnen bebouwde kom,Tussen 2 bestuurders: Langs achteren,Geen hindernis
33917,122,Dendermonde teller 2,Dendermonde,51.0373918,4.1019222,0.6771122393516437,51.03150000731998,4.104369126789586,2022,8,20,42006,Dendermonde,Normaal,Droog,Dag,met zwaargewonden,3,Fiets,9,personenauto,Op Kruispunt,Gemeenteweg,binnen bebouwde kom,Tussen 2 bestuurders: Langs achteren,Geen hindernis
33925,54,Brugge teller 2,Brugge,51.23015,3.22818,0.4307291550867121,51.22877886441123,3.233965432294287,2022,8,8,31005,Brugge,Normaal,Droog,Dag,met lichtgewonden,9,personenauto,3,Fiets,Op Kruispunt,Gemeenteweg,binnen bebouwde kom,Tss. 2 best.: langs opzij (voor-/achterkant-flank),Geen hindernis
33925,53,Brugge teller 1,Brugge,51.23023,3.228,0.4456165409853459,51.22877886441123,3.233965432294287,2022,8,8,31005,Brugge,Normaal,Droog,Dag,met lichtgewonden,9,personenauto,3,Fiets,Op Kruispunt,Gemeenteweg,binnen bebouwde kom,Tss. 2 best.: langs opzij (voor-/achterkant-flank),Geen hindernis
33925,52,Brugge,Brugge,51.22632,3.24095,0.5579432556381424,51.22877886441123,3.233965432294287,2022,8,8,31005,Brugge,Normaal,Droog,Dag,met lichtgewonden,9,personenauto,3,Fiets,Op Kruispunt,Gemeenteweg,binnen bebouwde kom,Tss. 2 best.: langs opzij (voor-/achterkant-flank),Geen hindernis
33925,142,TEST Validatie BRUGGE Y2H22022134,Brugge,51.22632,3.24095,0.5579432556381424,51.22877886441123,3.233965432294287,2022,8,8,31005,Brugge,Normaal,Droog,Dag,met lichtgewonden,9,personenauto,3,Fiets,Op Kruispunt,Gemeenteweg,binnen bebouwde kom,Tss. 2 best.: langs opzij (voor-/achterkant-flank),Geen hindernis
33932,20,Brugge,Brugge,51.17416,3.20048,0.961731203737294,51.18175328707903,3.193874463050957,2022,8,13,31005,Brugge,Normaal,Droog,Dag,met lichtgewonden,4,Vrachtwagen,3,Fiets,Op Kruispunt,Gemeenteweg,binnen bebouwde kom,Tussen 2 bestuurders: Flank tegen flank,Geen hindernis
33934,54,Brugge teller 2,Brugge,51.23015,3.22818,0.23239193491636964,51.22912621807705,3.2310896464136274,2022,8,12,31005,Brugge,Normaal,Droog,Dag,met lichtgewonden,3,Fiets,9,personenauto,Buiten Kruispunt,Gemeenteweg,binnen bebouwde kom,Tss. 2 best.: langs opzij (voor-/achterkant-flank),Geen hindernis
33934,53,Brugge teller 1,Brugge,51.23023,3.228,0.24768131960126366,51.22912621807705,3.2310896464136274,2022,8,12,31005,Brugge,Normaal,Droog,Dag,met lichtgewonden,3,Fiets,9,personenauto,Buiten Kruispunt,Gemeenteweg,binnen bebouwde kom,Tss. 2 best.: langs opzij (voor-/achterkant-flank),Geen hindernis
33934,52,Brugge,Brugge,51.22632,3.24095,0.7541870356491384,51.22912621807705,3.2310896464136274,2022,8,12,31005,Brugge,Normaal,Droog,Dag,met lichtgewonden,3,Fiets,9,personenauto,Buiten Kruispunt,Gemeenteweg,binnen bebouwde kom,Tss. 2 best.: langs opzij (voor-/achterkant-flank),Geen hindernis
33934,142,TEST Validatie BRUGGE Y2H22022134,Brugge,51.22632,3.24095,0.7541870356491384,51.22912621807705,3.2310896464136274,2022,8,12,31005,Brugge,Normaal,Droog,Dag,met lichtgewonden,3,Fiets,9,personenauto,Buiten Kruispunt,Gemeenteweg,binnen bebouwde kom,Tss. 2 best.: langs opzij (voor-/achterkant-flank),Geen hindernis
33976,15,Oostende 2,Oostende,51.21371,2.92743,0.9314017260709806,51.20603783433945,2.9220640871533305,2022,8,21,35013,Oostende,Normaal,Droog,"Nacht, geen openbare verlichting aanwezig",met lichtgewonden,3,Fiets,6,Bromfiets,Buiten Kruispunt,Gemeenteweg,binnen bebouwde kom,Tussen 2 bestuurders: Frontale botsing,Geen hindernis
33976,18,Oostende 1,Oostende,51.21378,2.92765,0.9447443109531769,51.20603783433945,2.9220640871533305,2022,8,21,35013,Oostende,Normaal,Droog,"Nacht, geen openbare verlichting aanwezig",met lichtgewonden,3,Fiets,6,Bromfiets,Buiten Kruispunt,Gemeenteweg,binnen bebouwde kom,Tussen 2 bestuurders: Frontale botsing,Geen hindernis
34017,74,Kortrijk teller 1,Kortrijk,50.81909,3.25728,0.9358421319958744,50.81559105420377,3.2451646236505733,2022,8,12,34022,Kortrijk,Normaal,Droog,Dag,met lichtgewonden,3,Fiets,3,Fiets,Buiten Kruispunt,Gemeenteweg,binnen bebouwde kom,Tussen 2 bestuurders: Flank tegen flank,Geen hindernis
34017,75,Kortrijk teller 2,Kortrijk,50.81925,3.25731,0.9452779899573854,50.81559105420377,3.2451646236505733,2022,8,12,34022,Kortrijk,Normaal,Droog,Dag,met lichtgewonden,3,Fiets,3,Fiets,Buiten Kruispunt,Gemeenteweg,binnen bebouwde kom,Tussen 2 bestuurders: Flank tegen flank,Geen hindernis
34018,143,Eco Display Classic Budastraat,Kortrijk,50.83066,3.26286,0.6551718004327115,50.82754530705708,3.2707784179018664,2022,8,19,34022,Kortrijk,Normaal,Droog,Onbekend,met lichtgewonden,3,Fiets,8,Voetganger,Buiten Kruispunt,Gemeenteweg,binnen bebouwde kom,Met een voetganger,Geen hindernis
34018,16,Kortrijk 1,Kortrijk,50.83332,3.27777,0.8083510981860222,50.82754530705708,3.2707784179018664,2022,8,19,34022,Kortrijk,Normaal,Droog,Onbekend,met lichtgewonden,3,Fiets,8,Voetganger,Buiten Kruispunt,Gemeenteweg,binnen bebouwde kom,Met een voetganger,Geen hindernis
34018,17,Kortrijk 2,Kortrijk,50.83339,3.27773,0.8128571105816035,50.82754530705708,3.2707784179018664,2022,8,19,34022,Kortrijk,Normaal,Droog,Onbekend,met lichtgewonden,3,Fiets,8,Voetganger,Buiten Kruispunt,Gemeenteweg,binnen bebouwde kom,Met een voetganger,Geen hindernis
34021,143,Eco Display Classic Budastraat,Kortrijk,50.83066,3.26286,0.6869447802249168,50.82583046460666,3.2689590449661905,2022,8,17,34022,Kortrijk,Normaal,Droog,Dag,met zwaargewonden,2,Andere weggebruiker,3,Fiets,Buiten Kruispunt,Gemeenteweg,binnen bebouwde kom,Tussen 2 bestuurders: Flank tegen flank,Geen hindernis
34025,16,Kortrijk 1,Kortrijk,50.83332,3.27777,0.2731502403943794,50.83095865202667,3.2766979989907274,2022,8,18,34022,Kortrijk,Normaal,Droog,Dag,met lichtgewonden,9,personenauto,3,Fiets,Op Kruispunt,Gemeenteweg,binnen bebouwde kom,Tss. 2 best.: langs opzij (voor-/achterkant-flank),Geen hindernis
34025,17,Kortrijk 2,Kortrijk,50.83339,3.27773,0.2799000410315868,50.83095865202667,3.2766979989907274,2022,8,18,34022,Kortrijk,Normaal,Droog,Dag,met lichtgewonden,9,personenauto,3,Fiets,Op Kruispunt,Gemeenteweg,binnen bebouwde kom,Tss. 2 best.: langs opzij (voor-/achterkant-flank),Geen hindernis
34025,143,Eco Display Classic Budastraat,Kortrijk,50.83066,3.26286,0.9724390112728664,50.83095865202667,3.2766979989907274,2022,8,18,34022,Kortrijk,Normaal,Droog,Dag,met lichtgewonden,9,personenauto,3,Fiets,Op Kruispunt,Gemeenteweg,binnen bebouwde kom,Tss. 2 best.: langs opzij (voor-/achterkant-flank),Geen hindernis
34026,84,Roeselare totem,Izegem,50.91717,3.18772,0.9478257065334112,50.920088434824095,3.175016112254688,2022,8,8,36015,Roeselare,Normaal,Droog,Dag,met lichtgewonden,3,Fiets,10,"één bestuurder, geen hindernis",Buiten Kruispunt,Gemeenteweg,buiten bebouwde kom,"Eén bestuurder, geen hindernis (incl. val)",Geen hindernis
34034,65,Nieuwpoort teller 2,Nieuwpoort,51.13435,2.75511,0.18854596173768298,51.13592285672601,2.7541004453180844,2022,8,14,38016,Nieuwpoort,Normaal,Droog,Dag,met zwaargewonden,3,Fiets,3,Fiets,Buiten Kruispunt,Gewestweg,buiten bebouwde kom,Tss. 2 best.: langs opzij (voor-/achterkant-flank),Geen hindernis
34034,64,Nieuwpoort teller 1,Nieuwpoort,51.13359,2.75737,0.3454450257027345,51.13592285672601,2.7541004453180844,2022,8,14,38016,Nieuwpoort,Normaal,Droog,Dag,met zwaargewonden,3,Fiets,3,Fiets,Buiten Kruispunt,Gewestweg,buiten bebouwde kom,Tss. 2 best.: langs opzij (voor-/achterkant-flank),Geen hindernis
34034,66,Nieuwpoort totem,Nieuwpoort,51.1347,2.74369,0.738985248703365,51.13592285672601,2.7541004453180844,2022,8,14,38016,Nieuwpoort,Normaal,Droog,Dag,met zwaargewonden,3,Fiets,3,Fiets,Buiten Kruispunt,Gewestweg,buiten bebouwde kom,Tss. 2 best.: langs opzij (voor-/achterkant-flank),Geen hindernis
34034,63,Nieuwpoort teller 3,Nieuwpoort,51.13529,2.74289,0.7853400864995318,51.13592285672601,2.7541004453180844,2022,8,14,38016,Nieuwpoort,Normaal,Droog,Dag,met zwaargewonden,3,Fiets,3,Fiets,Buiten Kruispunt,Gewestweg,buiten bebouwde kom,Tss. 2 best.: langs opzij (voor-/achterkant-flank),Geen hindernis
34040,68,Ieper,Ieper,50.85032,2.85608,0.9561690721192657,50.85221797687723,2.8427955295324407,2022,8,9,33011,Ieper,Normaal,Droog,Dag,met lichtgewonden,3,Fiets,10,"één bestuurder, geen hindernis",Op Kruispunt,Gewestweg,buiten bebouwde kom,"Eén bestuurder, geen hindernis (incl. val)",Geen hindernis
34040,67,Ieper totem,Ieper,50.85018,2.85624,0.9706447939324896,50.85221797687723,2.8427955295324407,2022,8,9,33011,Ieper,Normaal,Droog,Dag,met lichtgewonden,3,Fiets,10,"één bestuurder, geen hindernis",Op Kruispunt,Gewestweg,buiten bebouwde kom,"Eén bestuurder, geen hindernis (incl. val)",Geen hindernis
34053,68,Ieper,Ieper,50.85032,2.85608,0.16667368999733542,50.850736429052986,2.8537992754429413,2022,8,17,33011,Ieper,Normaal,Droog,Dag,met lichtgewonden,3,Fiets,11,een weggebruiker tegen een hindernis,Buiten Kruispunt,Gewestweg,binnen bebouwde kom,Weggebruiker tegen hindernis op de rijbaan,"Op de rijbaan: Verkeersdrempel, ezelsrug"
34053,67,Ieper totem,Ieper,50.85018,2.85624,0.18217377534787005,50.850736429052986,2.8537992754429413,2022,8,17,33011,Ieper,Normaal,Droog,Dag,met lichtgewonden,3,Fiets,11,een weggebruiker tegen een hindernis,Buiten Kruispunt,Gewestweg,binnen bebouwde kom,Weggebruiker tegen hindernis op de rijbaan,"Op de rijbaan: Verkeersdrempel, ezelsrug"
34070,124,Beveren teller 2,Beveren,51.1964712,4.2361077,0.721671104407354,51.19909689783919,4.226635996098494,2022,8,7,46003,Beveren,Normaal,Droog,Dageraad - schemering,met lichtgewonden,3,Fiets,3,Fiets,Op Kruispunt,Gewestweg,buiten bebouwde kom,Tussen 2 bestuurders: Flank tegen flank,Geen hindernis
34075,105,St. pieters leeuw teller 2,Halle,50.75509,4.24943,0.3376106089102643,50.75317971306322,4.253160258706859,2022,8,21,23027,Halle,Regenval,"Nat, plassen","Nacht, openbare verlichting aanwezig en ontstoken",met lichtgewonden,9,personenauto,3,Fiets,Op Kruispunt,Gemeenteweg,buiten bebouwde kom,Tss. 2 best.: langs opzij (voor-/achterkant-flank),Geen hindernis
34075,106,St. pieters leeuw teller 1,Sint-Pieters-Leeuw,50.75533,4.24951,0.3508676701010383,50.75317971306322,4.253160258706859,2022,8,21,23027,Halle,Regenval,"Nat, plassen","Nacht, openbare verlichting aanwezig en ontstoken",met lichtgewonden,9,personenauto,3,Fiets,Op Kruispunt,Gemeenteweg,buiten bebouwde kom,Tss. 2 best.: langs opzij (voor-/achterkant-flank),Geen hindernis
34082,100,Mechelen teller 2,Mechelen,51.0457,4.46883,0.11519627050478694,51.04668290473132,4.468309304809073,2022,8,16,12025,Mechelen,Normaal,Droog,Dag,met lichtgewonden,3,Fiets,3,Fiets,Buiten Kruispunt,Gewestweg,binnen bebouwde kom,Tss. 2 best.: langs opzij (voor-/achterkant-flank),Geen hindernis
34082,99,Mechelen teller 1,Mechelen,51.04564,4.46882,0.12133689485146396,51.04668290473132,4.468309304809073,2022,8,16,12025,Mechelen,Normaal,Droog,Dag,met lichtgewonden,3,Fiets,3,Fiets,Buiten Kruispunt,Gewestweg,binnen bebouwde kom,Tss. 2 best.: langs opzij (voor-/achterkant-flank),Geen hindernis
34083,109,Zemst,Zemst,50.9903936,4.4707023,0.5955962143210674,50.99522760657881,4.474367713132091,2022,8,17,12025,Mechelen,Normaal,Droog,Dag,met lichtgewonden,9,personenauto,3,Fiets,Buiten Kruispunt,Gewestweg,buiten bebouwde kom,Tussen 2 bestuurders: Flank tegen flank,Geen hindernis
34086,99,Mechelen teller 1,Mechelen,51.04564,4.46882,0.9781472036718124,51.03727780417925,4.473162628105673,2022,8,16,12025,Mechelen,Normaal,Droog,Dag,met lichtgewonden,9,personenauto,3,Fiets,Op Kruispunt,Gewestweg,binnen bebouwde kom,Tss. 2 best.: langs opzij (voor-/achterkant-flank),Geen hindernis
34086,100,Mechelen teller 2,Mechelen,51.0457,4.46883,0.9842760934745842,51.03727780417925,4.473162628105673,2022,8,16,12025,Mechelen,Normaal,Droog,Dag,met lichtgewonden,9,personenauto,3,Fiets,Op Kruispunt,Gewestweg,binnen bebouwde kom,Tss. 2 best.: langs opzij (voor-/achterkant-flank),Geen hindernis
34091,140,Hasselt ring,Hasselt,50.9300038,5.3438616,0.6683754831005798,50.93364526530069,5.336273661379073,2022,8,23,71022,Hasselt,Normaal,Droog,"Nacht, openbare verlichting aanwezig en ontstoken",met lichtgewonden,9,personenauto,3,Fiets,Buiten Kruispunt,Gewestweg,binnen bebouwde kom,Tss. 2 best.: langs opzij (voor-/achterkant-flank),Geen hindernis
34091,138,Hasselt-Kempische brug,Hasselt,50.9405318,5.3422472,0.8726839796178565,50.93364526530069,5.336273661379073,2022,8,23,71022,Hasselt,Normaal,Droog,"Nacht, openbare verlichting aanwezig en ontstoken",met lichtgewonden,9,personenauto,3,Fiets,Buiten Kruispunt,Gewestweg,binnen bebouwde kom,Tss. 2 best.: langs opzij (voor-/achterkant-flank),Geen hindernis
34091,137,Hasselt-Kempische brug,Hasselt,50.9411605,5.3417576,0.9197733861248467,50.93364526530069,5.336273661379073,2022,8,23,71022,Hasselt,Normaal,Droog,"Nacht, openbare verlichting aanwezig en ontstoken",met lichtgewonden,9,personenauto,3,Fiets,Buiten Kruispunt,Gewestweg,binnen bebouwde kom,Tss. 2 best.: langs opzij (voor-/achterkant-flank),Geen hindernis
34092,137,Hasselt-Kempische brug,Hasselt,50.9411605,5.3417576,0.284249790655726,50.94230357859226,5.345386349992123,2022,8,15,71022,Hasselt,Normaal,Droog,Dag,met zwaargewonden,3,Fiets,3,Fiets,Buiten Kruispunt,Gemeenteweg,buiten bebouwde kom,Tussen 2 bestuurders: Flank tegen flank,Geen hindernis
34092,138,Hasselt-Kempische brug,Hasselt,50.9405318,5.3422472,0.295280216132593,50.94230357859226,5.345386349992123,2022,8,15,71022,Hasselt,Normaal,Droog,Dag,met zwaargewonden,3,Fiets,3,Fiets,Buiten Kruispunt,Gemeenteweg,buiten bebouwde kom,Tussen 2 bestuurders: Flank tegen flank,Geen hindernis
34096,138,Hasselt-Kempische brug,Hasselt,50.9405318,5.3422472,0.7048961986778408,50.94353522064882,5.35110705449962,2022,8,17,71022,Hasselt,Normaal,Droog,Dag,met lichtgewonden,3,Fiets,9,personenauto,Buiten Kruispunt,Gewestweg,buiten bebouwde kom,Tussen 2 bestuurders: Frontale botsing,Geen hindernis
34096,137,Hasselt-Kempische brug,Hasselt,50.9411605,5.3417576,0.706280209129593,50.94353522064882,5.35110705449962,2022,8,17,71022,Hasselt,Normaal,Droog,Dag,met lichtgewonden,3,Fiets,9,personenauto,Buiten Kruispunt,Gewestweg,buiten bebouwde kom,Tussen 2 bestuurders: Frontale botsing,Geen hindernis
34101,30,Herk De Stad,Herk-de-Stad,50.94374,5.17691,0.5979543594951413,50.94087021237122,5.169692499262298,2022,8,21,71024,Herk-de-Stad,Normaal,Droog+Proper,Dageraad - schemering,met zwaargewonden,3,Fiets,10,"één bestuurder, geen hindernis",Buiten Kruispunt,Gemeenteweg,binnen bebouwde kom,"Eén bestuurder, geen hindernis (incl. val)",Geen hindernis
34101,31,Herk De Stad,Herk-de-Stad,50.94366,5.1775,0.6288631031572185,50.94087021237122,5.169692499262298,2022,8,21,71024,Herk-de-Stad,Normaal,Droog+Proper,Dageraad - schemering,met zwaargewonden,3,Fiets,10,"één bestuurder, geen hindernis",Buiten Kruispunt,Gemeenteweg,binnen bebouwde kom,"Eén bestuurder, geen hindernis (incl. val)",Geen hindernis
34115,25,Bree,Bree,51.13679500160176,5.597669323604317,0.2971968629805068,51.13482566077066,5.594789503649001,2022,8,13,72004,Bree,Normaal,Droog,Dag,met lichtgewonden,3,Fiets,11,een weggebruiker tegen een hindernis,Buiten Kruispunt,Gemeenteweg,buiten bebouwde kom,Weggebruiker tegen hindernis buiten rijbaan,"Buiten de rijbaan: Verkeerseiland, middenberm"
34118,14,Genk,Genk,50.97172,5.48927,0.9070319495240763,50.96610202888309,5.47987860459719,2022,8,11,71016,Genk,Normaal,Droog,Dag,met lichtgewonden,6,Bromfiets,3,Fiets,Buiten Kruispunt,Gemeenteweg,buiten bebouwde kom,Tussen 2 bestuurders: Frontale botsing,Geen hindernis
34123,25,Bree,Bree,51.13679500160176,5.597669323604317,0.8103624521128262,51.13845926149587,5.608977270732642,2022,8,17,72004,Bree,Normaal,Droog,Dag,met lichtgewonden,3,Fiets,10,"één bestuurder, geen hindernis",Buiten Kruispunt,Gewestweg,buiten bebouwde kom,"Eén bestuurder, geen hindernis (incl. val)",Geen hindernis
34124,48,As,As,51.00509,5.60389,0.10431203937197683,51.005819206058035,5.60295211266194,2022,8,14,71002,As,Normaal,Droog,Dag,met lichtgewonden,3,Fiets,10,"één bestuurder, geen hindernis",Buiten Kruispunt,Gewestweg,binnen bebouwde kom,"Eén bestuurder, geen hindernis (incl. val)",Geen hindernis
34125,25,Bree,Bree,51.13679500160176,5.597669323604317,0.3276081960763875,51.13956331788477,5.599276439454516,2022,8,20,72004,Bree,Normaal,Droog,"Nacht, geen openbare verlichting aanwezig",met zwaargewonden,3,Fiets,11,een weggebruiker tegen een hindernis,Buiten Kruispunt,Gewestweg,binnen bebouwde kom,Weggebruiker tegen hindernis buiten rijbaan,Buiten de rijbaan: Andere paal
34137,22,Tienen 2,Tienen,50.81330800184882,4.935984252796022,0.804860452388326,50.80708958266879,4.941846960204315,2022,8,18,24107,Tienen,Normaal,Droog,"Nacht, openb. verlicht. aanw., maar niet ontstoken",met lichtgewonden,3,Fiets,8,Voetganger,Op Kruispunt,Gemeenteweg,binnen bebouwde kom,Met een voetganger,Geen hindernis
34137,24,Tienen 1,Tienen,50.8133795491886,4.935044252605416,0.8471373093956931,50.80708958266879,4.941846960204315,2022,8,18,24107,Tienen,Normaal,Droog,"Nacht, openb. verlicht. aanw., maar niet ontstoken",met lichtgewonden,3,Fiets,8,Voetganger,Op Kruispunt,Gemeenteweg,binnen bebouwde kom,Met een voetganger,Geen hindernis
34137,23,Tienen 3,Tienen,50.81324,4.93447,0.8581242017586257,50.80708958266879,4.941846960204315,2022,8,18,24107,Tienen,Normaal,Droog,"Nacht, openb. verlicht. aanw., maar niet ontstoken",met lichtgewonden,3,Fiets,8,Voetganger,Op Kruispunt,Gemeenteweg,binnen bebouwde kom,Met een voetganger,Geen hindernis
34320,9,Heist op den Berg 2,Heist-op-den-Berg,51.06904,4.69524,0.5565855838042041,51.0722352492242,4.701371765572432,2022,9,15,12014,Heist-op-den-Berg,Normaal,Droog,Dag,met lichtgewonden,3,Fiets,3,Fiets,Buiten Kruispunt,Gemeenteweg,binnen bebouwde kom,Tussen 2 bestuurders: Frontale botsing,Geen hindernis
34345,9,Heist op den Berg 2,Heist-op-den-Berg,51.06904,4.69524,0.9570063142711104,51.07480167316821,4.705415057324996,2022,9,20,12014,Heist-op-den-Berg,Normaal,Droog,Dageraad - schemering,met lichtgewonden,3,Fiets,3,Fiets,Buiten Kruispunt,Gemeenteweg,binnen bebouwde kom,Tss. 2 best.: langs opzij (voor-/achterkant-flank),Geen hindernis
34362,127,Geel totem,Westerlo,51.1342966,4.9400421,0.8890475730008722,51.12635192278137,4.938609303885163,2022,9,22,13049,Westerlo,Normaal,Droog,"Nacht, openbare verlichting aanwezig en ontstoken",met lichtgewonden,9,personenauto,3,Fiets,Op Kruispunt,Gemeenteweg,buiten bebouwde kom,Tss. 2 best.: langs opzij (voor-/achterkant-flank),Geen hindernis
34372,5,Balen 2,Balen,51.16018,5.19003,0.6084498016895851,51.16343506979666,5.18301629283885,2022,9,12,13003,Balen,Normaal,Droog,Dag,met lichtgewonden,9,personenauto,3,Fiets,Op Kruispunt,Gewestweg,buiten bebouwde kom,Tss. 2 best.: langs opzij (voor-/achterkant-flank),Geen hindernis
34372,4,Balen 1,Balen,51.16023,5.19011,0.6096762448777414,51.16343506979666,5.18301629283885,2022,9,12,13003,Balen,Normaal,Droog,Dag,met lichtgewonden,9,personenauto,3,Fiets,Op Kruispunt,Gewestweg,buiten bebouwde kom,Tss. 2 best.: langs opzij (voor-/achterkant-flank),Geen hindernis
34389,46,Pelt teller 2,Pelt,51.231,5.44375,0.8772774936012021,51.22763932085724,5.432351205879961,2022,9,18,72043,Pelt,Normaal,Droog,Dag,met lichtgewonden,1,Autobus,3,Fiets,Buiten Kruispunt,Gemeenteweg,binnen bebouwde kom,Tussen 2 bestuurders: Flank tegen flank,Geen hindernis
34389,45,Pelt teller 1,Pelt,51.23127,5.44377,0.8917199055848166,51.22763932085724,5.432351205879961,2022,9,18,72043,Pelt,Normaal,Droog,Dag,met lichtgewonden,1,Autobus,3,Fiets,Buiten Kruispunt,Gemeenteweg,binnen bebouwde kom,Tussen 2 bestuurders: Flank tegen flank,Geen hindernis
34420,69,Leuven teller 1,Leuven,50.87549,4.71526,0.5279497548286531,50.88023487415032,4.714988475072806,2022,9,17,24062,Leuven,Normaal,Droog,Dag,met lichtgewonden,3,Fiets,6,Bromfiets,Buiten Kruispunt,Gewestweg,binnen bebouwde kom,Tss. 2 best.: langs opzij (voor-/achterkant-flank),Geen hindernis
34420,77,Leuven teller 2,Leuven,50.88672,4.70796,0.8735671585573151,50.88023487415032,4.714988475072806,2022,9,17,24062,Leuven,Normaal,Droog,Dag,met lichtgewonden,3,Fiets,6,Bromfiets,Buiten Kruispunt,Gewestweg,binnen bebouwde kom,Tss. 2 best.: langs opzij (voor-/achterkant-flank),Geen hindernis
34420,107,leuven totem,Leuven,50.8870744,4.7087919,0.8759911714862608,50.88023487415032,4.714988475072806,2022,9,17,24062,Leuven,Normaal,Droog,Dag,met lichtgewonden,3,Fiets,6,Bromfiets,Buiten Kruispunt,Gewestweg,binnen bebouwde kom,Tss. 2 best.: langs opzij (voor-/achterkant-flank),Geen hindernis
34423,151,Leuven,District Leuven,50.8690262,4.6854839,0.5301266771953244,50.86963523805436,4.692976451046812,2022,9,10,24062,Leuven,Normaal,Droog,Dag,met lichtgewonden,3,Fiets,11,een weggebruiker tegen een hindernis,Buiten Kruispunt,Gewestweg,binnen bebouwde kom,Weggebruiker tegen hindernis buiten rijbaan,Andere hindernis
34425,77,Leuven teller 2,Leuven,50.88672,4.70796,0.4780002200914736,50.88245762097626,4.707075396578163,2022,9,17,24062,Leuven,Normaal,Droog,Dag,met lichtgewonden,3,Fiets,9,personenauto,Op Kruispunt,Gemeenteweg,binnen bebouwde kom,Tussen 2 bestuurders: Flank tegen flank,Geen hindernis
34425,107,leuven totem,Leuven,50.8870744,4.7087919,0.527295504551235,50.88245762097626,4.707075396578163,2022,9,17,24062,Leuven,Normaal,Droog,Dag,met lichtgewonden,3,Fiets,9,personenauto,Op Kruispunt,Gemeenteweg,binnen bebouwde kom,Tussen 2 bestuurders: Flank tegen flank,Geen hindernis
34425,69,Leuven teller 1,Leuven,50.87549,4.71526,0.9643639900469682,50.88245762097626,4.707075396578163,2022,9,17,24062,Leuven,Normaal,Droog,Dag,met lichtgewonden,3,Fiets,9,personenauto,Op Kruispunt,Gemeenteweg,binnen bebouwde kom,Tussen 2 bestuurders: Flank tegen flank,Geen hindernis
34426,107,leuven totem,Leuven,50.8870744,4.7087919,0.47632190960187465,50.88456957949728,4.714300195028836,2022,9,17,24062,Leuven,Normaal,Droog,Dag,met lichtgewonden,1,Autobus,3,Fiets,Op Kruispunt,Gewestweg,binnen bebouwde kom,Tussen 2 bestuurders: Frontale botsing,Geen hindernis
34426,77,Leuven teller 2,Leuven,50.88672,4.70796,0.5049649251128859,50.88456957949728,4.714300195028836,2022,9,17,24062,Leuven,Normaal,Droog,Dag,met lichtgewonden,1,Autobus,3,Fiets,Op Kruispunt,Gewestweg,binnen bebouwde kom,Tussen 2 bestuurders: Frontale botsing,Geen hindernis
34427,151,Leuven,District Leuven,50.8690262,4.6854839,0.48674300276404775,50.87206948426142,4.690469703057868,2022,9,7,24062,Leuven,Normaal,Droog,Dag,met lichtgewonden,9,personenauto,3,Fiets,Op Kruispunt,Gewestweg,buiten bebouwde kom,Tussen 2 bestuurders: Frontale botsing,Geen hindernis
34428,151,Leuven,District Leuven,50.8690262,4.6854839,0.6442710276895786,50.86997680510807,4.676427241198306,2022,9,16,24062,Leuven,Normaal,Droog,Dag,met lichtgewonden,3,Fiets,3,Fiets,Buiten Kruispunt,Gemeenteweg,binnen bebouwde kom,Tss. 2 best.: langs opzij (voor-/achterkant-flank),Geen hindernis
34429,149,Machelen,,50.88297881,4.43356644,0.3905458311950354,50.88003584086022,4.436604844586684,2022,9,8,23047,Machelen,Normaal,Droog,Dag,met lichtgewonden,3,Fiets,9,personenauto,Buiten Kruispunt,Gemeenteweg,buiten bebouwde kom,Tussen 2 bestuurders: Flank tegen flank,Geen hindernis
34430,69,Leuven teller 1,Leuven,50.87549,4.71526,0.8798230180287269,50.868803644923645,4.721964288037022,2022,9,18,24062,Leuven,Normaal,Droog,Dag,met lichtgewonden,8,Voetganger,3,Fiets,Buiten Kruispunt,Gemeenteweg,binnen bebouwde kom,Met een voetganger,Geen hindernis
34431,69,Leuven teller 1,Leuven,50.87549,4.71526,0.9767948993148511,50.87694056943107,4.701529470761251,2022,9,4,24062,Leuven,Normaal,Droog,"Nacht, openbare verlichting aanwezig en ontstoken",met lichtgewonden,3,Fiets,11,een weggebruiker tegen een hindernis,Buiten Kruispunt,Gemeenteweg,binnen bebouwde kom,Weggebruiker tegen hindernis buiten rijbaan,Andere hindernis
34432,69,Leuven teller 1,Leuven,50.87549,4.71526,0.40783834360837695,50.87806083413728,4.719405849909181,2022,9,17,24062,Leuven,Normaal,Droog,Dag,met zwaargewonden,3,Fiets,3,Fiets,Buiten Kruispunt,Gemeenteweg,binnen bebouwde kom,Tussen 2 bestuurders: Flank tegen flank,Geen hindernis