crash_row_id,site_id,site_name,site_gemeente,site_lat,site_long,distance_km,crash_lat,crash_long,DT_YEAR_COLLISION,DT_MONTH_COLLISION,DT_TIME,CD_NIS,TX_MUNTY_COLLISION_NL,TX_WEATHER_NL,TX_ROAD_CONDITION_NL,TX_LIGHT_CONDITION_NL,TX_CLASS_ACCIDENTS_NL,CD_ROAD_USR_TYPE1,TX_ROAD_USR_TYPE1_NL,CD_ROAD_USR_TYPE2,TX_ROAD_USR_TYPE2_NL,TX_CROSSWAY_NL,CD_ROAD_TYPE_NL,TX_BUILD_UP_AREA_NL,TX_COLLISION_TYPE_NL,TX_OBSTACLES_NL
34434,77,Leuven teller 2,Leuven,50.88672,4.70796,0.5570131542212369,50.882096447636,4.704904370163494,2022,9,11,24062,Leuven,Normaal,Droog,Dag,met lichtgewonden,3,Fiets,5,Lichte vrachtauto,Op Kruispunt,Gemeenteweg,binnen bebouwde kom,Tss. 2 best.: langs opzij (voor-/achterkant-flank),Geen hindernis
34434,107,leuven totem,Leuven,50.8870744,4.7087919,0.6170584202190955,50.882096447636,4.704904370163494,2022,9,11,24062,Leuven,Normaal,Droog,Dag,met lichtgewonden,3,Fiets,5,Lichte vrachtauto,Op Kruispunt,Gemeenteweg,binnen bebouwde kom,Tss. 2 best.: langs opzij (voor-/achterkant-flank),Geen hindernis
34436,151,Leuven,District Leuven,50.8690262,4.6854839,0.9251956377569199,50.868760113328044,4.698661316363179,2022,9,15,24062,Leuven,Normaal,Droog,Dag,met lichtgewonden,9,personenauto,3,Fiets,Op Kruispunt,Gewestweg,binnen bebouwde kom,Tss. 2 best.: langs opzij (voor-/achterkant-flank),Geen hindernis
34438,151,Leuven,District Leuven,50.8690262,4.6854839,0.48674300276404775,50.87206948426142,4.690469703057868,2022,9,11,24062,Leuven,Regenval,"Nat, plassen",Dag,met lichtgewonden,4,Vrachtwagen,3,Fiets,Op Kruispunt,Gewestweg,binnen bebouwde kom,Tussen 2 bestuurders: Flank tegen flank,Geen hindernis
34451,101,Diest teller 1,Diest,50.97799,5.04481,0.4920743010989268,50.97968911123855,5.051299987305658,2022,9,21,24020,Diest,Normaal,Droog,"Nacht, openbare verlichting aanwezig en ontstoken",met lichtgewonden,9,personenauto,3,Fiets,Buiten Kruispunt,Gewestweg,binnen bebouwde kom,Tss. 2 best.: langs opzij (voor-/achterkant-flank),Geen hindernis
34451,102,Diest teller 2,Diest,50.9779,5.04474,0.5004962435201947,50.97968911123855,5.051299987305658,2022,9,21,24020,Diest,Normaal,Droog,"Nacht, openbare verlichting aanwezig en ontstoken",met lichtgewonden,9,personenauto,3,Fiets,Buiten Kruispunt,Gewestweg,binnen bebouwde kom,Tss. 2 best.: langs opzij (voor-/achterkant-flank),Geen hindernis
34463,145,Overijse,District Vilvoorde-gewestwegen,50.7885856,4.4908759,0.773386604109355,50.793108811542865,4.482517888988777,2022,9,9,23062,Overijse,Normaal,Droog,Dag,met lichtgewonden,9,personenauto,3,Fiets,Buiten Kruispunt,Gewestweg,binnen bebouwde kom,Tussen 2 bestuurders: Langs achteren,Geen hindernis
34463,146,Overijse 2,District Vilvoorde-gewestwegen,50.7881478,4.4902818,0.7759791310351201,50.793108811542865,4.482517888988777,2022,9,9,23062,Overijse,Normaal,Droog,Dag,met lichtgewonden,9,personenauto,3,Fiets,Buiten Kruispunt,Gewestweg,binnen bebouwde kom,Tussen 2 bestuurders: Langs achteren,Geen hindernis
34510,136,Gent R4,Gent,51.0876313,3.7587918,0.8256943487096698,51.08437704688052,3.7481660716698912,2022,9,5,44021,Gent,Regenval,"Nat, plassen","Nacht, openbare verlichting aanwezig en ontstoken",met lichtgewonden,6,Bromfiets,3,Fiets,Op Kruispunt,Gewestweg,buiten bebouwde kom,Tussen 2 bestuurders: Frontale botsing,Geen hindernis
34526,13,Gent,Gent,51.03018,3.70146,0.7888162943790369,51.02310150096132,3.70220510113663,2022,9,7,44021,Gent,Normaal,Droog,Dag,met zwaargewonden,3,Fiets,3,Fiets,Buiten Kruispunt,Gemeenteweg,buiten bebouwde kom,Tussen 2 bestuurders: Frontale botsing,Geen hindernis
34571,118,Gent teller 1,Gent,51.028049,3.7681359,0.62744735947338,51.022561023090745,3.7702228047994764,2022,9,16,44040,Melle,Normaal,Droog,Dag,met lichtgewonden,8,Voetganger,3,Fiets,Buiten Kruispunt,Gemeenteweg,binnen bebouwde kom,Met een voetganger,Geen hindernis
34571,119,Gent teller 2,Gent,51.0281795,3.7683918,0.6377356220628217,51.022561023090745,3.7702228047994764,2022,9,16,44040,Melle,Normaal,Droog,Dag,met lichtgewonden,8,Voetganger,3,Fiets,Buiten Kruispunt,Gemeenteweg,binnen bebouwde kom,Met een voetganger,Geen hindernis
34574,116,Melle teller 2,Melle,50.9986113,3.8040599,0.26862817591040333,50.999963550476046,3.807240923780891,2022,9,11,44040,Melle,Normaal,Droog,Dag,met lichtgewonden,9,personenauto,3,Fiets,Buiten Kruispunt,Gewestweg,buiten bebouwde kom,Tss. 2 best.: langs opzij (voor-/achterkant-flank),Geen hindernis
34574,117,Melle teller 1,Melle,50.9986113,3.8040599,0.26862817591040333,50.999963550476046,3.807240923780891,2022,9,11,44040,Melle,Normaal,Droog,Dag,met lichtgewonden,9,personenauto,3,Fiets,Buiten Kruispunt,Gewestweg,buiten bebouwde kom,Tss. 2 best.: langs opzij (voor-/achterkant-flank),Geen hindernis
34577,116,Melle teller 2,Melle,50.9986113,3.8040599,0.4715584487640868,51.0026752695768,3.802134103548829,2022,9,12,44040,Melle,Normaal,Droog,Dag,met lichtgewonden,9,personenauto,3,Fiets,Buiten Kruispunt,Gewestweg,binnen bebouwde kom,Tss. 2 best.: langs opzij (voor-/achterkant-flank),Geen hindernis
34577,117,Melle teller 1,Melle,50.9986113,3.8040599,0.4715584487640868,51.0026752695768,3.802134103548829,2022,9,12,44040,Melle,Normaal,Droog,Dag,met lichtgewonden,9,personenauto,3,Fiets,Buiten Kruispunt,Gewestweg,binnen bebouwde kom,Tss. 2 best.: langs opzij (voor-/achterkant-flank),Geen hindernis
34636,141,Test site A support,Lokeren,51.08342085,3.9961071208376326,0.41281614864304195,51.081335382037345,3.991217850650432,2022,9,5,46014,Lokeren,Normaal,Droog,"Nacht, openbare verlichting aanwezig en ontstoken",met lichtgewonden,9,personenauto,3,Fiets,Op Kruispunt,Gemeenteweg,buiten bebouwde kom,Tss. 2 best.: langs opzij (voor-/achterkant-flank),Geen hindernis
34637,129,Lokeren teller 2,Lokeren,51.09612,3.97025,0.03133475586871895,51.09599539547663,3.969847534551002,2022,9,15,46014,Lokeren,Normaal,Droog,Dag,met lichtgewonden,6,Bromfiets,3,Fiets,Buiten Kruispunt,Gewestweg,buiten bebouwde kom,Tussen 2 bestuurders: Flank tegen flank,Geen hindernis
34637,128,Lokeren teller 1,Lokeren,51.09644,3.97023,0.05619099540831618,51.09599539547663,3.969847534551002,2022,9,15,46014,Lokeren,Normaal,Droog,Dag,met lichtgewonden,6,Bromfiets,3,Fiets,Buiten Kruispunt,Gewestweg,buiten bebouwde kom,Tussen 2 bestuurders: Flank tegen flank,Geen hindernis
34643,126,Hamme totem,Hamme,51.1017709,4.1469307,0.3570390806656102,51.10290608544423,4.142147424525934,2022,9,18,42008,Hamme,Normaal,"Nat, plassen",Dag,met lichtgewonden,6,Bromfiets,3,Fiets,Buiten Kruispunt,Gewestweg,buiten bebouwde kom,Tussen 2 bestuurders: Frontale botsing,Geen hindernis
34644,126,Hamme totem,Hamme,51.1017709,4.1469307,0.8852831820396494,51.096562143722444,4.15651901236537,2022,9,7,42008,Hamme,Normaal,Droog,Dag,met lichtgewonden,3,Fiets,5,Lichte vrachtauto,Buiten Kruispunt,Gemeenteweg,binnen bebouwde kom,Tussen 2 bestuurders: Flank tegen flank,Geen hindernis
34681,10,Aalst 2,Aalst,50.93549,4.01571,0.5057645721386188,50.9389879369839,4.020323628081533,2022,9,14,41002,Aalst,Normaal,Droog,Dag,met lichtgewonden,3,Fiets,9,personenauto,Buiten Kruispunt,Gewestweg,binnen bebouwde kom,Tss. 2 best.: langs opzij (voor-/achterkant-flank),Geen hindernis
34681,11,Aalst 3,Aalst,50.93385,4.01647,0.631915527208451,50.9389879369839,4.020323628081533,2022,9,14,41002,Aalst,Normaal,Droog,Dag,met lichtgewonden,3,Fiets,9,personenauto,Buiten Kruispunt,Gewestweg,binnen bebouwde kom,Tss. 2 best.: langs opzij (voor-/achterkant-flank),Geen hindernis
34681,19,Aalst 1,Aalst,50.93433,4.01471,0.6503803480320829,50.9389879369839,4.020323628081533,2022,9,14,41002,Aalst,Normaal,Droog,Dag,met lichtgewonden,3,Fiets,9,personenauto,Buiten Kruispunt,Gewestweg,binnen bebouwde kom,Tss. 2 best.: langs opzij (voor-/achterkant-flank),Geen hindernis
34699,122,Dendermonde teller 2,Dendermonde,51.0373918,4.1019222,0.738850685495736,51.031063475410605,4.098700899237459,2022,9,17,42006,Dendermonde,Normaal,"Nat, plassen",Dag,met lichtgewonden,9,personenauto,3,Fiets,Buiten Kruispunt,Gewestweg,binnen bebouwde kom,Tussen 2 bestuurders: Flank tegen flank,Geen hindernis
34699,125,Dendermonde totem,Dendermonde,51.0372706,4.1025998,0.7420956984322707,51.031063475410605,4.098700899237459,2022,9,17,42006,Dendermonde,Normaal,"Nat, plassen",Dag,met lichtgewonden,9,personenauto,3,Fiets,Buiten Kruispunt,Gewestweg,binnen bebouwde kom,Tussen 2 bestuurders: Flank tegen flank,Geen hindernis
34702,54,Brugge teller 2,Brugge,51.23015,3.22818,0.825969812622409,51.22274491024158,3.2272465946417164,2022,9,16,31005,Brugge,Normaal,Droog,Dag,met lichtgewonden,1,Autobus,3,Fiets,Op Kruispunt,Gewestweg,binnen bebouwde kom,Tss. 2 best.: langs opzij (voor-/achterkant-flank),Geen hindernis
34702,53,Brugge teller 1,Brugge,51.23023,3.228,0.833955858209324,51.22274491024158,3.2272465946417164,2022,9,16,31005,Brugge,Normaal,Droog,Dag,met lichtgewonden,1,Autobus,3,Fiets,Op Kruispunt,Gewestweg,binnen bebouwde kom,Tss. 2 best.: langs opzij (voor-/achterkant-flank),Geen hindernis
34711,142,TEST Validatie BRUGGE Y2H22022134,Brugge,51.22632,3.24095,0.4718967874814403,51.22475149017308,3.234653257846393,2022,9,16,31005,Brugge,Regenval,"Nat, plassen",Dag,met lichtgewonden,3,Fiets,9,personenauto,Buiten Kruispunt,Gemeenteweg,binnen bebouwde kom,Tss. 2 best.: langs opzij (voor-/achterkant-flank),Geen hindernis
34711,52,Brugge,Brugge,51.22632,3.24095,0.4718967874814403,51.22475149017308,3.234653257846393,2022,9,16,31005,Brugge,Regenval,"Nat, plassen",Dag,met lichtgewonden,3,Fiets,9,personenauto,Buiten Kruispunt,Gemeenteweg,binnen bebouwde kom,Tss. 2 best.: langs opzij (voor-/achterkant-flank),Geen hindernis
34711,54,Brugge teller 2,Brugge,51.23015,3.22818,0.7506835448421495,51.22475149017308,3.234653257846393,2022,9,16,31005,Brugge,Regenval,"Nat, plassen",Dag,met lichtgewonden,3,Fiets,9,personenauto,Buiten Kruispunt,Gemeenteweg,binnen bebouwde kom,Tss. 2 best.: langs opzij (voor-/achterkant-flank),Geen hindernis
34711,53,Brugge teller 1,Brugge,51.23023,3.228,0.7653372302862588,51.22475149017308,3.234653257846393,2022,9,16,31005,Brugge,Regenval,"Nat, plassen",Dag,met lichtgewonden,3,Fiets,9,personenauto,Buiten Kruispunt,Gemeenteweg,binnen bebouwde kom,Tss. 2 best.: langs opzij (voor-/achterkant-flank),Geen hindernis
34741,15,Oostende 2,Oostende,51.21371,2.92743,0.8216108525258579,51.21899883203666,2.919192384144417,2022,9,8,35013,Oostende,Normaal,"Nat, plassen",Dag,met lichtgewonden,3,Fiets,6,Bromfiets,Op Kruispunt,Gewestweg,binnen bebouwde kom,Tussen 2 bestuurders: Flank tegen flank,Geen hindernis
34741,18,Oostende 1,Oostende,51.21378,2.92765,0.8269024224199837,51.21899883203666,2.919192384144417,2022,9,8,35013,Oostende,Normaal,"Nat, plassen",Dag,met lichtgewonden,3,Fiets,6,Bromfiets,Op Kruispunt,Gewestweg,binnen bebouwde kom,Tussen 2 bestuurders: Flank tegen flank,Geen hindernis
34744,15,Oostende 2,Oostende,51.21371,2.92743,0.8453389390882723,51.21845570428776,2.9179483727005655,2022,9,16,35013,Oostende,Normaal,Droog,Dag,met lichtgewonden,3,Fiets,99,onbekend,Buiten Kruispunt,Gemeenteweg,binnen bebouwde kom,Tss. 2 best.: langs opzij (voor-/achterkant-flank),Geen hindernis
34744,18,Oostende 1,Oostende,51.21378,2.92765,0.8525941258913291,51.21845570428776,2.9179483727005655,2022,9,16,35013,Oostende,Normaal,Droog,Dag,met lichtgewonden,3,Fiets,99,onbekend,Buiten Kruispunt,Gemeenteweg,binnen bebouwde kom,Tss. 2 best.: langs opzij (voor-/achterkant-flank),Geen hindernis
34746,15,Oostende 2,Oostende,51.21371,2.92743,0.4586787588436633,51.209981934220764,2.9302483565662025,2022,9,8,35013,Oostende,Normaal,Droog,Dag,met lichtgewonden,9,personenauto,3,Fiets,Op Kruispunt,Gemeenteweg,binnen bebouwde kom,Tss. 2 best.: langs opzij (voor-/achterkant-flank),Geen hindernis
34746,18,Oostende 1,Oostende,51.21378,2.92765,0.45947563701390887,51.209981934220764,2.9302483565662025,2022,9,8,35013,Oostende,Normaal,Droog,Dag,met lichtgewonden,9,personenauto,3,Fiets,Op Kruispunt,Gemeenteweg,binnen bebouwde kom,Tss. 2 best.: langs opzij (voor-/achterkant-flank),Geen hindernis
34748,15,Oostende 2,Oostende,51.21371,2.92743,0.8762172863974572,51.21290091686857,2.914917101837738,2022,9,14,35013,Oostende,Normaal,Droog,Dag,met lichtgewonden,7,Motorfiets,3,Fiets,Buiten Kruispunt,Gemeenteweg,binnen bebouwde kom,Tussen 2 bestuurders: Langs achteren,Geen hindernis
34748,18,Oostende 1,Oostende,51.21378,2.92765,0.8922802506250135,51.21290091686857,2.914917101837738,2022,9,14,35013,Oostende,Normaal,Droog,Dag,met lichtgewonden,7,Motorfiets,3,Fiets,Buiten Kruispunt,Gemeenteweg,binnen bebouwde kom,Tussen 2 bestuurders: Langs achteren,Geen hindernis
34750,15,Oostende 2,Oostende,51.21371,2.92743,0.8690816037982075,51.2180001033976,2.9170000884107714,2022,9,16,35013,Oostende,Regenval,"Nat, plassen",Dag,met lichtgewonden,6,Bromfiets,3,Fiets,Buiten Kruispunt,Gemeenteweg,binnen bebouwde kom,Tss. 2 best.: langs opzij (voor-/achterkant-flank),Geen hindernis
34750,18,Oostende 1,Oostende,51.21378,2.92765,0.877744005044716,51.2180001033976,2.9170000884107714,2022,9,16,35013,Oostende,Regenval,"Nat, plassen",Dag,met lichtgewonden,6,Bromfiets,3,Fiets,Buiten Kruispunt,Gemeenteweg,binnen bebouwde kom,Tss. 2 best.: langs opzij (voor-/achterkant-flank),Geen hindernis
34762,55,Torhout teller 1,Torhout,51.07161,3.08261,0.5785542232211413,51.075643005105945,3.0878419735510865,2022,9,7,31033,Torhout,Regenval,"Nat, plassen",Dageraad - schemering,met lichtgewonden,3,Fiets,9,personenauto,Buiten Kruispunt,Gemeenteweg,binnen bebouwde kom,Tss. 2 best.: langs opzij (voor-/achterkant-flank),Geen hindernis
34762,56,Torhout teller 2,Torhout,51.07147,3.08244,0.5981256419699299,51.075643005105945,3.0878419735510865,2022,9,7,31033,Torhout,Regenval,"Nat, plassen",Dageraad - schemering,met lichtgewonden,3,Fiets,9,personenauto,Buiten Kruispunt,Gemeenteweg,binnen bebouwde kom,Tss. 2 best.: langs opzij (voor-/achterkant-flank),Geen hindernis
34772,143,Eco Display Classic Budastraat,Kortrijk,50.83066,3.26286,0.5765963173482305,50.834890411614175,3.267607984985117,2022,9,13,34022,Kortrijk,Normaal,Droog,Dag,met lichtgewonden,9,personenauto,3,Fiets,Op Kruispunt,Gewestweg,binnen bebouwde kom,Tss. 2 best.: langs opzij (voor-/achterkant-flank),Geen hindernis
34772,17,Kortrijk 2,Kortrijk,50.83339,3.27773,0.7301561851595676,50.834890411614175,3.267607984985117,2022,9,13,34022,Kortrijk,Normaal,Droog,Dag,met lichtgewonden,9,personenauto,3,Fiets,Op Kruispunt,Gewestweg,binnen bebouwde kom,Tss. 2 best.: langs opzij (voor-/achterkant-flank),Geen hindernis
34772,16,Kortrijk 1,Kortrijk,50.83332,3.27777,0.7347027488339068,50.834890411614175,3.267607984985117,2022,9,13,34022,Kortrijk,Normaal,Droog,Dag,met lichtgewonden,9,personenauto,3,Fiets,Op Kruispunt,Gewestweg,binnen bebouwde kom,Tss. 2 best.: langs opzij (voor-/achterkant-flank),Geen hindernis
34791,143,Eco Display Classic Budastraat,Kortrijk,50.83066,3.26286,0.8393302882880406,50.83203822299121,3.2511099561566263,2022,9,19,34022,Kortrijk,Normaal,Droog,Dag,met lichtgewonden,9,personenauto,3,Fiets,Buiten Kruispunt,Gemeenteweg,binnen bebouwde kom,Tussen 2 bestuurders: Langs achteren,Geen hindernis
34793,16,Kortrijk 1,Kortrijk,50.83332,3.27777,0.3170648314164409,50.832055402085054,3.2818164285863203,2022,9,7,34022,Kortrijk,Onbekend,Onbekend,Onbekend,met lichtgewonden,3,Fiets,3,Fiets,Buiten Kruispunt,Gemeenteweg,onbekend,Tss. 2 best.: langs opzij (voor-/achterkant-flank),Geen hindernis
34793,17,Kortrijk 2,Kortrijk,50.83339,3.27773,0.32308527039951224,50.832055402085054,3.2818164285863203,2022,9,7,34022,Kortrijk,Onbekend,Onbekend,Onbekend,met lichtgewonden,3,Fiets,3,Fiets,Buiten Kruispunt,Gemeenteweg,onbekend,Tss. 2 best.: langs opzij (voor-/achterkant-flank),Geen hindernis
34797,143,Eco Display Classic Budastraat,Kortrijk,50.83066,3.26286,0.6429045788525598,50.83185017073694,3.253901959378269,2022,9,8,34022,Kortrijk,Onbekend,Onbekend,Onbekend,met lichtgewonden,9,personenauto,3,Fiets,Op Kruispunt,Gewestweg,binnen bebouwde kom,Tss. 2 best.: langs opzij (voor-/achterkant-flank),Geen hindernis
34798,143,Eco Display Classic Budastraat,Kortrijk,50.83066,3.26286,0.25917041890676407,50.8328013347887,3.264317306328698,2022,9,16,34022,Kortrijk,Normaal,Droog,Dag,met lichtgewonden,3,Fiets,3,Fiets,Buiten Kruispunt,Gemeenteweg,binnen bebouwde kom,Tussen 2 bestuurders: Frontale botsing,Geen hindernis
34798,17,Kortrijk 2,Kortrijk,50.83339,3.27773,0.9442271366182357,50.8328013347887,3.264317306328698,2022,9,16,34022,Kortrijk,Normaal,Droog,Dag,met lichtgewonden,3,Fiets,3,Fiets,Buiten Kruispunt,Gemeenteweg,binnen bebouwde kom,Tussen 2 bestuurders: Frontale botsing,Geen hindernis
34798,16,Kortrijk 1,Kortrijk,50.83332,3.27777,0.9465241157545238,50.8328013347887,3.264317306328698,2022,9,16,34022,Kortrijk,Normaal,Droog,Dag,met lichtgewonden,3,Fiets,3,Fiets,Buiten Kruispunt,Gemeenteweg,binnen bebouwde kom,Tussen 2 bestuurders: Frontale botsing,Geen hindernis
34799,143,Eco Display Classic Budastraat,Kortrijk,50.83066,3.26286,0.43776704216033074,50.8331152301509,3.2579873647362985,2022,9,17,34022,Kortrijk,Normaal,Droog,Dag,met lichtgewonden,9,personenauto,3,Fiets,Buiten Kruispunt,Gewestweg,binnen bebouwde kom,Tussen 2 bestuurders: Flank tegen flank,Geen hindernis
34813,17,Kortrijk 2,Kortrijk,50.83339,3.27773,0.8415905761537656,50.837739713993415,3.2875374080412523,2022,9,6,34013,Harelbeke,Normaal,"Nat, plassen","Nacht, openbare verlichting aanwezig en ontstoken",met lichtgewonden,3,Fiets,9,personenauto,Op Kruispunt,Gemeenteweg,binnen bebouwde kom,Tussen 2 bestuurders: Langs achteren,Geen hindernis
34813,16,Kortrijk 1,Kortrijk,50.83332,3.27777,0.8438032928138378,50.837739713993415,3.2875374080412523,2022,9,6,34013,Harelbeke,Normaal,"Nat, plassen","Nacht, openbare verlichting aanwezig en ontstoken",met lichtgewonden,3,Fiets,9,personenauto,Op Kruispunt,Gemeenteweg,binnen bebouwde kom,Tussen 2 bestuurders: Langs achteren,Geen hindernis
34830,67,Ieper totem,Ieper,50.85018,2.85624,0.6652278788405891,50.84891415501918,2.8655011101739754,2022,9,7,33011,Ieper,Normaal,Droog,Dageraad - schemering,met lichtgewonden,3,Fiets,11,een weggebruiker tegen een hindernis,Buiten Kruispunt,Gewestweg,buiten bebouwde kom,Weggebruiker tegen hindernis buiten rijbaan,Buiten de rijbaan: Gracht
34830,68,Ieper,Ieper,50.85032,2.85608,0.6796203648202465,50.84891415501918,2.8655011101739754,2022,9,7,33011,Ieper,Normaal,Droog,Dageraad - schemering,met lichtgewonden,3,Fiets,11,een weggebruiker tegen een hindernis,Buiten Kruispunt,Gewestweg,buiten bebouwde kom,Weggebruiker tegen hindernis buiten rijbaan,Buiten de rijbaan: Gracht
34849,124,Beveren teller 2,Beveren,51.1964712,4.2361077,0.6949383708790399,51.2026604663289,4.234723668063314,2022,9,18,46003,Beveren,Normaal,Droog,Dag,met lichtgewonden,9,personenauto,3,Fiets,Op Kruispunt,Gewestweg,buiten bebouwde kom,Tss. 2 best.: langs opzij (voor-/achterkant-flank),Geen hindernis
34855,124,Beveren teller 2,Beveren,51.1964712,4.2361077,0.7593643141298604,51.199535040065214,4.2263678898562915,2022,9,11,46003,Beveren,Normaal,Droog,Dag,met lichtgewonden,3,Fiets,99,onbekend,Buiten Kruispunt,Gemeenteweg,binnen bebouwde kom,Tss. 2 best.: langs opzij (voor-/achterkant-flank),Geen hindernis
34856,106,St. pieters leeuw teller 1,Sint-Pieters-Leeuw,50.75533,4.24951,0.5759861388841198,50.75576815923002,4.2576686401668,2022,9,17,23077,Sint-Pieters-Leeuw,Normaal,Droog,Dag,met lichtgewonden,3,Fiets,3,Fiets,Buiten Kruispunt,Gemeenteweg,binnen bebouwde kom,Tussen 2 bestuurders: Frontale botsing,Geen hindernis
34856,105,St. pieters leeuw teller 2,Halle,50.75509,4.24943,0.5844361881608321,50.75576815923002,4.2576686401668,2022,9,17,23077,Sint-Pieters-Leeuw,Normaal,Droog,Dag,met lichtgewonden,3,Fiets,3,Fiets,Buiten Kruispunt,Gemeenteweg,binnen bebouwde kom,Tussen 2 bestuurders: Frontale botsing,Geen hindernis
34859,99,Mechelen teller 1,Mechelen,51.04564,4.46882,0.2682826900962946,51.04337529176292,4.4701434366860875,2022,9,17,12025,Mechelen,Normaal,"Nat, plassen",Dag,met lichtgewonden,9,personenauto,3,Fiets,Op Kruispunt,Gewestweg,binnen bebouwde kom,Tss. 2 best.: langs opzij (voor-/achterkant-flank),Geen hindernis
34859,100,Mechelen teller 2,Mechelen,51.0457,4.46883,0.27431991242964576,51.04337529176292,4.4701434366860875,2022,9,17,12025,Mechelen,Normaal,"Nat, plassen",Dag,met lichtgewonden,9,personenauto,3,Fiets,Op Kruispunt,Gewestweg,binnen bebouwde kom,Tss. 2 best.: langs opzij (voor-/achterkant-flank),Geen hindernis
34873,140,Hasselt ring,Hasselt,50.9300038,5.3438616,0.2452802356954134,50.928189534334244,5.341870916366932,2022,7,10,71022,Hasselt,Normaal,Droog,Dag,met lichtgewonden,3,Fiets,3,Fiets,Buiten Kruispunt,Gewestweg,binnen bebouwde kom,Tussen 2 bestuurders: Flank tegen flank,Geen hindernis
34875,140,Hasselt ring,Hasselt,50.9300038,5.3438616,0.3152599178708621,50.92935872408262,5.339481216836404,2022,9,10,71022,Hasselt,Normaal,Droog,Dag,met lichtgewonden,9,personenauto,3,Fiets,Buiten Kruispunt,Gemeenteweg,binnen bebouwde kom,Tussen 2 bestuurders: Frontale botsing,Geen hindernis
34891,25,Bree,Bree,51.13679500160176,5.597669323604317,0.49396363184581016,51.14058429023375,5.601364537453589,2022,9,15,72004,Bree,Normaal,Droog,Dag,met lichtgewonden,5,Lichte vrachtauto,3,Fiets,Op Kruispunt,Gewestweg,binnen bebouwde kom,Tss. 2 best.: langs opzij (voor-/achterkant-flank),Geen hindernis
34895,139,Houthalen-Helchteren,Houthalen-Helchteren,51.0644267,5.3819796,0.9041677117789826,51.05629612429366,5.381798135195535,2022,9,1,72039,Houthalen-Helchteren,Normaal,Droog,"Nacht, openbare verlichting aanwezig en ontstoken",met lichtgewonden,3,Fiets,10,"één bestuurder, geen hindernis",Buiten Kruispunt,Gewestweg,buiten bebouwde kom,"Eén bestuurder, geen hindernis (incl. val)",Geen hindernis
34904,25,Bree,Bree,51.13679500160176,5.597669323604317,0.45866356157254523,51.1409177106955,5.597457020592639,2022,9,12,72004,Bree,Normaal,Droog,Dag,met lichtgewonden,9,personenauto,3,Fiets,Op Kruispunt,Gemeenteweg,binnen bebouwde kom,Tussen 2 bestuurders: Frontale botsing,Geen hindernis
34913,14,Genk,Genk,50.97172,5.48927,0.8985299502988946,50.96653460091434,5.4991113679935015,2022,9,0,71016,Genk,Normaal,Droog,"Nacht, openbare verlichting aanwezig en ontstoken",met lichtgewonden,3,Fiets,10,"één bestuurder, geen hindernis",Buiten Kruispunt,Gemeenteweg,binnen bebouwde kom,"Eén bestuurder, geen hindernis (incl. val)",Geen hindernis
34915,14,Genk,Genk,50.97172,5.48927,0.9276905817580028,50.96630829245937,5.499352925318185,2022,9,12,71016,Genk,Normaal,Droog,Dag,met lichtgewonden,9,personenauto,3,Fiets,Buiten Kruispunt,Gewestweg,binnen bebouwde kom,Tss. 2 best.: langs opzij (voor-/achterkant-flank),Geen hindernis
34920,23,Tienen 3,Tienen,50.81324,4.93447,0.5130857836046033,50.8096646301406,4.929853704857186,2022,9,15,24107,Tienen,Normaal,Droog,Dag,met lichtgewonden,9,personenauto,3,Fiets,Op Kruispunt,Gemeenteweg,binnen bebouwde kom,Tss. 2 best.: langs opzij (voor-/achterkant-flank),Geen hindernis
34920,24,Tienen 1,Tienen,50.8133795491886,4.935044252605416,0.5510324051821548,50.8096646301406,4.929853704857186,2022,9,15,24107,Tienen,Normaal,Droog,Dag,met lichtgewonden,9,personenauto,3,Fiets,Op Kruispunt,Gemeenteweg,binnen bebouwde kom,Tss. 2 best.: langs opzij (voor-/achterkant-flank),Geen hindernis
34920,22,Tienen 2,Tienen,50.81330800184882,4.935984252796022,0.5913225358143006,50.8096646301406,4.929853704857186,2022,9,15,24107,Tienen,Normaal,Droog,Dag,met lichtgewonden,9,personenauto,3,Fiets,Op Kruispunt,Gemeenteweg,binnen bebouwde kom,Tss. 2 best.: langs opzij (voor-/achterkant-flank),Geen hindernis
35132,96,Lier teller 2,Lier,51.11705,4.58444,0.9268211454942348,51.12402919965717,4.577180246612044,2022,10,14,12021,Lier,Normaal,Droog,Dag,met lichtgewonden,3,Fiets,9,personenauto,Op Kruispunt,Gewestweg,binnen bebouwde kom,Tussen 2 bestuurders: Frontale botsing,Geen hindernis
35132,95,Lier teller 1,Lier,51.11687,4.58437,0.9410298968620069,51.12402919965717,4.577180246612044,2022,10,14,12021,Lier,Normaal,Droog,Dag,met lichtgewonden,3,Fiets,9,personenauto,Op Kruispunt,Gewestweg,binnen bebouwde kom,Tussen 2 bestuurders: Frontale botsing,Geen hindernis
35152,127,Geel totem,Westerlo,51.1342966,4.9400421,0.8763966700326625,51.126499733106925,4.938205166764328,2022,10,6,13049,Westerlo,Normaal,Droog,"Nacht, openbare verlichting aanwezig en ontstoken",met lichtgewonden,4,Vrachtwagen,3,Fiets,Buiten Kruispunt,Gemeenteweg,buiten bebouwde kom,Tss. 2 best.: langs opzij (voor-/achterkant-flank),Geen hindernis