crash_row_id,site_id,site_name,site_gemeente,site_lat,site_long,distance_km,crash_lat,crash_long,DT_YEAR_COLLISION,DT_MONTH_COLLISION,DT_TIME,CD_NIS,TX_MUNTY_COLLISION_NL,TX_WEATHER_NL,TX_ROAD_CONDITION_NL,TX_LIGHT_CONDITION_NL,TX_CLASS_ACCIDENTS_NL,CD_ROAD_USR_TYPE1,TX_ROAD_USR_TYPE1_NL,CD_ROAD_USR_TYPE2,TX_ROAD_USR_TYPE2_NL,TX_CROSSWAY_NL,CD_ROAD_TYPE_NL,TX_BUILD_UP_AREA_NL,TX_COLLISION_TYPE_NL,TX_OBSTACLES_NL
35163,134,Retie,Dessel,51.2548405,5.1037658,0.4759947676473021,51.25790298866793,5.09898668423419,2022,10,15,13036,Retie,Normaal,Droog,Dag,met lichtgewonden,3,Fiets,9,personenauto,Op Kruispunt,Gewestweg,buiten bebouwde kom,Tss. 2 best.: langs opzij (voor-/achterkant-flank),Geen hindernis
35163,135,Retie 2,Dessel,51.2544998,5.1040064,0.5150009578950034,51.25790298866793,5.09898668423419,2022,10,15,13036,Retie,Normaal,Droog,Dag,met lichtgewonden,3,Fiets,9,personenauto,Op Kruispunt,Gewestweg,buiten bebouwde kom,Tss. 2 best.: langs opzij (voor-/achterkant-flank),Geen hindernis
35205,39,Peer teller 1,Peer,51.13425,5.47817,0.2565057407550482,51.133984047251566,5.4745183170086085,2022,10,16,72030,Peer,Normaal,Droog,Dag,met zwaargewonden,9,personenauto,3,Fiets,Op Kruispunt,Gewestweg,buiten bebouwde kom,Tss. 2 best.: langs opzij (voor-/achterkant-flank),Geen hindernis
35205,40,Peer teller 2,Peer,51.13438,5.47892,0.3102657203561647,51.133984047251566,5.4745183170086085,2022,10,16,72030,Peer,Normaal,Droog,Dag,met zwaargewonden,9,personenauto,3,Fiets,Op Kruispunt,Gewestweg,buiten bebouwde kom,Tss. 2 best.: langs opzij (voor-/achterkant-flank),Geen hindernis
35217,69,Leuven teller 1,Leuven,50.87549,4.71526,0.6903346786994616,50.880208226539104,4.708865052257602,2022,9,21,24062,Leuven,Onbekend,Onbekend,"Nacht, openbare verlichting aanwezig en ontstoken",met lichtgewonden,3,Fiets,1,Autobus,Op Kruispunt,Gemeenteweg,binnen bebouwde kom,Tussen 2 bestuurders: Flank tegen flank,Geen hindernis
35217,77,Leuven teller 2,Leuven,50.88672,4.70796,0.7268545500598018,50.880208226539104,4.708865052257602,2022,9,21,24062,Leuven,Onbekend,Onbekend,"Nacht, openbare verlichting aanwezig en ontstoken",met lichtgewonden,3,Fiets,1,Autobus,Op Kruispunt,Gemeenteweg,binnen bebouwde kom,Tussen 2 bestuurders: Flank tegen flank,Geen hindernis
35217,107,leuven totem,Leuven,50.8870744,4.7087919,0.7635009010995778,50.880208226539104,4.708865052257602,2022,9,21,24062,Leuven,Onbekend,Onbekend,"Nacht, openbare verlichting aanwezig en ontstoken",met lichtgewonden,3,Fiets,1,Autobus,Op Kruispunt,Gemeenteweg,binnen bebouwde kom,Tussen 2 bestuurders: Flank tegen flank,Geen hindernis
35218,69,Leuven teller 1,Leuven,50.87549,4.71526,0.4436855703859878,50.8725119600169,4.719468504595617,2022,9,8,24062,Leuven,Normaal,Droog,Dag,met lichtgewonden,4,Vrachtwagen,3,Fiets,Op Kruispunt,Gewestweg,binnen bebouwde kom,Tussen 2 bestuurders: Flank tegen flank,Geen hindernis
35222,69,Leuven teller 1,Leuven,50.87549,4.71526,0.38316235197317955,50.87240938814062,4.7128132739165,2022,10,14,24062,Leuven,Onbekend,Onbekend,Dag,met lichtgewonden,3,Fiets,3,Fiets,Buiten Kruispunt,Gewestweg,buiten bebouwde kom,Tss. 2 best.: langs opzij (voor-/achterkant-flank),Geen hindernis
35223,151,Leuven,District Leuven,50.8690262,4.6854839,0.7564801110379805,50.86921482830898,4.696259749502962,2022,10,10,24062,Leuven,Normaal,Droog,Dag,met lichtgewonden,3,Fiets,6,Bromfiets,Buiten Kruispunt,Gewestweg,binnen bebouwde kom,Tussen 2 bestuurders: Frontale botsing,Geen hindernis
35224,69,Leuven teller 1,Leuven,50.87549,4.71526,0.18210124375424494,50.87711483137246,4.715584419172501,2022,10,12,24062,Leuven,Normaal,Droog,Dag,met lichtgewonden,3,Fiets,9,personenauto,Buiten Kruispunt,Gewestweg,binnen bebouwde kom,Tss. 2 best.: langs opzij (voor-/achterkant-flank),Geen hindernis
35229,107,leuven totem,Leuven,50.8870744,4.7087919,0.720509154371081,50.88877948775575,4.71870144274964,2022,10,6,24062,Leuven,Normaal,"Nat, plassen","Nacht, openb. verlicht. aanw., maar niet ontstoken",met zwaargewonden,9,personenauto,3,Fiets,Op Kruispunt,Gemeenteweg,binnen bebouwde kom,Tss. 2 best.: langs opzij (voor-/achterkant-flank),Geen hindernis
35229,77,Leuven teller 2,Leuven,50.88672,4.70796,0.7875058421762448,50.88877948775575,4.71870144274964,2022,10,6,24062,Leuven,Normaal,"Nat, plassen","Nacht, openb. verlicht. aanw., maar niet ontstoken",met zwaargewonden,9,personenauto,3,Fiets,Op Kruispunt,Gemeenteweg,binnen bebouwde kom,Tss. 2 best.: langs opzij (voor-/achterkant-flank),Geen hindernis
35230,151,Leuven,District Leuven,50.8690262,4.6854839,0.8913297821428017,50.86101051373992,4.68558116063104,2022,10,14,24062,Leuven,Normaal,Droog,Dag,met lichtgewonden,3,Fiets,3,Fiets,Op Kruispunt,Gemeenteweg,binnen bebouwde kom,Tss. 2 best.: langs opzij (voor-/achterkant-flank),Geen hindernis
35232,69,Leuven teller 1,Leuven,50.87549,4.71526,0.4801997244665432,50.87569082327136,4.70842351122589,2022,10,11,24062,Leuven,Regenval,"Nat, plassen",Dag,met lichtgewonden,5,Lichte vrachtauto,3,Fiets,Op Kruispunt,Gemeenteweg,binnen bebouwde kom,Tss. 2 best.: langs opzij (voor-/achterkant-flank),Geen hindernis
35233,69,Leuven teller 1,Leuven,50.87549,4.71526,0.2587452598292309,50.873251862701,4.71626907170112,2022,10,8,24062,Leuven,Normaal,Droog,Dag,met lichtgewonden,3,Fiets,3,Fiets,Buiten Kruispunt,Gewestweg,binnen bebouwde kom,Tussen 2 bestuurders: Frontale botsing,Geen hindernis
35234,69,Leuven teller 1,Leuven,50.87549,4.71526,0.5796529023490257,50.877431553534436,4.707592917961623,2022,10,11,24062,Leuven,Normaal,Droog,Dag,met lichtgewonden,5,Lichte vrachtauto,3,Fiets,Buiten Kruispunt,Gemeenteweg,binnen bebouwde kom,Tussen 2 bestuurders: Flank tegen flank,Geen hindernis
35235,151,Leuven,District Leuven,50.8690262,4.6854839,0.687690477213475,50.874092783506136,4.691103960964925,2022,10,11,24062,Leuven,Normaal,Droog,Dag,met lichtgewonden,9,personenauto,3,Fiets,Op Kruispunt,Gemeenteweg,binnen bebouwde kom,Tss. 2 best.: langs opzij (voor-/achterkant-flank),Geen hindernis
35237,107,leuven totem,Leuven,50.8870744,4.7087919,0.5151177838020417,50.883968405233986,4.714240028924285,2022,10,14,24062,Leuven,Normaal,Droog,Dag,met lichtgewonden,9,personenauto,3,Fiets,Buiten Kruispunt,Gemeenteweg,binnen bebouwde kom,Tussen 2 bestuurders: Frontale botsing,Geen hindernis
35237,77,Leuven teller 2,Leuven,50.88672,4.70796,0.5363699700868875,50.883968405233986,4.714240028924285,2022,10,14,24062,Leuven,Normaal,Droog,Dag,met lichtgewonden,9,personenauto,3,Fiets,Buiten Kruispunt,Gemeenteweg,binnen bebouwde kom,Tussen 2 bestuurders: Frontale botsing,Geen hindernis
35237,69,Leuven teller 1,Leuven,50.87549,4.71526,0.9454676041350646,50.883968405233986,4.714240028924285,2022,10,14,24062,Leuven,Normaal,Droog,Dag,met lichtgewonden,9,personenauto,3,Fiets,Buiten Kruispunt,Gemeenteweg,binnen bebouwde kom,Tussen 2 bestuurders: Frontale botsing,Geen hindernis
35238,151,Leuven,District Leuven,50.8690262,4.6854839,0.9523115634526428,50.863569142248615,4.6959423179504185,2022,10,20,24062,Leuven,Onbekend,Onbekend,"Nacht, openbare verlichting aanwezig en ontstoken",met lichtgewonden,3,Fiets,9,personenauto,Buiten Kruispunt,Gewestweg,onbekend,Tussen 2 bestuurders: Flank tegen flank,Geen hindernis
35239,69,Leuven teller 1,Leuven,50.87549,4.71526,0.6736013090586646,50.88152896565178,4.714502663113646,2022,10,22,24062,Leuven,Normaal,Droog,Dag,met lichtgewonden,3,Fiets,6,Bromfiets,Op Kruispunt,Gewestweg,binnen bebouwde kom,Tussen 2 bestuurders: Langs achteren,Geen hindernis
35239,107,leuven totem,Leuven,50.8870744,4.7087919,0.7353373624311386,50.88152896565178,4.714502663113646,2022,10,22,24062,Leuven,Normaal,Droog,Dag,met lichtgewonden,3,Fiets,6,Bromfiets,Op Kruispunt,Gewestweg,binnen bebouwde kom,Tussen 2 bestuurders: Langs achteren,Geen hindernis
35239,77,Leuven teller 2,Leuven,50.88672,4.70796,0.737456243616288,50.88152896565178,4.714502663113646,2022,10,22,24062,Leuven,Normaal,Droog,Dag,met lichtgewonden,3,Fiets,6,Bromfiets,Op Kruispunt,Gewestweg,binnen bebouwde kom,Tussen 2 bestuurders: Langs achteren,Geen hindernis
35240,69,Leuven teller 1,Leuven,50.87549,4.71526,0.2107364568272103,50.87366546686684,4.714447513981549,2022,10,8,24062,Leuven,Normaal,Droog,Dageraad - schemering,met lichtgewonden,3,Fiets,3,Fiets,Op Kruispunt,Gewestweg,binnen bebouwde kom,Tussen 2 bestuurders: Frontale botsing,Geen hindernis
35241,151,Leuven,District Leuven,50.8690262,4.6854839,0.8695811437752377,50.86955922854077,4.6978468345068825,2022,10,4,24062,Leuven,Normaal,"Nat, plassen","Nacht, openbare verlichting aanwezig en ontstoken",met lichtgewonden,3,Fiets,99,onbekend,Buiten Kruispunt,Gemeenteweg,binnen bebouwde kom,Tussen 2 bestuurders: Frontale botsing,Geen hindernis
35244,77,Leuven teller 2,Leuven,50.88672,4.70796,0.9373838176393714,50.88069613727636,4.698612314253266,2022,10,16,24062,Leuven,Normaal,Droog,Dag,met lichtgewonden,8,Voetganger,3,Fiets,Buiten Kruispunt,Gemeenteweg,binnen bebouwde kom,Met een voetganger,Geen hindernis
35245,77,Leuven teller 2,Leuven,50.88672,4.70796,0.8336133633067733,50.879922394268604,4.702948802770468,2022,10,3,24062,Leuven,Normaal,"Nat, plassen","Nacht, geen openbare verlichting aanwezig",met lichtgewonden,3,Fiets,10,"één bestuurder, geen hindernis",Buiten Kruispunt,Gemeenteweg,binnen bebouwde kom,"Eén bestuurder, geen hindernis (incl. val)",Geen hindernis
35245,107,leuven totem,Leuven,50.8870744,4.7087919,0.8946927477333214,50.879922394268604,4.702948802770468,2022,10,3,24062,Leuven,Normaal,"Nat, plassen","Nacht, geen openbare verlichting aanwezig",met lichtgewonden,3,Fiets,10,"één bestuurder, geen hindernis",Buiten Kruispunt,Gemeenteweg,binnen bebouwde kom,"Eén bestuurder, geen hindernis (incl. val)",Geen hindernis
35245,69,Leuven teller 1,Leuven,50.87549,4.71526,0.9944915111980174,50.879922394268604,4.702948802770468,2022,10,3,24062,Leuven,Normaal,"Nat, plassen","Nacht, geen openbare verlichting aanwezig",met lichtgewonden,3,Fiets,10,"één bestuurder, geen hindernis",Buiten Kruispunt,Gemeenteweg,binnen bebouwde kom,"Eén bestuurder, geen hindernis (incl. val)",Geen hindernis
35268,101,Diest teller 1,Diest,50.97799,5.04481,0.7802448046407228,50.979669494185984,5.05563095259769,2022,10,17,24020,Diest,Normaal,Droog,Dag,met lichtgewonden,3,Fiets,9,personenauto,Op Kruispunt,Gewestweg,binnen bebouwde kom,Tss. 2 best.: langs opzij (voor-/achterkant-flank),Geen hindernis
35268,102,Diest teller 2,Diest,50.9779,5.04474,0.7874453679616588,50.979669494185984,5.05563095259769,2022,10,17,24020,Diest,Normaal,Droog,Dag,met lichtgewonden,3,Fiets,9,personenauto,Op Kruispunt,Gewestweg,binnen bebouwde kom,Tss. 2 best.: langs opzij (voor-/achterkant-flank),Geen hindernis
35272,145,Overijse,District Vilvoorde-gewestwegen,50.7885856,4.4908759,0.4833172966977169,50.792922490876244,4.4913346706839405,2022,10,7,23062,Overijse,Normaal,Droog,Dag,met lichtgewonden,3,Fiets,9,personenauto,Buiten Kruispunt,Gemeenteweg,binnen bebouwde kom,Tss. 2 best.: langs opzij (voor-/achterkant-flank),Geen hindernis
35272,146,Overijse 2,District Vilvoorde-gewestwegen,50.7881478,4.4902818,0.5360549252360517,50.792922490876244,4.4913346706839405,2022,10,7,23062,Overijse,Normaal,Droog,Dag,met lichtgewonden,3,Fiets,9,personenauto,Buiten Kruispunt,Gemeenteweg,binnen bebouwde kom,Tss. 2 best.: langs opzij (voor-/achterkant-flank),Geen hindernis
35313,119,Gent teller 2,Gent,51.0281795,3.7683918,0.008438540033756414,51.02811171668734,3.768337538647378,2022,10,7,44021,Gent,Onbekend,Onbekend,Dageraad - schemering,met lichtgewonden,9,personenauto,3,Fiets,Buiten Kruispunt,Gewestweg,binnen bebouwde kom,Tss. 2 best.: langs opzij (voor-/achterkant-flank),Geen hindernis
35313,118,Gent teller 1,Gent,51.028049,3.7681359,0.015731749728242324,51.02811171668734,3.768337538647378,2022,10,7,44021,Gent,Onbekend,Onbekend,Dageraad - schemering,met lichtgewonden,9,personenauto,3,Fiets,Buiten Kruispunt,Gewestweg,binnen bebouwde kom,Tss. 2 best.: langs opzij (voor-/achterkant-flank),Geen hindernis
35314,118,Gent teller 1,Gent,51.028049,3.7681359,0.645485747111834,51.03160876059771,3.760844912446648,2022,10,8,44021,Gent,Normaal,Droog,Dag,met lichtgewonden,9,personenauto,3,Fiets,Op Kruispunt,Gewestweg,buiten bebouwde kom,Tussen 2 bestuurders: Frontale botsing,Geen hindernis
35314,119,Gent teller 2,Gent,51.0281795,3.7683918,0.6511093127233718,51.03160876059771,3.760844912446648,2022,10,8,44021,Gent,Normaal,Droog,Dag,met lichtgewonden,9,personenauto,3,Fiets,Op Kruispunt,Gewestweg,buiten bebouwde kom,Tussen 2 bestuurders: Frontale botsing,Geen hindernis
35317,118,Gent teller 1,Gent,51.028049,3.7681359,0.9002113599880299,51.02307412128893,3.757981421117875,2022,10,17,44021,Gent,Normaal,Droog,Dag,met lichtgewonden,3,Fiets,3,Fiets,Buiten Kruispunt,Gemeenteweg,binnen bebouwde kom,Tussen 2 bestuurders: Langs achteren,Geen hindernis
35317,119,Gent teller 2,Gent,51.0281795,3.7683918,0.9232471200843093,51.02307412128893,3.757981421117875,2022,10,17,44021,Gent,Normaal,Droog,Dag,met lichtgewonden,3,Fiets,3,Fiets,Buiten Kruispunt,Gemeenteweg,binnen bebouwde kom,Tussen 2 bestuurders: Langs achteren,Geen hindernis
35320,118,Gent teller 1,Gent,51.028049,3.7681359,0.1699687218765956,51.02908880584871,3.766354455498866,2022,10,11,44021,Gent,Normaal,Droog,Dag,met lichtgewonden,9,personenauto,3,Fiets,Buiten Kruispunt,Gewestweg,buiten bebouwde kom,Tss. 2 best.: langs opzij (voor-/achterkant-flank),Geen hindernis
35320,119,Gent teller 2,Gent,51.0281795,3.7683918,0.17471046211683028,51.02908880584871,3.766354455498866,2022,10,11,44021,Gent,Normaal,Droog,Dag,met lichtgewonden,9,personenauto,3,Fiets,Buiten Kruispunt,Gewestweg,buiten bebouwde kom,Tss. 2 best.: langs opzij (voor-/achterkant-flank),Geen hindernis
35336,118,Gent teller 1,Gent,51.028049,3.7681359,0.612579127533086,51.031426669014984,3.761215857154958,2022,10,10,44021,Gent,Normaal,Droog,Dag,met lichtgewonden,3,Fiets,9,personenauto,Op Kruispunt,Gewestweg,buiten bebouwde kom,Tss. 2 best.: langs opzij (voor-/achterkant-flank),Geen hindernis
35336,119,Gent teller 2,Gent,51.0281795,3.7683918,0.6182264812513087,51.031426669014984,3.761215857154958,2022,10,10,44021,Gent,Normaal,Droog,Dag,met lichtgewonden,3,Fiets,9,personenauto,Op Kruispunt,Gewestweg,buiten bebouwde kom,Tss. 2 best.: langs opzij (voor-/achterkant-flank),Geen hindernis
35340,13,Gent,Gent,51.03018,3.70146,0.3637252086273985,51.02691386266405,3.7011747902340266,2022,10,8,44021,Gent,Normaal,Droog,Dag,met lichtgewonden,6,Bromfiets,3,Fiets,Buiten Kruispunt,Autosnelweg,buiten bebouwde kom,Tussen 2 bestuurders: Frontale botsing,Geen hindernis
35349,13,Gent,Gent,51.03018,3.70146,0.778908658072977,51.025811546253294,3.710166497696115,2022,10,8,44021,Gent,Normaal,"Nat, plassen",Dag,met lichtgewonden,1,Autobus,3,Fiets,Op Kruispunt,Gewestweg,binnen bebouwde kom,Tussen 2 bestuurders: Frontale botsing,Geen hindernis
35375,119,Gent teller 2,Gent,51.0281795,3.7683918,0.8182290120053954,51.02244029690358,3.7757137638125613,2022,10,15,44040,Melle,Normaal,Droog,Dag,met lichtgewonden,9,personenauto,3,Fiets,Buiten Kruispunt,Gewestweg,buiten bebouwde kom,Tss. 2 best.: langs opzij (voor-/achterkant-flank),Geen hindernis
35375,118,Gent teller 1,Gent,51.028049,3.7681359,0.8184373527190086,51.02244029690358,3.7757137638125613,2022,10,15,44040,Melle,Normaal,Droog,Dag,met lichtgewonden,9,personenauto,3,Fiets,Buiten Kruispunt,Gewestweg,buiten bebouwde kom,Tss. 2 best.: langs opzij (voor-/achterkant-flank),Geen hindernis
35391,6,Evergem 2,Evergem,51.10894,3.70298,0.35087955753594907,51.11062587930056,3.698731341003466,2022,10,7,44019,Evergem,Normaal,Droog,Dageraad - schemering,met lichtgewonden,9,personenauto,3,Fiets,Op Kruispunt,Gewestweg,binnen bebouwde kom,Tss. 2 best.: langs opzij (voor-/achterkant-flank),Geen hindernis
35391,7,Evergem 1,Evergem,51.1089,3.70317,0.3644836186599524,51.11062587930056,3.698731341003466,2022,10,7,44019,Evergem,Normaal,Droog,Dageraad - schemering,met lichtgewonden,9,personenauto,3,Fiets,Op Kruispunt,Gewestweg,binnen bebouwde kom,Tss. 2 best.: langs opzij (voor-/achterkant-flank),Geen hindernis
35392,6,Evergem 2,Evergem,51.10894,3.70298,0.35087955753594907,51.11062587930056,3.698731341003466,2022,10,12,44019,Evergem,Normaal,Droog,Dag,met lichtgewonden,9,personenauto,3,Fiets,Op Kruispunt,Gewestweg,binnen bebouwde kom,Tussen 2 bestuurders: Frontale botsing,Geen hindernis
35392,7,Evergem 1,Evergem,51.1089,3.70317,0.3644836186599524,51.11062587930056,3.698731341003466,2022,10,12,44019,Evergem,Normaal,Droog,Dag,met lichtgewonden,9,personenauto,3,Fiets,Op Kruispunt,Gewestweg,binnen bebouwde kom,Tussen 2 bestuurders: Frontale botsing,Geen hindernis
35393,7,Evergem 1,Evergem,51.1089,3.70317,0.4262151792449653,51.1124437475977,3.705496871387546,2022,10,16,44019,Evergem,Onbekend,Onbekend,Onbekend,met lichtgewonden,3,Fiets,9,personenauto,Buiten Kruispunt,Gemeenteweg,onbekend,Tussen 2 bestuurders: Langs achteren,Geen hindernis
35393,6,Evergem 2,Evergem,51.10894,3.70298,0.4273861914595438,51.1124437475977,3.705496871387546,2022,10,16,44019,Evergem,Onbekend,Onbekend,Onbekend,met lichtgewonden,3,Fiets,9,personenauto,Buiten Kruispunt,Gemeenteweg,onbekend,Tussen 2 bestuurders: Langs achteren,Geen hindernis
35448,128,Lokeren teller 1,Lokeren,51.09644,3.97023,0.41644252018167405,51.099510505460366,3.9736446081976706,2022,10,8,46014,Lokeren,Normaal,Droog,Dag,met lichtgewonden,3,Fiets,5,Lichte vrachtauto,Op Kruispunt,Gewestweg,buiten bebouwde kom,Tss. 2 best.: langs opzij (voor-/achterkant-flank),Geen hindernis
35448,129,Lokeren teller 2,Lokeren,51.09612,3.97025,0.4453360670235589,51.099510505460366,3.9736446081976706,2022,10,8,46014,Lokeren,Normaal,Droog,Dag,met lichtgewonden,3,Fiets,5,Lichte vrachtauto,Op Kruispunt,Gewestweg,buiten bebouwde kom,Tss. 2 best.: langs opzij (voor-/achterkant-flank),Geen hindernis
35500,122,Dendermonde teller 2,Dendermonde,51.0373918,4.1019222,0.9524630420252567,51.03177720511427,4.091635226574435,2022,10,18,42006,Dendermonde,Normaal,Droog,Dag,met lichtgewonden,3,Fiets,9,personenauto,Op Kruispunt,Gemeenteweg,binnen bebouwde kom,Tss. 2 best.: langs opzij (voor-/achterkant-flank),Geen hindernis
35500,125,Dendermonde totem,Dendermonde,51.0372706,4.1025998,0.9802809258257225,51.03177720511427,4.091635226574435,2022,10,18,42006,Dendermonde,Normaal,Droog,Dag,met lichtgewonden,3,Fiets,9,personenauto,Op Kruispunt,Gemeenteweg,binnen bebouwde kom,Tss. 2 best.: langs opzij (voor-/achterkant-flank),Geen hindernis
35506,122,Dendermonde teller 2,Dendermonde,51.0373918,4.1019222,0.738850685495736,51.031063475410605,4.098700899237459,2022,10,15,42006,Dendermonde,Normaal,Onbekend,Dag,met lichtgewonden,3,Fiets,8,Voetganger,Buiten Kruispunt,Gewestweg,binnen bebouwde kom,Met een voetganger,Geen hindernis
35506,125,Dendermonde totem,Dendermonde,51.0372706,4.1025998,0.7420956984322707,51.031063475410605,4.098700899237459,2022,10,15,42006,Dendermonde,Normaal,Onbekend,Dag,met lichtgewonden,3,Fiets,8,Voetganger,Buiten Kruispunt,Gewestweg,binnen bebouwde kom,Met een voetganger,Geen hindernis
35511,142,TEST Validatie BRUGGE Y2H22022134,Brugge,51.22632,3.24095,0.40676141384291814,51.22963007428322,3.243436746991271,2022,10,2,31005,Brugge,Normaal,Droog,"Nacht, openbare verlichting aanwezig en ontstoken",met lichtgewonden,3,Fiets,9,personenauto,Buiten Kruispunt,Gemeenteweg,binnen bebouwde kom,Tussen 2 bestuurders: Langs achteren,Geen hindernis
35511,52,Brugge,Brugge,51.22632,3.24095,0.40676141384291814,51.22963007428322,3.243436746991271,2022,10,2,31005,Brugge,Normaal,Droog,"Nacht, openbare verlichting aanwezig en ontstoken",met lichtgewonden,3,Fiets,9,personenauto,Buiten Kruispunt,Gemeenteweg,binnen bebouwde kom,Tussen 2 bestuurders: Langs achteren,Geen hindernis
35527,20,Brugge,Brugge,51.17416,3.20048,0.9046808865073296,51.18160947825844,3.205697743156839,2022,10,10,31005,Brugge,Normaal,Droog,Dag,met lichtgewonden,9,personenauto,3,Fiets,Op Kruispunt,Gewestweg,binnen bebouwde kom,Tss. 2 best.: langs opzij (voor-/achterkant-flank),Geen hindernis
35564,15,Oostende 2,Oostende,51.21371,2.92743,0.13964605796578958,51.21475684633309,2.9263224688925416,2022,10,9,35013,Oostende,Regenval,"Nat, plassen",Dag,met lichtgewonden,3,Fiets,9,personenauto,Op Kruispunt,Gewestweg,binnen bebouwde kom,Tss. 2 best.: langs opzij (voor-/achterkant-flank),Geen hindernis
35564,18,Oostende 1,Oostende,51.21378,2.92765,0.14264845884594732,51.21475684633309,2.9263224688925416,2022,10,9,35013,Oostende,Regenval,"Nat, plassen",Dag,met lichtgewonden,3,Fiets,9,personenauto,Op Kruispunt,Gewestweg,binnen bebouwde kom,Tss. 2 best.: langs opzij (voor-/achterkant-flank),Geen hindernis
35565,15,Oostende 2,Oostende,51.21371,2.92743,0.13964605796578958,51.21475684633309,2.9263224688925416,2022,10,11,35013,Oostende,Normaal,Droog,Dag,met lichtgewonden,3,Fiets,5,Lichte vrachtauto,Op Kruispunt,Gewestweg,binnen bebouwde kom,Tss. 2 best.: langs opzij (voor-/achterkant-flank),Geen hindernis
35565,18,Oostende 1,Oostende,51.21378,2.92765,0.14264845884594732,51.21475684633309,2.9263224688925416,2022,10,11,35013,Oostende,Normaal,Droog,Dag,met lichtgewonden,3,Fiets,5,Lichte vrachtauto,Op Kruispunt,Gewestweg,binnen bebouwde kom,Tss. 2 best.: langs opzij (voor-/achterkant-flank),Geen hindernis
35599,143,Eco Display Classic Budastraat,Kortrijk,50.83066,3.26286,0.5290102538875077,50.825910298267196,3.262428829515288,2022,10,11,34022,Kortrijk,Normaal,Droog,Dag,met lichtgewonden,3,Fiets,9,personenauto,Buiten Kruispunt,Gemeenteweg,binnen bebouwde kom,Tussen 2 bestuurders: Langs achteren,Geen hindernis
35599,75,Kortrijk teller 2,Kortrijk,50.81925,3.25731,0.8232653589855611,50.825910298267196,3.262428829515288,2022,10,11,34022,Kortrijk,Normaal,Droog,Dag,met lichtgewonden,3,Fiets,9,personenauto,Buiten Kruispunt,Gemeenteweg,binnen bebouwde kom,Tussen 2 bestuurders: Langs achteren,Geen hindernis
35599,74,Kortrijk teller 1,Kortrijk,50.81909,3.25728,0.8402111250850242,50.825910298267196,3.262428829515288,2022,10,11,34022,Kortrijk,Normaal,Droog,Dag,met lichtgewonden,3,Fiets,9,personenauto,Buiten Kruispunt,Gemeenteweg,binnen bebouwde kom,Tussen 2 bestuurders: Langs achteren,Geen hindernis
35602,143,Eco Display Classic Budastraat,Kortrijk,50.83066,3.26286,0.7978363546598969,50.82630420544737,3.2718867539699987,2022,10,8,34022,Kortrijk,Normaal,Droog,Dag,met lichtgewonden,3,Fiets,9,personenauto,Op Kruispunt,Gewestweg,binnen bebouwde kom,Tss. 2 best.: langs opzij (voor-/achterkant-flank),Geen hindernis
35602,16,Kortrijk 1,Kortrijk,50.83332,3.27777,0.882793266530652,50.82630420544737,3.2718867539699987,2022,10,8,34022,Kortrijk,Normaal,Droog,Dag,met lichtgewonden,3,Fiets,9,personenauto,Op Kruispunt,Gewestweg,binnen bebouwde kom,Tss. 2 best.: langs opzij (voor-/achterkant-flank),Geen hindernis
35602,17,Kortrijk 2,Kortrijk,50.83339,3.27773,0.8883776737943214,50.82630420544737,3.2718867539699987,2022,10,8,34022,Kortrijk,Normaal,Droog,Dag,met lichtgewonden,3,Fiets,9,personenauto,Op Kruispunt,Gewestweg,binnen bebouwde kom,Tss. 2 best.: langs opzij (voor-/achterkant-flank),Geen hindernis
35603,143,Eco Display Classic Budastraat,Kortrijk,50.83066,3.26286,0.2893106331056607,50.832962105074245,3.260940470822705,2022,10,12,34022,Kortrijk,Normaal,Droog,Dag,met lichtgewonden,9,personenauto,3,Fiets,Buiten Kruispunt,Gemeenteweg,binnen bebouwde kom,Tss. 2 best.: langs opzij (voor-/achterkant-flank),Geen hindernis
35610,143,Eco Display Classic Budastraat,Kortrijk,50.83066,3.26286,0.30986501457598997,50.83088844736939,3.2672571600839015,2022,10,8,34022,Kortrijk,Normaal,Droog,Dag,met lichtgewonden,9,personenauto,3,Fiets,Op Kruispunt,Gemeenteweg,binnen bebouwde kom,Tss. 2 best.: langs opzij (voor-/achterkant-flank),Geen hindernis
35610,16,Kortrijk 1,Kortrijk,50.83332,3.27777,0.7862680334417892,50.83088844736939,3.2672571600839015,2022,10,8,34022,Kortrijk,Normaal,Droog,Dag,met lichtgewonden,9,personenauto,3,Fiets,Op Kruispunt,Gemeenteweg,binnen bebouwde kom,Tss. 2 best.: langs opzij (voor-/achterkant-flank),Geen hindernis
35610,17,Kortrijk 2,Kortrijk,50.83339,3.27773,0.786349753523885,50.83088844736939,3.2672571600839015,2022,10,8,34022,Kortrijk,Normaal,Droog,Dag,met lichtgewonden,9,personenauto,3,Fiets,Op Kruispunt,Gemeenteweg,binnen bebouwde kom,Tss. 2 best.: langs opzij (voor-/achterkant-flank),Geen hindernis
35652,42,Maasmechelen teller 2,Maasmechelen,50.97043,5.6981,0.422866778635788,50.97423182244042,5.697954102839251,2022,10,8,73107,Maasmechelen,Normaal,Droog,Dag,met lichtgewonden,9,personenauto,3,Fiets,Op Kruispunt,Gemeenteweg,binnen bebouwde kom,Tss. 2 best.: langs opzij (voor-/achterkant-flank),Geen hindernis