crash_row_id,site_id,site_name,site_gemeente,site_lat,site_long,distance_km,crash_lat,crash_long,DT_YEAR_COLLISION,DT_MONTH_COLLISION,DT_TIME,CD_NIS,TX_MUNTY_COLLISION_NL,TX_WEATHER_NL,TX_ROAD_CONDITION_NL,TX_LIGHT_CONDITION_NL,TX_CLASS_ACCIDENTS_NL,CD_ROAD_USR_TYPE1,TX_ROAD_USR_TYPE1_NL,CD_ROAD_USR_TYPE2,TX_ROAD_USR_TYPE2_NL,TX_CROSSWAY_NL,CD_ROAD_TYPE_NL,TX_BUILD_UP_AREA_NL,TX_COLLISION_TYPE_NL,TX_OBSTACLES_NL
35652,41,Maasmechelen teller 1,Maasmechelen,50.97025,5.69799,0.4427655884979964,50.97423182244042,5.697954102839251,2022,10,8,73107,Maasmechelen,Normaal,Droog,Dag,met lichtgewonden,9,personenauto,3,Fiets,Op Kruispunt,Gemeenteweg,binnen bebouwde kom,Tss. 2 best.: langs opzij (voor-/achterkant-flank),Geen hindernis
35662,124,Beveren teller 2,Beveren,51.1964712,4.2361077,0.6067030029239544,51.20090793639293,4.23103959369839,2022,10,11,46003,Beveren,Normaal,Droog,Dag,met lichtgewonden,3,Fiets,9,personenauto,Buiten Kruispunt,Gewestweg,buiten bebouwde kom,Tss. 2 best.: langs opzij (voor-/achterkant-flank),Geen hindernis
35669,124,Beveren teller 2,Beveren,51.1964712,4.2361077,0.6114788115173694,51.201244455490574,4.231749846977823,2022,10,18,46003,Beveren,Normaal,Droog,Dag,met lichtgewonden,3,Fiets,9,personenauto,Buiten Kruispunt,Gewestweg,binnen bebouwde kom,Tss. 2 best.: langs opzij (voor-/achterkant-flank),Geen hindernis
35685,99,Mechelen teller 1,Mechelen,51.04564,4.46882,0.3266731833552658,51.043410358063646,4.471862727281553,2022,10,12,12025,Mechelen,Regenval,"Nat, plassen",Dag,met lichtgewonden,3,Fiets,9,personenauto,Op Kruispunt,Gemeenteweg,binnen bebouwde kom,Tss. 2 best.: langs opzij (voor-/achterkant-flank),Geen hindernis
35685,100,Mechelen teller 2,Mechelen,51.0457,4.46883,0.3313171408236431,51.043410358063646,4.471862727281553,2022,10,12,12025,Mechelen,Regenval,"Nat, plassen",Dag,met lichtgewonden,3,Fiets,9,personenauto,Op Kruispunt,Gemeenteweg,binnen bebouwde kom,Tss. 2 best.: langs opzij (voor-/achterkant-flank),Geen hindernis
35688,138,Hasselt-Kempische brug,Hasselt,50.9405318,5.3422472,0.6573945845998007,50.935199244114685,5.338196218685372,2022,10,20,71022,Hasselt,Normaal,Droog,"Nacht, openb. verlicht. aanw., maar niet ontstoken",met zwaargewonden,3,Fiets,10,"één bestuurder, geen hindernis",Buiten Kruispunt,Gemeenteweg,binnen bebouwde kom,"Eén bestuurder, geen hindernis (incl. val)",Geen hindernis
35688,140,Hasselt ring,Hasselt,50.9300038,5.3438616,0.700979986106526,50.935199244114685,5.338196218685372,2022,10,20,71022,Hasselt,Normaal,Droog,"Nacht, openb. verlicht. aanw., maar niet ontstoken",met zwaargewonden,3,Fiets,10,"één bestuurder, geen hindernis",Buiten Kruispunt,Gemeenteweg,binnen bebouwde kom,"Eén bestuurder, geen hindernis (incl. val)",Geen hindernis
35688,137,Hasselt-Kempische brug,Hasselt,50.9411605,5.3417576,0.708279054269049,50.935199244114685,5.338196218685372,2022,10,20,71022,Hasselt,Normaal,Droog,"Nacht, openb. verlicht. aanw., maar niet ontstoken",met zwaargewonden,3,Fiets,10,"één bestuurder, geen hindernis",Buiten Kruispunt,Gemeenteweg,binnen bebouwde kom,"Eén bestuurder, geen hindernis (incl. val)",Geen hindernis
35691,138,Hasselt-Kempische brug,Hasselt,50.9405318,5.3422472,0.29681839925515957,50.938022936326774,5.340800520888007,2022,10,8,71022,Hasselt,Normaal,Droog,Dag,met lichtgewonden,9,personenauto,3,Fiets,Op Kruispunt,Gewestweg,binnen bebouwde kom,Tss. 2 best.: langs opzij (voor-/achterkant-flank),Geen hindernis
35691,137,Hasselt-Kempische brug,Hasselt,50.9411605,5.3417576,0.35526783039324816,50.938022936326774,5.340800520888007,2022,10,8,71022,Hasselt,Normaal,Droog,Dag,met lichtgewonden,9,personenauto,3,Fiets,Op Kruispunt,Gewestweg,binnen bebouwde kom,Tss. 2 best.: langs opzij (voor-/achterkant-flank),Geen hindernis
35691,140,Hasselt ring,Hasselt,50.9300038,5.3438616,0.917126430552214,50.938022936326774,5.340800520888007,2022,10,8,71022,Hasselt,Normaal,Droog,Dag,met lichtgewonden,9,personenauto,3,Fiets,Op Kruispunt,Gewestweg,binnen bebouwde kom,Tss. 2 best.: langs opzij (voor-/achterkant-flank),Geen hindernis
35694,140,Hasselt ring,Hasselt,50.9300038,5.3438616,0.5358550861822629,50.9329348355083,5.337792211623985,2022,9,9,71022,Hasselt,Onbekend,Onbekend,Dag,met lichtgewonden,3,Fiets,11,een weggebruiker tegen een hindernis,Buiten Kruispunt,Gemeenteweg,binnen bebouwde kom,Weggebruiker tegen hindernis buiten rijbaan,Buiten de rijbaan: Andere paal
35694,138,Hasselt-Kempische brug,Hasselt,50.9405318,5.3422472,0.9005798405320296,50.9329348355083,5.337792211623985,2022,9,9,71022,Hasselt,Onbekend,Onbekend,Dag,met lichtgewonden,3,Fiets,11,een weggebruiker tegen een hindernis,Buiten Kruispunt,Gemeenteweg,binnen bebouwde kom,Weggebruiker tegen hindernis buiten rijbaan,Buiten de rijbaan: Andere paal
35694,137,Hasselt-Kempische brug,Hasselt,50.9411605,5.3417576,0.9559270655410326,50.9329348355083,5.337792211623985,2022,9,9,71022,Hasselt,Onbekend,Onbekend,Dag,met lichtgewonden,3,Fiets,11,een weggebruiker tegen een hindernis,Buiten Kruispunt,Gemeenteweg,binnen bebouwde kom,Weggebruiker tegen hindernis buiten rijbaan,Buiten de rijbaan: Andere paal
35698,140,Hasselt ring,Hasselt,50.9300038,5.3438616,0.8357279917486409,50.9227898440106,5.340515879249218,2022,10,7,71022,Hasselt,Normaal,"Nat, plassen",Dageraad - schemering,met lichtgewonden,3,Fiets,3,Fiets,Buiten Kruispunt,Gewestweg,binnen bebouwde kom,Tussen 2 bestuurders: Frontale botsing,Geen hindernis
35703,140,Hasselt ring,Hasselt,50.9300038,5.3438616,0.43815523790209576,50.92970357822288,5.350095376918021,2022,10,13,71022,Hasselt,Normaal,Droog,Dag,met lichtgewonden,3,Fiets,99,onbekend,Op Kruispunt,Gewestweg,binnen bebouwde kom,Tss. 2 best.: langs opzij (voor-/achterkant-flank),Geen hindernis
35709,25,Bree,Bree,51.13679500160176,5.597669323604317,0.28256164476904916,51.137014830567885,5.593634636275623,2022,10,11,72004,Bree,Normaal,Droog,Dag,met lichtgewonden,2,Andere weggebruiker,3,Fiets,Buiten Kruispunt,Gewestweg,buiten bebouwde kom,Tussen 2 bestuurders: Flank tegen flank,Geen hindernis
35713,14,Genk,Genk,50.97172,5.48927,0.8962913550545452,50.96437644324991,5.494547187013865,2022,10,18,71016,Genk,Normaal,Droog,"Nacht, openbare verlichting aanwezig en ontstoken",met lichtgewonden,3,Fiets,9,personenauto,Op Kruispunt,Gemeenteweg,binnen bebouwde kom,Tss. 2 best.: langs opzij (voor-/achterkant-flank),Geen hindernis
35715,25,Bree,Bree,51.13679500160176,5.597669323604317,0.3344550274756275,51.13823372355374,5.593459576888977,2022,10,14,72004,Bree,Normaal,Droog,Dag,met lichtgewonden,3,Fiets,5,Lichte vrachtauto,Buiten Kruispunt,Gewestweg,buiten bebouwde kom,Tussen 2 bestuurders: Flank tegen flank,Geen hindernis
35721,25,Bree,Bree,51.13679500160176,5.597669323604317,0.6115410036509715,51.14191927186937,5.600852464306958,2022,10,23,72004,Bree,Normaal,Droog,"Nacht, openbare verlichting aanwezig en ontstoken",met lichtgewonden,3,Fiets,10,"één bestuurder, geen hindernis",Op Kruispunt,Gewestweg,binnen bebouwde kom,"Eén bestuurder, geen hindernis (incl. val)",Geen hindernis
35726,14,Genk,Genk,50.97172,5.48927,0.6686135231648974,50.966236084234566,5.493186381602139,2022,10,17,71016,Genk,Normaal,"Nat, plassen",Dag,met lichtgewonden,9,personenauto,3,Fiets,Op Kruispunt,Gewestweg,binnen bebouwde kom,Tss. 2 best.: langs opzij (voor-/achterkant-flank),Geen hindernis
35730,14,Genk,Genk,50.97172,5.48927,0.8263099734300416,50.964309007080054,5.49013927837149,2022,10,14,71016,Genk,Normaal,Droog,Dag,met lichtgewonden,9,personenauto,3,Fiets,Op Kruispunt,Gemeenteweg,binnen bebouwde kom,Tussen 2 bestuurders: Frontale botsing,Geen hindernis
35736,25,Bree,Bree,51.13679500160176,5.597669323604317,0.14702990833670082,51.138116620732276,5.597735524529992,2022,10,15,72004,Bree,Normaal,Droog,Dag,met lichtgewonden,3,Fiets,10,"één bestuurder, geen hindernis",Op Kruispunt,Gemeenteweg,binnen bebouwde kom,"Eén bestuurder, geen hindernis (incl. val)",Geen hindernis
35884,94,Herentals teller 2,Herentals,51.17345,4.81283,0.40774358705353986,51.17479007847761,4.818274225118173,2022,9,17,13011,Herentals,Onbekend,Onbekend,Onbekend,met lichtgewonden,3,Fiets,9,personenauto,Op Kruispunt,Gewestweg,onbekend,Tss. 2 best.: langs opzij (voor-/achterkant-flank),Geen hindernis
35884,110,Herentals totem,Herentals,51.1739426,4.811783,0.46223652932881687,51.17479007847761,4.818274225118173,2022,9,17,13011,Herentals,Onbekend,Onbekend,Onbekend,met lichtgewonden,3,Fiets,9,personenauto,Op Kruispunt,Gewestweg,onbekend,Tss. 2 best.: langs opzij (voor-/achterkant-flank),Geen hindernis
35910,96,Lier teller 2,Lier,51.11705,4.58444,0.07959145477939127,51.11741700258354,4.583461016788204,2022,11,8,12021,Lier,Regenval,"Nat, plassen",Dag,met zwaargewonden,9,personenauto,3,Fiets,Buiten Kruispunt,Gewestweg,buiten bebouwde kom,Tussen 2 bestuurders: Flank tegen flank,Geen hindernis
35910,95,Lier teller 1,Lier,51.11687,4.58437,0.08789266751123391,51.11741700258354,4.583461016788204,2022,11,8,12021,Lier,Regenval,"Nat, plassen",Dag,met zwaargewonden,9,personenauto,3,Fiets,Buiten Kruispunt,Gewestweg,buiten bebouwde kom,Tussen 2 bestuurders: Flank tegen flank,Geen hindernis
35943,98,Geel teller 2,Geel,51.1481,4.99643,0.9354582620530553,51.14845247801331,4.983030835635399,2022,11,15,13008,Geel,Normaal,Droog,Dag,met lichtgewonden,9,personenauto,3,Fiets,Op Kruispunt,Gewestweg,buiten bebouwde kom,Tss. 2 best.: langs opzij (voor-/achterkant-flank),Geen hindernis
35943,97,Geel teller 1,Geel,51.14813,4.99698,0.9736613783843124,51.14845247801331,4.983030835635399,2022,11,15,13008,Geel,Normaal,Droog,Dag,met lichtgewonden,9,personenauto,3,Fiets,Op Kruispunt,Gewestweg,buiten bebouwde kom,Tss. 2 best.: langs opzij (voor-/achterkant-flank),Geen hindernis
35963,45,Pelt teller 1,Pelt,51.23127,5.44377,0.47299610328972475,51.234650305924646,5.4478939634388635,2022,11,18,72043,Pelt,Onbekend,Droog,"Nacht, openbare verlichting aanwezig en ontstoken",met lichtgewonden,3,Fiets,9,personenauto,Op Kruispunt,Gewestweg,buiten bebouwde kom,Tss. 2 best.: langs opzij (voor-/achterkant-flank),Geen hindernis
35963,46,Pelt teller 2,Pelt,51.231,5.44375,0.4979941270134725,51.234650305924646,5.4478939634388635,2022,11,18,72043,Pelt,Onbekend,Droog,"Nacht, openbare verlichting aanwezig en ontstoken",met lichtgewonden,3,Fiets,9,personenauto,Op Kruispunt,Gewestweg,buiten bebouwde kom,Tss. 2 best.: langs opzij (voor-/achterkant-flank),Geen hindernis
35986,151,Leuven,District Leuven,50.8690262,4.6854839,0.7666090185579625,50.87148825620917,4.675279667324461,2022,11,1,24062,Leuven,Normaal,Droog,"Nacht, openbare verlichting aanwezig en ontstoken",met lichtgewonden,3,Fiets,10,"één bestuurder, geen hindernis",Buiten Kruispunt,Gemeenteweg,binnen bebouwde kom,"Eén bestuurder, geen hindernis (incl. val)",Geen hindernis
35987,69,Leuven teller 1,Leuven,50.87549,4.71526,0.6432573140591027,50.877304931979566,4.706554903099329,2022,11,11,24062,Leuven,Normaal,"Nat, plassen",Dag,met lichtgewonden,3,Fiets,3,Fiets,Buiten Kruispunt,Gemeenteweg,binnen bebouwde kom,Tss. 2 best.: langs opzij (voor-/achterkant-flank),Geen hindernis
35989,151,Leuven,District Leuven,50.8690262,4.6854839,0.35855232794059605,50.86963746271882,4.690500721135854,2022,11,18,24062,Leuven,Normaal,Onbekend,"Nacht, openbare verlichting aanwezig en ontstoken",met lichtgewonden,3,Fiets,3,Fiets,Buiten Kruispunt,Gewestweg,binnen bebouwde kom,Tussen 2 bestuurders: Flank tegen flank,Geen hindernis
35992,77,Leuven teller 2,Leuven,50.88672,4.70796,0.7829327076765495,50.879767591544706,4.706194368299185,2022,11,4,24062,Leuven,Regenval,"Nat, plassen","Nacht, openbare verlichting aanwezig en ontstoken",met lichtgewonden,3,Fiets,3,Fiets,Buiten Kruispunt,Gemeenteweg,binnen bebouwde kom,Tussen 2 bestuurders: Flank tegen flank,Geen hindernis
35992,69,Leuven teller 1,Leuven,50.87549,4.71526,0.7942363275771458,50.879767591544706,4.706194368299185,2022,11,4,24062,Leuven,Regenval,"Nat, plassen","Nacht, openbare verlichting aanwezig en ontstoken",met lichtgewonden,3,Fiets,3,Fiets,Buiten Kruispunt,Gemeenteweg,binnen bebouwde kom,Tussen 2 bestuurders: Flank tegen flank,Geen hindernis
35992,107,leuven totem,Leuven,50.8870744,4.7087919,0.8326641220921347,50.879767591544706,4.706194368299185,2022,11,4,24062,Leuven,Regenval,"Nat, plassen","Nacht, openbare verlichting aanwezig en ontstoken",met lichtgewonden,3,Fiets,3,Fiets,Buiten Kruispunt,Gemeenteweg,binnen bebouwde kom,Tussen 2 bestuurders: Flank tegen flank,Geen hindernis
35994,107,leuven totem,Leuven,50.8870744,4.7087919,0.0645927576653999,50.887382964083365,4.708011732434598,2022,11,14,24062,Leuven,Normaal,Droog,Dag,met lichtgewonden,3,Fiets,3,Fiets,Buiten Kruispunt,Gemeenteweg,binnen bebouwde kom,Tussen 2 bestuurders: Flank tegen flank,Geen hindernis
35994,77,Leuven teller 2,Leuven,50.88672,4.70796,0.07380750773530369,50.887382964083365,4.708011732434598,2022,11,14,24062,Leuven,Normaal,Droog,Dag,met lichtgewonden,3,Fiets,3,Fiets,Buiten Kruispunt,Gemeenteweg,binnen bebouwde kom,Tussen 2 bestuurders: Flank tegen flank,Geen hindernis
35995,69,Leuven teller 1,Leuven,50.87549,4.71526,0.4527748044335251,50.87247889378177,4.719603861542396,2022,11,18,24062,Leuven,Regenval,"Nat, plassen","Nacht, openbare verlichting aanwezig en ontstoken",met lichtgewonden,3,Fiets,11,een weggebruiker tegen een hindernis,Buiten Kruispunt,Gewestweg,binnen bebouwde kom,Weggebruiker tegen hindernis buiten rijbaan,Buiten de rijbaan: Andere paal
35999,151,Leuven,District Leuven,50.8690262,4.6854839,0.5301266771953244,50.86963523805436,4.692976451046812,2022,11,12,24062,Leuven,Normaal,Droog,Dag,met lichtgewonden,3,Fiets,8,Voetganger,Buiten Kruispunt,Gewestweg,binnen bebouwde kom,Met een voetganger,Geen hindernis
36000,69,Leuven teller 1,Leuven,50.87549,4.71526,0.03467939881977,50.875263781650766,4.7156002407591,2022,11,15,24062,Leuven,Normaal,Droog,Dag,met lichtgewonden,8,Voetganger,3,Fiets,Buiten Kruispunt,Gewestweg,binnen bebouwde kom,Met een voetganger,Geen hindernis
36001,77,Leuven teller 2,Leuven,50.88672,4.70796,0.9902912295318546,50.87890149972495,4.701200663362051,2022,11,13,24062,Leuven,Onbekend,Droog,Dag,met lichtgewonden,1,Autobus,3,Fiets,Op Kruispunt,Gemeenteweg,binnen bebouwde kom,Tss. 2 best.: langs opzij (voor-/achterkant-flank),Geen hindernis
36023,101,Diest teller 1,Diest,50.97799,5.04481,0.8374722455289594,50.985514294621034,5.045335658502202,2022,11,17,24020,Diest,Regenval,"Nat, plassen","Nacht, openbare verlichting aanwezig en ontstoken",met lichtgewonden,3,Fiets,3,Fiets,Buiten Kruispunt,Gemeenteweg,binnen bebouwde kom,Tussen 2 bestuurders: Frontale botsing,Geen hindernis
36023,102,Diest teller 2,Diest,50.9779,5.04474,0.8476971573776428,50.985514294621034,5.045335658502202,2022,11,17,24020,Diest,Regenval,"Nat, plassen","Nacht, openbare verlichting aanwezig en ontstoken",met lichtgewonden,3,Fiets,3,Fiets,Buiten Kruispunt,Gemeenteweg,binnen bebouwde kom,Tussen 2 bestuurders: Frontale botsing,Geen hindernis
36088,13,Gent,Gent,51.03018,3.70146,0.8054204679933756,51.026801935655996,3.7116476663809834,2022,11,12,44021,Gent,Normaal,"Nat, plassen",Dag,met lichtgewonden,3,Fiets,9,personenauto,Op Kruispunt,Gewestweg,binnen bebouwde kom,Tss. 2 best.: langs opzij (voor-/achterkant-flank),Geen hindernis
36118,116,Melle teller 2,Melle,50.9986113,3.8040599,0.507414200433886,51.00292617318333,3.801700055214933,2022,11,8,44040,Melle,Normaal,Droog,Dag,met lichtgewonden,3,Fiets,6,Bromfiets,Buiten Kruispunt,Gewestweg,binnen bebouwde kom,Tss. 2 best.: langs opzij (voor-/achterkant-flank),Geen hindernis
36118,117,Melle teller 1,Melle,50.9986113,3.8040599,0.507414200433886,51.00292617318333,3.801700055214933,2022,11,8,44040,Melle,Normaal,Droog,Dag,met lichtgewonden,3,Fiets,6,Bromfiets,Buiten Kruispunt,Gewestweg,binnen bebouwde kom,Tss. 2 best.: langs opzij (voor-/achterkant-flank),Geen hindernis
36122,119,Gent teller 2,Gent,51.0281795,3.7683918,0.3763361615747427,51.025576613328006,3.7718312252199495,2022,11,9,44040,Melle,Normaal,Droog,Dag,met lichtgewonden,9,personenauto,3,Fiets,Buiten Kruispunt,Gewestweg,binnen bebouwde kom,Tss. 2 best.: langs opzij (voor-/achterkant-flank),Geen hindernis
36122,118,Gent teller 1,Gent,51.028049,3.7681359,0.3773196042310551,51.025576613328006,3.7718312252199495,2022,11,9,44040,Melle,Normaal,Droog,Dag,met lichtgewonden,9,personenauto,3,Fiets,Buiten Kruispunt,Gewestweg,binnen bebouwde kom,Tss. 2 best.: langs opzij (voor-/achterkant-flank),Geen hindernis
36131,7,Evergem 1,Evergem,51.1089,3.70317,0.21747563202282072,51.1075743562822,3.7054603513271913,2022,11,8,44019,Evergem,Regenval,"Nat, plassen",Dageraad - schemering,met lichtgewonden,9,personenauto,3,Fiets,Op Kruispunt,Gewestweg,buiten bebouwde kom,Tussen 2 bestuurders: Flank tegen flank,Geen hindernis
36131,6,Evergem 2,Evergem,51.10894,3.70298,0.23031412479169844,51.1075743562822,3.7054603513271913,2022,11,8,44019,Evergem,Regenval,"Nat, plassen",Dageraad - schemering,met lichtgewonden,9,personenauto,3,Fiets,Op Kruispunt,Gewestweg,buiten bebouwde kom,Tussen 2 bestuurders: Flank tegen flank,Geen hindernis
36133,115,Aalter,Aalter,51.1058367,3.4350591,0.33715624588019655,51.10322785005388,3.437519997797009,2022,11,15,44084,Aalter,Mist (zichtbaarheid minder dan 100m),"Vuil (zand, grint, bladeren,...)",Dag,met zwaargewonden,3,Fiets,10,"één bestuurder, geen hindernis",Buiten Kruispunt,Gewestweg,binnen bebouwde kom,"Eén bestuurder, geen hindernis (incl. val)",Geen hindernis
36172,126,Hamme totem,Hamme,51.1017709,4.1469307,0.9221101530792174,51.09394538822921,4.142560842238372,2022,11,13,42008,Hamme,Normaal,Droog,Dag,met lichtgewonden,9,personenauto,3,Fiets,Op Kruispunt,Gewestweg,binnen bebouwde kom,Tussen 2 bestuurders: Frontale botsing,Geen hindernis
36174,126,Hamme totem,Hamme,51.1017709,4.1469307,0.7710472106924824,51.095218258953736,4.143318396019009,2022,11,6,42008,Hamme,Normaal,Droog,Dageraad - schemering,met lichtgewonden,3,Fiets,9,personenauto,Op Kruispunt,Gewestweg,binnen bebouwde kom,Tss. 2 best.: langs opzij (voor-/achterkant-flank),Geen hindernis
36206,122,Dendermonde teller 2,Dendermonde,51.0373918,4.1019222,0.7338753754305107,51.043256776315,4.097108589247023,2022,11,10,42006,Dendermonde,Normaal,Droog,Dag,met lichtgewonden,3,Fiets,10,"één bestuurder, geen hindernis",Buiten Kruispunt,Gewestweg,buiten bebouwde kom,"Eén bestuurder, geen hindernis (incl. val)",Geen hindernis
36206,125,Dendermonde totem,Dendermonde,51.0372706,4.1025998,0.7684177614943067,51.043256776315,4.097108589247023,2022,11,10,42006,Dendermonde,Normaal,Droog,Dag,met lichtgewonden,3,Fiets,10,"één bestuurder, geen hindernis",Buiten Kruispunt,Gewestweg,buiten bebouwde kom,"Eén bestuurder, geen hindernis (incl. val)",Geen hindernis
36207,122,Dendermonde teller 2,Dendermonde,51.0373918,4.1019222,0.45472085288904274,51.041443718086065,4.102800761976594,2022,11,9,42006,Dendermonde,Normaal,Droog,Dag,met lichtgewonden,3,Fiets,9,personenauto,Op Kruispunt,Gewestweg,binnen bebouwde kom,Tss. 2 best.: langs opzij (voor-/achterkant-flank),Geen hindernis
36207,125,Dendermonde totem,Dendermonde,51.0372706,4.1025998,0.4642422405459269,51.041443718086065,4.102800761976594,2022,11,9,42006,Dendermonde,Normaal,Droog,Dag,met lichtgewonden,3,Fiets,9,personenauto,Op Kruispunt,Gewestweg,binnen bebouwde kom,Tss. 2 best.: langs opzij (voor-/achterkant-flank),Geen hindernis
36221,142,TEST Validatie BRUGGE Y2H22022134,Brugge,51.22632,3.24095,0.6905578438416224,51.221518289367914,3.234661250202125,2022,11,9,31005,Brugge,Normaal,Droog+Proper,Dag,met lichtgewonden,3,Fiets,9,personenauto,Op Kruispunt,Gewestweg,binnen bebouwde kom,Tss. 2 best.: langs opzij (voor-/achterkant-flank),Geen hindernis
36221,52,Brugge,Brugge,51.22632,3.24095,0.6905578438416224,51.221518289367914,3.234661250202125,2022,11,9,31005,Brugge,Normaal,Droog+Proper,Dag,met lichtgewonden,3,Fiets,9,personenauto,Op Kruispunt,Gewestweg,binnen bebouwde kom,Tss. 2 best.: langs opzij (voor-/achterkant-flank),Geen hindernis
36223,142,TEST Validatie BRUGGE Y2H22022134,Brugge,51.22632,3.24095,0.8658268040682641,51.21912043865713,3.236214265822276,2022,11,8,31005,Brugge,Normaal,Droog,Dageraad - schemering,met lichtgewonden,6,Bromfiets,3,Fiets,Buiten Kruispunt,Gewestweg,binnen bebouwde kom,Tss. 2 best.: langs opzij (voor-/achterkant-flank),Geen hindernis
36223,52,Brugge,Brugge,51.22632,3.24095,0.8658268040682641,51.21912043865713,3.236214265822276,2022,11,8,31005,Brugge,Normaal,Droog,Dageraad - schemering,met lichtgewonden,6,Bromfiets,3,Fiets,Buiten Kruispunt,Gewestweg,binnen bebouwde kom,Tss. 2 best.: langs opzij (voor-/achterkant-flank),Geen hindernis
36267,56,Torhout teller 2,Torhout,51.07147,3.08244,0.14577638376367227,51.07212376360323,3.080631508786163,2022,11,17,31033,Torhout,Normaal,Droog,"Nacht, openbare verlichting aanwezig en ontstoken",met lichtgewonden,9,personenauto,3,Fiets,Op Kruispunt,Gewestweg,binnen bebouwde kom,Tss. 2 best.: langs opzij (voor-/achterkant-flank),Geen hindernis
36267,55,Torhout teller 1,Torhout,51.07161,3.08261,0.149574239944794,51.07212376360323,3.080631508786163,2022,11,17,31033,Torhout,Normaal,Droog,"Nacht, openbare verlichting aanwezig en ontstoken",met lichtgewonden,9,personenauto,3,Fiets,Op Kruispunt,Gewestweg,binnen bebouwde kom,Tss. 2 best.: langs opzij (voor-/achterkant-flank),Geen hindernis
36285,61,Wervik teller 2,Wervik,50.80555,3.0921,0.8452327831000283,50.801997814582606,3.1027337797371515,2022,11,9,34027,Menen,Normaal,Droog,Dag,met zwaargewonden,3,Fiets,9,personenauto,Op Kruispunt,Gewestweg,binnen bebouwde kom,Tussen 2 bestuurders: Frontale botsing,Geen hindernis
36285,62,Wervik teller 1,Wervik,50.8058,3.09154,0.8930344947018967,50.801997814582606,3.1027337797371515,2022,11,9,34027,Menen,Normaal,Droog,Dag,met zwaargewonden,3,Fiets,9,personenauto,Op Kruispunt,Gewestweg,binnen bebouwde kom,Tussen 2 bestuurders: Frontale botsing,Geen hindernis
36288,143,Eco Display Classic Budastraat,Kortrijk,50.83066,3.26286,0.38166279326623015,50.829627870645254,3.268042719375038,2022,11,14,34022,Kortrijk,Normaal,Droog,Dag,met zwaargewonden,3,Fiets,10,"één bestuurder, geen hindernis",Buiten Kruispunt,Gewestweg,binnen bebouwde kom,"Eén bestuurder, geen hindernis (incl. val)",Geen hindernis
36288,16,Kortrijk 1,Kortrijk,50.83332,3.27777,0.7970272726432075,50.829627870645254,3.268042719375038,2022,11,14,34022,Kortrijk,Normaal,Droog,Dag,met zwaargewonden,3,Fiets,10,"één bestuurder, geen hindernis",Buiten Kruispunt,Gewestweg,binnen bebouwde kom,"Eén bestuurder, geen hindernis (incl. val)",Geen hindernis
36288,17,Kortrijk 2,Kortrijk,50.83339,3.27773,0.7986695386324093,50.829627870645254,3.268042719375038,2022,11,14,34022,Kortrijk,Normaal,Droog,Dag,met zwaargewonden,3,Fiets,10,"één bestuurder, geen hindernis",Buiten Kruispunt,Gewestweg,binnen bebouwde kom,"Eén bestuurder, geen hindernis (incl. val)",Geen hindernis
36290,16,Kortrijk 1,Kortrijk,50.83332,3.27777,0.8688340726813786,50.82556202426367,3.279243615139692,2022,11,8,34022,Kortrijk,Normaal,Droog,Dag,met lichtgewonden,3,Fiets,3,Fiets,Buiten Kruispunt,Gemeenteweg,binnen bebouwde kom,Tussen 2 bestuurders: Flank tegen flank,Geen hindernis
36290,17,Kortrijk 2,Kortrijk,50.83339,3.27773,0.876898921867691,50.82556202426367,3.279243615139692,2022,11,8,34022,Kortrijk,Normaal,Droog,Dag,met lichtgewonden,3,Fiets,3,Fiets,Buiten Kruispunt,Gemeenteweg,binnen bebouwde kom,Tussen 2 bestuurders: Flank tegen flank,Geen hindernis
36293,143,Eco Display Classic Budastraat,Kortrijk,50.83066,3.26286,0.5487879340044849,50.83132559507884,3.2551174365504947,2022,11,13,34022,Kortrijk,Normaal,Droog,Dag,met zwaargewonden,3,Fiets,6,Bromfiets,Buiten Kruispunt,Gewestweg,binnen bebouwde kom,Tussen 2 bestuurders: Flank tegen flank,Geen hindernis
36297,16,Kortrijk 1,Kortrijk,50.83332,3.27777,0.6363346352528022,50.82851636683683,3.272845512072664,2022,11,17,34022,Kortrijk,Normaal,Droog,Dageraad - schemering,met lichtgewonden,9,personenauto,3,Fiets,Op Kruispunt,Gewestweg,binnen bebouwde kom,Tss. 2 best.: langs opzij (voor-/achterkant-flank),Geen hindernis
36297,17,Kortrijk 2,Kortrijk,50.83339,3.27773,0.6413750557389305,50.82851636683683,3.272845512072664,2022,11,17,34022,Kortrijk,Normaal,Droog,Dageraad - schemering,met lichtgewonden,9,personenauto,3,Fiets,Op Kruispunt,Gewestweg,binnen bebouwde kom,Tss. 2 best.: langs opzij (voor-/achterkant-flank),Geen hindernis
36297,143,Eco Display Classic Budastraat,Kortrijk,50.83066,3.26286,0.7407215552678685,50.82851636683683,3.272845512072664,2022,11,17,34022,Kortrijk,Normaal,Droog,Dageraad - schemering,met lichtgewonden,9,personenauto,3,Fiets,Op Kruispunt,Gewestweg,binnen bebouwde kom,Tss. 2 best.: langs opzij (voor-/achterkant-flank),Geen hindernis