crash_row_id,site_id,site_name,site_gemeente,site_lat,site_long,distance_km,crash_lat,crash_long,DT_YEAR_COLLISION,DT_MONTH_COLLISION,DT_TIME,CD_NIS,TX_MUNTY_COLLISION_NL,TX_WEATHER_NL,TX_ROAD_CONDITION_NL,TX_LIGHT_CONDITION_NL,TX_CLASS_ACCIDENTS_NL,CD_ROAD_USR_TYPE1,TX_ROAD_USR_TYPE1_NL,CD_ROAD_USR_TYPE2,TX_ROAD_USR_TYPE2_NL,TX_CROSSWAY_NL,CD_ROAD_TYPE_NL,TX_BUILD_UP_AREA_NL,TX_COLLISION_TYPE_NL,TX_OBSTACLES_NL
36299,16,Kortrijk 1,Kortrijk,50.83332,3.27777,0.8939226079225973,50.830292235397934,3.289561155006799,2022,11,13,34022,Kortrijk,Normaal,Droog,Dag,met zwaargewonden,9,personenauto,3,Fiets,Op Kruispunt,Gemeenteweg,binnen bebouwde kom,Tss. 2 best.: langs opzij (voor-/achterkant-flank),Geen hindernis
36299,17,Kortrijk 2,Kortrijk,50.83339,3.27773,0.8994769474089762,50.830292235397934,3.289561155006799,2022,11,13,34022,Kortrijk,Normaal,Droog,Dag,met zwaargewonden,9,personenauto,3,Fiets,Op Kruispunt,Gemeenteweg,binnen bebouwde kom,Tss. 2 best.: langs opzij (voor-/achterkant-flank),Geen hindernis
36302,17,Kortrijk 2,Kortrijk,50.83339,3.27773,0.555199931820618,50.83832501017884,3.2789317864082097,2022,11,8,34022,Kortrijk,Onbekend,Onbekend,Dag,met lichtgewonden,3,Fiets,3,Fiets,Buiten Kruispunt,Gemeenteweg,binnen bebouwde kom,Tussen 2 bestuurders: Frontale botsing,Geen hindernis
36302,16,Kortrijk 1,Kortrijk,50.83332,3.27777,0.5624800826058032,50.83832501017884,3.2789317864082097,2022,11,8,34022,Kortrijk,Onbekend,Onbekend,Dag,met lichtgewonden,3,Fiets,3,Fiets,Buiten Kruispunt,Gemeenteweg,binnen bebouwde kom,Tussen 2 bestuurders: Frontale botsing,Geen hindernis
36364,140,Hasselt ring,Hasselt,50.9300038,5.3438616,0.8787588027470848,50.93134317637643,5.331503939592164,2022,11,9,71022,Hasselt,Normaal,Droog,Dag,met zwaargewonden,1,Autobus,3,Fiets,Buiten Kruispunt,Gemeenteweg,binnen bebouwde kom,Tss. 2 best.: langs opzij (voor-/achterkant-flank),Geen hindernis
36365,138,Hasselt-Kempische brug,Hasselt,50.9405318,5.3422472,0.6858298494029034,50.936654051537985,5.334635785848536,2022,11,8,71022,Hasselt,Normaal,"Nat, plassen",Dag,met lichtgewonden,9,personenauto,3,Fiets,Op Kruispunt,Gemeenteweg,binnen bebouwde kom,Tss. 2 best.: langs opzij (voor-/achterkant-flank),Geen hindernis
36365,137,Hasselt-Kempische brug,Hasselt,50.9411605,5.3417576,0.7071896151793763,50.936654051537985,5.334635785848536,2022,11,8,71022,Hasselt,Normaal,"Nat, plassen",Dag,met lichtgewonden,9,personenauto,3,Fiets,Op Kruispunt,Gemeenteweg,binnen bebouwde kom,Tss. 2 best.: langs opzij (voor-/achterkant-flank),Geen hindernis
36365,140,Hasselt ring,Hasselt,50.9300038,5.3438616,0.9822503290105785,50.936654051537985,5.334635785848536,2022,11,8,71022,Hasselt,Normaal,"Nat, plassen",Dag,met lichtgewonden,9,personenauto,3,Fiets,Op Kruispunt,Gemeenteweg,binnen bebouwde kom,Tss. 2 best.: langs opzij (voor-/achterkant-flank),Geen hindernis
36370,140,Hasselt ring,Hasselt,50.9300038,5.3438616,0.15855091505497557,50.930616168891895,5.345904692447574,2022,11,13,71022,Hasselt,Normaal,Droog,Dag,met lichtgewonden,9,personenauto,3,Fiets,Op Kruispunt,Gewestweg,buiten bebouwde kom,Tss. 2 best.: langs opzij (voor-/achterkant-flank),Geen hindernis
36374,139,Houthalen-Helchteren,Houthalen-Helchteren,51.0644267,5.3819796,0.9231610141628968,51.057535605813634,5.389346811052327,2022,11,13,72039,Houthalen-Helchteren,Normaal,Droog,Dag,met zwaargewonden,99,onbekend,3,Fiets,Buiten Kruispunt,Gewestweg,buiten bebouwde kom,Tussen 2 bestuurders: Frontale botsing,Geen hindernis
36384,14,Genk,Genk,50.97172,5.48927,0.9605412699930289,50.964105132859096,5.482793518300088,2022,11,7,71016,Genk,Normaal,Droog,Dageraad - schemering,met zwaargewonden,3,Fiets,9,personenauto,Op Kruispunt,Gewestweg,binnen bebouwde kom,Tss. 2 best.: langs opzij (voor-/achterkant-flank),Geen hindernis
36390,14,Genk,Genk,50.97172,5.48927,0.6343598861097516,50.97464107085583,5.497052268724121,2022,11,14,71016,Genk,Normaal,Droog,Dag,met lichtgewonden,9,personenauto,3,Fiets,Op Kruispunt,Gewestweg,buiten bebouwde kom,Tss. 2 best.: langs opzij (voor-/achterkant-flank),Geen hindernis
36554,98,Geel teller 2,Geel,51.1481,4.99643,0.8714509573968435,51.155768062301135,4.993848662097556,2022,12,18,13008,Geel,Normaal,Droog,"Nacht, openbare verlichting aanwezig en ontstoken",met lichtgewonden,3,Fiets,9,personenauto,Op Kruispunt,Gewestweg,binnen bebouwde kom,Tss. 2 best.: langs opzij (voor-/achterkant-flank),Geen hindernis
36554,97,Geel teller 1,Geel,51.14813,4.99698,0.876945945074392,51.155768062301135,4.993848662097556,2022,12,18,13008,Geel,Normaal,Droog,"Nacht, openbare verlichting aanwezig en ontstoken",met lichtgewonden,3,Fiets,9,personenauto,Op Kruispunt,Gewestweg,binnen bebouwde kom,Tss. 2 best.: langs opzij (voor-/achterkant-flank),Geen hindernis
36573,97,Geel teller 1,Geel,51.14813,4.99698,0.48524777864395596,51.145484441350284,5.002512340844615,2022,12,17,13008,Geel,Onbekend,"Ijzel, sneeuw","Nacht, openbare verlichting aanwezig en ontstoken",met lichtgewonden,3,Fiets,3,Fiets,Buiten Kruispunt,Gewestweg,buiten bebouwde kom,Tussen 2 bestuurders: Frontale botsing,Geen hindernis
36573,98,Geel teller 2,Geel,51.1481,4.99643,0.5143903032194004,51.145484441350284,5.002512340844615,2022,12,17,13008,Geel,Onbekend,"Ijzel, sneeuw","Nacht, openbare verlichting aanwezig en ontstoken",met lichtgewonden,3,Fiets,3,Fiets,Buiten Kruispunt,Gewestweg,buiten bebouwde kom,Tussen 2 bestuurders: Frontale botsing,Geen hindernis
36588,69,Leuven teller 1,Leuven,50.87549,4.71526,0.8505085463756269,50.87021950087436,4.706475957843041,2022,12,14,24062,Leuven,Normaal,"Nat, plassen",Dag,met lichtgewonden,9,personenauto,3,Fiets,Op Kruispunt,Gemeenteweg,binnen bebouwde kom,Tss. 2 best.: langs opzij (voor-/achterkant-flank),Geen hindernis
36589,69,Leuven teller 1,Leuven,50.87549,4.71526,0.6537797476182423,50.881353668974995,4.714574874124159,2022,11,7,24062,Leuven,Onbekend,Onbekend,Onbekend,met lichtgewonden,3,Fiets,8,Voetganger,Buiten Kruispunt,Gewestweg,binnen bebouwde kom,Met een voetganger,Geen hindernis
36589,107,leuven totem,Leuven,50.8870744,4.7087919,0.7544698183252297,50.881353668974995,4.714574874124159,2022,11,7,24062,Leuven,Onbekend,Onbekend,Onbekend,met lichtgewonden,3,Fiets,8,Voetganger,Buiten Kruispunt,Gewestweg,binnen bebouwde kom,Met een voetganger,Geen hindernis
36589,77,Leuven teller 2,Leuven,50.88672,4.70796,0.7559104445584512,50.881353668974995,4.714574874124159,2022,11,7,24062,Leuven,Onbekend,Onbekend,Onbekend,met lichtgewonden,3,Fiets,8,Voetganger,Buiten Kruispunt,Gewestweg,binnen bebouwde kom,Met een voetganger,Geen hindernis
36590,151,Leuven,District Leuven,50.8690262,4.6854839,0.9318215016619179,50.87251256639627,4.673408529735309,2022,12,8,24062,Leuven,Normaal,Droog,Dag,met lichtgewonden,9,personenauto,3,Fiets,Op Kruispunt,Gemeenteweg,binnen bebouwde kom,Tss. 2 best.: langs opzij (voor-/achterkant-flank),Geen hindernis
36591,108,Heverlee teller 1,Leuven,50.8471728,4.6954674,0.6232281818842584,50.852776471704686,4.695647536707957,2022,12,13,24062,Leuven,Normaal,Droog,Dag,met lichtgewonden,9,personenauto,3,Fiets,Op Kruispunt,Gewestweg,binnen bebouwde kom,Tss. 2 best.: langs opzij (voor-/achterkant-flank),Geen hindernis
36591,76,Heverlee teller 2,Leuven,50.84606,4.69597,0.7471806065938255,50.852776471704686,4.695647536707957,2022,12,13,24062,Leuven,Normaal,Droog,Dag,met lichtgewonden,9,personenauto,3,Fiets,Op Kruispunt,Gewestweg,binnen bebouwde kom,Tss. 2 best.: langs opzij (voor-/achterkant-flank),Geen hindernis
36592,69,Leuven teller 1,Leuven,50.87549,4.71526,0.46568095165874807,50.87966485687527,4.71578481312547,2022,12,18,24062,Leuven,Normaal,Droog,"Nacht, openbare verlichting aanwezig en ontstoken",met lichtgewonden,3,Fiets,3,Fiets,Buiten Kruispunt,Gemeenteweg,binnen bebouwde kom,Tussen 2 bestuurders: Flank tegen flank,Geen hindernis
36592,77,Leuven teller 2,Leuven,50.88672,4.70796,0.957478494043431,50.87966485687527,4.71578481312547,2022,12,18,24062,Leuven,Normaal,Droog,"Nacht, openbare verlichting aanwezig en ontstoken",met lichtgewonden,3,Fiets,3,Fiets,Buiten Kruispunt,Gemeenteweg,binnen bebouwde kom,Tussen 2 bestuurders: Flank tegen flank,Geen hindernis
36592,107,leuven totem,Leuven,50.8870744,4.7087919,0.9588950895483046,50.87966485687527,4.71578481312547,2022,12,18,24062,Leuven,Normaal,Droog,"Nacht, openbare verlichting aanwezig en ontstoken",met lichtgewonden,3,Fiets,3,Fiets,Buiten Kruispunt,Gemeenteweg,binnen bebouwde kom,Tussen 2 bestuurders: Flank tegen flank,Geen hindernis
36595,69,Leuven teller 1,Leuven,50.87549,4.71526,0.29449206251097365,50.87308221132952,4.717008045941061,2022,12,16,24062,Leuven,Regenval,"Nat, plassen","Nacht, openbare verlichting aanwezig en ontstoken",met lichtgewonden,3,Fiets,9,personenauto,Op Kruispunt,Gewestweg,buiten bebouwde kom,Tussen 2 bestuurders: Flank tegen flank,Geen hindernis
36596,107,leuven totem,Leuven,50.8870744,4.7087919,0.28966574796114336,50.885541639746194,4.712130785790091,2022,12,21,24062,Leuven,Normaal,"Nat, plassen","Nacht, openbare verlichting aanwezig en ontstoken",met lichtgewonden,6,Bromfiets,3,Fiets,Buiten Kruispunt,Gewestweg,binnen bebouwde kom,Tussen 2 bestuurders: Frontale botsing,Geen hindernis
36596,77,Leuven teller 2,Leuven,50.88672,4.70796,0.3205757856295767,50.885541639746194,4.712130785790091,2022,12,21,24062,Leuven,Normaal,"Nat, plassen","Nacht, openbare verlichting aanwezig en ontstoken",met lichtgewonden,6,Bromfiets,3,Fiets,Buiten Kruispunt,Gewestweg,binnen bebouwde kom,Tussen 2 bestuurders: Frontale botsing,Geen hindernis
36598,69,Leuven teller 1,Leuven,50.87549,4.71526,0.5006974515552655,50.8799135789425,4.713926582866961,2022,12,15,24062,Leuven,Normaal,Droog,Dag,met lichtgewonden,2,Andere weggebruiker,3,Fiets,Buiten Kruispunt,Gemeenteweg,binnen bebouwde kom,Tss. 2 best.: langs opzij (voor-/achterkant-flank),Geen hindernis
36598,77,Leuven teller 2,Leuven,50.88672,4.70796,0.864875894084337,50.8799135789425,4.713926582866961,2022,12,15,24062,Leuven,Normaal,Droog,Dag,met lichtgewonden,2,Andere weggebruiker,3,Fiets,Buiten Kruispunt,Gemeenteweg,binnen bebouwde kom,Tss. 2 best.: langs opzij (voor-/achterkant-flank),Geen hindernis
36598,107,leuven totem,Leuven,50.8870744,4.7087919,0.8739349080363374,50.8799135789425,4.713926582866961,2022,12,15,24062,Leuven,Normaal,Droog,Dag,met lichtgewonden,2,Andere weggebruiker,3,Fiets,Buiten Kruispunt,Gemeenteweg,binnen bebouwde kom,Tss. 2 best.: langs opzij (voor-/achterkant-flank),Geen hindernis
36601,69,Leuven teller 1,Leuven,50.87549,4.71526,0.6736013090586646,50.88152896565178,4.714502663113646,2022,12,18,24062,Leuven,Normaal,Droog,"Nacht, openbare verlichting aanwezig en ontstoken",met lichtgewonden,3,Fiets,3,Fiets,Op Kruispunt,Gewestweg,binnen bebouwde kom,Tss. 2 best.: langs opzij (voor-/achterkant-flank),Geen hindernis
36601,107,leuven totem,Leuven,50.8870744,4.7087919,0.7353373624311386,50.88152896565178,4.714502663113646,2022,12,18,24062,Leuven,Normaal,Droog,"Nacht, openbare verlichting aanwezig en ontstoken",met lichtgewonden,3,Fiets,3,Fiets,Op Kruispunt,Gewestweg,binnen bebouwde kom,Tss. 2 best.: langs opzij (voor-/achterkant-flank),Geen hindernis
36601,77,Leuven teller 2,Leuven,50.88672,4.70796,0.737456243616288,50.88152896565178,4.714502663113646,2022,12,18,24062,Leuven,Normaal,Droog,"Nacht, openbare verlichting aanwezig en ontstoken",met lichtgewonden,3,Fiets,3,Fiets,Op Kruispunt,Gewestweg,binnen bebouwde kom,Tss. 2 best.: langs opzij (voor-/achterkant-flank),Geen hindernis
36603,69,Leuven teller 1,Leuven,50.87549,4.71526,0.18784706570408857,50.877165364447166,4.715603775822001,2022,12,14,24062,Leuven,Normaal,Droog,Dag,met lichtgewonden,9,personenauto,3,Fiets,Buiten Kruispunt,Gewestweg,binnen bebouwde kom,Tss. 2 best.: langs opzij (voor-/achterkant-flank),Geen hindernis
36604,151,Leuven,District Leuven,50.8690262,4.6854839,0.48674300276404775,50.87206948426142,4.690469703057868,2022,12,10,24062,Leuven,Normaal,"Nat, plassen",Dag,met lichtgewonden,9,personenauto,3,Fiets,Op Kruispunt,Gewestweg,binnen bebouwde kom,Tussen 2 bestuurders: Langs achteren,Geen hindernis
36605,77,Leuven teller 2,Leuven,50.88672,4.70796,0.9902912295318546,50.87890149972495,4.701200663362051,2022,12,19,24062,Leuven,Regenval,"Nat, plassen","Nacht, openbare verlichting aanwezig en ontstoken",met lichtgewonden,3,Fiets,3,Fiets,Buiten Kruispunt,Gewestweg,binnen bebouwde kom,Tussen 2 bestuurders: Flank tegen flank,Geen hindernis
36606,151,Leuven,District Leuven,50.8690262,4.6854839,0.48674300276404775,50.87206948426142,4.690469703057868,2022,10,16,24062,Leuven,Normaal,Droog,Dag,met lichtgewonden,9,personenauto,3,Fiets,Op Kruispunt,Gewestweg,buiten bebouwde kom,Tss. 2 best.: langs opzij (voor-/achterkant-flank),Geen hindernis
36608,151,Leuven,District Leuven,50.8690262,4.6854839,0.4891733215006005,50.87175649865821,4.690949895679916,2022,11,18,24062,Leuven,Normaal,Droog,"Nacht, openb. verlicht. aanw., maar niet ontstoken",met lichtgewonden,3,Fiets,11,een weggebruiker tegen een hindernis,Buiten Kruispunt,Gewestweg,binnen bebouwde kom,Weggebruiker tegen hindernis buiten rijbaan,Onbekend
36691,115,Aalter,Aalter,51.1058367,3.4350591,0.6261345569799368,51.106044173421395,3.4440211925422566,2022,12,16,44084,Aalter,Normaal,Droog,Dag,met lichtgewonden,3,Fiets,5,Lichte vrachtauto,Buiten Kruispunt,Gemeenteweg,buiten bebouwde kom,Tussen 2 bestuurders: Flank tegen flank,Geen hindernis
36694,115,Aalter,Aalter,51.1058367,3.4350591,0.9170757610270076,51.109421519607,3.446889182806011,2022,12,15,44084,Aalter,Normaal,Droog,Dag,met lichtgewonden,5,Lichte vrachtauto,3,Fiets,Op Kruispunt,Gewestweg,buiten bebouwde kom,Tss. 2 best.: langs opzij (voor-/achterkant-flank),Geen hindernis
36728,126,Hamme totem,Hamme,51.1017709,4.1469307,0.30645942977462637,51.10080034486161,4.142822845726932,2022,12,8,42008,Hamme,Onbekend,"Nat, plassen",Onbekend,met lichtgewonden,9,personenauto,3,Fiets,Op Kruispunt,Gewestweg,binnen bebouwde kom,Tussen 2 bestuurders: Langs achteren,Geen hindernis
36750,125,Dendermonde totem,Dendermonde,51.0372706,4.1025998,0.9989503988443873,51.02846763132266,4.1054514303097465,2022,12,11,42006,Dendermonde,Normaal,Droog,Dag,met lichtgewonden,3,Fiets,9,personenauto,Buiten Kruispunt,Gewestweg,binnen bebouwde kom,Tss. 2 best.: langs opzij (voor-/achterkant-flank),Geen hindernis
36779,18,Oostende 1,Oostende,51.21378,2.92765,0.39868663938197707,51.21567847972533,2.93250567646637,2022,12,7,35013,Oostende,Normaal,Onbekend,Dageraad - schemering,met lichtgewonden,8,Voetganger,3,Fiets,Buiten Kruispunt,Gewestweg,binnen bebouwde kom,Met een voetganger,Geen hindernis
36779,15,Oostende 2,Oostende,51.21371,2.92743,0.4158102584816592,51.21567847972533,2.93250567646637,2022,12,7,35013,Oostende,Normaal,Onbekend,Dageraad - schemering,met lichtgewonden,8,Voetganger,3,Fiets,Buiten Kruispunt,Gewestweg,binnen bebouwde kom,Met een voetganger,Geen hindernis
36781,15,Oostende 2,Oostende,51.21371,2.92743,0.8064670688818404,51.20690627392921,2.9234197776561888,2022,12,16,35013,Oostende,Regenval,"Nat, plassen",Dageraad - schemering,met lichtgewonden,9,personenauto,3,Fiets,Buiten Kruispunt,Gemeenteweg,binnen bebouwde kom,Tss. 2 best.: langs opzij (voor-/achterkant-flank),Geen hindernis
36781,18,Oostende 1,Oostende,51.21378,2.92765,0.8191604653406647,51.20690627392921,2.9234197776561888,2022,12,16,35013,Oostende,Regenval,"Nat, plassen",Dageraad - schemering,met lichtgewonden,9,personenauto,3,Fiets,Buiten Kruispunt,Gemeenteweg,binnen bebouwde kom,Tss. 2 best.: langs opzij (voor-/achterkant-flank),Geen hindernis
36797,143,Eco Display Classic Budastraat,Kortrijk,50.83066,3.26286,0.8780046491638496,50.82475387786859,3.271156926424828,2022,12,15,34022,Kortrijk,Normaal,Droog,Dag,met lichtgewonden,9,personenauto,3,Fiets,Op Kruispunt,Gemeenteweg,binnen bebouwde kom,Tss. 2 best.: langs opzij (voor-/achterkant-flank),Geen hindernis
36808,143,Eco Display Classic Budastraat,Kortrijk,50.83066,3.26286,0.4888445946880752,50.82839818883485,3.2568916013026294,2022,12,8,34022,Kortrijk,Normaal,Droog,Dag,met lichtgewonden,9,personenauto,3,Fiets,Op Kruispunt,Gewestweg,binnen bebouwde kom,Tss. 2 best.: langs opzij (voor-/achterkant-flank),Geen hindernis
36809,17,Kortrijk 2,Kortrijk,50.83339,3.27773,0.596230822661369,50.83659930990868,3.284531531198152,2022,12,7,34022,Kortrijk,"Andere (dikke rook,...)","Ijzel, sneeuw",Dageraad - schemering,met lichtgewonden,9,personenauto,3,Fiets,Op Kruispunt,Gemeenteweg,binnen bebouwde kom,Tss. 2 best.: langs opzij (voor-/achterkant-flank),Geen hindernis
36809,16,Kortrijk 1,Kortrijk,50.83332,3.27777,0.5986918285228913,50.83659930990868,3.284531531198152,2022,12,7,34022,Kortrijk,"Andere (dikke rook,...)","Ijzel, sneeuw",Dageraad - schemering,met lichtgewonden,9,personenauto,3,Fiets,Op Kruispunt,Gemeenteweg,binnen bebouwde kom,Tss. 2 best.: langs opzij (voor-/achterkant-flank),Geen hindernis
36811,16,Kortrijk 1,Kortrijk,50.83332,3.27777,0.7774743436083884,50.82647290768385,3.2755280168040963,2022,12,18,34022,Kortrijk,Normaal,"Nat, plassen",Dageraad - schemering,met lichtgewonden,3,Fiets,9,personenauto,Op Kruispunt,Gemeenteweg,binnen bebouwde kom,Tss. 2 best.: langs opzij (voor-/achterkant-flank),Geen hindernis
36811,17,Kortrijk 2,Kortrijk,50.83339,3.27773,0.7845396155869292,50.82647290768385,3.2755280168040963,2022,12,18,34022,Kortrijk,Normaal,"Nat, plassen",Dageraad - schemering,met lichtgewonden,3,Fiets,9,personenauto,Op Kruispunt,Gemeenteweg,binnen bebouwde kom,Tss. 2 best.: langs opzij (voor-/achterkant-flank),Geen hindernis
36812,143,Eco Display Classic Budastraat,Kortrijk,50.83066,3.26286,0.5601403456883091,50.835660412881374,3.2638255788897084,2022,12,8,34022,Kortrijk,Normaal,Droog,Dageraad - schemering,met lichtgewonden,9,personenauto,3,Fiets,Buiten Kruispunt,Gewestweg,binnen bebouwde kom,Tussen 2 bestuurders: Flank tegen flank,Geen hindernis
36813,143,Eco Display Classic Budastraat,Kortrijk,50.83066,3.26286,0.5940258428615453,50.826026879343345,3.2670705428410254,2022,12,12,34022,Kortrijk,Normaal,Droog,Dag,met lichtgewonden,9,personenauto,3,Fiets,Op Kruispunt,Gewestweg,binnen bebouwde kom,Tss. 2 best.: langs opzij (voor-/achterkant-flank),Geen hindernis
36815,16,Kortrijk 1,Kortrijk,50.83332,3.27777,0.3204619494637391,50.83156315551424,3.274152806799708,2022,11,12,34022,Kortrijk,Onbekend,Onbekend,Dag,met lichtgewonden,8,Voetganger,3,Fiets,Buiten Kruispunt,Gewestweg,onbekend,Met een voetganger,Geen hindernis
36815,17,Kortrijk 2,Kortrijk,50.83339,3.27773,0.32307597951034295,50.83156315551424,3.274152806799708,2022,11,12,34022,Kortrijk,Onbekend,Onbekend,Dag,met lichtgewonden,8,Voetganger,3,Fiets,Buiten Kruispunt,Gewestweg,onbekend,Met een voetganger,Geen hindernis
36815,143,Eco Display Classic Budastraat,Kortrijk,50.83066,3.26286,0.799445328448099,50.83156315551424,3.274152806799708,2022,11,12,34022,Kortrijk,Onbekend,Onbekend,Dag,met lichtgewonden,8,Voetganger,3,Fiets,Buiten Kruispunt,Gewestweg,onbekend,Met een voetganger,Geen hindernis
36816,16,Kortrijk 1,Kortrijk,50.83332,3.27777,0.5066667152690658,50.8287858597226,3.278484820163689,2022,11,15,34022,Kortrijk,Onbekend,Onbekend,Dag,met lichtgewonden,3,Fiets,8,Voetganger,Buiten Kruispunt,Gemeenteweg,binnen bebouwde kom,Met een voetganger,Geen hindernis
36816,17,Kortrijk 2,Kortrijk,50.83339,3.27773,0.5146943893910809,50.8287858597226,3.278484820163689,2022,11,15,34022,Kortrijk,Onbekend,Onbekend,Dag,met lichtgewonden,3,Fiets,8,Voetganger,Buiten Kruispunt,Gemeenteweg,binnen bebouwde kom,Met een voetganger,Geen hindernis
36818,143,Eco Display Classic Budastraat,Kortrijk,50.83066,3.26286,0.41405431800451936,50.827128939863094,3.26098848693376,2022,12,14,34022,Kortrijk,Normaal,Droog,Dag,met lichtgewonden,9,personenauto,3,Fiets,Op Kruispunt,Gewestweg,binnen bebouwde kom,Tss. 2 best.: langs opzij (voor-/achterkant-flank),Geen hindernis
36818,75,Kortrijk teller 2,Kortrijk,50.81925,3.25731,0.9134075604852772,50.827128939863094,3.26098848693376,2022,12,14,34022,Kortrijk,Normaal,Droog,Dag,met lichtgewonden,9,personenauto,3,Fiets,Op Kruispunt,Gewestweg,binnen bebouwde kom,Tss. 2 best.: langs opzij (voor-/achterkant-flank),Geen hindernis
36818,74,Kortrijk teller 1,Kortrijk,50.81909,3.25728,0.9310731654818607,50.827128939863094,3.26098848693376,2022,12,14,34022,Kortrijk,Normaal,Droog,Dag,met lichtgewonden,9,personenauto,3,Fiets,Op Kruispunt,Gewestweg,binnen bebouwde kom,Tss. 2 best.: langs opzij (voor-/achterkant-flank),Geen hindernis
36834,65,Nieuwpoort teller 2,Nieuwpoort,51.13435,2.75511,0.06472595264922094,51.13381059129832,2.754761319159148,2022,12,6,38016,Nieuwpoort,Normaal,Droog,"Nacht, openbare verlichting aanwezig en ontstoken",met lichtgewonden,9,personenauto,3,Fiets,Op Kruispunt,Gewestweg,binnen bebouwde kom,Tss. 2 best.: langs opzij (voor-/achterkant-flank),Geen hindernis
36834,64,Nieuwpoort teller 1,Nieuwpoort,51.13359,2.75737,0.18366699778493306,51.13381059129832,2.754761319159148,2022,12,6,38016,Nieuwpoort,Normaal,Droog,"Nacht, openbare verlichting aanwezig en ontstoken",met lichtgewonden,9,personenauto,3,Fiets,Op Kruispunt,Gewestweg,binnen bebouwde kom,Tss. 2 best.: langs opzij (voor-/achterkant-flank),Geen hindernis
36834,66,Nieuwpoort totem,Nieuwpoort,51.1347,2.74369,0.7788012703507352,51.13381059129832,2.754761319159148,2022,12,6,38016,Nieuwpoort,Normaal,Droog,"Nacht, openbare verlichting aanwezig en ontstoken",met lichtgewonden,9,personenauto,3,Fiets,Op Kruispunt,Gewestweg,binnen bebouwde kom,Tss. 2 best.: langs opzij (voor-/achterkant-flank),Geen hindernis
36834,63,Nieuwpoort teller 3,Nieuwpoort,51.13529,2.74289,0.8444879050216256,51.13381059129832,2.754761319159148,2022,12,6,38016,Nieuwpoort,Normaal,Droog,"Nacht, openbare verlichting aanwezig en ontstoken",met lichtgewonden,9,personenauto,3,Fiets,Op Kruispunt,Gewestweg,binnen bebouwde kom,Tss. 2 best.: langs opzij (voor-/achterkant-flank),Geen hindernis
36865,100,Mechelen teller 2,Mechelen,51.0457,4.46883,0.16947995704433352,51.04712586699318,4.467973435963284,2022,12,8,12025,Mechelen,Regenval,"Nat, plassen",Dageraad - schemering,met lichtgewonden,3,Fiets,6,Bromfiets,Buiten Kruispunt,Gewestweg,binnen bebouwde kom,Tussen 2 bestuurders: Frontale botsing,Geen hindernis
36865,99,Mechelen teller 1,Mechelen,51.04564,4.46882,0.17550020910688754,51.04712586699318,4.467973435963284,2022,12,8,12025,Mechelen,Regenval,"Nat, plassen",Dageraad - schemering,met lichtgewonden,3,Fiets,6,Bromfiets,Buiten Kruispunt,Gewestweg,binnen bebouwde kom,Tussen 2 bestuurders: Frontale botsing,Geen hindernis
36868,140,Hasselt ring,Hasselt,50.9300038,5.3438616,0.5149113699590064,50.93360445547208,5.339241445534779,2022,12,12,71022,Hasselt,Normaal,Droog,Dag,met lichtgewonden,3,Fiets,3,Fiets,Op Kruispunt,Gemeenteweg,binnen bebouwde kom,Tussen 2 bestuurders: Flank tegen flank,Geen hindernis
36868,138,Hasselt-Kempische brug,Hasselt,50.9405318,5.3422472,0.79856148722366,50.93360445547208,5.339241445534779,2022,12,12,71022,Hasselt,Normaal,Droog,Dag,met lichtgewonden,3,Fiets,3,Fiets,Op Kruispunt,Gemeenteweg,binnen bebouwde kom,Tussen 2 bestuurders: Flank tegen flank,Geen hindernis
36868,137,Hasselt-Kempische brug,Hasselt,50.9411605,5.3417576,0.8584935863954739,50.93360445547208,5.339241445534779,2022,12,12,71022,Hasselt,Normaal,Droog,Dag,met lichtgewonden,3,Fiets,3,Fiets,Op Kruispunt,Gemeenteweg,binnen bebouwde kom,Tussen 2 bestuurders: Flank tegen flank,Geen hindernis
36876,140,Hasselt ring,Hasselt,50.9300038,5.3438616,0.7216246757209575,50.92435180796164,5.338801713848241,2022,12,17,71022,Hasselt,Normaal,Droog,Dag,met lichtgewonden,9,personenauto,3,Fiets,Op Kruispunt,Gewestweg,binnen bebouwde kom,Tss. 2 best.: langs opzij (voor-/achterkant-flank),Geen hindernis
36881,25,Bree,Bree,51.13679500160176,5.597669323604317,0.7769515356894863,51.13835790968106,5.608523141856366,2022,11,16,72004,Bree,Onbekend,Onbekend,Dag,met lichtgewonden,3,Fiets,3,Fiets,Buiten Kruispunt,Gewestweg,buiten bebouwde kom,Tussen 2 bestuurders: Frontale botsing,Geen hindernis
36888,23,Tienen 3,Tienen,50.81324,4.93447,0.9813939830519588,50.80791383338387,4.923332503012392,2022,12,7,24107,Tienen,Normaal,Droog,Dageraad - schemering,met lichtgewonden,9,personenauto,3,Fiets,Op Kruispunt,Gemeenteweg,binnen bebouwde kom,Tussen 2 bestuurders: Frontale botsing,Geen hindernis
37022,45,Pelt teller 1,Pelt,51.23127,5.44377,0.7719917921522017,51.23118877845683,5.454856629519426,2023,1,1,72043,Pelt,Normaal,Droog,"Nacht, openbare verlichting aanwezig en ontstoken",met zwaargewonden,9,personenauto,3,Fiets,Buiten Kruispunt,Gemeenteweg,buiten bebouwde kom,Tussen 2 bestuurders: Langs achteren,Geen hindernis