crash_row_id,site_id,site_name,site_gemeente,site_lat,site_long,distance_km,crash_lat,crash_long,DT_YEAR_COLLISION,DT_MONTH_COLLISION,DT_TIME,CD_NIS,TX_MUNTY_COLLISION_NL,TX_WEATHER_NL,TX_ROAD_CONDITION_NL,TX_LIGHT_CONDITION_NL,TX_CLASS_ACCIDENTS_NL,CD_ROAD_USR_TYPE1,TX_ROAD_USR_TYPE1_NL,CD_ROAD_USR_TYPE2,TX_ROAD_USR_TYPE2_NL,TX_CROSSWAY_NL,CD_ROAD_TYPE_NL,TX_BUILD_UP_AREA_NL,TX_COLLISION_TYPE_NL,TX_OBSTACLES_NL
37022,46,Pelt teller 2,Pelt,51.231,5.44375,0.7736186268177873,51.23118877845683,5.454856629519426,2023,1,1,72043,Pelt,Normaal,Droog,"Nacht, openbare verlichting aanwezig en ontstoken",met zwaargewonden,9,personenauto,3,Fiets,Buiten Kruispunt,Gemeenteweg,buiten bebouwde kom,Tussen 2 bestuurders: Langs achteren,Geen hindernis
37039,69,Leuven teller 1,Leuven,50.87549,4.71526,0.7965102245711128,50.871332564246124,4.7245039538986955,2023,1,8,24062,Leuven,Normaal,Droog,Dag,met lichtgewonden,5,Lichte vrachtauto,3,Fiets,Buiten Kruispunt,Gewestweg,buiten bebouwde kom,Tss. 2 best.: langs opzij (voor-/achterkant-flank),Geen hindernis
37041,77,Leuven teller 2,Leuven,50.88672,4.70796,0.7438332053951162,50.88547886557159,4.697540470303048,2023,1,9,24062,Leuven,Normaal,Droog,Dag,met lichtgewonden,3,Fiets,1,Autobus,Op Kruispunt,Gemeenteweg,binnen bebouwde kom,Tss. 2 best.: langs opzij (voor-/achterkant-flank),Geen hindernis
37041,107,leuven totem,Leuven,50.8870744,4.7087919,0.8089665327942537,50.88547886557159,4.697540470303048,2023,1,9,24062,Leuven,Normaal,Droog,Dag,met lichtgewonden,3,Fiets,1,Autobus,Op Kruispunt,Gemeenteweg,binnen bebouwde kom,Tss. 2 best.: langs opzij (voor-/achterkant-flank),Geen hindernis
37042,108,Heverlee teller 1,Leuven,50.8471728,4.6954674,0.18276423556187427,50.84881564532322,4.695548252558499,2023,1,8,24062,Leuven,Regenval,Proper,Dag,met lichtgewonden,9,personenauto,3,Fiets,Buiten Kruispunt,Gewestweg,binnen bebouwde kom,Tss. 2 best.: langs opzij (voor-/achterkant-flank),Geen hindernis
37042,76,Heverlee teller 2,Leuven,50.84606,4.69597,0.3078410891311539,50.84881564532322,4.695548252558499,2023,1,8,24062,Leuven,Regenval,Proper,Dag,met lichtgewonden,9,personenauto,3,Fiets,Buiten Kruispunt,Gewestweg,binnen bebouwde kom,Tss. 2 best.: langs opzij (voor-/achterkant-flank),Geen hindernis
37046,69,Leuven teller 1,Leuven,50.87549,4.71526,0.7965102245711128,50.871332564246124,4.7245039538986955,2023,1,15,24062,Leuven,Normaal,Droog,Dag,met lichtgewonden,9,personenauto,3,Fiets,Buiten Kruispunt,Gewestweg,binnen bebouwde kom,Tss. 2 best.: langs opzij (voor-/achterkant-flank),Geen hindernis
37048,69,Leuven teller 1,Leuven,50.87549,4.71526,0.9449532925836489,50.88211050373521,4.723704269966878,2023,1,15,24062,Leuven,Normaal,"Ijzel, sneeuw",Dag,met lichtgewonden,3,Fiets,10,"één bestuurder, geen hindernis",Buiten Kruispunt,Gemeenteweg,binnen bebouwde kom,"Eén bestuurder, geen hindernis (incl. val)",Geen hindernis
37058,70,Kampenhout teller 1,Kampenhout,50.95682,4.59318,0.6904193851013259,50.96075307948742,4.600807730728057,2023,1,8,24014,Boortmeerbeek,Normaal,Droog,Dageraad - schemering,met lichtgewonden,5,Lichte vrachtauto,3,Fiets,Op Kruispunt,Gewestweg,buiten bebouwde kom,Tss. 2 best.: langs opzij (voor-/achterkant-flank),Geen hindernis
37058,71,Kampenhout teller 2,Kampenhout,50.95589,4.59164,0.8394722827420138,50.96075307948742,4.600807730728057,2023,1,8,24014,Boortmeerbeek,Normaal,Droog,Dageraad - schemering,met lichtgewonden,5,Lichte vrachtauto,3,Fiets,Op Kruispunt,Gewestweg,buiten bebouwde kom,Tss. 2 best.: langs opzij (voor-/achterkant-flank),Geen hindernis
37059,70,Kampenhout teller 1,Kampenhout,50.95682,4.59318,0.6904193851013259,50.96075307948742,4.600807730728057,2023,1,15,23038,Kampenhout,Normaal,Droog,Dag,met lichtgewonden,9,personenauto,3,Fiets,Op Kruispunt,Gewestweg,buiten bebouwde kom,Tss. 2 best.: langs opzij (voor-/achterkant-flank),Geen hindernis
37059,71,Kampenhout teller 2,Kampenhout,50.95589,4.59164,0.8394722827420138,50.96075307948742,4.600807730728057,2023,1,15,23038,Kampenhout,Normaal,Droog,Dag,met lichtgewonden,9,personenauto,3,Fiets,Op Kruispunt,Gewestweg,buiten bebouwde kom,Tss. 2 best.: langs opzij (voor-/achterkant-flank),Geen hindernis
37062,102,Diest teller 2,Diest,50.9779,5.04474,0.8244381277405821,50.97209041353957,5.037423890767983,2023,1,17,24020,Diest,Onbekend,"Nat, plassen",Dageraad - schemering,met lichtgewonden,9,personenauto,3,Fiets,Buiten Kruispunt,Gewestweg,buiten bebouwde kom,Tussen 2 bestuurders: Frontale botsing,Geen hindernis
37062,101,Diest teller 1,Diest,50.97799,5.04481,0.8353278097341088,50.97209041353957,5.037423890767983,2023,1,17,24020,Diest,Onbekend,"Nat, plassen",Dageraad - schemering,met lichtgewonden,9,personenauto,3,Fiets,Buiten Kruispunt,Gewestweg,buiten bebouwde kom,Tussen 2 bestuurders: Frontale botsing,Geen hindernis
37077,80,Wemmel teller 1,Wemmel,50.91418,4.29571,0.8327150874771068,50.91032945841364,4.305897034937916,2023,1,8,23102,Wemmel,Onbekend,Onbekend,Onbekend,met lichtgewonden,9,personenauto,3,Fiets,Buiten Kruispunt,Gemeenteweg,binnen bebouwde kom,Tss. 2 best.: langs opzij (voor-/achterkant-flank),Geen hindernis
37077,81,Wemmel teller 2,Wemmel,50.91439,4.29568,0.8467361224487421,50.91032945841364,4.305897034937916,2023,1,8,23102,Wemmel,Onbekend,Onbekend,Onbekend,met lichtgewonden,9,personenauto,3,Fiets,Buiten Kruispunt,Gemeenteweg,binnen bebouwde kom,Tss. 2 best.: langs opzij (voor-/achterkant-flank),Geen hindernis
37078,27,Grimbergen,Meise,50.92127,4.34013,0.47316358214846843,50.9172859451062,4.342501210457321,2023,1,12,23025,Grimbergen,Onbekend,Droog,Dag,met lichtgewonden,9,personenauto,3,Fiets,Buiten Kruispunt,Gewestweg,buiten bebouwde kom,Tss. 2 best.: langs opzij (voor-/achterkant-flank),Geen hindernis
37080,149,Machelen,,50.88297881,4.43356644,0.29875746328818975,50.88287378596216,4.437821800676202,2023,1,12,23047,Machelen,Normaal,Droog,Dag,met lichtgewonden,3,Fiets,11,een weggebruiker tegen een hindernis,Buiten Kruispunt,Gemeenteweg,binnen bebouwde kom,Weggebruiker tegen hindernis buiten rijbaan,Buiten de rijbaan: Verlichtingspaal
37081,149,Machelen,,50.88297881,4.43356644,0.7549687467716106,50.88961288746606,4.435856750172511,2023,1,17,23047,Machelen,Regenval,"Nat, plassen","Nacht, openbare verlichting aanwezig en ontstoken",met lichtgewonden,3,Fiets,11,een weggebruiker tegen een hindernis,Buiten Kruispunt,Gemeenteweg,binnen bebouwde kom,Weggebruiker tegen hindernis buiten rijbaan,Andere hindernis
37124,118,Gent teller 1,Gent,51.028049,3.7681359,0.6454857888066513,51.03160876071139,3.7608449118321703,2023,1,18,44021,Gent,Regenval,"Nat, plassen","Nacht, openbare verlichting aanwezig en ontstoken",met lichtgewonden,9,personenauto,3,Fiets,Op Kruispunt,Gewestweg,binnen bebouwde kom,Tss. 2 best.: langs opzij (voor-/achterkant-flank),Geen hindernis
37124,119,Gent teller 2,Gent,51.0281795,3.7683918,0.6511093549573026,51.03160876071139,3.7608449118321703,2023,1,18,44021,Gent,Regenval,"Nat, plassen","Nacht, openbare verlichting aanwezig en ontstoken",met lichtgewonden,9,personenauto,3,Fiets,Op Kruispunt,Gewestweg,binnen bebouwde kom,Tss. 2 best.: langs opzij (voor-/achterkant-flank),Geen hindernis
37155,115,Aalter,Aalter,51.1058367,3.4350591,0.34156510995196043,51.10599033996334,3.430172958074111,2023,1,17,44084,Aalter,"Sterke wind, rukwind","Nat, plassen",Dageraad - schemering,met lichtgewonden,3,Fiets,11,een weggebruiker tegen een hindernis,Buiten Kruispunt,Gemeenteweg,binnen bebouwde kom,Weggebruiker tegen hindernis buiten rijbaan,Buiten de rijbaan: Boom
37201,10,Aalst 2,Aalst,50.93549,4.01571,0.9177190857974157,50.942471866911156,4.022694221964765,2023,1,8,41002,Aalst,Regenval,"Nat, plassen",Dag,met lichtgewonden,9,personenauto,3,Fiets,Op Kruispunt,Gemeenteweg,binnen bebouwde kom,Tss. 2 best.: langs opzij (voor-/achterkant-flank),Geen hindernis
37217,125,Dendermonde totem,Dendermonde,51.0372706,4.1025998,0.8421688778579982,51.03448885207623,4.11380222403247,2023,1,21,42006,Dendermonde,Regenval,"Nat, plassen","Nacht, openbare verlichting aanwezig en ontstoken",met lichtgewonden,3,Fiets,3,Fiets,Buiten Kruispunt,Gewestweg,binnen bebouwde kom,Tussen 2 bestuurders: Frontale botsing,Geen hindernis
37217,122,Dendermonde teller 2,Dendermonde,51.0373918,4.1019222,0.8911994316953129,51.03448885207623,4.11380222403247,2023,1,21,42006,Dendermonde,Regenval,"Nat, plassen","Nacht, openbare verlichting aanwezig en ontstoken",met lichtgewonden,3,Fiets,3,Fiets,Buiten Kruispunt,Gewestweg,binnen bebouwde kom,Tussen 2 bestuurders: Frontale botsing,Geen hindernis
37223,20,Brugge,Brugge,51.17416,3.20048,0.8263315134499459,51.171968479535735,3.1891542796030405,2023,1,10,31005,Brugge,Normaal,Droog,Dag,met lichtgewonden,9,personenauto,3,Fiets,Op Kruispunt,Gewestweg,binnen bebouwde kom,Tss. 2 best.: langs opzij (voor-/achterkant-flank),Geen hindernis
37245,59,Ardooie teller 1,Ardooie,50.96784,3.18479,0.9079585675251068,50.97207882603686,3.1958726547397616,2023,1,15,37020,Ardooie,Normaal,Droog,Dag,met lichtgewonden,3,Fiets,5,Lichte vrachtauto,Buiten Kruispunt,Gewestweg,buiten bebouwde kom,Tss. 2 best.: langs opzij (voor-/achterkant-flank),Geen hindernis
37245,60,Ardooie teller 2,Ardooie,50.96783,3.18411,0.9495303739303439,50.97207882603686,3.1958726547397616,2023,1,15,37020,Ardooie,Normaal,Droog,Dag,met lichtgewonden,3,Fiets,5,Lichte vrachtauto,Buiten Kruispunt,Gewestweg,buiten bebouwde kom,Tss. 2 best.: langs opzij (voor-/achterkant-flank),Geen hindernis
37271,143,Eco Display Classic Budastraat,Kortrijk,50.83066,3.26286,0.43160296459169606,50.82703294499752,3.2606717092510955,2023,1,13,34022,Kortrijk,Normaal,Droog,Dag,met lichtgewonden,9,personenauto,3,Fiets,Buiten Kruispunt,Gemeenteweg,binnen bebouwde kom,Tss. 2 best.: langs opzij (voor-/achterkant-flank),Geen hindernis
37271,75,Kortrijk teller 2,Kortrijk,50.81925,3.25731,0.8970619728605181,50.82703294499752,3.2606717092510955,2023,1,13,34022,Kortrijk,Normaal,Droog,Dag,met lichtgewonden,9,personenauto,3,Fiets,Buiten Kruispunt,Gemeenteweg,binnen bebouwde kom,Tss. 2 best.: langs opzij (voor-/achterkant-flank),Geen hindernis
37271,74,Kortrijk teller 1,Kortrijk,50.81909,3.25728,0.9147843581303524,50.82703294499752,3.2606717092510955,2023,1,13,34022,Kortrijk,Normaal,Droog,Dag,met lichtgewonden,9,personenauto,3,Fiets,Buiten Kruispunt,Gemeenteweg,binnen bebouwde kom,Tss. 2 best.: langs opzij (voor-/achterkant-flank),Geen hindernis
37272,75,Kortrijk teller 2,Kortrijk,50.81925,3.25731,0.24657450575686748,50.82114959589914,3.255499108088185,2023,1,16,34022,Kortrijk,Regenval,"Nat, plassen",Dag,met lichtgewonden,9,personenauto,3,Fiets,Op Kruispunt,Gemeenteweg,binnen bebouwde kom,Tss. 2 best.: langs opzij (voor-/achterkant-flank),Geen hindernis
37272,74,Kortrijk teller 1,Kortrijk,50.81909,3.25728,0.2609592467721657,50.82114959589914,3.255499108088185,2023,1,16,34022,Kortrijk,Regenval,"Nat, plassen",Dag,met lichtgewonden,9,personenauto,3,Fiets,Op Kruispunt,Gemeenteweg,binnen bebouwde kom,Tss. 2 best.: langs opzij (voor-/achterkant-flank),Geen hindernis
37273,17,Kortrijk 2,Kortrijk,50.83339,3.27773,0.8903645270331069,50.83887426018771,3.2684918315512883,2023,1,14,34022,Kortrijk,Regenval,"Nat, plassen",Dag,met lichtgewonden,3,Fiets,3,Fiets,Op Kruispunt,Gemeenteweg,binnen bebouwde kom,Tussen 2 bestuurders: Flank tegen flank,Geen hindernis
37273,16,Kortrijk 1,Kortrijk,50.83332,3.27777,0.8977505017179531,50.83887426018771,3.2684918315512883,2023,1,14,34022,Kortrijk,Regenval,"Nat, plassen",Dag,met lichtgewonden,3,Fiets,3,Fiets,Op Kruispunt,Gemeenteweg,binnen bebouwde kom,Tussen 2 bestuurders: Flank tegen flank,Geen hindernis
37273,143,Eco Display Classic Budastraat,Kortrijk,50.83066,3.26286,0.9953351965840611,50.83887426018771,3.2684918315512883,2023,1,14,34022,Kortrijk,Regenval,"Nat, plassen",Dag,met lichtgewonden,3,Fiets,3,Fiets,Op Kruispunt,Gemeenteweg,binnen bebouwde kom,Tussen 2 bestuurders: Flank tegen flank,Geen hindernis
37274,143,Eco Display Classic Budastraat,Kortrijk,50.83066,3.26286,0.6429045839584785,50.83185017102487,3.2539019593998404,2023,1,19,34022,Kortrijk,Onbekend,Onbekend,Dageraad - schemering,met lichtgewonden,9,personenauto,3,Fiets,Op Kruispunt,Gewestweg,binnen bebouwde kom,Tss. 2 best.: langs opzij (voor-/achterkant-flank),Geen hindernis
37276,143,Eco Display Classic Budastraat,Kortrijk,50.83066,3.26286,0.3081560381121492,50.83335401162717,3.2618308838932895,2023,1,1,34022,Kortrijk,Normaal,Droog,"Nacht, openbare verlichting aanwezig en ontstoken",met lichtgewonden,3,Fiets,10,"één bestuurder, geen hindernis",Buiten Kruispunt,Gemeenteweg,binnen bebouwde kom,"Eén bestuurder, geen hindernis (incl. val)",Geen hindernis
37280,75,Kortrijk teller 2,Kortrijk,50.81925,3.25731,0.8701977073422593,50.82243495729064,3.2686253668738536,2023,1,12,34022,Kortrijk,Normaal,Droog,Dag,met lichtgewonden,3,Fiets,10,"één bestuurder, geen hindernis",Buiten Kruispunt,Gewestweg,binnen bebouwde kom,"Eén bestuurder, geen hindernis (incl. val)",Geen hindernis
37280,74,Kortrijk teller 1,Kortrijk,50.81909,3.25728,0.8794992764887221,50.82243495729064,3.2686253668738536,2023,1,12,34022,Kortrijk,Normaal,Droog,Dag,met lichtgewonden,3,Fiets,10,"één bestuurder, geen hindernis",Buiten Kruispunt,Gewestweg,binnen bebouwde kom,"Eén bestuurder, geen hindernis (incl. val)",Geen hindernis
37294,67,Ieper totem,Ieper,50.85018,2.85624,0.9365771542399409,50.8425252219605,2.8618054864265243,2023,1,10,33011,Ieper,Normaal,Droog,Dag,met lichtgewonden,3,Fiets,11,een weggebruiker tegen een hindernis,Op Kruispunt,Gemeenteweg,buiten bebouwde kom,Weggebruiker tegen hindernis op de rijbaan,"Op de rijbaan: Werken (signal., aarde, toestel,…)"
37294,68,Ieper,Ieper,50.85032,2.85608,0.955418499019148,50.8425252219605,2.8618054864265243,2023,1,10,33011,Ieper,Normaal,Droog,Dag,met lichtgewonden,3,Fiets,11,een weggebruiker tegen een hindernis,Op Kruispunt,Gemeenteweg,buiten bebouwde kom,Weggebruiker tegen hindernis op de rijbaan,"Op de rijbaan: Werken (signal., aarde, toestel,…)"
37300,41,Maasmechelen teller 1,Maasmechelen,50.97025,5.69799,0.8174372568206676,50.96289887204879,5.698088535084777,2023,1,15,73107,Maasmechelen,Regenval,"Nat, plassen",Dag,met lichtgewonden,9,personenauto,3,Fiets,Op Kruispunt,Gewestweg,binnen bebouwde kom,Tss. 2 best.: langs opzij (voor-/achterkant-flank),Geen hindernis
37300,42,Maasmechelen teller 2,Maasmechelen,50.97043,5.6981,0.837423604946508,50.96289887204879,5.698088535084777,2023,1,15,73107,Maasmechelen,Regenval,"Nat, plassen",Dag,met lichtgewonden,9,personenauto,3,Fiets,Op Kruispunt,Gewestweg,binnen bebouwde kom,Tss. 2 best.: langs opzij (voor-/achterkant-flank),Geen hindernis
37301,42,Maasmechelen teller 2,Maasmechelen,50.97043,5.6981,0.4259306663795453,50.9720653507201,5.692599296391783,2023,1,8,73107,Maasmechelen,Normaal,Droog,Dag,met lichtgewonden,3,Fiets,9,personenauto,Op Kruispunt,Gemeenteweg,binnen bebouwde kom,Tss. 2 best.: langs opzij (voor-/achterkant-flank),Geen hindernis
37301,41,Maasmechelen teller 1,Maasmechelen,50.97025,5.69799,0.42804597974655606,50.9720653507201,5.692599296391783,2023,1,8,73107,Maasmechelen,Normaal,Droog,Dag,met lichtgewonden,3,Fiets,9,personenauto,Op Kruispunt,Gemeenteweg,binnen bebouwde kom,Tss. 2 best.: langs opzij (voor-/achterkant-flank),Geen hindernis
37307,124,Beveren teller 2,Beveren,51.1964712,4.2361077,0.3151019420933156,51.199296770698915,4.235763730976023,2023,1,8,46003,Beveren,Onbekend,Onbekend,Onbekend,met lichtgewonden,3,Fiets,3,Fiets,Buiten Kruispunt,Gemeenteweg,buiten bebouwde kom,Tussen 2 bestuurders: Langs achteren,Geen hindernis
37310,105,St. pieters leeuw teller 2,Halle,50.75509,4.24943,0.3376106497695919,50.75317971281194,4.253160259132606,2023,1,16,23027,Halle,Regenval,"Nat, plassen",Dageraad - schemering,met lichtgewonden,3,Fiets,9,personenauto,Op Kruispunt,Gemeenteweg,buiten bebouwde kom,Tss. 2 best.: langs opzij (voor-/achterkant-flank),Geen hindernis
37310,106,St. pieters leeuw teller 1,Sint-Pieters-Leeuw,50.75533,4.24951,0.3508677110611765,50.75317971281194,4.253160259132606,2023,1,16,23027,Halle,Regenval,"Nat, plassen",Dageraad - schemering,met lichtgewonden,3,Fiets,9,personenauto,Op Kruispunt,Gemeenteweg,buiten bebouwde kom,Tss. 2 best.: langs opzij (voor-/achterkant-flank),Geen hindernis
37312,140,Hasselt ring,Hasselt,50.9300038,5.3438616,0.6470003565165396,50.926993336337496,5.335961590455009,2023,1,7,71022,Hasselt,Normaal,Droog,"Nacht, openbare verlichting aanwezig en ontstoken",met lichtgewonden,3,Fiets,5,Lichte vrachtauto,Buiten Kruispunt,Gewestweg,binnen bebouwde kom,Tussen 2 bestuurders: Flank tegen flank,Geen hindernis
37314,140,Hasselt ring,Hasselt,50.9300038,5.3438616,0.8404801647797588,50.92253883975134,5.345743521633107,2023,1,9,71022,Hasselt,Normaal,Droog,Dag,met lichtgewonden,9,personenauto,3,Fiets,Op Kruispunt,Gemeenteweg,binnen bebouwde kom,Tussen 2 bestuurders: Frontale botsing,Geen hindernis
37316,140,Hasselt ring,Hasselt,50.9300038,5.3438616,0.6248591935046832,50.93230523745707,5.335727405305926,2023,1,9,71022,Hasselt,Normaal,"Nat, plassen",Dag,met lichtgewonden,3,Fiets,9,personenauto,Op Kruispunt,Gemeenteweg,binnen bebouwde kom,Tss. 2 best.: langs opzij (voor-/achterkant-flank),Geen hindernis
37327,49,Bokrijk,Genk,50.95264,5.41001,0.06256988158124158,50.952510258175664,5.4091408336286,2023,1,8,71016,Genk,Normaal,Droog,Dag,met lichtgewonden,3,Fiets,10,"één bestuurder, geen hindernis",Buiten Kruispunt,Gewestweg,buiten bebouwde kom,"Eén bestuurder, geen hindernis (incl. val)",Geen hindernis
37333,25,Bree,Bree,51.13679500160176,5.597669323604317,0.793079002903055,51.13471503643422,5.586796725742939,2023,1,12,72004,Bree,Normaal,Droog,Dag,met lichtgewonden,9,personenauto,3,Fiets,Buiten Kruispunt,Gewestweg,buiten bebouwde kom,Tss. 2 best.: langs opzij (voor-/achterkant-flank),Geen hindernis
37336,24,Tienen 1,Tienen,50.8133795491886,4.935044252605416,0.03633002609112147,50.813052895083395,4.935054930539256,2023,1,18,24107,Tienen,Onbekend,"Nat, plassen","Nacht, openbare verlichting aanwezig en ontstoken",met lichtgewonden,9,personenauto,3,Fiets,Buiten Kruispunt,Gewestweg,binnen bebouwde kom,Tss. 2 best.: langs opzij (voor-/achterkant-flank),Geen hindernis
37336,23,Tienen 3,Tienen,50.81324,4.93447,0.04606268387374441,50.813052895083395,4.935054930539256,2023,1,18,24107,Tienen,Onbekend,"Nat, plassen","Nacht, openbare verlichting aanwezig en ontstoken",met lichtgewonden,9,personenauto,3,Fiets,Buiten Kruispunt,Gewestweg,binnen bebouwde kom,Tss. 2 best.: langs opzij (voor-/achterkant-flank),Geen hindernis
37336,22,Tienen 2,Tienen,50.81330800184882,4.935984252796022,0.07118866724700154,50.813052895083395,4.935054930539256,2023,1,18,24107,Tienen,Onbekend,"Nat, plassen","Nacht, openbare verlichting aanwezig en ontstoken",met lichtgewonden,9,personenauto,3,Fiets,Buiten Kruispunt,Gewestweg,binnen bebouwde kom,Tss. 2 best.: langs opzij (voor-/achterkant-flank),Geen hindernis
37341,23,Tienen 3,Tienen,50.81324,4.93447,0.9640420190238443,50.8045899886549,4.933542648735966,2023,1,19,24107,Tienen,Regenval,"Nat, plassen","Nacht, openbare verlichting aanwezig en ontstoken",met zwaargewonden,9,personenauto,3,Fiets,Buiten Kruispunt,Gemeenteweg,binnen bebouwde kom,Tss. 2 best.: langs opzij (voor-/achterkant-flank),Geen hindernis
37341,24,Tienen 1,Tienen,50.8133795491886,4.935044252605416,0.9830332020302746,50.8045899886549,4.933542648735966,2023,1,19,24107,Tienen,Regenval,"Nat, plassen","Nacht, openbare verlichting aanwezig en ontstoken",met zwaargewonden,9,personenauto,3,Fiets,Buiten Kruispunt,Gemeenteweg,binnen bebouwde kom,Tss. 2 best.: langs opzij (voor-/achterkant-flank),Geen hindernis
37341,22,Tienen 2,Tienen,50.81330800184882,4.935984252796022,0.9844626433302124,50.8045899886549,4.933542648735966,2023,1,19,24107,Tienen,Regenval,"Nat, plassen","Nacht, openbare verlichting aanwezig en ontstoken",met zwaargewonden,9,personenauto,3,Fiets,Buiten Kruispunt,Gemeenteweg,binnen bebouwde kom,Tss. 2 best.: langs opzij (voor-/achterkant-flank),Geen hindernis
37464,9,Heist op den Berg 2,Heist-op-den-Berg,51.06904,4.69524,0.5077582853905168,51.071369529096124,4.701490293919839,2023,2,8,12014,Heist-op-den-Berg,Normaal,Droog,Dag,met lichtgewonden,3,Fiets,9,personenauto,Op Kruispunt,Gewestweg,binnen bebouwde kom,Tss. 2 best.: langs opzij (voor-/achterkant-flank),Geen hindernis
37465,9,Heist op den Berg 2,Heist-op-den-Berg,51.06904,4.69524,0.1935367536317446,51.06972238590636,4.697788099750858,2023,2,9,12014,Heist-op-den-Berg,Normaal,Droog,Dag,met zwaargewonden,3,Fiets,5,Lichte vrachtauto,Op Kruispunt,Gewestweg,binnen bebouwde kom,Tussen 2 bestuurders: Frontale botsing,Geen hindernis
37465,8,Heist op den Berg 1,Heist-op-den-Berg,51.06759,4.68823,0.7087011156083146,51.06972238590636,4.697788099750858,2023,2,9,12014,Heist-op-den-Berg,Normaal,Droog,Dag,met zwaargewonden,3,Fiets,5,Lichte vrachtauto,Op Kruispunt,Gewestweg,binnen bebouwde kom,Tussen 2 bestuurders: Frontale botsing,Geen hindernis
37474,133,Gierde Lille Totem,Lille,51.2453915,4.8297416,0.581485876334189,51.24338340715591,4.822028328068011,2023,2,17,13019,Lille,Normaal,Droog,Dag,met lichtgewonden,3,Fiets,3,Fiets,Buiten Kruispunt,Gewestweg,binnen bebouwde kom,Tussen 2 bestuurders: Flank tegen flank,Geen hindernis
37474,132,Gierde lille,Lille,51.245445,4.8298851,0.5929952273024696,51.24338340715591,4.822028328068011,2023,2,17,13019,Lille,Normaal,Droog,Dag,met lichtgewonden,3,Fiets,3,Fiets,Buiten Kruispunt,Gewestweg,binnen bebouwde kom,Tussen 2 bestuurders: Flank tegen flank,Geen hindernis
37480,89,Westerlo teller 2,Westerlo,51.08191,4.91334,0.6969914831564471,51.07592027938604,4.910399177223495,2023,2,16,13013,Herselt,Normaal,Droog,Dag,met lichtgewonden,3,Fiets,8,Voetganger,Buiten Kruispunt,Gewestweg,buiten bebouwde kom,Met een voetganger,Geen hindernis
37480,88,Westerlo teller 1,Westerlo,51.082,4.91325,0.7047581187747703,51.07592027938604,4.910399177223495,2023,2,16,13013,Herselt,Normaal,Droog,Dag,met lichtgewonden,3,Fiets,8,Voetganger,Buiten Kruispunt,Gewestweg,buiten bebouwde kom,Met een voetganger,Geen hindernis
37499,94,Herentals teller 2,Herentals,51.17345,4.81283,0.8776749139838264,51.17418925347259,4.825364176445935,2023,2,15,13011,Herentals,Normaal,Droog,Dag,met lichtgewonden,3,Fiets,9,personenauto,Op Kruispunt,Gemeenteweg,binnen bebouwde kom,Tss. 2 best.: langs opzij (voor-/achterkant-flank),Geen hindernis
37499,110,Herentals totem,Herentals,51.1739426,4.811783,0.9472004841998428,51.17418925347259,4.825364176445935,2023,2,15,13011,Herentals,Normaal,Droog,Dag,met lichtgewonden,3,Fiets,9,personenauto,Op Kruispunt,Gemeenteweg,binnen bebouwde kom,Tss. 2 best.: langs opzij (voor-/achterkant-flank),Geen hindernis
37527,69,Leuven teller 1,Leuven,50.87549,4.71526,0.20941307566238046,50.87370193388216,4.714322956726469,2023,2,17,24062,Leuven,Normaal,Droog,Dageraad - schemering,met lichtgewonden,9,personenauto,3,Fiets,Buiten Kruispunt,Gewestweg,binnen bebouwde kom,Tussen 2 bestuurders: Frontale botsing,Geen hindernis
37528,69,Leuven teller 1,Leuven,50.87549,4.71526,0.5387810217062852,50.875957937843786,4.707617066536882,2023,2,0,24062,Leuven,Normaal,Droog,"Nacht, openbare verlichting aanwezig en ontstoken",met zwaargewonden,3,Fiets,8,Voetganger,Buiten Kruispunt,Gemeenteweg,binnen bebouwde kom,Met een voetganger,Geen vermelding van de aanwezigheid van een hindernis
37530,107,leuven totem,Leuven,50.8870744,4.7087919,0.9618235390894877,50.88391404202739,4.721554981961674,2023,2,17,24062,Leuven,Normaal,Droog,Dageraad - schemering,met zwaargewonden,9,personenauto,3,Fiets,Buiten Kruispunt,Gewestweg,binnen bebouwde kom,Tss. 2 best.: langs opzij (voor-/achterkant-flank),Geen hindernis
37531,77,Leuven teller 2,Leuven,50.88672,4.70796,0.7384407768703539,50.88439547615765,4.69809928294745,2023,2,9,24062,Leuven,Normaal,Droog,Dag,met lichtgewonden,3,Fiets,9,personenauto,Buiten Kruispunt,Gemeenteweg,buiten bebouwde kom,Tussen 2 bestuurders: Flank tegen flank,Geen hindernis
37531,107,leuven totem,Leuven,50.8870744,4.7087919,0.8070660799670306,50.88439547615765,4.69809928294745,2023,2,9,24062,Leuven,Normaal,Droog,Dag,met lichtgewonden,3,Fiets,9,personenauto,Buiten Kruispunt,Gemeenteweg,buiten bebouwde kom,Tussen 2 bestuurders: Flank tegen flank,Geen hindernis