crash_row_id,site_id,site_name,site_gemeente,site_lat,site_long,distance_km,crash_lat,crash_long,DT_YEAR_COLLISION,DT_MONTH_COLLISION,DT_TIME,CD_NIS,TX_MUNTY_COLLISION_NL,TX_WEATHER_NL,TX_ROAD_CONDITION_NL,TX_LIGHT_CONDITION_NL,TX_CLASS_ACCIDENTS_NL,CD_ROAD_USR_TYPE1,TX_ROAD_USR_TYPE1_NL,CD_ROAD_USR_TYPE2,TX_ROAD_USR_TYPE2_NL,TX_CROSSWAY_NL,CD_ROAD_TYPE_NL,TX_BUILD_UP_AREA_NL,TX_COLLISION_TYPE_NL,TX_OBSTACLES_NL
37533,151,Leuven,District Leuven,50.8690262,4.6854839,0.8278957730550702,50.87643958780338,4.684390199116537,2023,2,18,24062,Leuven,Normaal,Onbekend,Dageraad - schemering,met lichtgewonden,3,Fiets,3,Fiets,Buiten Kruispunt,Gewestweg,binnen bebouwde kom,Tussen 2 bestuurders: Frontale botsing,Geen hindernis
37534,77,Leuven teller 2,Leuven,50.88672,4.70796,0.7952999568463481,50.87970129171468,4.705779106054188,2023,2,6,24062,Leuven,Normaal,Droog,"Nacht, openbare verlichting aanwezig en ontstoken",met zwaargewonden,3,Fiets,1,Autobus,Op Kruispunt,Gemeenteweg,binnen bebouwde kom,Tussen 2 bestuurders: Flank tegen flank,Geen hindernis
37534,69,Leuven teller 1,Leuven,50.87549,4.71526,0.8134899342700778,50.87970129171468,4.705779106054188,2023,2,6,24062,Leuven,Normaal,Droog,"Nacht, openbare verlichting aanwezig en ontstoken",met zwaargewonden,3,Fiets,1,Autobus,Op Kruispunt,Gemeenteweg,binnen bebouwde kom,Tussen 2 bestuurders: Flank tegen flank,Geen hindernis
37534,107,leuven totem,Leuven,50.8870744,4.7087919,0.846657680819453,50.87970129171468,4.705779106054188,2023,2,6,24062,Leuven,Normaal,Droog,"Nacht, openbare verlichting aanwezig en ontstoken",met zwaargewonden,3,Fiets,1,Autobus,Op Kruispunt,Gemeenteweg,binnen bebouwde kom,Tussen 2 bestuurders: Flank tegen flank,Geen hindernis
37535,107,leuven totem,Leuven,50.8870744,4.7087919,0.5464138238124265,50.88359594272893,4.7142938017362646,2023,2,4,24062,Leuven,Normaal,Droog,"Nacht, openbare verlichting aanwezig en ontstoken",met lichtgewonden,3,Fiets,10,"één bestuurder, geen hindernis",Buiten Kruispunt,Gemeenteweg,binnen bebouwde kom,"Eén bestuurder, geen hindernis (incl. val)",Geen hindernis
37535,77,Leuven teller 2,Leuven,50.88672,4.70796,0.563995535781111,50.88359594272893,4.7142938017362646,2023,2,4,24062,Leuven,Normaal,Droog,"Nacht, openbare verlichting aanwezig en ontstoken",met lichtgewonden,3,Fiets,10,"één bestuurder, geen hindernis",Buiten Kruispunt,Gemeenteweg,binnen bebouwde kom,"Eén bestuurder, geen hindernis (incl. val)",Geen hindernis
37535,69,Leuven teller 1,Leuven,50.87549,4.71526,0.9038851593561014,50.88359594272893,4.7142938017362646,2023,2,4,24062,Leuven,Normaal,Droog,"Nacht, openbare verlichting aanwezig en ontstoken",met lichtgewonden,3,Fiets,10,"één bestuurder, geen hindernis",Buiten Kruispunt,Gemeenteweg,binnen bebouwde kom,"Eén bestuurder, geen hindernis (incl. val)",Geen hindernis
37538,77,Leuven teller 2,Leuven,50.88672,4.70796,0.7413379066590416,50.88413677672736,4.698217599610938,2023,2,18,24062,Leuven,Normaal,Onbekend,"Nacht, openbare verlichting aanwezig en ontstoken",met lichtgewonden,3,Fiets,9,personenauto,Op Kruispunt,Gemeenteweg,binnen bebouwde kom,Tussen 2 bestuurders: Flank tegen flank,Geen hindernis
37538,107,leuven totem,Leuven,50.8870744,4.7087919,0.8105194629390274,50.88413677672736,4.698217599610938,2023,2,18,24062,Leuven,Normaal,Onbekend,"Nacht, openbare verlichting aanwezig en ontstoken",met lichtgewonden,3,Fiets,9,personenauto,Op Kruispunt,Gemeenteweg,binnen bebouwde kom,Tussen 2 bestuurders: Flank tegen flank,Geen hindernis
37548,101,Diest teller 1,Diest,50.97799,5.04481,0.7056686871268274,50.981011536191964,5.0536740117106085,2023,2,1,24020,Diest,Normaal,Droog,"Nacht, openbare verlichting aanwezig en ontstoken",met lichtgewonden,9,personenauto,3,Fiets,Buiten Kruispunt,Gemeenteweg,binnen bebouwde kom,Tss. 2 best.: langs opzij (voor-/achterkant-flank),Geen hindernis
37548,102,Diest teller 2,Diest,50.9779,5.04474,0.7147726961191495,50.981011536191964,5.0536740117106085,2023,2,1,24020,Diest,Normaal,Droog,"Nacht, openbare verlichting aanwezig en ontstoken",met lichtgewonden,9,personenauto,3,Fiets,Buiten Kruispunt,Gemeenteweg,binnen bebouwde kom,Tss. 2 best.: langs opzij (voor-/achterkant-flank),Geen hindernis
37559,27,Grimbergen,Meise,50.92127,4.34013,0.24379833002012494,50.91915109707905,4.341023748184943,2023,2,18,23025,Grimbergen,Normaal,Proper,"Nacht, openbare verlichting aanwezig en ontstoken",met zwaargewonden,3,Fiets,3,Fiets,Op Kruispunt,Gewestweg,buiten bebouwde kom,Tussen 2 bestuurders: Frontale botsing,Geen hindernis
37565,1,Machelen,Machelen,50.91618331151478,4.456121776137429,0.6350758040337076,50.91859667375724,4.447910950991784,2023,2,18,23047,Machelen,Regenval,"Nat, plassen","Nacht, geen openbare verlichting aanwezig",met lichtgewonden,3,Fiets,11,een weggebruiker tegen een hindernis,Buiten Kruispunt,Gewestweg,binnen bebouwde kom,Weggebruiker tegen hindernis op de rijbaan,"Op de rijbaan: Verkeersdrempel, ezelsrug"
37570,71,Kampenhout teller 2,Kampenhout,50.95589,4.59164,0.6021135462785343,50.95992004670485,4.58589826956319,2023,2,19,23038,Kampenhout,Normaal,Droog,"Nacht, openbare verlichting aanwezig en ontstoken",met lichtgewonden,3,Fiets,9,personenauto,Op Kruispunt,Gewestweg,buiten bebouwde kom,Tss. 2 best.: langs opzij (voor-/achterkant-flank),Geen hindernis
37570,70,Kampenhout teller 1,Kampenhout,50.95682,4.59318,0.6155788242296047,50.95992004670485,4.58589826956319,2023,2,19,23038,Kampenhout,Normaal,Droog,"Nacht, openbare verlichting aanwezig en ontstoken",met lichtgewonden,3,Fiets,9,personenauto,Op Kruispunt,Gewestweg,buiten bebouwde kom,Tss. 2 best.: langs opzij (voor-/achterkant-flank),Geen hindernis
37586,13,Gent,Gent,51.03018,3.70146,0.5859356387285927,51.02847177955556,3.709386065651011,2023,2,8,44021,Gent,Normaal,"Nat, plassen+Vuil (zand, grint, bladeren,...)",Dageraad - schemering,met lichtgewonden,3,Fiets,10,"één bestuurder, geen hindernis",Buiten Kruispunt,Gemeenteweg,binnen bebouwde kom,"Eén bestuurder, geen hindernis (incl. val)",Geen hindernis
37587,13,Gent,Gent,51.03018,3.70146,0.5966567202607055,51.03369091571473,3.7079123920703365,2023,2,17,44021,Gent,Normaal,Droog,Dag,met lichtgewonden,3,Fiets,3,Fiets,Buiten Kruispunt,Gewestweg,binnen bebouwde kom,Tussen 2 bestuurders: Flank tegen flank,Geen hindernis
37617,118,Gent teller 1,Gent,51.028049,3.7681359,0.9040481285905625,51.0199833801017,3.769763103057916,2023,2,1,44040,Melle,Normaal,Droog,"Nacht, openbare verlichting aanwezig en ontstoken",met lichtgewonden,3,Fiets,10,"één bestuurder, geen hindernis",Buiten Kruispunt,Gemeenteweg,binnen bebouwde kom,"Eén bestuurder, geen hindernis (incl. val)",Geen hindernis
37617,119,Gent teller 2,Gent,51.0281795,3.7683918,0.916399739177686,51.0199833801017,3.769763103057916,2023,2,1,44040,Melle,Normaal,Droog,"Nacht, openbare verlichting aanwezig en ontstoken",met lichtgewonden,3,Fiets,10,"één bestuurder, geen hindernis",Buiten Kruispunt,Gemeenteweg,binnen bebouwde kom,"Eén bestuurder, geen hindernis (incl. val)",Geen hindernis
37626,7,Evergem 1,Evergem,51.1089,3.70317,0.42621517112157364,51.112443747384845,3.705496871904666,2023,2,9,44019,Evergem,Normaal,Droog,Dag,met zwaargewonden,9,personenauto,3,Fiets,Buiten Kruispunt,Gemeenteweg,binnen bebouwde kom,Tss. 2 best.: langs opzij (voor-/achterkant-flank),Geen hindernis
37626,6,Evergem 2,Evergem,51.10894,3.70298,0.42738618472510953,51.112443747384845,3.705496871904666,2023,2,9,44019,Evergem,Normaal,Droog,Dag,met zwaargewonden,9,personenauto,3,Fiets,Buiten Kruispunt,Gemeenteweg,binnen bebouwde kom,Tss. 2 best.: langs opzij (voor-/achterkant-flank),Geen hindernis
37630,115,Aalter,Aalter,51.1058367,3.4350591,0.9170757547360848,51.109421519454315,3.4468891828233006,2023,2,12,44084,Aalter,Normaal,Droog,Dag,met lichtgewonden,3,Fiets,3,Fiets,Buiten Kruispunt,Gemeenteweg,buiten bebouwde kom,Tussen 2 bestuurders: Frontale botsing,Geen hindernis
37675,141,Test site A support,Lokeren,51.08342085,3.9961071208376326,0.4772429849682673,51.084857111650656,4.00254557786972,2023,2,7,46014,Lokeren,Normaal,Droog,Dageraad - schemering,met lichtgewonden,3,Fiets,9,personenauto,Buiten Kruispunt,Gemeenteweg,buiten bebouwde kom,Tss. 2 best.: langs opzij (voor-/achterkant-flank),Geen hindernis
37679,126,Hamme totem,Hamme,51.1017709,4.1469307,0.7262002516066894,51.096268136154066,4.141329573351488,2023,2,15,42008,Hamme,Normaal,Droog,Dag,met lichtgewonden,3,Fiets,6,Bromfiets,Buiten Kruispunt,Gemeenteweg,binnen bebouwde kom,Tussen 2 bestuurders: Flank tegen flank,Geen hindernis
37699,11,Aalst 3,Aalst,50.93385,4.01647,0.8846112178979976,50.935939707505895,4.02865042072224,2023,2,8,41002,Aalst,Normaal,Droog,Dag,met lichtgewonden,9,personenauto,3,Fiets,Buiten Kruispunt,Gewestweg,binnen bebouwde kom,Tss. 2 best.: langs opzij (voor-/achterkant-flank),Geen hindernis
37699,10,Aalst 2,Aalst,50.93549,4.01571,0.9081666711088563,50.935939707505895,4.02865042072224,2023,2,8,41002,Aalst,Normaal,Droog,Dag,met lichtgewonden,9,personenauto,3,Fiets,Buiten Kruispunt,Gewestweg,binnen bebouwde kom,Tss. 2 best.: langs opzij (voor-/achterkant-flank),Geen hindernis
37699,19,Aalst 1,Aalst,50.93433,4.01471,0.9931380482377059,50.935939707505895,4.02865042072224,2023,2,8,41002,Aalst,Normaal,Droog,Dag,met lichtgewonden,9,personenauto,3,Fiets,Buiten Kruispunt,Gewestweg,binnen bebouwde kom,Tss. 2 best.: langs opzij (voor-/achterkant-flank),Geen hindernis
37702,11,Aalst 3,Aalst,50.93385,4.01647,0.8846112178979976,50.935939707505895,4.02865042072224,2023,2,17,41002,Aalst,Normaal,Droog,Dag,met lichtgewonden,9,personenauto,3,Fiets,Buiten Kruispunt,Gewestweg,binnen bebouwde kom,Tussen 2 bestuurders: Langs achteren,Geen hindernis
37702,10,Aalst 2,Aalst,50.93549,4.01571,0.9081666711088563,50.935939707505895,4.02865042072224,2023,2,17,41002,Aalst,Normaal,Droog,Dag,met lichtgewonden,9,personenauto,3,Fiets,Buiten Kruispunt,Gewestweg,binnen bebouwde kom,Tussen 2 bestuurders: Langs achteren,Geen hindernis
37702,19,Aalst 1,Aalst,50.93433,4.01471,0.9931380482377059,50.935939707505895,4.02865042072224,2023,2,17,41002,Aalst,Normaal,Droog,Dag,met lichtgewonden,9,personenauto,3,Fiets,Buiten Kruispunt,Gewestweg,binnen bebouwde kom,Tussen 2 bestuurders: Langs achteren,Geen hindernis
37714,125,Dendermonde totem,Dendermonde,51.0372706,4.1025998,0.8421688778579982,51.03448885207623,4.11380222403247,2023,2,12,42006,Dendermonde,Normaal,Droog,Dag,met lichtgewonden,9,personenauto,3,Fiets,Buiten Kruispunt,Gewestweg,binnen bebouwde kom,Tss. 2 best.: langs opzij (voor-/achterkant-flank),Geen hindernis
37714,122,Dendermonde teller 2,Dendermonde,51.0373918,4.1019222,0.8911994316953129,51.03448885207623,4.11380222403247,2023,2,12,42006,Dendermonde,Normaal,Droog,Dag,met lichtgewonden,9,personenauto,3,Fiets,Buiten Kruispunt,Gewestweg,binnen bebouwde kom,Tss. 2 best.: langs opzij (voor-/achterkant-flank),Geen hindernis
37728,54,Brugge teller 2,Brugge,51.23015,3.22818,0.9904791751886904,51.22129062254103,3.2267020804794107,2023,2,19,31005,Brugge,Normaal,Droog,"Nacht, openbare verlichting aanwezig en ontstoken",met lichtgewonden,6,Bromfiets,3,Fiets,Op Kruispunt,Gewestweg,binnen bebouwde kom,Tss. 2 best.: langs opzij (voor-/achterkant-flank),Geen hindernis
37728,53,Brugge teller 1,Brugge,51.23023,3.228,0.9981140309355857,51.22129062254103,3.2267020804794107,2023,2,19,31005,Brugge,Normaal,Droog,"Nacht, openbare verlichting aanwezig en ontstoken",met lichtgewonden,6,Bromfiets,3,Fiets,Op Kruispunt,Gewestweg,binnen bebouwde kom,Tss. 2 best.: langs opzij (voor-/achterkant-flank),Geen hindernis
37745,56,Torhout teller 2,Torhout,51.07147,3.08244,0.5589246700936478,51.07381510038993,3.0753642244120694,2023,2,7,31033,Torhout,Normaal,Droog,Dageraad - schemering,met lichtgewonden,9,personenauto,3,Fiets,Buiten Kruispunt,Gewestweg,buiten bebouwde kom,Tussen 2 bestuurders: Frontale botsing,Geen hindernis
37745,55,Torhout teller 1,Torhout,51.07161,3.08261,0.5624983282049727,51.07381510038993,3.0753642244120694,2023,2,7,31033,Torhout,Normaal,Droog,Dageraad - schemering,met lichtgewonden,9,personenauto,3,Fiets,Buiten Kruispunt,Gewestweg,buiten bebouwde kom,Tussen 2 bestuurders: Frontale botsing,Geen hindernis
37766,143,Eco Display Classic Budastraat,Kortrijk,50.83066,3.26286,0.25266665817541917,50.82868815866147,3.264647784012214,2023,2,18,34022,Kortrijk,Onbekend,Droog,Onbekend,met lichtgewonden,9,personenauto,3,Fiets,Buiten Kruispunt,Gemeenteweg,binnen bebouwde kom,Tussen 2 bestuurders: Flank tegen flank,Geen hindernis
37767,74,Kortrijk teller 1,Kortrijk,50.81909,3.25728,0.9327004326019435,50.81691627983376,3.270103057397476,2023,2,10,34022,Kortrijk,Normaal,Droog,Dag,met lichtgewonden,4,Vrachtwagen,3,Fiets,Op Kruispunt,Gewestweg,binnen bebouwde kom,Tussen 2 bestuurders: Flank tegen flank,Geen hindernis
37767,75,Kortrijk teller 2,Kortrijk,50.81925,3.25731,0.9354419763254571,50.81691627983376,3.270103057397476,2023,2,10,34022,Kortrijk,Normaal,Droog,Dag,met lichtgewonden,4,Vrachtwagen,3,Fiets,Op Kruispunt,Gewestweg,binnen bebouwde kom,Tussen 2 bestuurders: Flank tegen flank,Geen hindernis
37768,143,Eco Display Classic Budastraat,Kortrijk,50.83066,3.26286,0.2176964768262683,50.830667994366834,3.259760363721534,2023,2,15,34022,Kortrijk,Normaal,Droog,Dag,met zwaargewonden,3,Fiets,3,Fiets,Op Kruispunt,Gemeenteweg,binnen bebouwde kom,Tss. 2 best.: langs opzij (voor-/achterkant-flank),Geen hindernis
37770,16,Kortrijk 1,Kortrijk,50.83332,3.27777,0.9187530217638042,50.825070726669324,3.2770288857644125,2023,2,8,34022,Kortrijk,Normaal,Droog,Dag,met lichtgewonden,5,Lichte vrachtauto,3,Fiets,Buiten Kruispunt,Gemeenteweg,binnen bebouwde kom,Tussen 2 bestuurders: Flank tegen flank,Geen hindernis
37770,17,Kortrijk 2,Kortrijk,50.83339,3.27773,0.9263706841679823,50.825070726669324,3.2770288857644125,2023,2,8,34022,Kortrijk,Normaal,Droog,Dag,met lichtgewonden,5,Lichte vrachtauto,3,Fiets,Buiten Kruispunt,Gemeenteweg,binnen bebouwde kom,Tussen 2 bestuurders: Flank tegen flank,Geen hindernis
37772,16,Kortrijk 1,Kortrijk,50.83332,3.27777,0.6449869010102927,50.82845416757624,3.2727709462415833,2023,2,10,34022,Kortrijk,Normaal,Droog,Dag,met lichtgewonden,3,Fiets,10,"één bestuurder, geen hindernis",Op Kruispunt,Gewestweg,binnen bebouwde kom,"Eén bestuurder, geen hindernis (incl. val)",Geen hindernis
37772,17,Kortrijk 2,Kortrijk,50.83339,3.27773,0.6500204087911968,50.82845416757624,3.2727709462415833,2023,2,10,34022,Kortrijk,Normaal,Droog,Dag,met lichtgewonden,3,Fiets,10,"één bestuurder, geen hindernis",Op Kruispunt,Gewestweg,binnen bebouwde kom,"Eén bestuurder, geen hindernis (incl. val)",Geen hindernis
37772,143,Eco Display Classic Budastraat,Kortrijk,50.83066,3.26286,0.7380350512780994,50.82845416757624,3.2727709462415833,2023,2,10,34022,Kortrijk,Normaal,Droog,Dag,met lichtgewonden,3,Fiets,10,"één bestuurder, geen hindernis",Op Kruispunt,Gewestweg,binnen bebouwde kom,"Eén bestuurder, geen hindernis (incl. val)",Geen hindernis
37798,62,Wervik teller 1,Wervik,50.8058,3.09154,0.6596508271730708,50.80856480178845,3.08323417607657,2023,2,7,33029,Wervik,Normaal,Droog,"Nacht, openbare verlichting aanwezig en ontstoken",met lichtgewonden,9,personenauto,3,Fiets,Op Kruispunt,Gewestweg,binnen bebouwde kom,Tss. 2 best.: langs opzij (voor-/achterkant-flank),Geen hindernis
37798,61,Wervik teller 2,Wervik,50.80555,3.0921,0.7074507127789758,50.80856480178845,3.08323417607657,2023,2,7,33029,Wervik,Normaal,Droog,"Nacht, openbare verlichting aanwezig en ontstoken",met lichtgewonden,9,personenauto,3,Fiets,Op Kruispunt,Gewestweg,binnen bebouwde kom,Tss. 2 best.: langs opzij (voor-/achterkant-flank),Geen hindernis
37812,140,Hasselt ring,Hasselt,50.9300038,5.3438616,0.8005606452287858,50.92986296266476,5.332440726507014,2023,2,17,71022,Hasselt,Onbekend,Droog,Dag,met lichtgewonden,3,Fiets,1,Autobus,Buiten Kruispunt,Gewestweg,binnen bebouwde kom,Tss. 2 best.: langs opzij (voor-/achterkant-flank),Geen hindernis
37814,137,Hasselt-Kempische brug,Hasselt,50.9411605,5.3417576,0.35529312306496286,50.939888096594906,5.337106233662791,2023,2,14,71022,Hasselt,Normaal,Droog,Dag,met lichtgewonden,3,Fiets,8,Voetganger,Buiten Kruispunt,Gemeenteweg,binnen bebouwde kom,Met een voetganger,Geen hindernis
37814,138,Hasselt-Kempische brug,Hasselt,50.9405318,5.3422472,0.3672564957690399,50.939888096594906,5.337106233662791,2023,2,14,71022,Hasselt,Normaal,Droog,Dag,met lichtgewonden,3,Fiets,8,Voetganger,Buiten Kruispunt,Gemeenteweg,binnen bebouwde kom,Met een voetganger,Geen hindernis
37815,138,Hasselt-Kempische brug,Hasselt,50.9405318,5.3422472,0.31528502035664663,50.937839789460504,5.340834272369224,2023,2,16,71022,Hasselt,Normaal,Droog,Dageraad - schemering,met lichtgewonden,9,personenauto,3,Fiets,Buiten Kruispunt,Gewestweg,binnen bebouwde kom,Tss. 2 best.: langs opzij (voor-/achterkant-flank),Geen hindernis
37815,137,Hasselt-Kempische brug,Hasselt,50.9411605,5.3417576,0.37487107036376227,50.937839789460504,5.340834272369224,2023,2,16,71022,Hasselt,Normaal,Droog,Dageraad - schemering,met lichtgewonden,9,personenauto,3,Fiets,Buiten Kruispunt,Gewestweg,binnen bebouwde kom,Tss. 2 best.: langs opzij (voor-/achterkant-flank),Geen hindernis
37815,140,Hasselt ring,Hasselt,50.9300038,5.3438616,0.8967765890705226,50.937839789460504,5.340834272369224,2023,2,16,71022,Hasselt,Normaal,Droog,Dageraad - schemering,met lichtgewonden,9,personenauto,3,Fiets,Buiten Kruispunt,Gewestweg,binnen bebouwde kom,Tss. 2 best.: langs opzij (voor-/achterkant-flank),Geen hindernis
37964,88,Westerlo teller 1,Westerlo,51.082,4.91325,0.8836415942126998,51.089915376507534,4.914373576285248,2023,3,19,13049,Westerlo,Normaal,Droog,"Nacht, openbare verlichting aanwezig en ontstoken",met lichtgewonden,3,Fiets,3,Fiets,Op Kruispunt,Gewestweg,binnen bebouwde kom,Tussen 2 bestuurders: Frontale botsing,Geen hindernis
37964,89,Westerlo teller 2,Westerlo,51.08191,4.91334,0.893079916222646,51.089915376507534,4.914373576285248,2023,3,19,13049,Westerlo,Normaal,Droog,"Nacht, openbare verlichting aanwezig en ontstoken",met lichtgewonden,3,Fiets,3,Fiets,Op Kruispunt,Gewestweg,binnen bebouwde kom,Tussen 2 bestuurders: Frontale botsing,Geen hindernis
37965,88,Westerlo teller 1,Westerlo,51.082,4.91325,0.9723163288613814,51.09043728511196,4.916906052341237,2023,3,16,13049,Westerlo,Onbekend,Onbekend,Onbekend,met lichtgewonden,3,Fiets,6,Bromfiets,Buiten Kruispunt,Gewestweg,onbekend,Tussen 2 bestuurders: Flank tegen flank,Geen hindernis
37965,89,Westerlo teller 2,Westerlo,51.08191,4.91334,0.9803601806480746,51.09043728511196,4.916906052341237,2023,3,16,13049,Westerlo,Onbekend,Onbekend,Onbekend,met lichtgewonden,3,Fiets,6,Bromfiets,Buiten Kruispunt,Gewestweg,onbekend,Tussen 2 bestuurders: Flank tegen flank,Geen hindernis
37984,110,Herentals totem,Herentals,51.1739426,4.811783,0.1891628805991473,51.174426992128225,4.809181915541856,2023,3,13,13011,Herentals,Onbekend,Onbekend,Dag,met lichtgewonden,3,Fiets,3,Fiets,Buiten Kruispunt,Gemeenteweg,onbekend,Tussen 2 bestuurders: Flank tegen flank,Geen hindernis
37984,94,Herentals teller 2,Herentals,51.17345,4.81283,0.2765554832905544,51.174426992128225,4.809181915541856,2023,3,13,13011,Herentals,Onbekend,Onbekend,Dag,met lichtgewonden,3,Fiets,3,Fiets,Buiten Kruispunt,Gemeenteweg,onbekend,Tussen 2 bestuurders: Flank tegen flank,Geen hindernis
37988,94,Herentals teller 2,Herentals,51.17345,4.81283,0.2584099696292506,51.17186345933544,4.810121588808035,2023,3,10,13011,Herentals,Normaal,"Nat, plassen",Dag,met lichtgewonden,3,Fiets,9,personenauto,Op Kruispunt,Gewestweg,buiten bebouwde kom,Tss. 2 best.: langs opzij (voor-/achterkant-flank),Geen hindernis
37988,110,Herentals totem,Herentals,51.1739426,4.811783,0.25858209849822866,51.17186345933544,4.810121588808035,2023,3,10,13011,Herentals,Normaal,"Nat, plassen",Dag,met lichtgewonden,3,Fiets,9,personenauto,Op Kruispunt,Gewestweg,buiten bebouwde kom,Tss. 2 best.: langs opzij (voor-/achterkant-flank),Geen hindernis
37990,37,Lommel teller 1,Lommel,51.23299,5.29211,0.722283921638122,51.233125326595314,5.302481641760779,2023,3,12,72020,Lommel,Normaal,Droog,Dag,met lichtgewonden,3,Fiets,9,personenauto,Buiten Kruispunt,Gemeenteweg,binnen bebouwde kom,Tss. 2 best.: langs opzij (voor-/achterkant-flank),Geen hindernis
37990,38,Lommel teller 2,Lommel,51.23277,5.29189,0.7385041330525283,51.233125326595314,5.302481641760779,2023,3,12,72020,Lommel,Normaal,Droog,Dag,met lichtgewonden,3,Fiets,9,personenauto,Buiten Kruispunt,Gemeenteweg,binnen bebouwde kom,Tss. 2 best.: langs opzij (voor-/achterkant-flank),Geen hindernis
38003,69,Leuven teller 1,Leuven,50.87549,4.71526,0.8800762586441128,50.86905564230734,4.707956505752693,2023,3,1,24062,Leuven,Regenval,"Nat, plassen","Nacht, openbare verlichting aanwezig en ontstoken",met lichtgewonden,9,personenauto,3,Fiets,Op Kruispunt,Gewestweg,binnen bebouwde kom,Tss. 2 best.: langs opzij (voor-/achterkant-flank),Geen hindernis
38005,151,Leuven,District Leuven,50.8690262,4.6854839,0.5236721259845557,50.867706807215605,4.678320419181712,2023,3,12,24062,Leuven,Normaal,Droog,Dag,met lichtgewonden,3,Fiets,8,Voetganger,Buiten Kruispunt,Gemeenteweg,binnen bebouwde kom,Met een voetganger,Geen hindernis
38009,107,leuven totem,Leuven,50.8870744,4.7087919,0.4763219278341363,50.88456957922758,4.71430019504106,2023,3,7,24062,Leuven,Regenval,"Nat, plassen",Dag,met lichtgewonden,3,Fiets,10,"één bestuurder, geen hindernis",Op Kruispunt,Gewestweg,binnen bebouwde kom,"Eén bestuurder, geen hindernis (incl. val)",Geen hindernis
38009,77,Leuven teller 2,Leuven,50.88672,4.70796,0.5049649400699942,50.88456957922758,4.71430019504106,2023,3,7,24062,Leuven,Regenval,"Nat, plassen",Dag,met lichtgewonden,3,Fiets,10,"één bestuurder, geen hindernis",Op Kruispunt,Gewestweg,binnen bebouwde kom,"Eén bestuurder, geen hindernis (incl. val)",Geen hindernis
38010,69,Leuven teller 1,Leuven,50.87549,4.71526,0.6658419721871515,50.87392726702344,4.70609933368552,2023,3,15,24062,Leuven,Normaal,Droog,Dag,met zwaargewonden,3,Fiets,6,Bromfiets,Buiten Kruispunt,Gemeenteweg,binnen bebouwde kom,Tussen 2 bestuurders: Langs achteren,Geen hindernis
38013,107,leuven totem,Leuven,50.8870744,4.7087919,0.9618235390894877,50.88391404202739,4.721554981961674,2023,3,12,24062,Leuven,Onbekend,"Nat, plassen",Dag,met lichtgewonden,3,Fiets,9,personenauto,Buiten Kruispunt,Gewestweg,binnen bebouwde kom,Tussen 2 bestuurders: Flank tegen flank,Geen hindernis
38016,69,Leuven teller 1,Leuven,50.87549,4.71526,0.29794093725963583,50.8755986916095,4.7110171915720915,2023,3,12,24062,Leuven,Normaal,Proper,Dag,met lichtgewonden,3,Fiets,10,"één bestuurder, geen hindernis",Op Kruispunt,Gemeenteweg,binnen bebouwde kom,"Eén bestuurder, geen hindernis (incl. val)",Geen hindernis
38018,69,Leuven teller 1,Leuven,50.87549,4.71526,0.4078103950588847,50.87334712288589,4.719976757725124,2023,3,10,24062,Leuven,Normaal,"Nat, plassen",Dag,met lichtgewonden,3,Fiets,9,personenauto,Op Kruispunt,Gewestweg,binnen bebouwde kom,Tss. 2 best.: langs opzij (voor-/achterkant-flank),Geen hindernis
38029,101,Diest teller 1,Diest,50.97799,5.04481,0.5896615733761486,50.98220125581674,5.049928934726654,2023,3,19,24020,Diest,Normaal,Droog,Dageraad - schemering,met lichtgewonden,9,personenauto,3,Fiets,Buiten Kruispunt,Gewestweg,binnen bebouwde kom,Tussen 2 bestuurders: Frontale botsing,Geen hindernis
38029,102,Diest teller 2,Diest,50.9779,5.04474,0.6005913584462211,50.98220125581674,5.049928934726654,2023,3,19,24020,Diest,Normaal,Droog,Dageraad - schemering,met lichtgewonden,9,personenauto,3,Fiets,Buiten Kruispunt,Gewestweg,binnen bebouwde kom,Tussen 2 bestuurders: Frontale botsing,Geen hindernis
38033,147,Overijse,District Vilvoorde-gewestwegen,50.7797555,4.4975769,0.6918265698170456,50.785407407779346,4.501690943295075,2023,3,22,23062,Overijse,Normaal,"Nat, plassen","Nacht, geen openbare verlichting aanwezig",met lichtgewonden,9,personenauto,3,Fiets,Op Kruispunt,Gewestweg,buiten bebouwde kom,Tussen 2 bestuurders: Flank tegen flank,Geen hindernis
38033,145,Overijse,District Vilvoorde-gewestwegen,50.7885856,4.4908759,0.838397472108308,50.785407407779346,4.501690943295075,2023,3,22,23062,Overijse,Normaal,"Nat, plassen","Nacht, geen openbare verlichting aanwezig",met lichtgewonden,9,personenauto,3,Fiets,Op Kruispunt,Gewestweg,buiten bebouwde kom,Tussen 2 bestuurders: Flank tegen flank,Geen hindernis
38033,146,Overijse 2,District Vilvoorde-gewestwegen,50.7881478,4.4902818,0.8579785072905174,50.785407407779346,4.501690943295075,2023,3,22,23062,Overijse,Normaal,"Nat, plassen","Nacht, geen openbare verlichting aanwezig",met lichtgewonden,9,personenauto,3,Fiets,Op Kruispunt,Gewestweg,buiten bebouwde kom,Tussen 2 bestuurders: Flank tegen flank,Geen hindernis