crash_row_id,site_id,site_name,site_gemeente,site_lat,site_long,distance_km,crash_lat,crash_long,DT_YEAR_COLLISION,DT_MONTH_COLLISION,DT_TIME,CD_NIS,TX_MUNTY_COLLISION_NL,TX_WEATHER_NL,TX_ROAD_CONDITION_NL,TX_LIGHT_CONDITION_NL,TX_CLASS_ACCIDENTS_NL,CD_ROAD_USR_TYPE1,TX_ROAD_USR_TYPE1_NL,CD_ROAD_USR_TYPE2,TX_ROAD_USR_TYPE2_NL,TX_CROSSWAY_NL,CD_ROAD_TYPE_NL,TX_BUILD_UP_AREA_NL,TX_COLLISION_TYPE_NL,TX_OBSTACLES_NL
38094,118,Gent teller 1,Gent,51.028049,3.7681359,0.49172190984137826,51.02467003902261,3.7726715283809495,2023,3,16,44040,Melle,Onbekend,Onbekend,Onbekend,met lichtgewonden,3,Fiets,3,Fiets,Buiten Kruispunt,Gewestweg,onbekend,Tussen 2 bestuurders: Flank tegen flank,Geen hindernis
38094,119,Gent teller 2,Gent,51.0281795,3.7683918,0.49180384518835424,51.02467003902261,3.7726715283809495,2023,3,16,44040,Melle,Onbekend,Onbekend,Onbekend,met lichtgewonden,3,Fiets,3,Fiets,Buiten Kruispunt,Gewestweg,onbekend,Tussen 2 bestuurders: Flank tegen flank,Geen hindernis
38107,7,Evergem 1,Evergem,51.1089,3.70317,0.6171732024990721,51.11200530610689,3.710497569415116,2023,3,8,44019,Evergem,Normaal,Droog,Dag,met lichtgewonden,9,personenauto,3,Fiets,Buiten Kruispunt,Gemeenteweg,binnen bebouwde kom,Tss. 2 best.: langs opzij (voor-/achterkant-flank),Geen hindernis
38107,6,Evergem 2,Evergem,51.10894,3.70298,0.6257769660271179,51.11200530610689,3.710497569415116,2023,3,8,44019,Evergem,Normaal,Droog,Dag,met lichtgewonden,9,personenauto,3,Fiets,Buiten Kruispunt,Gemeenteweg,binnen bebouwde kom,Tss. 2 best.: langs opzij (voor-/achterkant-flank),Geen hindernis
38108,7,Evergem 1,Evergem,51.1089,3.70317,0.709351040976283,51.104427282923574,3.710414658363221,2023,3,12,44019,Evergem,Normaal,Droog,Dag,met lichtgewonden,3,Fiets,4,Vrachtwagen,Op Kruispunt,Gewestweg,buiten bebouwde kom,Tss. 2 best.: langs opzij (voor-/achterkant-flank),Geen hindernis
38108,6,Evergem 2,Evergem,51.10894,3.70298,0.7219538768108466,51.104427282923574,3.710414658363221,2023,3,12,44019,Evergem,Normaal,Droog,Dag,met lichtgewonden,3,Fiets,4,Vrachtwagen,Op Kruispunt,Gewestweg,buiten bebouwde kom,Tss. 2 best.: langs opzij (voor-/achterkant-flank),Geen hindernis
38110,115,Aalter,Aalter,51.1058367,3.4350591,0.48116968816783784,51.10215578822698,3.438682401684281,2023,3,17,44084,Aalter,Normaal,Droog,Dag,met zwaargewonden,3,Fiets,10,"één bestuurder, geen hindernis",Op Kruispunt,Gewestweg,binnen bebouwde kom,"Eén bestuurder, geen hindernis (incl. val)",Geen hindernis
38154,141,Test site A support,Lokeren,51.08342085,3.9961071208376326,0.948318039998615,51.09194901729753,3.996000750053472,2023,3,17,46014,Lokeren,Onbekend,Onbekend,Onbekend,met lichtgewonden,3,Fiets,3,Fiets,Buiten Kruispunt,Gemeenteweg,onbekend,Tss. 2 best.: langs opzij (voor-/achterkant-flank),Geen hindernis
38155,126,Hamme totem,Hamme,51.1017709,4.1469307,0.39372728258929307,51.10064140074271,4.141586466122888,2023,3,13,42008,Hamme,Normaal,Droog,Dag,met lichtgewonden,3,Fiets,11,een weggebruiker tegen een hindernis,Buiten Kruispunt,Gewestweg,buiten bebouwde kom,Weggebruiker tegen hindernis op de rijbaan,Op de rijbaan: Dier (wild dier)
38185,122,Dendermonde teller 2,Dendermonde,51.0373918,4.1019222,0.4960803853799917,51.04178933318885,4.103118069519282,2023,3,8,42006,Dendermonde,Normaal,Droog,Dag,met lichtgewonden,3,Fiets,9,personenauto,Buiten Kruispunt,Gewestweg,binnen bebouwde kom,Tussen 2 bestuurders: Flank tegen flank,Geen hindernis
38185,125,Dendermonde totem,Dendermonde,51.0372706,4.1025998,0.5037651410708851,51.04178933318885,4.103118069519282,2023,3,8,42006,Dendermonde,Normaal,Droog,Dag,met lichtgewonden,3,Fiets,9,personenauto,Buiten Kruispunt,Gewestweg,binnen bebouwde kom,Tussen 2 bestuurders: Flank tegen flank,Geen hindernis
38188,125,Dendermonde totem,Dendermonde,51.0372706,4.1025998,0.65586762464375,51.03288792059767,4.108877188274157,2023,3,13,42006,Dendermonde,Onbekend,Onbekend,Dag,met lichtgewonden,3,Fiets,3,Fiets,Op Kruispunt,Gewestweg,onbekend,Tussen 2 bestuurders: Frontale botsing,Geen hindernis
38188,122,Dendermonde teller 2,Dendermonde,51.0373918,4.1019222,0.6980819625975668,51.03288792059767,4.108877188274157,2023,3,13,42006,Dendermonde,Onbekend,Onbekend,Dag,met lichtgewonden,3,Fiets,3,Fiets,Op Kruispunt,Gewestweg,onbekend,Tussen 2 bestuurders: Frontale botsing,Geen hindernis
38189,125,Dendermonde totem,Dendermonde,51.0372706,4.1025998,0.48759523264141885,51.0330263944842,4.104352924900849,2023,3,16,42006,Dendermonde,Regenval,"Nat, plassen",Dag,met lichtgewonden,5,Lichte vrachtauto,3,Fiets,Buiten Kruispunt,Gewestweg,binnen bebouwde kom,Tss. 2 best.: langs opzij (voor-/achterkant-flank),Geen hindernis
38189,122,Dendermonde teller 2,Dendermonde,51.0373918,4.1019222,0.514307620228245,51.0330263944842,4.104352924900849,2023,3,16,42006,Dendermonde,Regenval,"Nat, plassen",Dag,met lichtgewonden,5,Lichte vrachtauto,3,Fiets,Buiten Kruispunt,Gewestweg,binnen bebouwde kom,Tss. 2 best.: langs opzij (voor-/achterkant-flank),Geen hindernis
38245,17,Kortrijk 2,Kortrijk,50.83339,3.27773,0.34179366584198406,50.83525704463143,3.2815963185599477,2023,3,16,34022,Kortrijk,Normaal,Onbekend,Dag,met zwaargewonden,9,personenauto,3,Fiets,Buiten Kruispunt,Gemeenteweg,binnen bebouwde kom,Tussen 2 bestuurders: Flank tegen flank,Geen hindernis
38245,16,Kortrijk 1,Kortrijk,50.83332,3.27777,0.344380488288945,50.83525704463143,3.2815963185599477,2023,3,16,34022,Kortrijk,Normaal,Onbekend,Dag,met zwaargewonden,9,personenauto,3,Fiets,Buiten Kruispunt,Gemeenteweg,binnen bebouwde kom,Tussen 2 bestuurders: Flank tegen flank,Geen hindernis
38246,16,Kortrijk 1,Kortrijk,50.83332,3.27777,0.10905276612117631,50.83248653048249,3.2785883941325333,2023,3,9,34022,Kortrijk,Normaal,Droog,Dag,met lichtgewonden,9,personenauto,3,Fiets,Op Kruispunt,Gemeenteweg,binnen bebouwde kom,Tss. 2 best.: langs opzij (voor-/achterkant-flank),Geen hindernis
38246,17,Kortrijk 2,Kortrijk,50.83339,3.27773,0.11716069373139848,50.83248653048249,3.2785883941325333,2023,3,9,34022,Kortrijk,Normaal,Droog,Dag,met lichtgewonden,9,personenauto,3,Fiets,Op Kruispunt,Gemeenteweg,binnen bebouwde kom,Tss. 2 best.: langs opzij (voor-/achterkant-flank),Geen hindernis
38247,143,Eco Display Classic Budastraat,Kortrijk,50.83066,3.26286,0.5905723857635224,50.83208380295956,3.254758824882137,2023,3,13,34022,Kortrijk,Normaal,Droog,Dag,met lichtgewonden,8,Voetganger,3,Fiets,Buiten Kruispunt,Gewestweg,binnen bebouwde kom,Met een voetganger,Geen vermelding van de aanwezigheid van een hindernis
38250,143,Eco Display Classic Budastraat,Kortrijk,50.83066,3.26286,0.598373133973681,50.83218594416594,3.254689671288235,2023,3,16,34022,Kortrijk,Normaal,Droog,Dag,met lichtgewonden,3,Fiets,11,een weggebruiker tegen een hindernis,Op Kruispunt,Gewestweg,binnen bebouwde kom,Weggebruiker tegen hindernis buiten rijbaan,Buiten de rijbaan: Andere paal
38255,143,Eco Display Classic Budastraat,Kortrijk,50.83066,3.26286,0.7277786200519291,50.83332672457011,3.253396414876059,2023,3,7,34022,Kortrijk,Onbekend,Onbekend,Onbekend,met lichtgewonden,3,Fiets,9,personenauto,Op Kruispunt,Gemeenteweg,binnen bebouwde kom,Tss. 2 best.: langs opzij (voor-/achterkant-flank),Geen hindernis
38256,143,Eco Display Classic Budastraat,Kortrijk,50.83066,3.26286,0.568523725699848,50.83519771279688,3.2665902138764276,2023,3,22,34022,Kortrijk,Normaal,Droog,"Nacht, geen openbare verlichting aanwezig",met lichtgewonden,3,Fiets,10,"één bestuurder, geen hindernis",Buiten Kruispunt,Gewestweg,binnen bebouwde kom,"Eén bestuurder, geen hindernis (incl. val)",Geen hindernis
38256,17,Kortrijk 2,Kortrijk,50.83339,3.27773,0.8077232488450209,50.83519771279688,3.2665902138764276,2023,3,22,34022,Kortrijk,Normaal,Droog,"Nacht, geen openbare verlichting aanwezig",met lichtgewonden,3,Fiets,10,"één bestuurder, geen hindernis",Buiten Kruispunt,Gewestweg,binnen bebouwde kom,"Eén bestuurder, geen hindernis (incl. val)",Geen hindernis
38256,16,Kortrijk 1,Kortrijk,50.83332,3.27777,0.8124103343768105,50.83519771279688,3.2665902138764276,2023,3,22,34022,Kortrijk,Normaal,Droog,"Nacht, geen openbare verlichting aanwezig",met lichtgewonden,3,Fiets,10,"één bestuurder, geen hindernis",Buiten Kruispunt,Gewestweg,binnen bebouwde kom,"Eén bestuurder, geen hindernis (incl. val)",Geen hindernis
38258,16,Kortrijk 1,Kortrijk,50.83332,3.27777,0.6792617239465479,50.82801705238363,3.282571054492941,2023,3,4,34022,Kortrijk,Normaal,Droog,"Nacht, openbare verlichting aanwezig en ontstoken",met lichtgewonden,3,Fiets,10,"één bestuurder, geen hindernis",Buiten Kruispunt,Gemeenteweg,binnen bebouwde kom,"Eén bestuurder, geen hindernis (incl. val)",Geen hindernis
38258,17,Kortrijk 2,Kortrijk,50.83339,3.27773,0.6874145338658476,50.82801705238363,3.282571054492941,2023,3,4,34022,Kortrijk,Normaal,Droog,"Nacht, openbare verlichting aanwezig en ontstoken",met lichtgewonden,3,Fiets,10,"één bestuurder, geen hindernis",Buiten Kruispunt,Gemeenteweg,binnen bebouwde kom,"Eén bestuurder, geen hindernis (incl. val)",Geen hindernis
38303,140,Hasselt ring,Hasselt,50.9300038,5.3438616,0.5894745793464685,50.934972841728786,5.346792551624527,2023,3,16,71022,Hasselt,Regenval,"Nat, plassen",Dag,met lichtgewonden,3,Fiets,9,personenauto,Op Kruispunt,Gemeenteweg,binnen bebouwde kom,Tss. 2 best.: langs opzij (voor-/achterkant-flank),Geen hindernis
38303,138,Hasselt-Kempische brug,Hasselt,50.9405318,5.3422472,0.6953581411559575,50.934972841728786,5.346792551624527,2023,3,16,71022,Hasselt,Regenval,"Nat, plassen",Dag,met lichtgewonden,3,Fiets,9,personenauto,Op Kruispunt,Gemeenteweg,binnen bebouwde kom,Tss. 2 best.: langs opzij (voor-/achterkant-flank),Geen hindernis
38303,137,Hasselt-Kempische brug,Hasselt,50.9411605,5.3417576,0.7732161025727764,50.934972841728786,5.346792551624527,2023,3,16,71022,Hasselt,Regenval,"Nat, plassen",Dag,met lichtgewonden,3,Fiets,9,personenauto,Op Kruispunt,Gemeenteweg,binnen bebouwde kom,Tss. 2 best.: langs opzij (voor-/achterkant-flank),Geen hindernis
38304,140,Hasselt ring,Hasselt,50.9300038,5.3438616,0.3516346260574048,50.932605218487886,5.346714483439949,2023,3,15,71022,Hasselt,Normaal,Droog,Dag,met zwaargewonden,5,Lichte vrachtauto,3,Fiets,Op Kruispunt,Gemeenteweg,binnen bebouwde kom,Tss. 2 best.: langs opzij (voor-/achterkant-flank),Geen hindernis
38304,138,Hasselt-Kempische brug,Hasselt,50.9405318,5.3422472,0.935333848408351,50.932605218487886,5.346714483439949,2023,3,15,71022,Hasselt,Normaal,Droog,Dag,met zwaargewonden,5,Lichte vrachtauto,3,Fiets,Op Kruispunt,Gemeenteweg,binnen bebouwde kom,Tss. 2 best.: langs opzij (voor-/achterkant-flank),Geen hindernis
38308,140,Hasselt ring,Hasselt,50.9300038,5.3438616,0.4733474550901971,50.932424253316434,5.338305387242789,2023,3,9,71022,Hasselt,Normaal,Droog,Dag,met lichtgewonden,3,Fiets,3,Fiets,Buiten Kruispunt,Gemeenteweg,binnen bebouwde kom,Tss. 2 best.: langs opzij (voor-/achterkant-flank),Geen hindernis
38308,138,Hasselt-Kempische brug,Hasselt,50.9405318,5.3422472,0.9428835203639864,50.932424253316434,5.338305387242789,2023,3,9,71022,Hasselt,Normaal,Droog,Dag,met lichtgewonden,3,Fiets,3,Fiets,Buiten Kruispunt,Gemeenteweg,binnen bebouwde kom,Tss. 2 best.: langs opzij (voor-/achterkant-flank),Geen hindernis
38319,25,Bree,Bree,51.13679500160176,5.597669323604317,0.4895878918968904,51.139443041785206,5.603275667476427,2023,3,17,72004,Bree,Normaal,Droog,Dag,met lichtgewonden,3,Fiets,8,Voetganger,Buiten Kruispunt,Gewestweg,binnen bebouwde kom,Met een voetganger,Geen hindernis
38341,99,Mechelen teller 1,Mechelen,51.04564,4.46882,0.2682826914225814,51.04337529178975,4.470143436857254,2023,3,10,12025,Mechelen,Normaal,Droog,Dag,met lichtgewonden,4,Vrachtwagen,3,Fiets,Op Kruispunt,Gewestweg,binnen bebouwde kom,Tss. 2 best.: langs opzij (voor-/achterkant-flank),Geen hindernis
38341,100,Mechelen teller 2,Mechelen,51.0457,4.46883,0.2743199136236818,51.04337529178975,4.470143436857254,2023,3,10,12025,Mechelen,Normaal,Droog,Dag,met lichtgewonden,4,Vrachtwagen,3,Fiets,Op Kruispunt,Gewestweg,binnen bebouwde kom,Tss. 2 best.: langs opzij (voor-/achterkant-flank),Geen hindernis
38350,99,Mechelen teller 1,Mechelen,51.04564,4.46882,0.6913818101513864,51.04248294430657,4.477339844946714,2023,2,16,12025,Mechelen,Normaal,Droog,Dag,met lichtgewonden,9,personenauto,3,Fiets,Buiten Kruispunt,Gewestweg,binnen bebouwde kom,Tss. 2 best.: langs opzij (voor-/achterkant-flank),Geen hindernis
38350,100,Mechelen teller 2,Mechelen,51.0457,4.46883,0.6941935684199466,51.04248294430657,4.477339844946714,2023,2,16,12025,Mechelen,Normaal,Droog,Dag,met lichtgewonden,9,personenauto,3,Fiets,Buiten Kruispunt,Gewestweg,binnen bebouwde kom,Tss. 2 best.: langs opzij (voor-/achterkant-flank),Geen hindernis
38356,99,Mechelen teller 1,Mechelen,51.04564,4.46882,0.4256617597490093,51.04391542441827,4.474255857531774,2023,1,11,12025,Mechelen,Normaal,Droog,Dag,met zwaargewonden,3,Fiets,9,personenauto,Buiten Kruispunt,Gemeenteweg,binnen bebouwde kom,Tussen 2 bestuurders: Frontale botsing,Geen hindernis
38356,100,Mechelen teller 2,Mechelen,51.0457,4.46883,0.4280889980035262,51.04391542441827,4.474255857531774,2023,1,11,12025,Mechelen,Normaal,Droog,Dag,met zwaargewonden,3,Fiets,9,personenauto,Buiten Kruispunt,Gemeenteweg,binnen bebouwde kom,Tussen 2 bestuurders: Frontale botsing,Geen hindernis
38357,100,Mechelen teller 2,Mechelen,51.0457,4.46883,0.7749781882640739,51.050364658220545,4.460592954801371,2023,1,17,12025,Mechelen,Onbekend,Onbekend,Onbekend,met lichtgewonden,2,Andere weggebruiker,3,Fiets,Buiten Kruispunt,Gemeenteweg,binnen bebouwde kom,Tussen 2 bestuurders: Frontale botsing,Geen hindernis
38357,99,Mechelen teller 1,Mechelen,51.04564,4.46882,0.7789432713679578,51.050364658220545,4.460592954801371,2023,1,17,12025,Mechelen,Onbekend,Onbekend,Onbekend,met lichtgewonden,2,Andere weggebruiker,3,Fiets,Buiten Kruispunt,Gemeenteweg,binnen bebouwde kom,Tussen 2 bestuurders: Frontale botsing,Geen hindernis
38536,46,Pelt teller 2,Pelt,51.231,5.44375,0.6796173604440098,51.2249752929621,5.44539314187995,2023,4,23,72043,Pelt,Normaal,Droog,"Nacht, openbare verlichting aanwezig en ontstoken",met lichtgewonden,3,Fiets,9,personenauto,Op Kruispunt,Gemeenteweg,binnen bebouwde kom,Tussen 2 bestuurders: Langs achteren,Geen hindernis
38536,45,Pelt teller 1,Pelt,51.23127,5.44377,0.7090060828545736,51.2249752929621,5.44539314187995,2023,4,23,72043,Pelt,Normaal,Droog,"Nacht, openbare verlichting aanwezig en ontstoken",met lichtgewonden,3,Fiets,9,personenauto,Op Kruispunt,Gemeenteweg,binnen bebouwde kom,Tussen 2 bestuurders: Langs achteren,Geen hindernis
38539,46,Pelt teller 2,Pelt,51.231,5.44375,0.917838977626854,51.2237363537959,5.437488926040645,2023,4,8,72043,Pelt,Regenval,"Nat, plassen",Dag,met lichtgewonden,9,personenauto,3,Fiets,Buiten Kruispunt,Gewestweg,binnen bebouwde kom,Tussen 2 bestuurders: Langs achteren,Geen hindernis
38539,45,Pelt teller 1,Pelt,51.23127,5.44377,0.9450091638404587,51.2237363537959,5.437488926040645,2023,4,8,72043,Pelt,Regenval,"Nat, plassen",Dag,met lichtgewonden,9,personenauto,3,Fiets,Buiten Kruispunt,Gewestweg,binnen bebouwde kom,Tussen 2 bestuurders: Langs achteren,Geen hindernis
38541,46,Pelt teller 2,Pelt,51.231,5.44375,0.888101543055012,51.223652195053766,5.448748978615175,2023,4,11,72043,Pelt,Normaal,Droog,Dag,met lichtgewonden,9,personenauto,3,Fiets,Op Kruispunt,Gemeenteweg,binnen bebouwde kom,Tss. 2 best.: langs opzij (voor-/achterkant-flank),Geen hindernis
38541,45,Pelt teller 1,Pelt,51.23127,5.44377,0.9152686299193866,51.223652195053766,5.448748978615175,2023,4,11,72043,Pelt,Normaal,Droog,Dag,met lichtgewonden,9,personenauto,3,Fiets,Op Kruispunt,Gemeenteweg,binnen bebouwde kom,Tss. 2 best.: langs opzij (voor-/achterkant-flank),Geen hindernis
38568,69,Leuven teller 1,Leuven,50.87549,4.71526,0.5823778079213734,50.8799509027517,4.719609295098479,2023,4,8,24062,Leuven,Regenval,"Nat, plassen",Dag,met lichtgewonden,3,Fiets,9,personenauto,Op Kruispunt,Gemeenteweg,binnen bebouwde kom,Tss. 2 best.: langs opzij (voor-/achterkant-flank),Geen hindernis
38570,69,Leuven teller 1,Leuven,50.87549,4.71526,0.5208887922998803,50.87362469730517,4.708450273496553,2023,4,10,24062,Leuven,Onbekend,Droog,Dag,met lichtgewonden,3,Fiets,9,personenauto,Buiten Kruispunt,Gemeenteweg,binnen bebouwde kom,Tss. 2 best.: langs opzij (voor-/achterkant-flank),Geen hindernis
38572,69,Leuven teller 1,Leuven,50.87549,4.71526,0.3330469579825986,50.876268139921635,4.719843686751273,2023,4,17,24062,Leuven,Onbekend,Droog,Dag,met lichtgewonden,3,Fiets,8,Voetganger,Buiten Kruispunt,Gewestweg,binnen bebouwde kom,Met een voetganger,Geen hindernis
38574,151,Leuven,District Leuven,50.8690262,4.6854839,0.4885349218577215,50.872075206426956,4.6904964450945394,2023,4,13,24062,Leuven,Normaal,Droog,Dag,met lichtgewonden,9,personenauto,3,Fiets,Op Kruispunt,Gewestweg,buiten bebouwde kom,Tss. 2 best.: langs opzij (voor-/achterkant-flank),Geen hindernis
38576,69,Leuven teller 1,Leuven,50.87549,4.71526,0.6286623574194551,50.8787860220327,4.707980068729809,2023,4,17,24062,Leuven,Regenval,"Nat, plassen",Dag,met lichtgewonden,9,personenauto,3,Fiets,Buiten Kruispunt,Gemeenteweg,binnen bebouwde kom,Tss. 2 best.: langs opzij (voor-/achterkant-flank),Geen hindernis
38576,77,Leuven teller 2,Leuven,50.88672,4.70796,0.8822192214809841,50.8787860220327,4.707980068729809,2023,4,17,24062,Leuven,Regenval,"Nat, plassen",Dag,met lichtgewonden,9,personenauto,3,Fiets,Buiten Kruispunt,Gemeenteweg,binnen bebouwde kom,Tss. 2 best.: langs opzij (voor-/achterkant-flank),Geen hindernis
38576,107,leuven totem,Leuven,50.8870744,4.7087919,0.92338363977767,50.8787860220327,4.707980068729809,2023,4,17,24062,Leuven,Regenval,"Nat, plassen",Dag,met lichtgewonden,9,personenauto,3,Fiets,Buiten Kruispunt,Gemeenteweg,binnen bebouwde kom,Tss. 2 best.: langs opzij (voor-/achterkant-flank),Geen hindernis
38577,77,Leuven teller 2,Leuven,50.88672,4.70796,0.8540173505139422,50.880304886971665,4.70126627212414,2023,4,0,24062,Leuven,Normaal,Droog,"Nacht, openbare verlichting aanwezig en ontstoken",met lichtgewonden,8,Voetganger,3,Fiets,Buiten Kruispunt,Gemeenteweg,binnen bebouwde kom,Met een voetganger,Geen hindernis
38577,107,leuven totem,Leuven,50.8870744,4.7087919,0.9194200222105156,50.880304886971665,4.70126627212414,2023,4,0,24062,Leuven,Normaal,Droog,"Nacht, openbare verlichting aanwezig en ontstoken",met lichtgewonden,8,Voetganger,3,Fiets,Buiten Kruispunt,Gemeenteweg,binnen bebouwde kom,Met een voetganger,Geen hindernis
38592,111,Zaventem totem,Zaventem,50.8871216,4.4597084,0.8797829514525602,50.89040131127183,4.471122463064521,2023,4,16,23094,Zaventem,Normaal,Droog,Dag,met lichtgewonden,5,Lichte vrachtauto,3,Fiets,Buiten Kruispunt,Gewestweg,binnen bebouwde kom,Tussen 2 bestuurders: Frontale botsing,Geen hindernis
38603,152,Opwijk,District Vilvoorde-gewestwegen,50.968901168564656,4.149169474840164,0.8952052654306566,50.96186662187535,4.155386421876605,2023,4,6,23060,Opwijk,Normaal,"Nat, plassen",Dageraad - schemering,met lichtgewonden,9,personenauto,3,Fiets,Op Kruispunt,Gewestweg,binnen bebouwde kom,Tss. 2 best.: langs opzij (voor-/achterkant-flank),Geen hindernis
38605,81,Wemmel teller 2,Wemmel,50.91439,4.29568,0.586284468829071,50.918014865080956,4.289606778220056,2023,4,12,23052,Merchtem,Normaal,Droog,Dag,met lichtgewonden,9,personenauto,3,Fiets,Buiten Kruispunt,Gemeenteweg,buiten bebouwde kom,Tss. 2 best.: langs opzij (voor-/achterkant-flank),Geen hindernis
38605,80,Wemmel teller 1,Wemmel,50.91418,4.29571,0.6040652043035837,50.918014865080956,4.289606778220056,2023,4,12,23052,Merchtem,Normaal,Droog,Dag,met lichtgewonden,9,personenauto,3,Fiets,Buiten Kruispunt,Gemeenteweg,buiten bebouwde kom,Tss. 2 best.: langs opzij (voor-/achterkant-flank),Geen hindernis
38612,71,Kampenhout teller 2,Kampenhout,50.95589,4.59164,0.18877834117527598,50.95424535083011,4.592308623177384,2023,4,16,23038,Kampenhout,Normaal,Droog,Dag,met lichtgewonden,3,Fiets,11,een weggebruiker tegen een hindernis,Buiten Kruispunt,Gewestweg,buiten bebouwde kom,Weggebruiker tegen hindernis buiten rijbaan,Andere hindernis
38612,70,Kampenhout teller 1,Kampenhout,50.95682,4.59318,0.2927217842154177,50.95424535083011,4.592308623177384,2023,4,16,23038,Kampenhout,Normaal,Droog,Dag,met lichtgewonden,3,Fiets,11,een weggebruiker tegen een hindernis,Buiten Kruispunt,Gewestweg,buiten bebouwde kom,Weggebruiker tegen hindernis buiten rijbaan,Andere hindernis
38613,109,Zemst,Zemst,50.9903936,4.4707023,0.7900062860945165,50.986188515158865,4.4616049330954795,2023,4,9,23096,Zemst,Normaal,Droog,Dag,met lichtgewonden,3,Fiets,9,personenauto,Buiten Kruispunt,Gemeenteweg,binnen bebouwde kom,Tussen 2 bestuurders: Flank tegen flank,Geen hindernis
38617,13,Gent,Gent,51.03018,3.70146,0.7873432537572578,51.026186977694465,3.710757351449451,2023,4,10,44021,Gent,Normaal,Droog,Dag,met lichtgewonden,99,onbekend,3,Fiets,Op Kruispunt,Gewestweg,binnen bebouwde kom,Tussen 2 bestuurders: Frontale botsing,Geen hindernis
38638,13,Gent,Gent,51.03018,3.70146,0.4144424359848435,51.03245946407412,3.696771031048829,2023,4,17,44021,Gent,Normaal,Droog,Dag,met lichtgewonden,3,Fiets,3,Fiets,Buiten Kruispunt,Autosnelweg,binnen bebouwde kom,Tussen 2 bestuurders: Frontale botsing,Geen hindernis
38675,7,Evergem 1,Evergem,51.1089,3.70317,0.6086668708654894,51.105209643505404,3.709609003824812,2023,4,16,44019,Evergem,Normaal,Droog,Dag,met lichtgewonden,9,personenauto,3,Fiets,Op Kruispunt,Gewestweg,buiten bebouwde kom,Tss. 2 best.: langs opzij (voor-/achterkant-flank),Geen hindernis
38675,6,Evergem 2,Evergem,51.10894,3.70298,0.6214881917790852,51.105209643505404,3.709609003824812,2023,4,16,44019,Evergem,Normaal,Droog,Dag,met lichtgewonden,9,personenauto,3,Fiets,Op Kruispunt,Gewestweg,buiten bebouwde kom,Tss. 2 best.: langs opzij (voor-/achterkant-flank),Geen hindernis
38749,122,Dendermonde teller 2,Dendermonde,51.0373918,4.1019222,0.17021665982519116,51.03890568269676,4.1022830777712675,2023,4,1,42006,Dendermonde,Normaal,Droog,"Nacht, geen openbare verlichting aanwezig",met lichtgewonden,3,Fiets,11,een weggebruiker tegen een hindernis,Buiten Kruispunt,Gewestweg,binnen bebouwde kom,Weggebruiker tegen hindernis buiten rijbaan,Buiten de rijbaan: Vangrails niet overgestoken
38749,125,Dendermonde totem,Dendermonde,51.0372706,4.1025998,0.1831565950657297,51.03890568269676,4.1022830777712675,2023,4,1,42006,Dendermonde,Normaal,Droog,"Nacht, geen openbare verlichting aanwezig",met lichtgewonden,3,Fiets,11,een weggebruiker tegen een hindernis,Buiten Kruispunt,Gewestweg,binnen bebouwde kom,Weggebruiker tegen hindernis buiten rijbaan,Buiten de rijbaan: Vangrails niet overgestoken
38750,125,Dendermonde totem,Dendermonde,51.0372706,4.1025998,0.47705848750115276,51.0330770718401,4.104040605951789,2023,4,8,42006,Dendermonde,Normaal,Droog,Dag,met lichtgewonden,3,Fiets,99,onbekend,Buiten Kruispunt,Gewestweg,binnen bebouwde kom,Tussen 2 bestuurders: Frontale botsing,Geen hindernis
38750,122,Dendermonde teller 2,Dendermonde,51.0373918,4.1019222,0.5021221747431244,51.0330770718401,4.104040605951789,2023,4,8,42006,Dendermonde,Normaal,Droog,Dag,met lichtgewonden,3,Fiets,99,onbekend,Buiten Kruispunt,Gewestweg,binnen bebouwde kom,Tussen 2 bestuurders: Frontale botsing,Geen hindernis
38751,122,Dendermonde teller 2,Dendermonde,51.0373918,4.1019222,0.22567810044040576,51.03719050622844,4.098710497327778,2023,4,16,42006,Dendermonde,Normaal,Droog,Dag,met lichtgewonden,3,Fiets,3,Fiets,Buiten Kruispunt,Gemeenteweg,binnen bebouwde kom,Tss. 2 best.: langs opzij (voor-/achterkant-flank),Geen hindernis
38751,125,Dendermonde totem,Dendermonde,51.0372706,4.1025998,0.2720899913276637,51.03719050622844,4.098710497327778,2023,4,16,42006,Dendermonde,Normaal,Droog,Dag,met lichtgewonden,3,Fiets,3,Fiets,Buiten Kruispunt,Gemeenteweg,binnen bebouwde kom,Tss. 2 best.: langs opzij (voor-/achterkant-flank),Geen hindernis
38760,142,TEST Validatie BRUGGE Y2H22022134,Brugge,51.22632,3.24095,0.0484342491092603,51.22675392665913,3.2408894615796737,2023,4,7,31005,Brugge,Normaal,"Nat, plassen",Dag,met lichtgewonden,9,personenauto,3,Fiets,Op Kruispunt,Gewestweg,binnen bebouwde kom,Tss. 2 best.: langs opzij (voor-/achterkant-flank),Geen hindernis
38760,52,Brugge,Brugge,51.22632,3.24095,0.0484342491092603,51.22675392665913,3.2408894615796737,2023,4,7,31005,Brugge,Normaal,"Nat, plassen",Dag,met lichtgewonden,9,personenauto,3,Fiets,Op Kruispunt,Gewestweg,binnen bebouwde kom,Tss. 2 best.: langs opzij (voor-/achterkant-flank),Geen hindernis