crash_row_id,site_id,site_name,site_gemeente,site_lat,site_long,distance_km,crash_lat,crash_long,DT_YEAR_COLLISION,DT_MONTH_COLLISION,DT_TIME,CD_NIS,TX_MUNTY_COLLISION_NL,TX_WEATHER_NL,TX_ROAD_CONDITION_NL,TX_LIGHT_CONDITION_NL,TX_CLASS_ACCIDENTS_NL,CD_ROAD_USR_TYPE1,TX_ROAD_USR_TYPE1_NL,CD_ROAD_USR_TYPE2,TX_ROAD_USR_TYPE2_NL,TX_CROSSWAY_NL,CD_ROAD_TYPE_NL,TX_BUILD_UP_AREA_NL,TX_COLLISION_TYPE_NL,TX_OBSTACLES_NL
38760,54,Brugge teller 2,Brugge,51.23015,3.22818,0.9621866337278203,51.22675392665913,3.2408894615796737,2023,4,7,31005,Brugge,Normaal,"Nat, plassen",Dag,met lichtgewonden,9,personenauto,3,Fiets,Op Kruispunt,Gewestweg,binnen bebouwde kom,Tss. 2 best.: langs opzij (voor-/achterkant-flank),Geen hindernis
38760,53,Brugge teller 1,Brugge,51.23023,3.228,0.9772107377141466,51.22675392665913,3.2408894615796737,2023,4,7,31005,Brugge,Normaal,"Nat, plassen",Dag,met lichtgewonden,9,personenauto,3,Fiets,Op Kruispunt,Gewestweg,binnen bebouwde kom,Tss. 2 best.: langs opzij (voor-/achterkant-flank),Geen hindernis
38768,51,"Brugge, Sint-Andries",Brugge,51.19281,3.16252,0.8231163928293025,51.18556245011951,3.1649236373435876,2023,4,18,31005,Brugge,Regenval,"Nat, plassen",Dag,met lichtgewonden,9,personenauto,3,Fiets,Op Kruispunt,Gemeenteweg,binnen bebouwde kom,Tss. 2 best.: langs opzij (voor-/achterkant-flank),Geen hindernis
38768,50,"Brugge, Sint-Andries",Brugge,51.19291,3.16252,0.8340062179264484,51.18556245011951,3.1649236373435876,2023,4,18,31005,Brugge,Regenval,"Nat, plassen",Dag,met lichtgewonden,9,personenauto,3,Fiets,Op Kruispunt,Gemeenteweg,binnen bebouwde kom,Tss. 2 best.: langs opzij (voor-/achterkant-flank),Geen hindernis
38769,20,Brugge,Brugge,51.17416,3.20048,0.5191017147536294,51.169822248492956,3.1977277253013443,2023,4,16,31005,Brugge,Normaal,Droog,Dag,met lichtgewonden,3,Fiets,2,Andere weggebruiker,Op Kruispunt,Gewestweg,buiten bebouwde kom,Tss. 2 best.: langs opzij (voor-/achterkant-flank),Geen hindernis
38800,55,Torhout teller 1,Torhout,51.07161,3.08261,0.6058101074143805,51.06902382055756,3.0902412876244525,2023,4,9,31033,Torhout,Normaal,Droog,Dag,met lichtgewonden,9,personenauto,3,Fiets,Op Kruispunt,Gewestweg,buiten bebouwde kom,Tss. 2 best.: langs opzij (voor-/achterkant-flank),Geen hindernis
38800,56,Torhout teller 2,Torhout,51.07147,3.08244,0.6091828940290676,51.06902382055756,3.0902412876244525,2023,4,9,31033,Torhout,Normaal,Droog,Dag,met lichtgewonden,9,personenauto,3,Fiets,Op Kruispunt,Gewestweg,buiten bebouwde kom,Tss. 2 best.: langs opzij (voor-/achterkant-flank),Geen hindernis
38819,143,Eco Display Classic Budastraat,Kortrijk,50.83066,3.26286,0.21399634653929353,50.83254391098917,3.2634826097797567,2023,4,8,34022,Kortrijk,Normaal,Droog,Dag,met lichtgewonden,3,Fiets,3,Fiets,Op Kruispunt,Gemeenteweg,binnen bebouwde kom,Tss. 2 best.: langs opzij (voor-/achterkant-flank),Geen hindernis
38821,16,Kortrijk 1,Kortrijk,50.83332,3.27777,0.8314854134028139,50.82638225374048,3.2733528274960006,2023,3,22,34022,Kortrijk,Onbekend,Onbekend,Onbekend,met lichtgewonden,3,Fiets,9,personenauto,Buiten Kruispunt,Gemeenteweg,binnen bebouwde kom,Tss. 2 best.: langs opzij (voor-/achterkant-flank),Geen hindernis
38821,17,Kortrijk 2,Kortrijk,50.83339,3.27773,0.8376768395256224,50.82638225374048,3.2733528274960006,2023,3,22,34022,Kortrijk,Onbekend,Onbekend,Onbekend,met lichtgewonden,3,Fiets,9,personenauto,Buiten Kruispunt,Gemeenteweg,binnen bebouwde kom,Tss. 2 best.: langs opzij (voor-/achterkant-flank),Geen hindernis
38821,143,Eco Display Classic Budastraat,Kortrijk,50.83066,3.26286,0.8771430773973561,50.82638225374048,3.2733528274960006,2023,3,22,34022,Kortrijk,Onbekend,Onbekend,Onbekend,met lichtgewonden,3,Fiets,9,personenauto,Buiten Kruispunt,Gemeenteweg,binnen bebouwde kom,Tss. 2 best.: langs opzij (voor-/achterkant-flank),Geen hindernis
38822,143,Eco Display Classic Budastraat,Kortrijk,50.83066,3.26286,0.4904813803917169,50.83301263116094,3.2569523999564183,2023,4,16,34022,Kortrijk,Normaal,Droog,Dag,met lichtgewonden,9,personenauto,3,Fiets,Op Kruispunt,Gewestweg,binnen bebouwde kom,Tss. 2 best.: langs opzij (voor-/achterkant-flank),Geen hindernis
38825,75,Kortrijk teller 2,Kortrijk,50.81925,3.25731,0.6189789956482707,50.82477087393801,3.256182745168824,2023,4,16,34022,Kortrijk,Normaal,Droog,Dag,met lichtgewonden,5,Lichte vrachtauto,3,Fiets,Buiten Kruispunt,Gemeenteweg,binnen bebouwde kom,Tss. 2 best.: langs opzij (voor-/achterkant-flank),Geen hindernis
38825,74,Kortrijk teller 1,Kortrijk,50.81909,3.25728,0.6363694073643517,50.82477087393801,3.256182745168824,2023,4,16,34022,Kortrijk,Normaal,Droog,Dag,met lichtgewonden,5,Lichte vrachtauto,3,Fiets,Buiten Kruispunt,Gemeenteweg,binnen bebouwde kom,Tss. 2 best.: langs opzij (voor-/achterkant-flank),Geen hindernis
38825,143,Eco Display Classic Budastraat,Kortrijk,50.83066,3.26286,0.8054608036377938,50.82477087393801,3.256182745168824,2023,4,16,34022,Kortrijk,Normaal,Droog,Dag,met lichtgewonden,5,Lichte vrachtauto,3,Fiets,Buiten Kruispunt,Gemeenteweg,binnen bebouwde kom,Tss. 2 best.: langs opzij (voor-/achterkant-flank),Geen hindernis
38826,74,Kortrijk teller 1,Kortrijk,50.81909,3.25728,0.6653646276368662,50.81500493682863,3.264200532434995,2023,4,8,34022,Kortrijk,Normaal,Droog,Dag,met lichtgewonden,3,Fiets,9,personenauto,Buiten Kruispunt,Gewestweg,binnen bebouwde kom,Tss. 2 best.: langs opzij (voor-/achterkant-flank),Geen hindernis
38826,75,Kortrijk teller 2,Kortrijk,50.81925,3.25731,0.6761240801630997,50.81500493682863,3.264200532434995,2023,4,8,34022,Kortrijk,Normaal,Droog,Dag,met lichtgewonden,3,Fiets,9,personenauto,Buiten Kruispunt,Gewestweg,binnen bebouwde kom,Tss. 2 best.: langs opzij (voor-/achterkant-flank),Geen hindernis
38827,75,Kortrijk teller 2,Kortrijk,50.81925,3.25731,0.5092751664364535,50.82210115689102,3.25163632617929,2023,4,7,34022,Kortrijk,Normaal,Droog,Dag,met lichtgewonden,9,personenauto,3,Fiets,Buiten Kruispunt,Gemeenteweg,binnen bebouwde kom,Tss. 2 best.: langs opzij (voor-/achterkant-flank),Geen hindernis
38827,74,Kortrijk teller 1,Kortrijk,50.81909,3.25728,0.5189254873704416,50.82210115689102,3.25163632617929,2023,4,7,34022,Kortrijk,Normaal,Droog,Dag,met lichtgewonden,9,personenauto,3,Fiets,Buiten Kruispunt,Gemeenteweg,binnen bebouwde kom,Tss. 2 best.: langs opzij (voor-/achterkant-flank),Geen hindernis
38829,75,Kortrijk teller 2,Kortrijk,50.81925,3.25731,0.8393901671373128,50.82036998989764,3.2691265992661664,2023,4,23,34022,Kortrijk,Onbekend,Onbekend,Onbekend,met lichtgewonden,3,Fiets,8,Voetganger,Buiten Kruispunt,Gewestweg,binnen bebouwde kom,Met een voetganger,Geen hindernis
38829,74,Kortrijk teller 1,Kortrijk,50.81909,3.25728,0.844292205396262,50.82036998989764,3.2691265992661664,2023,4,23,34022,Kortrijk,Onbekend,Onbekend,Onbekend,met lichtgewonden,3,Fiets,8,Voetganger,Buiten Kruispunt,Gewestweg,binnen bebouwde kom,Met een voetganger,Geen hindernis
38835,16,Kortrijk 1,Kortrijk,50.83332,3.27777,0.4833527681078802,50.829109583983,3.279481023668394,2023,4,13,34022,Kortrijk,Normaal,Droog,Dag,met lichtgewonden,3,Fiets,3,Fiets,Buiten Kruispunt,Gemeenteweg,binnen bebouwde kom,Tussen 2 bestuurders: Langs achteren,Geen hindernis
38835,17,Kortrijk 2,Kortrijk,50.83339,3.27773,0.4915910527593067,50.829109583983,3.279481023668394,2023,4,13,34022,Kortrijk,Normaal,Droog,Dag,met lichtgewonden,3,Fiets,3,Fiets,Buiten Kruispunt,Gemeenteweg,binnen bebouwde kom,Tussen 2 bestuurders: Langs achteren,Geen hindernis
38880,139,Houthalen-Helchteren,Houthalen-Helchteren,51.0644267,5.3819796,0.927678317655494,51.05722861950299,5.388690610027697,2023,4,17,72039,Houthalen-Helchteren,Onbekend,Onbekend,Onbekend,met lichtgewonden,3,Fiets,5,Lichte vrachtauto,Buiten Kruispunt,Gewestweg,binnen bebouwde kom,Tussen 2 bestuurders: Flank tegen flank,Geen hindernis
38882,139,Houthalen-Helchteren,Houthalen-Helchteren,51.0644267,5.3819796,0.921844131432151,51.05771655113731,5.389726153317035,2023,4,15,72039,Houthalen-Helchteren,Normaal,Droog,Dag,met lichtgewonden,9,personenauto,3,Fiets,Op Kruispunt,Gewestweg,binnen bebouwde kom,Tss. 2 best.: langs opzij (voor-/achterkant-flank),Geen hindernis
38883,14,Genk,Genk,50.97172,5.48927,0.9598894444258111,50.96411432302428,5.482786000676591,2023,4,14,71016,Genk,Normaal,Droog,Dag,met lichtgewonden,9,personenauto,3,Fiets,Op Kruispunt,Gewestweg,binnen bebouwde kom,Tss. 2 best.: langs opzij (voor-/achterkant-flank),Geen hindernis
38884,14,Genk,Genk,50.97172,5.48927,0.9267010284881809,50.964283637238665,5.483295440402385,2023,4,7,71016,Genk,Normaal,Droog,Dag,met lichtgewonden,3,Fiets,10,"één bestuurder, geen hindernis",Buiten Kruispunt,Gemeenteweg,binnen bebouwde kom,"Eén bestuurder, geen hindernis (incl. val)",Geen hindernis
38891,22,Tienen 2,Tienen,50.81330800184882,4.935984252796022,0.7872005436066233,50.80631953048478,4.937774750163391,2023,4,12,24107,Tienen,Normaal,Droog,Dag,met lichtgewonden,6,Bromfiets,3,Fiets,Op Kruispunt,Gemeenteweg,binnen bebouwde kom,Tss. 2 best.: langs opzij (voor-/achterkant-flank),Geen hindernis
38891,23,Tienen 3,Tienen,50.81324,4.93447,0.8037919346175104,50.80631953048478,4.937774750163391,2023,4,12,24107,Tienen,Normaal,Droog,Dag,met lichtgewonden,6,Bromfiets,3,Fiets,Op Kruispunt,Gemeenteweg,binnen bebouwde kom,Tss. 2 best.: langs opzij (voor-/achterkant-flank),Geen hindernis
38891,24,Tienen 1,Tienen,50.8133795491886,4.935044252605416,0.8081418779422229,50.80631953048478,4.937774750163391,2023,4,12,24107,Tienen,Normaal,Droog,Dag,met lichtgewonden,6,Bromfiets,3,Fiets,Op Kruispunt,Gemeenteweg,binnen bebouwde kom,Tss. 2 best.: langs opzij (voor-/achterkant-flank),Geen hindernis
39161,46,Pelt teller 2,Pelt,51.231,5.44375,0.43635303851267127,51.227075988936555,5.443685776330382,2023,5,12,72043,Pelt,Onbekend,Onbekend,Dag,met lichtgewonden,3,Fiets,9,personenauto,Op Kruispunt,Gemeenteweg,onbekend,Tussen 2 bestuurders: Flank tegen flank,Geen hindernis
39161,45,Pelt teller 1,Pelt,51.23127,5.44377,0.4663896258692053,51.227075988936555,5.443685776330382,2023,5,12,72043,Pelt,Onbekend,Onbekend,Dag,met lichtgewonden,3,Fiets,9,personenauto,Op Kruispunt,Gemeenteweg,onbekend,Tussen 2 bestuurders: Flank tegen flank,Geen hindernis
39206,77,Leuven teller 2,Leuven,50.88672,4.70796,0.9195269363462257,50.879332863069344,4.7020687206931475,2023,5,13,24062,Leuven,Normaal,Droog,Dag,met lichtgewonden,6,Bromfiets,3,Fiets,Op Kruispunt,Gemeenteweg,binnen bebouwde kom,Tussen 2 bestuurders: Frontale botsing,Geen hindernis
39206,107,leuven totem,Leuven,50.8870744,4.7087919,0.9815634644452432,50.879332863069344,4.7020687206931475,2023,5,13,24062,Leuven,Normaal,Droog,Dag,met lichtgewonden,6,Bromfiets,3,Fiets,Op Kruispunt,Gemeenteweg,binnen bebouwde kom,Tussen 2 bestuurders: Frontale botsing,Geen hindernis
39210,77,Leuven teller 2,Leuven,50.88672,4.70796,0.9106713816215545,50.879199538819556,4.702819901205191,2023,4,17,24062,Leuven,Onbekend,Onbekend,Onbekend,met lichtgewonden,3,Fiets,6,Bromfiets,Buiten Kruispunt,Gemeenteweg,binnen bebouwde kom,Tussen 2 bestuurders: Flank tegen flank,Geen hindernis
39210,69,Leuven teller 1,Leuven,50.87549,4.71526,0.9653814507894736,50.879199538819556,4.702819901205191,2023,4,17,24062,Leuven,Onbekend,Onbekend,Onbekend,met lichtgewonden,3,Fiets,6,Bromfiets,Buiten Kruispunt,Gemeenteweg,binnen bebouwde kom,Tussen 2 bestuurders: Flank tegen flank,Geen hindernis
39210,107,leuven totem,Leuven,50.8870744,4.7087919,0.9707097155306048,50.879199538819556,4.702819901205191,2023,4,17,24062,Leuven,Onbekend,Onbekend,Onbekend,met lichtgewonden,3,Fiets,6,Bromfiets,Buiten Kruispunt,Gemeenteweg,binnen bebouwde kom,Tussen 2 bestuurders: Flank tegen flank,Geen hindernis
39215,151,Leuven,District Leuven,50.8690262,4.6854839,0.791114646279611,50.869090004887816,4.696756974546756,2023,5,11,24062,Leuven,Normaal,Droog,Dag,met lichtgewonden,99,onbekend,3,Fiets,Buiten Kruispunt,Gewestweg,binnen bebouwde kom,Tussen 2 bestuurders: Frontale botsing,Geen hindernis
39216,69,Leuven teller 1,Leuven,50.87549,4.71526,0.2104097074936522,50.87366488701618,4.714468249917917,2023,5,11,24062,Leuven,Normaal,Droog,Dag,met lichtgewonden,3,Fiets,4,Vrachtwagen,Op Kruispunt,Gewestweg,binnen bebouwde kom,Tss. 2 best.: langs opzij (voor-/achterkant-flank),Geen hindernis
39218,107,leuven totem,Leuven,50.8870744,4.7087919,0.7530610526803859,50.88600900286755,4.719393515933998,2023,5,14,24062,Leuven,Regenval,"Nat, plassen",Dag,met lichtgewonden,9,personenauto,3,Fiets,Buiten Kruispunt,Gemeenteweg,binnen bebouwde kom,Tss. 2 best.: langs opzij (voor-/achterkant-flank),Geen hindernis
39218,77,Leuven teller 2,Leuven,50.88672,4.70796,0.8059309196993114,50.88600900286755,4.719393515933998,2023,5,14,24062,Leuven,Regenval,"Nat, plassen",Dag,met lichtgewonden,9,personenauto,3,Fiets,Buiten Kruispunt,Gemeenteweg,binnen bebouwde kom,Tss. 2 best.: langs opzij (voor-/achterkant-flank),Geen hindernis
39219,77,Leuven teller 2,Leuven,50.88672,4.70796,0.8956096337720437,50.8800222323313,4.7008691272575245,2023,5,0,24062,Leuven,Normaal,Droog,"Nacht, openbare verlichting aanwezig en ontstoken",met lichtgewonden,6,Bromfiets,3,Fiets,Buiten Kruispunt,Gemeenteweg,binnen bebouwde kom,Tussen 2 bestuurders: Frontale botsing,Geen hindernis
39219,107,leuven totem,Leuven,50.8870744,4.7087919,0.9611625028612732,50.8800222323313,4.7008691272575245,2023,5,0,24062,Leuven,Normaal,Droog,"Nacht, openbare verlichting aanwezig en ontstoken",met lichtgewonden,6,Bromfiets,3,Fiets,Buiten Kruispunt,Gemeenteweg,binnen bebouwde kom,Tussen 2 bestuurders: Frontale botsing,Geen hindernis
39220,77,Leuven teller 2,Leuven,50.88672,4.70796,0.5503303820296137,50.882029123922855,4.70545847283925,2023,5,16,24062,Leuven,Normaal,Droog,Dag,met lichtgewonden,3,Fiets,8,Voetganger,Buiten Kruispunt,Gemeenteweg,binnen bebouwde kom,Met een voetganger,Geen hindernis
39220,107,leuven totem,Leuven,50.8870744,4.7087919,0.6077945478272848,50.882029123922855,4.70545847283925,2023,5,16,24062,Leuven,Normaal,Droog,Dag,met lichtgewonden,3,Fiets,8,Voetganger,Buiten Kruispunt,Gemeenteweg,binnen bebouwde kom,Met een voetganger,Geen hindernis
39221,107,leuven totem,Leuven,50.8870744,4.7087919,0.9759988810660649,50.88393480453921,4.721784476714513,2023,5,19,24062,Leuven,Normaal,Droog,Dag,met lichtgewonden,3,Fiets,3,Fiets,Buiten Kruispunt,Gewestweg,binnen bebouwde kom,Tss. 2 best.: langs opzij (voor-/achterkant-flank),Geen hindernis
39229,151,Leuven,District Leuven,50.8690262,4.6854839,0.7519207575775213,50.87474778480978,4.691195355067273,2023,5,17,24062,Leuven,Normaal,Droog,Dag,met lichtgewonden,3,Fiets,3,Fiets,Buiten Kruispunt,Gemeenteweg,binnen bebouwde kom,Tss. 2 best.: langs opzij (voor-/achterkant-flank),Geen hindernis
39249,87,Aarschot,Aarschot,50.99084,4.81259,0.229707647628544,50.99064073864043,4.809323352712662,2023,5,15,24007,Begijnendijk,Normaal,Droog,Dag,met lichtgewonden,9,personenauto,3,Fiets,Buiten Kruispunt,Gewestweg,buiten bebouwde kom,Tss. 2 best.: langs opzij (voor-/achterkant-flank),Geen hindernis
39253,145,Overijse,District Vilvoorde-gewestwegen,50.7885856,4.4908759,0.12898723226263414,50.78945513960193,4.492090439320721,2023,5,18,23062,Overijse,Normaal,Droog,Dag,met lichtgewonden,9,personenauto,3,Fiets,Op Kruispunt,Gewestweg,buiten bebouwde kom,Tss. 2 best.: langs opzij (voor-/achterkant-flank),Geen hindernis
39253,146,Overijse 2,District Vilvoorde-gewestwegen,50.7881478,4.4902818,0.1931232320172067,50.78945513960193,4.492090439320721,2023,5,18,23062,Overijse,Normaal,Droog,Dag,met lichtgewonden,9,personenauto,3,Fiets,Op Kruispunt,Gewestweg,buiten bebouwde kom,Tss. 2 best.: langs opzij (voor-/achterkant-flank),Geen hindernis
39267,47,Vilvoorde,Vilvoorde,50.91372,4.41497,0.9801740140023378,50.922108623263675,4.410674396420398,2023,5,15,23088,Vilvoorde,Normaal,Onbekend,Dag,met lichtgewonden,9,personenauto,3,Fiets,Op Kruispunt,Gewestweg,buiten bebouwde kom,Tussen 2 bestuurders: Frontale botsing,Geen hindernis
39268,149,Machelen,,50.88297881,4.43356644,0.9682721333589717,50.89162178675055,4.431884266580327,2023,5,14,23047,Machelen,Normaal,Droog,Dag,met lichtgewonden,3,Fiets,3,Fiets,Buiten Kruispunt,Gemeenteweg,binnen bebouwde kom,Tussen 2 bestuurders: Frontale botsing,Geen hindernis
39269,149,Machelen,,50.88297881,4.43356644,0.9407725293176864,50.891322600431295,4.435787036228824,2023,5,7,23047,Machelen,Normaal,Droog,Dag,met lichtgewonden,3,Fiets,9,personenauto,Op Kruispunt,Gemeenteweg,binnen bebouwde kom,Tss. 2 best.: langs opzij (voor-/achterkant-flank),Geen hindernis
39280,47,Vilvoorde,Vilvoorde,50.91372,4.41497,0.8187092499411878,50.9102199683201,4.425243740120558,2023,5,14,23047,Machelen,"Andere (dikke rook,...)",Droog,Dag,met lichtgewonden,3,Fiets,9,personenauto,Buiten Kruispunt,Gemeenteweg,binnen bebouwde kom,Tussen 2 bestuurders: Flank tegen flank,Geen hindernis
39341,136,Gent R4,Gent,51.0876313,3.7587918,0.8473595789267845,51.08005823303268,3.7574405728817117,2023,5,23,44021,Gent,Normaal,Droog,"Nacht, openbare verlichting aanwezig en ontstoken",met lichtgewonden,3,Fiets,3,Fiets,Op Kruispunt,Gemeenteweg,binnen bebouwde kom,Tussen 2 bestuurders: Flank tegen flank,Geen hindernis
39439,128,Lokeren teller 1,Lokeren,51.09644,3.97023,0.833534634648604,51.1036247871361,3.973634721053618,2023,5,18,46014,Lokeren,Normaal,Droog,Dag,met lichtgewonden,3,Fiets,3,Fiets,Op Kruispunt,Gemeenteweg,binnen bebouwde kom,Tussen 2 bestuurders: Flank tegen flank,Geen hindernis
39439,129,Lokeren teller 2,Lokeren,51.09612,3.97025,0.8673170004810385,51.1036247871361,3.973634721053618,2023,5,18,46014,Lokeren,Normaal,Droog,Dag,met lichtgewonden,3,Fiets,3,Fiets,Op Kruispunt,Gemeenteweg,binnen bebouwde kom,Tussen 2 bestuurders: Flank tegen flank,Geen hindernis
39470,10,Aalst 2,Aalst,50.93549,4.01571,0.6710851117221664,50.9380714170753,4.024366736621536,2023,5,22,41002,Aalst,Normaal,Droog,"Nacht, openbare verlichting aanwezig en ontstoken",met lichtgewonden,3,Fiets,9,personenauto,Buiten Kruispunt,Gewestweg,binnen bebouwde kom,Tussen 2 bestuurders: Flank tegen flank,Geen hindernis
39470,11,Aalst 3,Aalst,50.93385,4.01647,0.7256289225197402,50.9380714170753,4.024366736621536,2023,5,22,41002,Aalst,Normaal,Droog,"Nacht, openbare verlichting aanwezig en ontstoken",met lichtgewonden,3,Fiets,9,personenauto,Buiten Kruispunt,Gewestweg,binnen bebouwde kom,Tussen 2 bestuurders: Flank tegen flank,Geen hindernis
39470,19,Aalst 1,Aalst,50.93433,4.01471,0.7943391221948382,50.9380714170753,4.024366736621536,2023,5,22,41002,Aalst,Normaal,Droog,"Nacht, openbare verlichting aanwezig en ontstoken",met lichtgewonden,3,Fiets,9,personenauto,Buiten Kruispunt,Gewestweg,binnen bebouwde kom,Tussen 2 bestuurders: Flank tegen flank,Geen hindernis
39472,10,Aalst 2,Aalst,50.93549,4.01571,0.4975206707537428,50.939065452607664,4.019978535737072,2023,5,8,41002,Aalst,Normaal,Proper,Dag,met lichtgewonden,9,personenauto,3,Fiets,Buiten Kruispunt,Gewestweg,buiten bebouwde kom,Tussen 2 bestuurders: Frontale botsing,Geen hindernis
39472,11,Aalst 3,Aalst,50.93385,4.01647,0.6298928685708176,50.939065452607664,4.019978535737072,2023,5,8,41002,Aalst,Normaal,Proper,Dag,met lichtgewonden,9,personenauto,3,Fiets,Buiten Kruispunt,Gewestweg,buiten bebouwde kom,Tussen 2 bestuurders: Frontale botsing,Geen hindernis
39472,19,Aalst 1,Aalst,50.93433,4.01471,0.6430845782553833,50.939065452607664,4.019978535737072,2023,5,8,41002,Aalst,Normaal,Proper,Dag,met lichtgewonden,9,personenauto,3,Fiets,Buiten Kruispunt,Gewestweg,buiten bebouwde kom,Tussen 2 bestuurders: Frontale botsing,Geen hindernis
39491,122,Dendermonde teller 2,Dendermonde,51.0373918,4.1019222,0.9199605481807199,51.045659344841745,4.102417324143207,2023,5,6,42006,Dendermonde,Normaal,Droog,Dag,met lichtgewonden,9,personenauto,3,Fiets,Op Kruispunt,Gemeenteweg,binnen bebouwde kom,Tussen 2 bestuurders: Frontale botsing,Geen hindernis
39491,125,Dendermonde totem,Dendermonde,51.0372706,4.1025998,0.9328731072425545,51.045659344841745,4.102417324143207,2023,5,6,42006,Dendermonde,Normaal,Droog,Dag,met lichtgewonden,9,personenauto,3,Fiets,Op Kruispunt,Gemeenteweg,binnen bebouwde kom,Tussen 2 bestuurders: Frontale botsing,Geen hindernis
39494,125,Dendermonde totem,Dendermonde,51.0372706,4.1025998,0.6196288414248703,51.03247439859355,4.107111271182423,2023,5,13,42006,Dendermonde,Normaal,Droog,Dag,met lichtgewonden,9,personenauto,3,Fiets,Op Kruispunt,Gewestweg,binnen bebouwde kom,Tss. 2 best.: langs opzij (voor-/achterkant-flank),Geen hindernis
39494,122,Dendermonde teller 2,Dendermonde,51.0373918,4.1019222,0.6562276475846354,51.03247439859355,4.107111271182423,2023,5,13,42006,Dendermonde,Normaal,Droog,Dag,met lichtgewonden,9,personenauto,3,Fiets,Op Kruispunt,Gewestweg,binnen bebouwde kom,Tss. 2 best.: langs opzij (voor-/achterkant-flank),Geen hindernis
39500,54,Brugge teller 2,Brugge,51.23015,3.22818,0.4451376143457284,51.23181837076316,3.2339914021732237,2023,5,18,31005,Brugge,Normaal,Droog,Dag,met lichtgewonden,9,personenauto,3,Fiets,Buiten Kruispunt,Gemeenteweg,binnen bebouwde kom,Tss. 2 best.: langs opzij (voor-/achterkant-flank),Geen hindernis
39500,53,Brugge teller 1,Brugge,51.23023,3.228,0.4530183366190817,51.23181837076316,3.2339914021732237,2023,5,18,31005,Brugge,Normaal,Droog,Dag,met lichtgewonden,9,personenauto,3,Fiets,Buiten Kruispunt,Gemeenteweg,binnen bebouwde kom,Tss. 2 best.: langs opzij (voor-/achterkant-flank),Geen hindernis
39500,52,Brugge,Brugge,51.22632,3.24095,0.7801111899907669,51.23181837076316,3.2339914021732237,2023,5,18,31005,Brugge,Normaal,Droog,Dag,met lichtgewonden,9,personenauto,3,Fiets,Buiten Kruispunt,Gemeenteweg,binnen bebouwde kom,Tss. 2 best.: langs opzij (voor-/achterkant-flank),Geen hindernis
39500,142,TEST Validatie BRUGGE Y2H22022134,Brugge,51.22632,3.24095,0.7801111899907669,51.23181837076316,3.2339914021732237,2023,5,18,31005,Brugge,Normaal,Droog,Dag,met lichtgewonden,9,personenauto,3,Fiets,Buiten Kruispunt,Gemeenteweg,binnen bebouwde kom,Tss. 2 best.: langs opzij (voor-/achterkant-flank),Geen hindernis
39501,142,TEST Validatie BRUGGE Y2H22022134,Brugge,51.22632,3.24095,0.6934428347187988,51.22149069088223,3.234649681981497,2023,5,18,31005,Brugge,Normaal,Droog,Dag,met lichtgewonden,3,Fiets,9,personenauto,Op Kruispunt,Gewestweg,binnen bebouwde kom,Tss. 2 best.: langs opzij (voor-/achterkant-flank),Geen hindernis
39501,52,Brugge,Brugge,51.22632,3.24095,0.6934428347187988,51.22149069088223,3.234649681981497,2023,5,18,31005,Brugge,Normaal,Droog,Dag,met lichtgewonden,3,Fiets,9,personenauto,Op Kruispunt,Gewestweg,binnen bebouwde kom,Tss. 2 best.: langs opzij (voor-/achterkant-flank),Geen hindernis
39505,142,TEST Validatie BRUGGE Y2H22022134,Brugge,51.22632,3.24095,0.8536702362916712,51.21908759900059,3.236837967312142,2023,5,14,31005,Brugge,Normaal,Droog,Dag,met lichtgewonden,8,Voetganger,3,Fiets,Buiten Kruispunt,Gemeenteweg,binnen bebouwde kom,Met een voetganger,Geen hindernis
39505,52,Brugge,Brugge,51.22632,3.24095,0.8536702362916712,51.21908759900059,3.236837967312142,2023,5,14,31005,Brugge,Normaal,Droog,Dag,met lichtgewonden,8,Voetganger,3,Fiets,Buiten Kruispunt,Gemeenteweg,binnen bebouwde kom,Met een voetganger,Geen hindernis
39532,15,Oostende 2,Oostende,51.21371,2.92743,0.47413264384564774,51.20985370505017,2.9303344527681703,2023,5,8,35013,Oostende,Regenval,"Nat, plassen",Dag,met lichtgewonden,9,personenauto,3,Fiets,Buiten Kruispunt,Gemeenteweg,binnen bebouwde kom,Tss. 2 best.: langs opzij (voor-/achterkant-flank),Geen hindernis
39532,18,Oostende 1,Oostende,51.21378,2.92765,0.47494374012956375,51.20985370505017,2.9303344527681703,2023,5,8,35013,Oostende,Regenval,"Nat, plassen",Dag,met lichtgewonden,9,personenauto,3,Fiets,Buiten Kruispunt,Gemeenteweg,binnen bebouwde kom,Tss. 2 best.: langs opzij (voor-/achterkant-flank),Geen hindernis
39534,15,Oostende 2,Oostende,51.21371,2.92743,0.4613066351274308,51.2099590603239,2.9302593907397707,2023,5,12,35013,Oostende,Normaal,Droog,Dag,met lichtgewonden,5,Lichte vrachtauto,3,Fiets,Op Kruispunt,Gemeenteweg,binnen bebouwde kom,Tussen 2 bestuurders: Langs achteren,Geen hindernis
39534,18,Oostende 1,Oostende,51.21378,2.92765,0.46211633061521173,51.2099590603239,2.9302593907397707,2023,5,12,35013,Oostende,Normaal,Droog,Dag,met lichtgewonden,5,Lichte vrachtauto,3,Fiets,Op Kruispunt,Gemeenteweg,binnen bebouwde kom,Tussen 2 bestuurders: Langs achteren,Geen hindernis
39539,15,Oostende 2,Oostende,51.21371,2.92743,0.13056409417062673,51.214605035469724,2.926216701397517,2023,5,16,35013,Oostende,Normaal,Droog,Dag,met lichtgewonden,3,Fiets,9,personenauto,Op Kruispunt,Gewestweg,buiten bebouwde kom,Tussen 2 bestuurders: Frontale botsing,Geen hindernis