crash_row_id,site_id,site_name,site_gemeente,site_lat,site_long,distance_km,crash_lat,crash_long,DT_YEAR_COLLISION,DT_MONTH_COLLISION,DT_TIME,CD_NIS,TX_MUNTY_COLLISION_NL,TX_WEATHER_NL,TX_ROAD_CONDITION_NL,TX_LIGHT_CONDITION_NL,TX_CLASS_ACCIDENTS_NL,CD_ROAD_USR_TYPE1,TX_ROAD_USR_TYPE1_NL,CD_ROAD_USR_TYPE2,TX_ROAD_USR_TYPE2_NL,TX_CROSSWAY_NL,CD_ROAD_TYPE_NL,TX_BUILD_UP_AREA_NL,TX_COLLISION_TYPE_NL,TX_OBSTACLES_NL
39539,18,Oostende 1,Oostende,51.21378,2.92765,0.13558436468721807,51.214605035469724,2.926216701397517,2023,5,16,35013,Oostende,Normaal,Droog,Dag,met lichtgewonden,3,Fiets,9,personenauto,Op Kruispunt,Gewestweg,buiten bebouwde kom,Tussen 2 bestuurders: Frontale botsing,Geen hindernis
39545,56,Torhout teller 2,Torhout,51.07147,3.08244,0.1791547020984216,51.07156199635207,3.0798800434861526,2023,5,11,31033,Torhout,Normaal,Droog,Dag,met lichtgewonden,3,Fiets,3,Fiets,Op Kruispunt,Gemeenteweg,binnen bebouwde kom,Tss. 2 best.: langs opzij (voor-/achterkant-flank),Geen hindernis
39545,55,Torhout teller 1,Torhout,51.07161,3.08261,0.19081458483879446,51.07156199635207,3.0798800434861526,2023,5,11,31033,Torhout,Normaal,Droog,Dag,met lichtgewonden,3,Fiets,3,Fiets,Op Kruispunt,Gemeenteweg,binnen bebouwde kom,Tss. 2 best.: langs opzij (voor-/achterkant-flank),Geen hindernis
39579,75,Kortrijk teller 2,Kortrijk,50.81925,3.25731,0.6015507771210574,50.82032740013781,3.2489183755143625,2023,5,11,34022,Kortrijk,Normaal,Droog,Dag,met zwaargewonden,4,Vrachtwagen,3,Fiets,Op Kruispunt,Gemeenteweg,binnen bebouwde kom,Tss. 2 best.: langs opzij (voor-/achterkant-flank),Geen hindernis
39579,74,Kortrijk teller 1,Kortrijk,50.81909,3.25728,0.6032939651801277,50.82032740013781,3.2489183755143625,2023,5,11,34022,Kortrijk,Normaal,Droog,Dag,met zwaargewonden,4,Vrachtwagen,3,Fiets,Op Kruispunt,Gemeenteweg,binnen bebouwde kom,Tss. 2 best.: langs opzij (voor-/achterkant-flank),Geen hindernis
39581,74,Kortrijk teller 1,Kortrijk,50.81909,3.25728,0.8148303346856982,50.8131731662488,3.264122515320928,2023,5,15,34022,Kortrijk,Normaal,Droog,Dag,met lichtgewonden,3,Fiets,3,Fiets,Op Kruispunt,Gemeenteweg,binnen bebouwde kom,Tss. 2 best.: langs opzij (voor-/achterkant-flank),Geen hindernis
39581,75,Kortrijk teller 2,Kortrijk,50.81925,3.25731,0.8280415125663649,50.8131731662488,3.264122515320928,2023,5,15,34022,Kortrijk,Normaal,Droog,Dag,met lichtgewonden,3,Fiets,3,Fiets,Op Kruispunt,Gemeenteweg,binnen bebouwde kom,Tss. 2 best.: langs opzij (voor-/achterkant-flank),Geen hindernis
39582,143,Eco Display Classic Budastraat,Kortrijk,50.83066,3.26286,0.137654418523452,50.82980079659998,3.2642710336694596,2023,5,10,34022,Kortrijk,Normaal,Droog,Dag,met lichtgewonden,3,Fiets,9,personenauto,Op Kruispunt,Gemeenteweg,binnen bebouwde kom,Tussen 2 bestuurders: Langs achteren,Geen hindernis
39609,64,Nieuwpoort teller 1,Nieuwpoort,51.13359,2.75737,0.13504795642472373,51.13313876119502,2.75557309149752,2023,5,12,38016,Nieuwpoort,Normaal,Droog,Dag,met zwaargewonden,3,Fiets,11,een weggebruiker tegen een hindernis,Buiten Kruispunt,Gemeenteweg,binnen bebouwde kom,Weggebruiker tegen hindernis op de rijbaan,"Op de rijbaan: Verkeersdrempel, ezelsrug"
39609,65,Nieuwpoort teller 2,Nieuwpoort,51.13435,2.75511,0.1385054638228101,51.13313876119502,2.75557309149752,2023,5,12,38016,Nieuwpoort,Normaal,Droog,Dag,met zwaargewonden,3,Fiets,11,een weggebruiker tegen een hindernis,Buiten Kruispunt,Gemeenteweg,binnen bebouwde kom,Weggebruiker tegen hindernis op de rijbaan,"Op de rijbaan: Verkeersdrempel, ezelsrug"
39609,66,Nieuwpoort totem,Nieuwpoort,51.1347,2.74369,0.8471224727289666,51.13313876119502,2.75557309149752,2023,5,12,38016,Nieuwpoort,Normaal,Droog,Dag,met zwaargewonden,3,Fiets,11,een weggebruiker tegen een hindernis,Buiten Kruispunt,Gemeenteweg,binnen bebouwde kom,Weggebruiker tegen hindernis op de rijbaan,"Op de rijbaan: Verkeersdrempel, ezelsrug"
39609,63,Nieuwpoort teller 3,Nieuwpoort,51.13529,2.74289,0.9167171492420632,51.13313876119502,2.75557309149752,2023,5,12,38016,Nieuwpoort,Normaal,Droog,Dag,met zwaargewonden,3,Fiets,11,een weggebruiker tegen een hindernis,Buiten Kruispunt,Gemeenteweg,binnen bebouwde kom,Weggebruiker tegen hindernis op de rijbaan,"Op de rijbaan: Verkeersdrempel, ezelsrug"
39610,65,Nieuwpoort teller 2,Nieuwpoort,51.13435,2.75511,0.29405756056261295,51.13208114246888,2.752944944371135,2023,5,16,38016,Nieuwpoort,Normaal,Droog,Dag,met lichtgewonden,3,Fiets,3,Fiets,Buiten Kruispunt,Gemeenteweg,binnen bebouwde kom,Tussen 2 bestuurders: Frontale botsing,Geen hindernis
39610,64,Nieuwpoort teller 1,Nieuwpoort,51.13359,2.75737,0.3514050846159378,51.13208114246888,2.752944944371135,2023,5,16,38016,Nieuwpoort,Normaal,Droog,Dag,met lichtgewonden,3,Fiets,3,Fiets,Buiten Kruispunt,Gemeenteweg,binnen bebouwde kom,Tussen 2 bestuurders: Frontale botsing,Geen hindernis
39610,66,Nieuwpoort totem,Nieuwpoort,51.1347,2.74369,0.7083930426546288,51.13208114246888,2.752944944371135,2023,5,16,38016,Nieuwpoort,Normaal,Droog,Dag,met lichtgewonden,3,Fiets,3,Fiets,Buiten Kruispunt,Gemeenteweg,binnen bebouwde kom,Tussen 2 bestuurders: Frontale botsing,Geen hindernis
39610,63,Nieuwpoort teller 3,Nieuwpoort,51.13529,2.74289,0.7871074033348121,51.13208114246888,2.752944944371135,2023,5,16,38016,Nieuwpoort,Normaal,Droog,Dag,met lichtgewonden,3,Fiets,3,Fiets,Buiten Kruispunt,Gemeenteweg,binnen bebouwde kom,Tussen 2 bestuurders: Frontale botsing,Geen hindernis
39611,66,Nieuwpoort totem,Nieuwpoort,51.1347,2.74369,0.5608899726028513,51.130879782583676,2.74893913542387,2023,5,18,38016,Nieuwpoort,Normaal,Droog,Dag,met lichtgewonden,3,Fiets,9,personenauto,Buiten Kruispunt,Gemeenteweg,binnen bebouwde kom,Tussen 2 bestuurders: Flank tegen flank,Geen hindernis
39611,65,Nieuwpoort teller 2,Nieuwpoort,51.13435,2.75511,0.5781861493780617,51.130879782583676,2.74893913542387,2023,5,18,38016,Nieuwpoort,Normaal,Droog,Dag,met lichtgewonden,3,Fiets,9,personenauto,Buiten Kruispunt,Gemeenteweg,binnen bebouwde kom,Tussen 2 bestuurders: Flank tegen flank,Geen hindernis
39611,63,Nieuwpoort teller 3,Nieuwpoort,51.13529,2.74289,0.6470263065446622,51.130879782583676,2.74893913542387,2023,5,18,38016,Nieuwpoort,Normaal,Droog,Dag,met lichtgewonden,3,Fiets,9,personenauto,Buiten Kruispunt,Gemeenteweg,binnen bebouwde kom,Tussen 2 bestuurders: Flank tegen flank,Geen hindernis
39611,64,Nieuwpoort teller 1,Nieuwpoort,51.13359,2.75737,0.6609835298735214,51.130879782583676,2.74893913542387,2023,5,18,38016,Nieuwpoort,Normaal,Droog,Dag,met lichtgewonden,3,Fiets,9,personenauto,Buiten Kruispunt,Gemeenteweg,binnen bebouwde kom,Tussen 2 bestuurders: Flank tegen flank,Geen hindernis
39629,41,Maasmechelen teller 1,Maasmechelen,50.97025,5.69799,0.6689929439387633,50.971840162497074,5.688775564479968,2023,5,12,73107,Maasmechelen,Normaal,Droog+Proper,Dag,met lichtgewonden,3,Fiets,10,"één bestuurder, geen hindernis",Buiten Kruispunt,Gemeenteweg,binnen bebouwde kom,"Eén bestuurder, geen hindernis (incl. val)",Geen hindernis
39629,42,Maasmechelen teller 2,Maasmechelen,50.97043,5.6981,0.6714691903205919,50.971840162497074,5.688775564479968,2023,5,12,73107,Maasmechelen,Normaal,Droog+Proper,Dag,met lichtgewonden,3,Fiets,10,"één bestuurder, geen hindernis",Buiten Kruispunt,Gemeenteweg,binnen bebouwde kom,"Eén bestuurder, geen hindernis (incl. val)",Geen hindernis
39642,124,Beveren teller 2,Beveren,51.1964712,4.2361077,0.7981750351024809,51.203067273596886,4.240626597124741,2023,5,13,46003,Beveren,Normaal,Droog,Dag,met lichtgewonden,3,Fiets,9,personenauto,Buiten Kruispunt,Gewestweg,binnen bebouwde kom,Tss. 2 best.: langs opzij (voor-/achterkant-flank),Geen hindernis
39652,138,Hasselt-Kempische brug,Hasselt,50.9405318,5.3422472,0.6856325940158774,50.936658838100804,5.334633268122161,2023,5,8,71022,Hasselt,Normaal,Droog,Dag,met lichtgewonden,9,personenauto,3,Fiets,Op Kruispunt,Gemeenteweg,binnen bebouwde kom,Tss. 2 best.: langs opzij (voor-/achterkant-flank),Geen hindernis
39652,137,Hasselt-Kempische brug,Hasselt,50.9411605,5.3417576,0.706937128905166,50.936658838100804,5.334633268122161,2023,5,8,71022,Hasselt,Normaal,Droog,Dag,met lichtgewonden,9,personenauto,3,Fiets,Op Kruispunt,Gemeenteweg,binnen bebouwde kom,Tss. 2 best.: langs opzij (voor-/achterkant-flank),Geen hindernis
39652,140,Hasselt ring,Hasselt,50.9300038,5.3438616,0.9827671540090779,50.936658838100804,5.334633268122161,2023,5,8,71022,Hasselt,Normaal,Droog,Dag,met lichtgewonden,9,personenauto,3,Fiets,Op Kruispunt,Gemeenteweg,binnen bebouwde kom,Tss. 2 best.: langs opzij (voor-/achterkant-flank),Geen hindernis
39658,138,Hasselt-Kempische brug,Hasselt,50.9405318,5.3422472,0.31513579414323045,50.93784039482838,5.3408381540648895,2023,5,16,71022,Hasselt,Normaal,Droog,Dag,met lichtgewonden,3,Fiets,6,Bromfiets,Op Kruispunt,Gewestweg,binnen bebouwde kom,Tussen 2 bestuurders: Frontale botsing,Geen hindernis
39658,137,Hasselt-Kempische brug,Hasselt,50.9411605,5.3417576,0.3747579144255165,50.93784039482838,5.3408381540648895,2023,5,16,71022,Hasselt,Normaal,Droog,Dag,met lichtgewonden,3,Fiets,6,Bromfiets,Op Kruispunt,Gewestweg,binnen bebouwde kom,Tussen 2 bestuurders: Frontale botsing,Geen hindernis
39658,140,Hasselt ring,Hasselt,50.9300038,5.3438616,0.8967776861223924,50.93784039482838,5.3408381540648895,2023,5,16,71022,Hasselt,Normaal,Droog,Dag,met lichtgewonden,3,Fiets,6,Bromfiets,Op Kruispunt,Gewestweg,binnen bebouwde kom,Tussen 2 bestuurders: Frontale botsing,Geen hindernis
39659,140,Hasselt ring,Hasselt,50.9300038,5.3438616,0.7357273934737751,50.9325813827875,5.334192705383984,2023,5,16,71022,Hasselt,Normaal,Droog,Dag,met lichtgewonden,9,personenauto,3,Fiets,Buiten Kruispunt,Gewestweg,binnen bebouwde kom,Tss. 2 best.: langs opzij (voor-/achterkant-flank),Geen hindernis
39660,140,Hasselt ring,Hasselt,50.9300038,5.3438616,0.23579161663081885,50.93198382868267,5.342657294374981,2023,5,8,71022,Hasselt,Normaal,Droog,Dag,met lichtgewonden,3,Fiets,8,Voetganger,Buiten Kruispunt,Gewestweg,binnen bebouwde kom,Met een voetganger,Geen hindernis
39660,138,Hasselt-Kempische brug,Hasselt,50.9405318,5.3422472,0.9509253496443246,50.93198382868267,5.342657294374981,2023,5,8,71022,Hasselt,Normaal,Droog,Dag,met lichtgewonden,3,Fiets,8,Voetganger,Buiten Kruispunt,Gewestweg,binnen bebouwde kom,Met een voetganger,Geen hindernis
39661,140,Hasselt ring,Hasselt,50.9300038,5.3438616,0.6587413693287333,50.925690042420875,5.337419410572818,2023,5,11,71022,Hasselt,Normaal,Droog,Dag,met lichtgewonden,3,Fiets,3,Fiets,Buiten Kruispunt,Gewestweg,binnen bebouwde kom,Tss. 2 best.: langs opzij (voor-/achterkant-flank),Geen hindernis
39666,140,Hasselt ring,Hasselt,50.9300038,5.3438616,0.4579918442678315,50.92707210373843,5.348451661543744,2023,5,16,71022,Hasselt,Normaal,Droog,Dag,met lichtgewonden,3,Fiets,3,Fiets,Buiten Kruispunt,Gemeenteweg,binnen bebouwde kom,Tussen 2 bestuurders: Flank tegen flank,Geen hindernis
39670,49,Bokrijk,Genk,50.95264,5.41001,0.9629721618296089,50.94446864804852,5.405456936030502,2023,5,16,71022,Hasselt,Normaal,Droog,Dag,met lichtgewonden,3,Fiets,8,Voetganger,Buiten Kruispunt,Gemeenteweg,buiten bebouwde kom,Met een voetganger,Geen hindernis
39672,12,Tervuren,Kraainem,50.81896,4.47803,0.8182509648273557,50.81273386566349,4.484238269761054,2023,5,15,24104,Tervuren,Normaal,Droog,Dag,met lichtgewonden,3,Fiets,3,Fiets,Buiten Kruispunt,Gemeenteweg,buiten bebouwde kom,Tussen 2 bestuurders: Frontale botsing,Geen hindernis
39678,139,Houthalen-Helchteren,Houthalen-Helchteren,51.0644267,5.3819796,0.9151803879179952,51.056238225219985,5.383299924210799,2023,5,19,72039,Houthalen-Helchteren,Normaal,Droog,Dag,met lichtgewonden,9,personenauto,3,Fiets,Op Kruispunt,Gemeenteweg,binnen bebouwde kom,Tss. 2 best.: langs opzij (voor-/achterkant-flank),Geen hindernis
39679,25,Bree,Bree,51.13679500160176,5.597669323604317,0.9348635734160798,51.1397284009083,5.58511186942548,2023,5,1,72004,Bree,Normaal,Droog,"Nacht, openbare verlichting aanwezig en ontstoken",met lichtgewonden,9,personenauto,3,Fiets,Buiten Kruispunt,Gewestweg,buiten bebouwde kom,Tussen 2 bestuurders: Langs achteren,Geen hindernis
39680,139,Houthalen-Helchteren,Houthalen-Helchteren,51.0644267,5.3819796,0.9316827481607347,51.056180755176534,5.384344430176722,2023,5,22,72039,Houthalen-Helchteren,Normaal,Droog,"Nacht, openbare verlichting aanwezig en ontstoken",met lichtgewonden,5,Lichte vrachtauto,3,Fiets,Op Kruispunt,Gewestweg,binnen bebouwde kom,Tss. 2 best.: langs opzij (voor-/achterkant-flank),Geen hindernis
39685,14,Genk,Genk,50.97172,5.48927,0.9974702729652222,50.96564318559877,5.478791784936377,2023,5,16,71016,Genk,Normaal,Droog,Dag,met lichtgewonden,3,Fiets,9,personenauto,Op Kruispunt,Gewestweg,binnen bebouwde kom,Tss. 2 best.: langs opzij (voor-/achterkant-flank),Geen hindernis
39703,48,As,As,51.00509,5.60389,0.10232350581872593,51.00579867592675,5.6029571254578014,2023,5,10,71002,As,Normaal,Droog,Dag,met lichtgewonden,3,Fiets,3,Fiets,Buiten Kruispunt,Gewestweg,buiten bebouwde kom,Tussen 2 bestuurders: Frontale botsing,Geen hindernis
39706,23,Tienen 3,Tienen,50.81324,4.93447,0.4474725008463455,50.80925444160004,4.933589356985899,2023,5,12,24107,Tienen,Regenval,"Nat, plassen",Dag,met lichtgewonden,3,Fiets,99,onbekend,Buiten Kruispunt,Gemeenteweg,binnen bebouwde kom,Tussen 2 bestuurders: Frontale botsing,Geen hindernis
39706,24,Tienen 1,Tienen,50.8133795491886,4.935044252605416,0.4699436323837187,50.80925444160004,4.933589356985899,2023,5,12,24107,Tienen,Regenval,"Nat, plassen",Dag,met lichtgewonden,3,Fiets,99,onbekend,Buiten Kruispunt,Gemeenteweg,binnen bebouwde kom,Tussen 2 bestuurders: Frontale botsing,Geen hindernis
39706,22,Tienen 2,Tienen,50.81330800184882,4.935984252796022,0.4811203341257496,50.80925444160004,4.933589356985899,2023,5,12,24107,Tienen,Regenval,"Nat, plassen",Dag,met lichtgewonden,3,Fiets,99,onbekend,Buiten Kruispunt,Gemeenteweg,binnen bebouwde kom,Tussen 2 bestuurders: Frontale botsing,Geen hindernis
39941,8,Heist op den Berg 1,Heist-op-den-Berg,51.06759,4.68823,0.245743381660023,51.0664743049762,4.6851942015039025,2023,6,16,12029,Putte,Normaal,Droog,Dag,met lichtgewonden,9,personenauto,3,Fiets,Op Kruispunt,Gewestweg,buiten bebouwde kom,Tss. 2 best.: langs opzij (voor-/achterkant-flank),Geen hindernis
39941,9,Heist op den Berg 2,Heist-op-den-Berg,51.06904,4.69524,0.7577107767935017,51.0664743049762,4.6851942015039025,2023,6,16,12029,Putte,Normaal,Droog,Dag,met lichtgewonden,9,personenauto,3,Fiets,Op Kruispunt,Gewestweg,buiten bebouwde kom,Tss. 2 best.: langs opzij (voor-/achterkant-flank),Geen hindernis
39975,135,Retie 2,Dessel,51.2544998,5.1040064,0.2560627783892059,51.25278018671736,5.106453615356006,2023,6,2,13006,Dessel,Onbekend,Onbekend,"Nacht, openbare verlichting aanwezig en ontstoken",met zwaargewonden,3,Fiets,9,personenauto,Buiten Kruispunt,Gewestweg,buiten bebouwde kom,Tussen 2 bestuurders: Flank tegen flank,Geen hindernis
39975,134,Retie,Dessel,51.2548405,5.1037658,0.29576135602710724,51.25278018671736,5.106453615356006,2023,6,2,13006,Dessel,Onbekend,Onbekend,"Nacht, openbare verlichting aanwezig en ontstoken",met zwaargewonden,3,Fiets,9,personenauto,Buiten Kruispunt,Gewestweg,buiten bebouwde kom,Tussen 2 bestuurders: Flank tegen flank,Geen hindernis
40009,38,Lommel teller 2,Lommel,51.23277,5.29189,0.6275349977708808,51.228129697479716,5.2867604649027635,2023,6,8,72020,Lommel,Normaal,Droog,Dag,met lichtgewonden,9,personenauto,3,Fiets,Buiten Kruispunt,Gemeenteweg,binnen bebouwde kom,Tss. 2 best.: langs opzij (voor-/achterkant-flank),Geen hindernis
40009,37,Lommel teller 1,Lommel,51.23299,5.29211,0.6563685034154958,51.228129697479716,5.2867604649027635,2023,6,8,72020,Lommel,Normaal,Droog,Dag,met lichtgewonden,9,personenauto,3,Fiets,Buiten Kruispunt,Gemeenteweg,binnen bebouwde kom,Tss. 2 best.: langs opzij (voor-/achterkant-flank),Geen hindernis
40017,46,Pelt teller 2,Pelt,51.231,5.44375,0.6923483901425342,51.225483308483696,5.448360171852042,2023,6,15,72043,Pelt,Normaal,Droog,Dag,met lichtgewonden,9,personenauto,3,Fiets,Buiten Kruispunt,Gemeenteweg,buiten bebouwde kom,Tussen 2 bestuurders: Langs achteren,Geen hindernis
40017,45,Pelt teller 1,Pelt,51.23127,5.44377,0.7184624644808519,51.225483308483696,5.448360171852042,2023,6,15,72043,Pelt,Normaal,Droog,Dag,met lichtgewonden,9,personenauto,3,Fiets,Buiten Kruispunt,Gemeenteweg,buiten bebouwde kom,Tussen 2 bestuurders: Langs achteren,Geen hindernis
40050,151,Leuven,District Leuven,50.8690262,4.6854839,0.5819662971512212,50.867344221181185,4.677630845680289,2023,6,18,24062,Leuven,Normaal,Droog,Dag,met lichtgewonden,3,Fiets,6,Bromfiets,Op Kruispunt,Gemeenteweg,binnen bebouwde kom,Tussen 2 bestuurders: Flank tegen flank,Geen hindernis
40053,69,Leuven teller 1,Leuven,50.87549,4.71526,0.40870413453759125,50.872220521116105,4.712598684134361,2023,6,13,24062,Leuven,Normaal,Droog,Dag,met lichtgewonden,6,Bromfiets,3,Fiets,Buiten Kruispunt,Gewestweg,binnen bebouwde kom,Tss. 2 best.: langs opzij (voor-/achterkant-flank),Geen hindernis
40057,69,Leuven teller 1,Leuven,50.87549,4.71526,0.23545968561363054,50.87374900465108,4.713349809927866,2023,6,12,24062,Leuven,Normaal,Droog,Dag,met lichtgewonden,3,Fiets,9,personenauto,Buiten Kruispunt,Gemeenteweg,binnen bebouwde kom,Tss. 2 best.: langs opzij (voor-/achterkant-flank),Geen hindernis
40058,151,Leuven,District Leuven,50.8690262,4.6854839,0.4952264370038303,50.87334183857189,4.683740447167802,2023,6,9,24062,Leuven,Normaal,Droog,Dag,met lichtgewonden,9,personenauto,3,Fiets,Buiten Kruispunt,Gemeenteweg,binnen bebouwde kom,Tss. 2 best.: langs opzij (voor-/achterkant-flank),Geen hindernis
40060,69,Leuven teller 1,Leuven,50.87549,4.71526,0.5943499390592836,50.872010250321736,4.7216896217928355,2023,6,13,24062,Leuven,Onbekend,Droog,Dag,met lichtgewonden,9,personenauto,3,Fiets,Buiten Kruispunt,Gewestweg,binnen bebouwde kom,Tss. 2 best.: langs opzij (voor-/achterkant-flank),Geen hindernis
40061,69,Leuven teller 1,Leuven,50.87549,4.71526,0.8520079221068783,50.879110626994695,4.704557800632877,2023,6,22,24062,Leuven,Normaal,Droog,Dageraad - schemering,met zwaargewonden,3,Fiets,8,Voetganger,Buiten Kruispunt,Gemeenteweg,binnen bebouwde kom,Met een voetganger,Geen hindernis
40061,77,Leuven teller 2,Leuven,50.88672,4.70796,0.8791426984140046,50.879110626994695,4.704557800632877,2023,6,22,24062,Leuven,Normaal,Droog,Dageraad - schemering,met zwaargewonden,3,Fiets,8,Voetganger,Buiten Kruispunt,Gemeenteweg,binnen bebouwde kom,Met een voetganger,Geen hindernis
40061,107,leuven totem,Leuven,50.8870744,4.7087919,0.9340214754618221,50.879110626994695,4.704557800632877,2023,6,22,24062,Leuven,Normaal,Droog,Dageraad - schemering,met zwaargewonden,3,Fiets,8,Voetganger,Buiten Kruispunt,Gemeenteweg,binnen bebouwde kom,Met een voetganger,Geen hindernis
40063,77,Leuven teller 2,Leuven,50.88672,4.70796,0.49521690744284086,50.88330457612614,4.7034294775793555,2023,6,14,24062,Leuven,Normaal,Droog,Dag,met lichtgewonden,3,Fiets,3,Fiets,Op Kruispunt,Gemeenteweg,binnen bebouwde kom,Tussen 2 bestuurders: Frontale botsing,Geen hindernis
40063,107,leuven totem,Leuven,50.8870744,4.7087919,0.5632265597408244,50.88330457612614,4.7034294775793555,2023,6,14,24062,Leuven,Normaal,Droog,Dag,met lichtgewonden,3,Fiets,3,Fiets,Op Kruispunt,Gemeenteweg,binnen bebouwde kom,Tussen 2 bestuurders: Frontale botsing,Geen hindernis
40065,69,Leuven teller 1,Leuven,50.87549,4.71526,0.6937223393816949,50.87370706954373,4.705785487046837,2023,6,13,24062,Leuven,Normaal,Droog,Dag,met lichtgewonden,3,Fiets,9,personenauto,Buiten Kruispunt,Gemeenteweg,binnen bebouwde kom,Tussen 2 bestuurders: Langs achteren,Geen hindernis
40066,69,Leuven teller 1,Leuven,50.87549,4.71526,0.28759381588785954,50.873114067669874,4.7168795064845686,2023,6,10,24062,Leuven,Normaal,Droog,Dag,met lichtgewonden,3,Fiets,9,personenauto,Buiten Kruispunt,Gewestweg,binnen bebouwde kom,Tss. 2 best.: langs opzij (voor-/achterkant-flank),Geen hindernis
40067,107,leuven totem,Leuven,50.8870744,4.7087919,0.31492552378466115,50.88935006348746,4.706119216884501,2023,6,8,24062,Leuven,Normaal,Droog+Proper,Dag,met zwaargewonden,3,Fiets,3,Fiets,Buiten Kruispunt,Gemeenteweg,binnen bebouwde kom,Tss. 2 best.: langs opzij (voor-/achterkant-flank),Geen hindernis
40067,77,Leuven teller 2,Leuven,50.88672,4.70796,0.31968690756275586,50.88935006348746,4.706119216884501,2023,6,8,24062,Leuven,Normaal,Droog+Proper,Dag,met zwaargewonden,3,Fiets,3,Fiets,Buiten Kruispunt,Gemeenteweg,binnen bebouwde kom,Tss. 2 best.: langs opzij (voor-/achterkant-flank),Geen hindernis
40068,69,Leuven teller 1,Leuven,50.87549,4.71526,0.8970393285188193,50.88269985984735,4.72099606037139,2023,6,7,24062,Leuven,Normaal,Droog,Dag,met lichtgewonden,3,Fiets,3,Fiets,Op Kruispunt,Gemeenteweg,binnen bebouwde kom,Tussen 2 bestuurders: Flank tegen flank,Geen hindernis
40068,107,leuven totem,Leuven,50.8870744,4.7087919,0.9846676296150848,50.88269985984735,4.72099606037139,2023,6,7,24062,Leuven,Normaal,Droog,Dag,met lichtgewonden,3,Fiets,3,Fiets,Op Kruispunt,Gemeenteweg,binnen bebouwde kom,Tussen 2 bestuurders: Flank tegen flank,Geen hindernis
40069,77,Leuven teller 2,Leuven,50.88672,4.70796,0.2139112588968895,50.88749466403802,4.705168714855033,2023,6,21,24062,Leuven,Normaal,Droog,Dag,met lichtgewonden,3,Fiets,10,"één bestuurder, geen hindernis",Buiten Kruispunt,Gemeenteweg,binnen bebouwde kom,"Eén bestuurder, geen hindernis (incl. val)",Geen hindernis
40069,107,leuven totem,Leuven,50.8870744,4.7087919,0.2584164140061487,50.88749466403802,4.705168714855033,2023,6,21,24062,Leuven,Normaal,Droog,Dag,met lichtgewonden,3,Fiets,10,"één bestuurder, geen hindernis",Buiten Kruispunt,Gemeenteweg,binnen bebouwde kom,"Eén bestuurder, geen hindernis (incl. val)",Geen hindernis
40087,101,Diest teller 1,Diest,50.97799,5.04481,0.8426864116712772,50.978951022093504,5.056749537676915,2023,6,8,24020,Diest,Normaal,Droog,Dag,met lichtgewonden,3,Fiets,9,personenauto,Op Kruispunt,Gewestweg,binnen bebouwde kom,Tss. 2 best.: langs opzij (voor-/achterkant-flank),Geen hindernis
40087,102,Diest teller 2,Diest,50.9779,5.04474,0.8488683921201756,50.978951022093504,5.056749537676915,2023,6,8,24020,Diest,Normaal,Droog,Dag,met lichtgewonden,3,Fiets,9,personenauto,Op Kruispunt,Gewestweg,binnen bebouwde kom,Tss. 2 best.: langs opzij (voor-/achterkant-flank),Geen hindernis
40089,101,Diest teller 1,Diest,50.97799,5.04481,0.786221305449425,50.98374581658444,5.051332882089277,2023,6,16,24020,Diest,Normaal,Droog,Dag,met zwaargewonden,3,Fiets,10,"één bestuurder, geen hindernis",Buiten Kruispunt,Gemeenteweg,binnen bebouwde kom,"Eén bestuurder, geen hindernis (incl. val)",Geen hindernis
40089,102,Diest teller 2,Diest,50.9779,5.04474,0.7972164086684664,50.98374581658444,5.051332882089277,2023,6,16,24020,Diest,Normaal,Droog,Dag,met zwaargewonden,3,Fiets,10,"één bestuurder, geen hindernis",Buiten Kruispunt,Gemeenteweg,binnen bebouwde kom,"Eén bestuurder, geen hindernis (incl. val)",Geen hindernis
40090,102,Diest teller 2,Diest,50.9779,5.04474,0.05995920003859465,50.97751891291217,5.044134091744659,2023,6,14,24020,Diest,Normaal,Droog,Dag,met lichtgewonden,9,personenauto,3,Fiets,Op Kruispunt,Gewestweg,binnen bebouwde kom,Tss. 2 best.: langs opzij (voor-/achterkant-flank),Geen hindernis
40090,101,Diest teller 1,Diest,50.97799,5.04481,0.0705917128414204,50.97751891291217,5.044134091744659,2023,6,14,24020,Diest,Normaal,Droog,Dag,met lichtgewonden,9,personenauto,3,Fiets,Op Kruispunt,Gewestweg,binnen bebouwde kom,Tss. 2 best.: langs opzij (voor-/achterkant-flank),Geen hindernis
40097,145,Overijse,District Vilvoorde-gewestwegen,50.7885856,4.4908759,0.796238572647116,50.793346547425124,4.482414637695695,2023,6,18,23062,Overijse,Normaal,Droog,Dag,met lichtgewonden,9,personenauto,3,Fiets,Buiten Kruispunt,Gewestweg,buiten bebouwde kom,Tussen 2 bestuurders: Langs achteren,Geen hindernis
40097,146,Overijse 2,District Vilvoorde-gewestwegen,50.7881478,4.4902818,0.7999878452033579,50.793346547425124,4.482414637695695,2023,6,18,23062,Overijse,Normaal,Droog,Dag,met lichtgewonden,9,personenauto,3,Fiets,Buiten Kruispunt,Gewestweg,buiten bebouwde kom,Tussen 2 bestuurders: Langs achteren,Geen hindernis
40128,149,Machelen,,50.88297881,4.43356644,0.8807763352611645,50.88708818485797,4.444300149472767,2023,6,16,23047,Machelen,Normaal,Droog,Dag,met lichtgewonden,3,Fiets,9,personenauto,Op Kruispunt,Gemeenteweg,buiten bebouwde kom,Tussen 2 bestuurders: Flank tegen flank,Geen hindernis