crash_row_id,site_id,site_name,site_gemeente,site_lat,site_long,distance_km,crash_lat,crash_long,DT_YEAR_COLLISION,DT_MONTH_COLLISION,DT_TIME,CD_NIS,TX_MUNTY_COLLISION_NL,TX_WEATHER_NL,TX_ROAD_CONDITION_NL,TX_LIGHT_CONDITION_NL,TX_CLASS_ACCIDENTS_NL,CD_ROAD_USR_TYPE1,TX_ROAD_USR_TYPE1_NL,CD_ROAD_USR_TYPE2,TX_ROAD_USR_TYPE2_NL,TX_CROSSWAY_NL,CD_ROAD_TYPE_NL,TX_BUILD_UP_AREA_NL,TX_COLLISION_TYPE_NL,TX_OBSTACLES_NL
40130,47,Vilvoorde,Vilvoorde,50.91372,4.41497,0.8337040710807013,50.92009712391477,4.408715652810569,2023,6,16,23088,Vilvoorde,Normaal,Droog,Dag,met lichtgewonden,3,Fiets,9,personenauto,Op Kruispunt,Gemeenteweg,binnen bebouwde kom,Tss. 2 best.: langs opzij (voor-/achterkant-flank),Geen hindernis
40131,109,Zemst,Zemst,50.9903936,4.4707023,0.7140259633247371,50.9851096123115,4.464905834017728,2023,6,10,23096,Zemst,Normaal,Droog,Dag,met lichtgewonden,3,Fiets,9,personenauto,Op Kruispunt,Gewestweg,binnen bebouwde kom,Tss. 2 best.: langs opzij (voor-/achterkant-flank),Geen hindernis
40133,109,Zemst,Zemst,50.9903936,4.4707023,0.27114872572733695,50.988185310512904,4.472345408037717,2023,6,17,23096,Zemst,Normaal,Droog,Dag,met lichtgewonden,3,Fiets,10,"één bestuurder, geen hindernis",Buiten Kruispunt,Gewestweg,binnen bebouwde kom,"Eén bestuurder, geen hindernis (incl. val)",Geen hindernis
40149,13,Gent,Gent,51.03018,3.70146,0.8966612423256239,51.032059532531036,3.7139290582466655,2023,6,14,44021,Gent,Normaal,Droog,Dag,met lichtgewonden,3,Fiets,5,Lichte vrachtauto,Buiten Kruispunt,Gewestweg,binnen bebouwde kom,Tss. 2 best.: langs opzij (voor-/achterkant-flank),Geen hindernis
40166,13,Gent,Gent,51.03018,3.70146,0.708549108425486,51.02483022795843,3.706964115284671,2023,7,2,44021,Gent,Normaal,Droog,"Nacht, geen openbare verlichting aanwezig",met lichtgewonden,3,Fiets,10,"één bestuurder, geen hindernis",Op Kruispunt,Gewestweg,binnen bebouwde kom,"Eén bestuurder, geen hindernis (incl. val)",Geen hindernis
40170,118,Gent teller 1,Gent,51.028049,3.7681359,0.04030168242348849,51.0283559430702,3.7678294416086504,2023,6,10,44021,Gent,Normaal,Droog,Dag,met lichtgewonden,3,Fiets,8,Voetganger,Op Kruispunt,Gewestweg,binnen bebouwde kom,Met een voetganger,Geen hindernis
40170,119,Gent teller 2,Gent,51.0281795,3.7683918,0.04395046360775174,51.0283559430702,3.7678294416086504,2023,6,10,44021,Gent,Normaal,Droog,Dag,met lichtgewonden,3,Fiets,8,Voetganger,Op Kruispunt,Gewestweg,binnen bebouwde kom,Met een voetganger,Geen hindernis
40209,118,Gent teller 1,Gent,51.028049,3.7681359,0.5092811061813916,51.02420238318416,3.7720885567238343,2023,6,13,44040,Melle,Normaal,Droog,Dag,met lichtgewonden,9,personenauto,3,Fiets,Buiten Kruispunt,Gemeenteweg,binnen bebouwde kom,Tss. 2 best.: langs opzij (voor-/achterkant-flank),Geen hindernis
40209,119,Gent teller 2,Gent,51.0281795,3.7683918,0.5122658886177418,51.02420238318416,3.7720885567238343,2023,6,13,44040,Melle,Normaal,Droog,Dag,met lichtgewonden,9,personenauto,3,Fiets,Buiten Kruispunt,Gemeenteweg,binnen bebouwde kom,Tss. 2 best.: langs opzij (voor-/achterkant-flank),Geen hindernis
40230,6,Evergem 2,Evergem,51.10894,3.70298,0.3508394441005898,51.11062911745174,3.698735285288844,2023,6,3,44019,Evergem,Normaal,Droog,"Nacht, openbare verlichting aanwezig en ontstoken",met lichtgewonden,3,Fiets,10,"één bestuurder, geen hindernis",Op Kruispunt,Gewestweg,binnen bebouwde kom,"Eén bestuurder, geen hindernis (incl. val)",Geen hindernis
40230,7,Evergem 1,Evergem,51.1089,3.70317,0.36443937415846167,51.11062911745174,3.698735285288844,2023,6,3,44019,Evergem,Normaal,Droog,"Nacht, openbare verlichting aanwezig en ontstoken",met lichtgewonden,3,Fiets,10,"één bestuurder, geen hindernis",Op Kruispunt,Gewestweg,binnen bebouwde kom,"Eén bestuurder, geen hindernis (incl. val)",Geen hindernis
40233,6,Evergem 2,Evergem,51.10894,3.70298,0.35444499214389485,51.11060730008687,3.6986527439817505,2023,6,7,44019,Evergem,Normaal,Droog,Dag,met lichtgewonden,7,Motorfiets,3,Fiets,Op Kruispunt,Gemeenteweg,binnen bebouwde kom,Tss. 2 best.: langs opzij (voor-/achterkant-flank),Geen hindernis
40233,7,Evergem 1,Evergem,51.1089,3.70317,0.3680900517655452,51.11060730008687,3.6986527439817505,2023,6,7,44019,Evergem,Normaal,Droog,Dag,met lichtgewonden,7,Motorfiets,3,Fiets,Op Kruispunt,Gemeenteweg,binnen bebouwde kom,Tss. 2 best.: langs opzij (voor-/achterkant-flank),Geen hindernis
40236,7,Evergem 1,Evergem,51.1089,3.70317,0.1797518279461127,51.10764630730764,3.7047954322589676,2023,6,7,44019,Evergem,Normaal,Droog,Dag,met zwaargewonden,3,Fiets,2,Andere weggebruiker,Buiten Kruispunt,Gemeenteweg,binnen bebouwde kom,Tss. 2 best.: langs opzij (voor-/achterkant-flank),Geen hindernis
40236,6,Evergem 2,Evergem,51.10894,3.70298,0.1917211478861746,51.10764630730764,3.7047954322589676,2023,6,7,44019,Evergem,Normaal,Droog,Dag,met zwaargewonden,3,Fiets,2,Andere weggebruiker,Buiten Kruispunt,Gemeenteweg,binnen bebouwde kom,Tss. 2 best.: langs opzij (voor-/achterkant-flank),Geen hindernis
40240,7,Evergem 1,Evergem,51.1089,3.70317,0.638306789397325,51.10558925655487,3.710638985840088,2023,6,15,44019,Evergem,Normaal,Droog,Dag,met lichtgewonden,3,Fiets,10,"één bestuurder, geen hindernis",Op Kruispunt,Gemeenteweg,buiten bebouwde kom,"Eén bestuurder, geen hindernis (incl. val)",Geen hindernis
40240,6,Evergem 2,Evergem,51.10894,3.70298,0.6517206756815289,51.10558925655487,3.710638985840088,2023,6,15,44019,Evergem,Normaal,Droog,Dag,met lichtgewonden,3,Fiets,10,"één bestuurder, geen hindernis",Op Kruispunt,Gemeenteweg,buiten bebouwde kom,"Eén bestuurder, geen hindernis (incl. val)",Geen hindernis
40338,120,Zele teller 1,Zele,51.0607671,4.0547741,0.8753411582805243,51.067867449327714,4.049364995498061,2023,6,9,42028,Zele,Normaal,Droog,Dag,met lichtgewonden,3,Fiets,5,Lichte vrachtauto,Buiten Kruispunt,Gemeenteweg,binnen bebouwde kom,Tussen 2 bestuurders: Frontale botsing,Geen hindernis
40338,121,Zele teller 2,Zele,51.0604067,4.0556696,0.9393256640522307,51.067867449327714,4.049364995498061,2023,6,9,42028,Zele,Normaal,Droog,Dag,met lichtgewonden,3,Fiets,5,Lichte vrachtauto,Buiten Kruispunt,Gemeenteweg,binnen bebouwde kom,Tussen 2 bestuurders: Frontale botsing,Geen hindernis
40367,10,Aalst 2,Aalst,50.93549,4.01571,0.5058649344198863,50.93898838008884,4.020325022812224,2023,6,16,41002,Aalst,Regenval,"Nat, plassen",Dag,met lichtgewonden,9,personenauto,3,Fiets,Buiten Kruispunt,Gewestweg,binnen bebouwde kom,Tss. 2 best.: langs opzij (voor-/achterkant-flank),Geen hindernis
40367,11,Aalst 3,Aalst,50.93385,4.01647,0.6320018401400157,50.93898838008884,4.020325022812224,2023,6,16,41002,Aalst,Regenval,"Nat, plassen",Dag,met lichtgewonden,9,personenauto,3,Fiets,Buiten Kruispunt,Gewestweg,binnen bebouwde kom,Tss. 2 best.: langs opzij (voor-/achterkant-flank),Geen hindernis
40367,19,Aalst 1,Aalst,50.93433,4.01471,0.6504786967922358,50.93898838008884,4.020325022812224,2023,6,16,41002,Aalst,Regenval,"Nat, plassen",Dag,met lichtgewonden,9,personenauto,3,Fiets,Buiten Kruispunt,Gewestweg,binnen bebouwde kom,Tss. 2 best.: langs opzij (voor-/achterkant-flank),Geen hindernis
40371,10,Aalst 2,Aalst,50.93549,4.01571,0.6510790878122666,50.93817194244132,4.023969531459473,2023,6,17,41002,Aalst,Normaal,Droog,Dag,met lichtgewonden,9,personenauto,3,Fiets,Op Kruispunt,Gewestweg,binnen bebouwde kom,Tussen 2 bestuurders: Frontale botsing,Geen hindernis
40371,11,Aalst 3,Aalst,50.93385,4.01647,0.7121281288663214,50.93817194244132,4.023969531459473,2023,6,17,41002,Aalst,Normaal,Droog,Dag,met lichtgewonden,9,personenauto,3,Fiets,Op Kruispunt,Gewestweg,binnen bebouwde kom,Tussen 2 bestuurders: Frontale botsing,Geen hindernis
40371,19,Aalst 1,Aalst,50.93433,4.01471,0.7768559674895669,50.93817194244132,4.023969531459473,2023,6,17,41002,Aalst,Normaal,Droog,Dag,met lichtgewonden,9,personenauto,3,Fiets,Op Kruispunt,Gewestweg,binnen bebouwde kom,Tussen 2 bestuurders: Frontale botsing,Geen hindernis
40384,122,Dendermonde teller 2,Dendermonde,51.0373918,4.1019222,0.10313202507006317,51.038280530139936,4.102344139163303,2023,6,16,42006,Dendermonde,Normaal,Droog,Dag,met lichtgewonden,5,Lichte vrachtauto,3,Fiets,Buiten Kruispunt,Gewestweg,binnen bebouwde kom,Tss. 2 best.: langs opzij (voor-/achterkant-flank),Geen hindernis
40384,125,Dendermonde totem,Dendermonde,51.0372706,4.1025998,0.1137129556957524,51.038280530139936,4.102344139163303,2023,6,16,42006,Dendermonde,Normaal,Droog,Dag,met lichtgewonden,5,Lichte vrachtauto,3,Fiets,Buiten Kruispunt,Gewestweg,binnen bebouwde kom,Tss. 2 best.: langs opzij (voor-/achterkant-flank),Geen hindernis
40446,15,Oostende 2,Oostende,51.21371,2.92743,0.7996866696306195,51.20812016393762,2.920206916798291,2023,6,20,35013,Oostende,Normaal,Droog,Dag,met zwaargewonden,9,personenauto,3,Fiets,Op Kruispunt,Gemeenteweg,binnen bebouwde kom,Tss. 2 best.: langs opzij (voor-/achterkant-flank),Geen hindernis
40446,18,Oostende 1,Oostende,51.21378,2.92765,0.8154086607956008,51.20812016393762,2.920206916798291,2023,6,20,35013,Oostende,Normaal,Droog,Dag,met zwaargewonden,9,personenauto,3,Fiets,Op Kruispunt,Gemeenteweg,binnen bebouwde kom,Tss. 2 best.: langs opzij (voor-/achterkant-flank),Geen hindernis
40447,15,Oostende 2,Oostende,51.21371,2.92743,0.8571584875384063,51.21620965608177,2.9157887563074976,2023,6,8,35013,Oostende,Normaal,Droog,Dag,met lichtgewonden,3,Fiets,3,Fiets,Buiten Kruispunt,Gemeenteweg,binnen bebouwde kom,Tussen 2 bestuurders: Frontale botsing,Geen hindernis
40447,18,Oostende 1,Oostende,51.21378,2.92765,0.8692169412558703,51.21620965608177,2.9157887563074976,2023,6,8,35013,Oostende,Normaal,Droog,Dag,met lichtgewonden,3,Fiets,3,Fiets,Buiten Kruispunt,Gemeenteweg,binnen bebouwde kom,Tussen 2 bestuurders: Frontale botsing,Geen hindernis
40455,55,Torhout teller 1,Torhout,51.07161,3.08261,0.7246096145760854,51.06821014649995,3.09145727762526,2023,6,16,31033,Torhout,Normaal,Droog,Dag,met zwaargewonden,5,Lichte vrachtauto,3,Fiets,Buiten Kruispunt,Gewestweg,binnen bebouwde kom,Tussen 2 bestuurders: Flank tegen flank,Geen hindernis
40455,56,Torhout teller 2,Torhout,51.07147,3.08244,0.7268830785187934,51.06821014649995,3.09145727762526,2023,6,16,31033,Torhout,Normaal,Droog,Dag,met zwaargewonden,5,Lichte vrachtauto,3,Fiets,Buiten Kruispunt,Gewestweg,binnen bebouwde kom,Tussen 2 bestuurders: Flank tegen flank,Geen hindernis
40470,59,Ardooie teller 1,Ardooie,50.96784,3.18479,0.2508276650469277,50.96913375770516,3.187724286369126,2023,6,16,37020,Ardooie,Normaal,Proper,Dag,met lichtgewonden,9,personenauto,3,Fiets,Op Kruispunt,Gewestweg,buiten bebouwde kom,Tss. 2 best.: langs opzij (voor-/achterkant-flank),Geen hindernis
40470,60,Ardooie teller 2,Ardooie,50.96783,3.18411,0.29166929023480803,50.96913375770516,3.187724286369126,2023,6,16,37020,Ardooie,Normaal,Proper,Dag,met lichtgewonden,9,personenauto,3,Fiets,Op Kruispunt,Gewestweg,buiten bebouwde kom,Tss. 2 best.: langs opzij (voor-/achterkant-flank),Geen hindernis
40493,16,Kortrijk 1,Kortrijk,50.83332,3.27777,0.7025962417707342,50.83035989195853,3.286608422617008,2023,6,14,34022,Kortrijk,Normaal,Droog,Dag,met lichtgewonden,9,personenauto,3,Fiets,Op Kruispunt,Gemeenteweg,binnen bebouwde kom,Tss. 2 best.: langs opzij (voor-/achterkant-flank),Geen hindernis
40493,17,Kortrijk 2,Kortrijk,50.83339,3.27773,0.7087459717709916,50.83035989195853,3.286608422617008,2023,6,14,34022,Kortrijk,Normaal,Droog,Dag,met lichtgewonden,9,personenauto,3,Fiets,Op Kruispunt,Gemeenteweg,binnen bebouwde kom,Tss. 2 best.: langs opzij (voor-/achterkant-flank),Geen hindernis
40496,143,Eco Display Classic Budastraat,Kortrijk,50.83066,3.26286,0.20895628630441934,50.83208474005309,3.2609199521474195,2023,6,12,34022,Kortrijk,Normaal,Droog,Dag,met lichtgewonden,3,Fiets,3,Fiets,Buiten Kruispunt,Gemeenteweg,binnen bebouwde kom,Tussen 2 bestuurders: Flank tegen flank,Geen hindernis
40497,75,Kortrijk teller 2,Kortrijk,50.81925,3.25731,0.8182088703672769,50.826189286610045,3.253435328442435,2023,6,20,34022,Kortrijk,Normaal,Droog,Dag,met lichtgewonden,3,Fiets,3,Fiets,Buiten Kruispunt,Gemeenteweg,binnen bebouwde kom,Tussen 2 bestuurders: Frontale botsing,Geen hindernis
40497,143,Eco Display Classic Budastraat,Kortrijk,50.83066,3.26286,0.8278312342724898,50.826189286610045,3.253435328442435,2023,6,20,34022,Kortrijk,Normaal,Droog,Dag,met lichtgewonden,3,Fiets,3,Fiets,Buiten Kruispunt,Gemeenteweg,binnen bebouwde kom,Tussen 2 bestuurders: Frontale botsing,Geen hindernis
40497,74,Kortrijk teller 1,Kortrijk,50.81909,3.25728,0.8343234958222681,50.826189286610045,3.253435328442435,2023,6,20,34022,Kortrijk,Normaal,Droog,Dag,met lichtgewonden,3,Fiets,3,Fiets,Buiten Kruispunt,Gemeenteweg,binnen bebouwde kom,Tussen 2 bestuurders: Frontale botsing,Geen hindernis
40498,143,Eco Display Classic Budastraat,Kortrijk,50.83066,3.26286,0.6507914229888665,50.825583599266245,3.26747140683961,2023,6,14,34022,Kortrijk,Regenval,"Nat, plassen",Dag,met zwaargewonden,3,Fiets,11,een weggebruiker tegen een hindernis,Buiten Kruispunt,Gewestweg,binnen bebouwde kom,Weggebruiker tegen hindernis op de rijbaan,"Op de rijbaan: Put, straatgoot, tramspoor"
40500,16,Kortrijk 1,Kortrijk,50.83332,3.27777,0.5478240120103328,50.82925194826218,3.2733699676320667,2023,6,12,34022,Kortrijk,Normaal,Droog,Dag,met lichtgewonden,3,Fiets,6,Bromfiets,Op Kruispunt,Gewestweg,binnen bebouwde kom,Tss. 2 best.: langs opzij (voor-/achterkant-flank),Geen hindernis
40500,17,Kortrijk 2,Kortrijk,50.83339,3.27773,0.5527070313077582,50.82925194826218,3.2733699676320667,2023,6,12,34022,Kortrijk,Normaal,Droog,Dag,met lichtgewonden,3,Fiets,6,Bromfiets,Op Kruispunt,Gewestweg,binnen bebouwde kom,Tss. 2 best.: langs opzij (voor-/achterkant-flank),Geen hindernis
40500,143,Eco Display Classic Budastraat,Kortrijk,50.83066,3.26286,0.7545727235919083,50.82925194826218,3.2733699676320667,2023,6,12,34022,Kortrijk,Normaal,Droog,Dag,met lichtgewonden,3,Fiets,6,Bromfiets,Op Kruispunt,Gewestweg,binnen bebouwde kom,Tss. 2 best.: langs opzij (voor-/achterkant-flank),Geen hindernis
40529,64,Nieuwpoort teller 1,Nieuwpoort,51.13359,2.75737,0.6995637018057471,51.12797836279582,2.7528374942926295,2023,6,17,38016,Nieuwpoort,Normaal,Droog,Dag,met lichtgewonden,3,Fiets,3,Fiets,Op Kruispunt,Gemeenteweg,binnen bebouwde kom,Tss. 2 best.: langs opzij (voor-/achterkant-flank),Geen hindernis
40529,65,Nieuwpoort teller 2,Nieuwpoort,51.13435,2.75511,0.7260227152902065,51.12797836279582,2.7528374942926295,2023,6,17,38016,Nieuwpoort,Normaal,Droog,Dag,met lichtgewonden,3,Fiets,3,Fiets,Op Kruispunt,Gemeenteweg,binnen bebouwde kom,Tss. 2 best.: langs opzij (voor-/achterkant-flank),Geen hindernis
40529,66,Nieuwpoort totem,Nieuwpoort,51.1347,2.74369,0.9828809269173989,51.12797836279582,2.7528374942926295,2023,6,17,38016,Nieuwpoort,Normaal,Droog,Dag,met lichtgewonden,3,Fiets,3,Fiets,Op Kruispunt,Gemeenteweg,binnen bebouwde kom,Tss. 2 best.: langs opzij (voor-/achterkant-flank),Geen hindernis
40530,65,Nieuwpoort teller 2,Nieuwpoort,51.13435,2.75511,0.28127614888946195,51.132582978133364,2.7522254467495864,2023,5,11,38016,Nieuwpoort,Normaal,Droog,Dag,met lichtgewonden,3,Fiets,5,Lichte vrachtauto,Buiten Kruispunt,Gemeenteweg,binnen bebouwde kom,Tussen 2 bestuurders: Frontale botsing,Geen hindernis
40530,64,Nieuwpoort teller 1,Nieuwpoort,51.13359,2.75737,0.3760273813349207,51.132582978133364,2.7522254467495864,2023,5,11,38016,Nieuwpoort,Normaal,Droog,Dag,met lichtgewonden,3,Fiets,5,Lichte vrachtauto,Buiten Kruispunt,Gemeenteweg,binnen bebouwde kom,Tussen 2 bestuurders: Frontale botsing,Geen hindernis
40530,66,Nieuwpoort totem,Nieuwpoort,51.1347,2.74369,0.6403996596877943,51.132582978133364,2.7522254467495864,2023,5,11,38016,Nieuwpoort,Normaal,Droog,Dag,met lichtgewonden,3,Fiets,5,Lichte vrachtauto,Buiten Kruispunt,Gemeenteweg,binnen bebouwde kom,Tussen 2 bestuurders: Frontale botsing,Geen hindernis
40530,63,Nieuwpoort teller 3,Nieuwpoort,51.13529,2.74289,0.7175671923823124,51.132582978133364,2.7522254467495864,2023,5,11,38016,Nieuwpoort,Normaal,Droog,Dag,met lichtgewonden,3,Fiets,5,Lichte vrachtauto,Buiten Kruispunt,Gemeenteweg,binnen bebouwde kom,Tussen 2 bestuurders: Frontale botsing,Geen hindernis
40550,42,Maasmechelen teller 2,Maasmechelen,50.97043,5.6981,0.4078625190572258,50.97400885937652,5.699376352328382,2023,6,9,73107,Maasmechelen,Normaal,Droog,Dag,met zwaargewonden,9,personenauto,3,Fiets,Buiten Kruispunt,Gewestweg,binnen bebouwde kom,Tss. 2 best.: langs opzij (voor-/achterkant-flank),Geen hindernis
40550,41,Maasmechelen teller 1,Maasmechelen,50.97025,5.69799,0.42909032230021715,50.97400885937652,5.699376352328382,2023,6,9,73107,Maasmechelen,Normaal,Droog,Dag,met zwaargewonden,9,personenauto,3,Fiets,Buiten Kruispunt,Gewestweg,binnen bebouwde kom,Tss. 2 best.: langs opzij (voor-/achterkant-flank),Geen hindernis
40574,137,Hasselt-Kempische brug,Hasselt,50.9411605,5.3417576,0.4930318156195524,50.94451925658993,5.346351475709733,2023,6,12,71022,Hasselt,Normaal,Droog,Dag,met lichtgewonden,3,Fiets,3,Fiets,Buiten Kruispunt,Gemeenteweg,binnen bebouwde kom,Tss. 2 best.: langs opzij (voor-/achterkant-flank),Geen hindernis
40574,138,Hasselt-Kempische brug,Hasselt,50.9405318,5.3422472,0.5284712115619576,50.94451925658993,5.346351475709733,2023,6,12,71022,Hasselt,Normaal,Droog,Dag,met lichtgewonden,3,Fiets,3,Fiets,Buiten Kruispunt,Gemeenteweg,binnen bebouwde kom,Tss. 2 best.: langs opzij (voor-/achterkant-flank),Geen hindernis
40575,30,Herk De Stad,Herk-de-Stad,50.94374,5.17691,0.9991100130789445,50.94077928194699,5.163446481714911,2023,6,17,71024,Herk-de-Stad,Normaal,Proper,Dag,met lichtgewonden,9,personenauto,3,Fiets,Op Kruispunt,Gewestweg,binnen bebouwde kom,Tss. 2 best.: langs opzij (voor-/achterkant-flank),Geen hindernis
40581,140,Hasselt ring,Hasselt,50.9300038,5.3438616,0.439027500047344,50.92951228975979,5.33764594684443,2023,6,8,71022,Hasselt,Normaal,Droog,Dag,met lichtgewonden,3,Fiets,3,Fiets,Buiten Kruispunt,Gemeenteweg,binnen bebouwde kom,Tussen 2 bestuurders: Frontale botsing,Geen hindernis
40583,33,Lummen,Lummen,50.97978,5.20936,0.7368264670617932,50.985332026051005,5.203614246429191,2023,6,15,71037,Lummen,Normaal,Droog,Dag,met zwaargewonden,9,personenauto,3,Fiets,Buiten Kruispunt,Gemeenteweg,buiten bebouwde kom,Tussen 2 bestuurders: Frontale botsing,Geen hindernis
40583,32,Lummen,Lummen,50.97971,5.20961,0.7529737524825716,50.985332026051005,5.203614246429191,2023,6,15,71037,Lummen,Normaal,Droog,Dag,met zwaargewonden,9,personenauto,3,Fiets,Buiten Kruispunt,Gemeenteweg,buiten bebouwde kom,Tussen 2 bestuurders: Frontale botsing,Geen hindernis
40589,140,Hasselt ring,Hasselt,50.9300038,5.3438616,0.049031780526654876,50.93044010374425,5.343760267319255,2023,6,12,71022,Hasselt,Normaal,Droog,Dag,met lichtgewonden,3,Fiets,8,Voetganger,Op Kruispunt,Gewestweg,binnen bebouwde kom,Met een voetganger,Geen hindernis
40614,139,Houthalen-Helchteren,Houthalen-Helchteren,51.0644267,5.3819796,0.9357069255453996,51.05677312185968,5.3875450692770235,2023,6,9,72039,Houthalen-Helchteren,Normaal,Droog,Dag,met lichtgewonden,9,personenauto,3,Fiets,Buiten Kruispunt,Gewestweg,binnen bebouwde kom,Tss. 2 best.: langs opzij (voor-/achterkant-flank),Geen hindernis
40619,14,Genk,Genk,50.97172,5.48927,0.9597638554303719,50.9654967678608,5.498767407054459,2023,6,11,71016,Genk,Normaal,Droog,Dag,met lichtgewonden,3,Fiets,8,Voetganger,Buiten Kruispunt,Gemeenteweg,binnen bebouwde kom,Met een voetganger,Geen hindernis
40622,14,Genk,Genk,50.97172,5.48927,0.46466440814144583,50.975881644012624,5.489871219402611,2023,6,9,71016,Genk,Normaal,Droog,Dag,met lichtgewonden,3,Fiets,9,personenauto,Op Kruispunt,Gemeenteweg,buiten bebouwde kom,Tss. 2 best.: langs opzij (voor-/achterkant-flank),Geen hindernis
40625,25,Bree,Bree,51.13679500160176,5.597669323604317,0.06244538394889952,51.137023877039944,5.596852016249608,2023,6,20,72004,Bree,Normaal,Droog,Dag,met lichtgewonden,3,Fiets,9,personenauto,Op Kruispunt,Gewestweg,buiten bebouwde kom,Tss. 2 best.: langs opzij (voor-/achterkant-flank),Geen hindernis
40627,48,As,As,51.00509,5.60389,0.5784503896265331,51.008986051808975,5.6093684266468955,2023,6,14,71002,As,Normaal,Droog,Dag,met lichtgewonden,3,Fiets,11,een weggebruiker tegen een hindernis,Buiten Kruispunt,Gemeenteweg,buiten bebouwde kom,Weggebruiker tegen hindernis op de rijbaan,Op de rijbaan: Dier (wild dier)
40629,23,Tienen 3,Tienen,50.81324,4.93447,0.763324791260115,50.80667664398385,4.931286343721265,2023,6,20,24107,Tienen,Normaal,Droog,Dag,met lichtgewonden,3,Fiets,9,personenauto,Op Kruispunt,Gemeenteweg,binnen bebouwde kom,Tss. 2 best.: langs opzij (voor-/achterkant-flank),Geen hindernis
40629,24,Tienen 1,Tienen,50.8133795491886,4.935044252605416,0.7907175734959245,50.80667664398385,4.931286343721265,2023,6,20,24107,Tienen,Normaal,Droog,Dag,met lichtgewonden,3,Fiets,9,personenauto,Op Kruispunt,Gemeenteweg,binnen bebouwde kom,Tss. 2 best.: langs opzij (voor-/achterkant-flank),Geen hindernis
40629,22,Tienen 2,Tienen,50.81330800184882,4.935984252796022,0.8078859081411058,50.80667664398385,4.931286343721265,2023,6,20,24107,Tienen,Normaal,Droog,Dag,met lichtgewonden,3,Fiets,9,personenauto,Op Kruispunt,Gemeenteweg,binnen bebouwde kom,Tss. 2 best.: langs opzij (voor-/achterkant-flank),Geen hindernis
40630,23,Tienen 3,Tienen,50.81324,4.93447,0.5150982354422479,50.80967789733258,4.929783156300621,2023,6,9,24107,Tienen,Onbekend,Onbekend,Dag,met lichtgewonden,3,Fiets,9,personenauto,Op Kruispunt,Gewestweg,binnen bebouwde kom,Tss. 2 best.: langs opzij (voor-/achterkant-flank),Geen hindernis
40630,24,Tienen 1,Tienen,50.8133795491886,4.935044252605416,0.5532269637638471,50.80967789733258,4.929783156300621,2023,6,9,24107,Tienen,Onbekend,Onbekend,Dag,met lichtgewonden,3,Fiets,9,personenauto,Op Kruispunt,Gewestweg,binnen bebouwde kom,Tss. 2 best.: langs opzij (voor-/achterkant-flank),Geen hindernis
40630,22,Tienen 2,Tienen,50.81330800184882,4.935984252796022,0.593939322660869,50.80967789733258,4.929783156300621,2023,6,9,24107,Tienen,Onbekend,Onbekend,Dag,met lichtgewonden,3,Fiets,9,personenauto,Op Kruispunt,Gewestweg,binnen bebouwde kom,Tss. 2 best.: langs opzij (voor-/achterkant-flank),Geen hindernis
40632,22,Tienen 2,Tienen,50.81330800184882,4.935984252796022,0.670740587956994,50.81862393298972,4.940496408046544,2023,6,20,24107,Tienen,Normaal,Droog,Dageraad - schemering,met lichtgewonden,9,personenauto,3,Fiets,Buiten Kruispunt,Gemeenteweg,buiten bebouwde kom,Tss. 2 best.: langs opzij (voor-/achterkant-flank),Geen hindernis
40632,24,Tienen 1,Tienen,50.8133795491886,4.935044252605416,0.6976966224512455,50.81862393298972,4.940496408046544,2023,6,20,24107,Tienen,Normaal,Droog,Dageraad - schemering,met lichtgewonden,9,personenauto,3,Fiets,Buiten Kruispunt,Gemeenteweg,buiten bebouwde kom,Tss. 2 best.: langs opzij (voor-/achterkant-flank),Geen hindernis
40632,23,Tienen 3,Tienen,50.81324,4.93447,0.7332486061586027,50.81862393298972,4.940496408046544,2023,6,20,24107,Tienen,Normaal,Droog,Dageraad - schemering,met lichtgewonden,9,personenauto,3,Fiets,Buiten Kruispunt,Gemeenteweg,buiten bebouwde kom,Tss. 2 best.: langs opzij (voor-/achterkant-flank),Geen hindernis
40640,131,Nevele,Deinze,51.0276612,3.558569,0.9453280302721017,51.0339004080927,3.5493866400772482,2023,6,11,44083,Deinze,Normaal,Droog,Dag,met lichtgewonden,9,personenauto,3,Fiets,Buiten Kruispunt,Gewestweg,binnen bebouwde kom,Tss. 2 best.: langs opzij (voor-/achterkant-flank),Geen hindernis
40671,109,Zemst,Zemst,50.9903936,4.4707023,0.6779518995312562,50.995760996254,4.475297160907692,2023,6,15,12025,Mechelen,Normaal,Droog,Dag,met lichtgewonden,3,Fiets,3,Fiets,Op Kruispunt,Gemeenteweg,binnen bebouwde kom,Tussen 2 bestuurders: Frontale botsing,Geen hindernis
40858,151,Leuven,District Leuven,50.8690262,4.6854839,0.4885349218577215,50.872075206426956,4.6904964450945394,2023,6,11,24062,Leuven,Normaal,Droog,Dag,met lichtgewonden,3,Fiets,3,Fiets,Op Kruispunt,Gewestweg,binnen bebouwde kom,Tss. 2 best.: langs opzij (voor-/achterkant-flank),Geen hindernis
40860,69,Leuven teller 1,Leuven,50.87549,4.71526,0.8690199105573979,50.869760784830326,4.723683341349565,2023,7,18,24062,Leuven,Normaal,Droog,Dag,met lichtgewonden,3,Fiets,3,Fiets,Op Kruispunt,Gemeenteweg,binnen bebouwde kom,Tss. 2 best.: langs opzij (voor-/achterkant-flank),Geen hindernis
40863,69,Leuven teller 1,Leuven,50.87549,4.71526,0.56711109576753,50.88058483147745,4.714890865588106,2023,7,14,24062,Leuven,Normaal,Droog,Dag,met lichtgewonden,5,Lichte vrachtauto,3,Fiets,Op Kruispunt,Gewestweg,binnen bebouwde kom,Tussen 2 bestuurders: Flank tegen flank,Geen hindernis