crash_row_id,site_id,site_name,site_gemeente,site_lat,site_long,distance_km,crash_lat,crash_long,DT_YEAR_COLLISION,DT_MONTH_COLLISION,DT_TIME,CD_NIS,TX_MUNTY_COLLISION_NL,TX_WEATHER_NL,TX_ROAD_CONDITION_NL,TX_LIGHT_CONDITION_NL,TX_CLASS_ACCIDENTS_NL,CD_ROAD_USR_TYPE1,TX_ROAD_USR_TYPE1_NL,CD_ROAD_USR_TYPE2,TX_ROAD_USR_TYPE2_NL,TX_CROSSWAY_NL,CD_ROAD_TYPE_NL,TX_BUILD_UP_AREA_NL,TX_COLLISION_TYPE_NL,TX_OBSTACLES_NL
40863,77,Leuven teller 2,Leuven,50.88672,4.70796,0.8377375933307225,50.88058483147745,4.714890865588106,2023,7,14,24062,Leuven,Normaal,Droog,Dag,met lichtgewonden,5,Lichte vrachtauto,3,Fiets,Op Kruispunt,Gewestweg,binnen bebouwde kom,Tussen 2 bestuurders: Flank tegen flank,Geen hindernis
40863,107,leuven totem,Leuven,50.8870744,4.7087919,0.8389147513819384,50.88058483147745,4.714890865588106,2023,7,14,24062,Leuven,Normaal,Droog,Dag,met lichtgewonden,5,Lichte vrachtauto,3,Fiets,Op Kruispunt,Gewestweg,binnen bebouwde kom,Tussen 2 bestuurders: Flank tegen flank,Geen hindernis
40865,107,leuven totem,Leuven,50.8870744,4.7087919,0.47801333494604853,50.89103762561756,4.706152036805418,2023,7,0,24062,Leuven,Normaal,Droog,"Nacht, openbare verlichting aanwezig en ontstoken",met lichtgewonden,3,Fiets,10,"één bestuurder, geen hindernis",Buiten Kruispunt,Gemeenteweg,binnen bebouwde kom,"Eén bestuurder, geen hindernis (incl. val)",Geen hindernis
40865,77,Leuven teller 2,Leuven,50.88672,4.70796,0.49656542159924394,50.89103762561756,4.706152036805418,2023,7,0,24062,Leuven,Normaal,Droog,"Nacht, openbare verlichting aanwezig en ontstoken",met lichtgewonden,3,Fiets,10,"één bestuurder, geen hindernis",Buiten Kruispunt,Gemeenteweg,binnen bebouwde kom,"Eén bestuurder, geen hindernis (incl. val)",Geen hindernis
40866,77,Leuven teller 2,Leuven,50.88672,4.70796,0.9195269363462257,50.879332863069344,4.7020687206931475,2023,7,21,24062,Leuven,Normaal,Droog,Dag,met lichtgewonden,3,Fiets,3,Fiets,Buiten Kruispunt,Gemeenteweg,binnen bebouwde kom,Tss. 2 best.: langs opzij (voor-/achterkant-flank),Geen hindernis
40866,107,leuven totem,Leuven,50.8870744,4.7087919,0.9815634644452432,50.879332863069344,4.7020687206931475,2023,7,21,24062,Leuven,Normaal,Droog,Dag,met lichtgewonden,3,Fiets,3,Fiets,Buiten Kruispunt,Gemeenteweg,binnen bebouwde kom,Tss. 2 best.: langs opzij (voor-/achterkant-flank),Geen hindernis
40871,151,Leuven,District Leuven,50.8690262,4.6854839,0.529872833080826,50.869628078649946,4.692974256399404,2023,7,19,24062,Leuven,Normaal,Droog,Dag,met lichtgewonden,8,Voetganger,3,Fiets,Buiten Kruispunt,Gewestweg,binnen bebouwde kom,Met een voetganger,Geen hindernis
40872,69,Leuven teller 1,Leuven,50.87549,4.71526,0.4485394718525297,50.871579796334046,4.716830332819501,2023,7,8,24062,Leuven,Normaal,Droog,Dag,met lichtgewonden,3,Fiets,3,Fiets,Buiten Kruispunt,Gemeenteweg,binnen bebouwde kom,Tss. 2 best.: langs opzij (voor-/achterkant-flank),Geen hindernis
40897,85,Asse teller 1,Asse,50.89621,4.17294,0.8988912498328602,50.90279589360054,4.165507040955222,2023,7,11,23002,Asse,Regenval,"Nat, plassen",Dag,met lichtgewonden,9,personenauto,3,Fiets,Op Kruispunt,Gemeenteweg,binnen bebouwde kom,Tussen 2 bestuurders: Frontale botsing,Geen hindernis
40907,47,Vilvoorde,Vilvoorde,50.91372,4.41497,0.5897982778906433,50.91855356991247,4.418434554503504,2023,7,9,23088,Vilvoorde,Normaal,Proper,Dag,met lichtgewonden,3,Fiets,3,Fiets,Buiten Kruispunt,Gewestweg,binnen bebouwde kom,Tss. 2 best.: langs opzij (voor-/achterkant-flank),Geen hindernis
40908,47,Vilvoorde,Vilvoorde,50.91372,4.41497,0.762719718798371,50.91981245874499,4.419968829565467,2023,7,17,23088,Vilvoorde,Normaal,Droog,Dag,met lichtgewonden,3,Fiets,11,een weggebruiker tegen een hindernis,Buiten Kruispunt,Gemeenteweg,buiten bebouwde kom,Weggebruiker tegen hindernis buiten rijbaan,Buiten de rijbaan: Andere paal
40917,13,Gent,Gent,51.03018,3.70146,0.8691562766931239,51.03671580021209,3.7082775412416,2023,7,8,44021,Gent,Regenval,"Nat, plassen",Dag,met lichtgewonden,3,Fiets,10,"één bestuurder, geen hindernis",Buiten Kruispunt,Gewestweg,binnen bebouwde kom,"Eén bestuurder, geen hindernis (incl. val)",Geen hindernis
40960,119,Gent teller 2,Gent,51.0281795,3.7683918,0.9128540318386668,51.02767613693263,3.781420113594356,2023,7,11,44040,Melle,Normaal,Droog,Dag,met lichtgewonden,6,Bromfiets,3,Fiets,Buiten Kruispunt,Gewestweg,binnen bebouwde kom,Tussen 2 bestuurders: Flank tegen flank,Geen hindernis
40960,118,Gent teller 1,Gent,51.028049,3.7681359,0.9299588591599902,51.02767613693263,3.781420113594356,2023,7,11,44040,Melle,Normaal,Droog,Dag,met lichtgewonden,6,Bromfiets,3,Fiets,Buiten Kruispunt,Gewestweg,binnen bebouwde kom,Tussen 2 bestuurders: Flank tegen flank,Geen hindernis
40968,7,Evergem 1,Evergem,51.1089,3.70317,0.36622852536139844,51.10905967198117,3.7084097010284216,2023,7,13,44019,Evergem,Normaal,Droog,Dag,met lichtgewonden,3,Fiets,9,personenauto,Buiten Kruispunt,Gemeenteweg,binnen bebouwde kom,Tussen 2 bestuurders: Langs achteren,Geen hindernis
40968,6,Evergem 2,Evergem,51.10894,3.70298,0.37929565274102156,51.10905967198117,3.7084097010284216,2023,7,13,44019,Evergem,Normaal,Droog,Dag,met lichtgewonden,3,Fiets,9,personenauto,Buiten Kruispunt,Gemeenteweg,binnen bebouwde kom,Tussen 2 bestuurders: Langs achteren,Geen hindernis
40973,6,Evergem 2,Evergem,51.10894,3.70298,0.546898685011856,51.11192920573661,3.6967588402473246,2023,7,16,44019,Evergem,Normaal,Droog,Dag,met lichtgewonden,3,Fiets,3,Fiets,Buiten Kruispunt,Gewestweg,binnen bebouwde kom,Tussen 2 bestuurders: Frontale botsing,Geen hindernis
40973,7,Evergem 1,Evergem,51.1089,3.70317,0.5601535509553941,51.11192920573661,3.6967588402473246,2023,7,16,44019,Evergem,Normaal,Droog,Dag,met lichtgewonden,3,Fiets,3,Fiets,Buiten Kruispunt,Gewestweg,binnen bebouwde kom,Tussen 2 bestuurders: Frontale botsing,Geen hindernis
40979,115,Aalter,Aalter,51.1058367,3.4350591,0.026961428983974255,51.10567932881495,3.435352882135433,2023,7,17,44084,Aalter,Normaal,Droog,Dag,met lichtgewonden,3,Fiets,3,Fiets,Buiten Kruispunt,Gewestweg,buiten bebouwde kom,Tss. 2 best.: langs opzij (voor-/achterkant-flank),Geen hindernis
41029,126,Hamme totem,Hamme,51.1017709,4.1469307,0.6501610841373114,51.10600295062958,4.140505335192879,2023,7,14,42023,Waasmunster,Normaal,Droog,Dag,met lichtgewonden,3,Fiets,3,Fiets,Buiten Kruispunt,Gewestweg,binnen bebouwde kom,Tss. 2 best.: langs opzij (voor-/achterkant-flank),Geen hindernis
41063,125,Dendermonde totem,Dendermonde,51.0372706,4.1025998,0.6694268869255112,51.03314562034805,4.109572988000077,2023,7,15,42006,Dendermonde,Normaal,Droog,Dag,met lichtgewonden,3,Fiets,8,Voetganger,Buiten Kruispunt,Gewestweg,buiten bebouwde kom,Met een voetganger,Geen hindernis
41063,122,Dendermonde teller 2,Dendermonde,51.0373918,4.1019222,0.7135307609188443,51.03314562034805,4.109572988000077,2023,7,15,42006,Dendermonde,Normaal,Droog,Dag,met lichtgewonden,3,Fiets,8,Voetganger,Buiten Kruispunt,Gewestweg,buiten bebouwde kom,Met een voetganger,Geen hindernis
41065,125,Dendermonde totem,Dendermonde,51.0372706,4.1025998,0.6415334066008189,51.031688890488226,4.1049211920913615,2023,7,16,42006,Dendermonde,Normaal,Droog,Dag,met lichtgewonden,5,Lichte vrachtauto,3,Fiets,Buiten Kruispunt,Gemeenteweg,binnen bebouwde kom,Tss. 2 best.: langs opzij (voor-/achterkant-flank),Geen hindernis
41065,122,Dendermonde teller 2,Dendermonde,51.0373918,4.1019222,0.6679093080538012,51.031688890488226,4.1049211920913615,2023,7,16,42006,Dendermonde,Normaal,Droog,Dag,met lichtgewonden,5,Lichte vrachtauto,3,Fiets,Buiten Kruispunt,Gemeenteweg,binnen bebouwde kom,Tss. 2 best.: langs opzij (voor-/achterkant-flank),Geen hindernis
41073,20,Brugge,Brugge,51.17416,3.20048,0.7030981463144491,51.17322089708567,3.210453477251136,2023,7,10,31005,Brugge,Normaal,Droog,Dag,met lichtgewonden,9,personenauto,3,Fiets,Buiten Kruispunt,Gemeenteweg,binnen bebouwde kom,Tss. 2 best.: langs opzij (voor-/achterkant-flank),Geen hindernis
41104,15,Oostende 2,Oostende,51.21371,2.92743,0.8677960441974597,51.20870064180531,2.917877139546569,2023,7,9,35013,Oostende,Normaal,Droog,Dag,met lichtgewonden,3,Fiets,9,personenauto,Op Kruispunt,Gemeenteweg,binnen bebouwde kom,Tss. 2 best.: langs opzij (voor-/achterkant-flank),Geen hindernis
41104,18,Oostende 1,Oostende,51.21378,2.92765,0.8845514427434695,51.20870064180531,2.917877139546569,2023,7,9,35013,Oostende,Normaal,Droog,Dag,met lichtgewonden,3,Fiets,9,personenauto,Op Kruispunt,Gemeenteweg,binnen bebouwde kom,Tss. 2 best.: langs opzij (voor-/achterkant-flank),Geen hindernis
41115,51,"Brugge, Sint-Andries",Brugge,51.19281,3.16252,0.9557697551795612,51.19244862149932,3.148816811596494,2023,7,13,31012,Jabbeke,Normaal,Droog,Dag,met lichtgewonden,9,personenauto,3,Fiets,Op Kruispunt,Gemeenteweg,binnen bebouwde kom,Tss. 2 best.: langs opzij (voor-/achterkant-flank),Geen hindernis
41115,50,"Brugge, Sint-Andries",Brugge,51.19291,3.16252,0.9563007520452055,51.19244862149932,3.148816811596494,2023,7,13,31012,Jabbeke,Normaal,Droog,Dag,met lichtgewonden,9,personenauto,3,Fiets,Op Kruispunt,Gemeenteweg,binnen bebouwde kom,Tss. 2 best.: langs opzij (voor-/achterkant-flank),Geen hindernis
41132,61,Wervik teller 2,Wervik,50.80555,3.0921,0.35063714918196404,50.80411348241566,3.096541940189254,2023,7,13,34027,Menen,Normaal,Droog,Dag,met lichtgewonden,3,Fiets,9,personenauto,Buiten Kruispunt,Gewestweg,binnen bebouwde kom,Tss. 2 best.: langs opzij (voor-/achterkant-flank),Geen hindernis
41132,62,Wervik teller 1,Wervik,50.8058,3.09154,0.39838985487581524,50.80411348241566,3.096541940189254,2023,7,13,34027,Menen,Normaal,Droog,Dag,met lichtgewonden,3,Fiets,9,personenauto,Buiten Kruispunt,Gewestweg,binnen bebouwde kom,Tss. 2 best.: langs opzij (voor-/achterkant-flank),Geen hindernis
41138,143,Eco Display Classic Budastraat,Kortrijk,50.83066,3.26286,0.5743687599063695,50.835300259015625,3.266452986358434,2023,7,12,34022,Kortrijk,Normaal,Droog,Dag,met zwaargewonden,3,Fiets,9,personenauto,Buiten Kruispunt,Gewestweg,binnen bebouwde kom,Tss. 2 best.: langs opzij (voor-/achterkant-flank),Geen hindernis
41138,17,Kortrijk 2,Kortrijk,50.83339,3.27773,0.8199395007015525,50.835300259015625,3.266452986358434,2023,7,12,34022,Kortrijk,Normaal,Droog,Dag,met zwaargewonden,3,Fiets,9,personenauto,Buiten Kruispunt,Gewestweg,binnen bebouwde kom,Tss. 2 best.: langs opzij (voor-/achterkant-flank),Geen hindernis
41138,16,Kortrijk 1,Kortrijk,50.83332,3.27777,0.8246976129674811,50.835300259015625,3.266452986358434,2023,7,12,34022,Kortrijk,Normaal,Droog,Dag,met zwaargewonden,3,Fiets,9,personenauto,Buiten Kruispunt,Gewestweg,binnen bebouwde kom,Tss. 2 best.: langs opzij (voor-/achterkant-flank),Geen hindernis
41140,143,Eco Display Classic Budastraat,Kortrijk,50.83066,3.26286,0.14045273981947531,50.829407006633105,3.2626072569559623,2023,7,12,34022,Kortrijk,Normaal,Droog,Dag,met lichtgewonden,9,personenauto,3,Fiets,Buiten Kruispunt,Gemeenteweg,binnen bebouwde kom,Tss. 2 best.: langs opzij (voor-/achterkant-flank),Geen hindernis
41141,143,Eco Display Classic Budastraat,Kortrijk,50.83066,3.26286,0.6178817432378202,50.83619808247626,3.2621395436885057,2023,7,7,34022,Kortrijk,Normaal,Droog,Dag,met zwaargewonden,3,Fiets,3,Fiets,Buiten Kruispunt,Gewestweg,binnen bebouwde kom,Tussen 2 bestuurders: Flank tegen flank,Geen hindernis
41145,16,Kortrijk 1,Kortrijk,50.83332,3.27777,0.20277611726360936,50.83216885915825,3.28000938386474,2023,7,8,34022,Kortrijk,Onbekend,Onbekend,Dag,met lichtgewonden,3,Fiets,99,onbekend,Op Kruispunt,Gemeenteweg,binnen bebouwde kom,Tussen 2 bestuurders: Frontale botsing,Geen hindernis
41145,17,Kortrijk 2,Kortrijk,50.83339,3.27773,0.20991145079469709,50.83216885915825,3.28000938386474,2023,7,8,34022,Kortrijk,Onbekend,Onbekend,Dag,met lichtgewonden,3,Fiets,99,onbekend,Op Kruispunt,Gemeenteweg,binnen bebouwde kom,Tussen 2 bestuurders: Frontale botsing,Geen hindernis
41146,16,Kortrijk 1,Kortrijk,50.83332,3.27777,0.7996229351283674,50.826150461862355,3.276887340934718,2023,7,8,34022,Kortrijk,Normaal,Droog,Dag,met zwaargewonden,3,Fiets,6,Bromfiets,Op Kruispunt,Gemeenteweg,binnen bebouwde kom,Tussen 2 bestuurders: Langs achteren,Geen hindernis
41146,17,Kortrijk 2,Kortrijk,50.83339,3.27773,0.8071725283813711,50.826150461862355,3.276887340934718,2023,7,8,34022,Kortrijk,Normaal,Droog,Dag,met zwaargewonden,3,Fiets,6,Bromfiets,Op Kruispunt,Gemeenteweg,binnen bebouwde kom,Tussen 2 bestuurders: Langs achteren,Geen hindernis
41148,17,Kortrijk 2,Kortrijk,50.83339,3.27773,0.10205950838069665,50.834098642136404,3.278653599354412,2023,7,12,34022,Kortrijk,Normaal,Droog,Dag,met lichtgewonden,9,personenauto,3,Fiets,Op Kruispunt,Gewestweg,binnen bebouwde kom,Tss. 2 best.: langs opzij (voor-/achterkant-flank),Geen hindernis
41148,16,Kortrijk 1,Kortrijk,50.83332,3.27777,0.1065217221115148,50.834098642136404,3.278653599354412,2023,7,12,34022,Kortrijk,Normaal,Droog,Dag,met lichtgewonden,9,personenauto,3,Fiets,Op Kruispunt,Gewestweg,binnen bebouwde kom,Tss. 2 best.: langs opzij (voor-/achterkant-flank),Geen hindernis
41150,143,Eco Display Classic Budastraat,Kortrijk,50.83066,3.26286,0.8029999472452303,50.82380792539381,3.266470048022927,2023,7,18,34022,Kortrijk,Normaal,Droog,Dag,met lichtgewonden,3,Fiets,6,Bromfiets,Op Kruispunt,Gewestweg,binnen bebouwde kom,Tss. 2 best.: langs opzij (voor-/achterkant-flank),Geen hindernis
41150,75,Kortrijk teller 2,Kortrijk,50.81925,3.25731,0.8190861013194356,50.82380792539381,3.266470048022927,2023,7,18,34022,Kortrijk,Normaal,Droog,Dag,met lichtgewonden,3,Fiets,6,Bromfiets,Op Kruispunt,Gewestweg,binnen bebouwde kom,Tss. 2 best.: langs opzij (voor-/achterkant-flank),Geen hindernis
41150,74,Kortrijk teller 1,Kortrijk,50.81909,3.25728,0.8318474938719052,50.82380792539381,3.266470048022927,2023,7,18,34022,Kortrijk,Normaal,Droog,Dag,met lichtgewonden,3,Fiets,6,Bromfiets,Op Kruispunt,Gewestweg,binnen bebouwde kom,Tss. 2 best.: langs opzij (voor-/achterkant-flank),Geen hindernis
41151,143,Eco Display Classic Budastraat,Kortrijk,50.83066,3.26286,0.857688532038369,50.82374986370026,3.26828581308798,2023,7,14,34022,Kortrijk,Normaal,Proper,Dag,met zwaargewonden,3,Fiets,99,onbekend,Buiten Kruispunt,Gewestweg,binnen bebouwde kom,Tussen 2 bestuurders: Langs achteren,Geen hindernis
41151,75,Kortrijk teller 2,Kortrijk,50.81925,3.25731,0.9191386094621582,50.82374986370026,3.26828581308798,2023,7,14,34022,Kortrijk,Normaal,Proper,Dag,met zwaargewonden,3,Fiets,99,onbekend,Buiten Kruispunt,Gewestweg,binnen bebouwde kom,Tussen 2 bestuurders: Langs achteren,Geen hindernis
41151,74,Kortrijk teller 1,Kortrijk,50.81909,3.25728,0.9306946266616025,50.82374986370026,3.26828581308798,2023,7,14,34022,Kortrijk,Normaal,Proper,Dag,met zwaargewonden,3,Fiets,99,onbekend,Buiten Kruispunt,Gewestweg,binnen bebouwde kom,Tussen 2 bestuurders: Langs achteren,Geen hindernis
41168,64,Nieuwpoort teller 1,Nieuwpoort,51.13359,2.75737,0.5174400964285207,51.12904157319551,2.7589365428892525,2023,7,17,38016,Nieuwpoort,Normaal,Droog,Dag,met lichtgewonden,3,Fiets,10,"één bestuurder, geen hindernis",Buiten Kruispunt,Gemeenteweg,binnen bebouwde kom,"Eén bestuurder, geen hindernis (incl. val)",Geen hindernis
41168,65,Nieuwpoort teller 2,Nieuwpoort,51.13435,2.75511,0.6478527881646595,51.12904157319551,2.7589365428892525,2023,7,17,38016,Nieuwpoort,Normaal,Droog,Dag,met lichtgewonden,3,Fiets,10,"één bestuurder, geen hindernis",Buiten Kruispunt,Gemeenteweg,binnen bebouwde kom,"Eén bestuurder, geen hindernis (incl. val)",Geen hindernis
41192,41,Maasmechelen teller 1,Maasmechelen,50.97025,5.69799,0.7661394186625547,50.963379245847015,5.697171621708962,2023,7,15,73107,Maasmechelen,Normaal,Droog,Dag,met lichtgewonden,3,Fiets,9,personenauto,Op Kruispunt,Gewestweg,binnen bebouwde kom,Tss. 2 best.: langs opzij (voor-/achterkant-flank),Geen hindernis
41192,42,Maasmechelen teller 2,Maasmechelen,50.97043,5.6981,0.786698928641612,50.963379245847015,5.697171621708962,2023,7,15,73107,Maasmechelen,Normaal,Droog,Dag,met lichtgewonden,3,Fiets,9,personenauto,Op Kruispunt,Gewestweg,binnen bebouwde kom,Tss. 2 best.: langs opzij (voor-/achterkant-flank),Geen hindernis
41209,30,Herk De Stad,Herk-de-Stad,50.94374,5.17691,0.934564352505533,50.9414205539572,5.164089227885067,2023,7,9,71024,Herk-de-Stad,Normaal,Droog,Dag,met lichtgewonden,9,personenauto,3,Fiets,Buiten Kruispunt,Gemeenteweg,binnen bebouwde kom,Tss. 2 best.: langs opzij (voor-/achterkant-flank),Geen hindernis
41209,31,Herk De Stad,Herk-de-Stad,50.94366,5.1775,0.9720474986981866,50.9414205539572,5.164089227885067,2023,7,9,71024,Herk-de-Stad,Normaal,Droog,Dag,met lichtgewonden,9,personenauto,3,Fiets,Buiten Kruispunt,Gemeenteweg,binnen bebouwde kom,Tss. 2 best.: langs opzij (voor-/achterkant-flank),Geen hindernis
41210,138,Hasselt-Kempische brug,Hasselt,50.9405318,5.3422472,0.6524309275961827,50.9359941881432,5.336344195679324,2023,7,16,71022,Hasselt,Normaal,Droog,Dag,met lichtgewonden,3,Fiets,3,Fiets,Buiten Kruispunt,Gemeenteweg,buiten bebouwde kom,Tss. 2 best.: langs opzij (voor-/achterkant-flank),Geen hindernis
41210,137,Hasselt-Kempische brug,Hasselt,50.9411605,5.3417576,0.6883995830345756,50.9359941881432,5.336344195679324,2023,7,16,71022,Hasselt,Normaal,Droog,Dag,met lichtgewonden,3,Fiets,3,Fiets,Buiten Kruispunt,Gemeenteweg,buiten bebouwde kom,Tss. 2 best.: langs opzij (voor-/achterkant-flank),Geen hindernis
41210,140,Hasselt ring,Hasselt,50.9300038,5.3438616,0.8492439451699457,50.9359941881432,5.336344195679324,2023,7,16,71022,Hasselt,Normaal,Droog,Dag,met lichtgewonden,3,Fiets,3,Fiets,Buiten Kruispunt,Gemeenteweg,buiten bebouwde kom,Tss. 2 best.: langs opzij (voor-/achterkant-flank),Geen hindernis
41211,137,Hasselt-Kempische brug,Hasselt,50.9411605,5.3417576,0.3129258716673791,50.94382924998212,5.343174926139522,2023,7,12,71022,Hasselt,Normaal,Droog,Dag,met zwaargewonden,3,Fiets,3,Fiets,Op Kruispunt,Gewestweg,buiten bebouwde kom,Tussen 2 bestuurders: Flank tegen flank,Geen hindernis
41211,138,Hasselt-Kempische brug,Hasselt,50.9405318,5.3422472,0.3723767142764673,50.94382924998212,5.343174926139522,2023,7,12,71022,Hasselt,Normaal,Droog,Dag,met zwaargewonden,3,Fiets,3,Fiets,Op Kruispunt,Gewestweg,buiten bebouwde kom,Tussen 2 bestuurders: Flank tegen flank,Geen hindernis
41212,140,Hasselt ring,Hasselt,50.9300038,5.3438616,0.7410721257057988,50.93467864080784,5.336324669361779,2023,7,20,71022,Hasselt,Normaal,Droog,Dag,met lichtgewonden,3,Fiets,3,Fiets,Buiten Kruispunt,Gemeenteweg,binnen bebouwde kom,Tussen 2 bestuurders: Frontale botsing,Geen hindernis
41212,138,Hasselt-Kempische brug,Hasselt,50.9405318,5.3422472,0.7718933266472005,50.93467864080784,5.336324669361779,2023,7,20,71022,Hasselt,Normaal,Droog,Dag,met lichtgewonden,3,Fiets,3,Fiets,Buiten Kruispunt,Gemeenteweg,binnen bebouwde kom,Tussen 2 bestuurders: Frontale botsing,Geen hindernis
41212,137,Hasselt-Kempische brug,Hasselt,50.9411605,5.3417576,0.8151105316201974,50.93467864080784,5.336324669361779,2023,7,20,71022,Hasselt,Normaal,Droog,Dag,met lichtgewonden,3,Fiets,3,Fiets,Buiten Kruispunt,Gemeenteweg,binnen bebouwde kom,Tussen 2 bestuurders: Frontale botsing,Geen hindernis
41224,25,Bree,Bree,51.13679500160176,5.597669323604317,0.09202195503795571,51.13685175740298,5.598985138499951,2023,7,13,72004,Bree,Normaal,Droog,Dag,met lichtgewonden,3,Fiets,11,een weggebruiker tegen een hindernis,Buiten Kruispunt,Gewestweg,buiten bebouwde kom,Weggebruiker tegen hindernis buiten rijbaan,Andere hindernis
41233,25,Bree,Bree,51.13679500160176,5.597669323604317,0.41358990416948677,51.139908107031296,5.59442519131234,2023,7,19,72004,Bree,Normaal,Droog,Dag,met lichtgewonden,3,Fiets,10,"één bestuurder, geen hindernis",Buiten Kruispunt,Gemeenteweg,binnen bebouwde kom,"Eén bestuurder, geen hindernis (incl. val)",Geen hindernis
41237,25,Bree,Bree,51.13679500160176,5.597669323604317,0.6257581169812928,51.14220295793746,5.595188068412091,2023,7,12,72004,Bree,Normaal,Droog,Dag,met lichtgewonden,3,Fiets,9,personenauto,Op Kruispunt,Gewestweg,binnen bebouwde kom,Tss. 2 best.: langs opzij (voor-/achterkant-flank),Geen hindernis
41246,14,Genk,Genk,50.97172,5.48927,0.9267010284881809,50.964283637238665,5.483295440402385,2023,7,8,71016,Genk,Normaal,Droog,Dag,met lichtgewonden,3,Fiets,9,personenauto,Buiten Kruispunt,Gemeenteweg,binnen bebouwde kom,Tss. 2 best.: langs opzij (voor-/achterkant-flank),Geen hindernis
41250,25,Bree,Bree,51.13679500160176,5.597669323604317,0.09202195503795571,51.13685175740298,5.598985138499951,2023,7,14,72004,Bree,Normaal,Droog,Dag,met lichtgewonden,3,Fiets,10,"één bestuurder, geen hindernis",Buiten Kruispunt,Gewestweg,buiten bebouwde kom,"Eén bestuurder, geen hindernis (incl. val)",Geen hindernis
41251,22,Tienen 2,Tienen,50.81330800184882,4.935984252796022,0.9922125244479963,50.80686551306045,4.945754798051673,2023,7,14,24107,Tienen,Normaal,Droog,Dag,met lichtgewonden,9,personenauto,3,Fiets,Op Kruispunt,Gemeenteweg,binnen bebouwde kom,Tussen 2 bestuurders: Frontale botsing,Geen hindernis
41260,113,Deinze teller 2,Deinze,50.96018,3.55578,0.6023333707510268,50.96400352854306,3.5496877118707784,2023,6,8,44083,Deinze,Normaal,Droog,Dag,met lichtgewonden,3,Fiets,9,personenauto,Op Kruispunt,Gewestweg,buiten bebouwde kom,Tussen 2 bestuurders: Langs achteren,Geen hindernis
41260,114,Deinze teller 1,Nazareth,50.9598305,3.555502,0.6173551605887483,50.96400352854306,3.5496877118707784,2023,6,8,44083,Deinze,Normaal,Droog,Dag,met lichtgewonden,3,Fiets,9,personenauto,Op Kruispunt,Gewestweg,buiten bebouwde kom,Tussen 2 bestuurders: Langs achteren,Geen hindernis
41364,3,Brasschaat 1,Brasschaat,51.27503,4.47222,0.5564752656545789,51.27913396369084,4.476798344259377,2023,8,7,11008,Brasschaat,Normaal,Droog,Dag,met zwaargewonden,3,Fiets,3,Fiets,Buiten Kruispunt,Gewestweg,buiten bebouwde kom,Tss. 2 best.: langs opzij (voor-/achterkant-flank),Geen hindernis
41364,2,Brasschaat 2,Brasschaat,51.27512,4.47169,0.570500618100167,51.27913396369084,4.476798344259377,2023,8,7,11008,Brasschaat,Normaal,Droog,Dag,met zwaargewonden,3,Fiets,3,Fiets,Buiten Kruispunt,Gewestweg,buiten bebouwde kom,Tss. 2 best.: langs opzij (voor-/achterkant-flank),Geen hindernis
41367,2,Brasschaat 2,Brasschaat,51.27512,4.47169,0.2847944747610374,51.277590397727295,4.472770621276534,2023,8,7,11008,Brasschaat,Normaal,Droog,Dag,met lichtgewonden,9,personenauto,3,Fiets,Buiten Kruispunt,Gemeenteweg,binnen bebouwde kom,Tss. 2 best.: langs opzij (voor-/achterkant-flank),Geen hindernis
41367,3,Brasschaat 1,Brasschaat,51.27503,4.47222,0.28726799911931633,51.277590397727295,4.472770621276534,2023,8,7,11008,Brasschaat,Normaal,Droog,Dag,met lichtgewonden,9,personenauto,3,Fiets,Buiten Kruispunt,Gemeenteweg,binnen bebouwde kom,Tss. 2 best.: langs opzij (voor-/achterkant-flank),Geen hindernis
41427,94,Herentals teller 2,Herentals,51.17345,4.81283,0.16932723010936152,51.17419357535418,4.814949611111973,2023,8,22,13011,Herentals,Normaal,Droog,"Nacht, openbare verlichting aanwezig en ontstoken",met lichtgewonden,5,Lichte vrachtauto,3,Fiets,Buiten Kruispunt,Gewestweg,buiten bebouwde kom,Tss. 2 best.: langs opzij (voor-/achterkant-flank),Geen hindernis
41427,110,Herentals totem,Herentals,51.1739426,4.811783,0.22251528072100324,51.17419357535418,4.814949611111973,2023,8,22,13011,Herentals,Normaal,Droog,"Nacht, openbare verlichting aanwezig en ontstoken",met lichtgewonden,5,Lichte vrachtauto,3,Fiets,Buiten Kruispunt,Gewestweg,buiten bebouwde kom,Tss. 2 best.: langs opzij (voor-/achterkant-flank),Geen hindernis
41459,43,Maaseik teller 1,Maaseik,51.09344,5.79715,0.8980112945298157,51.096439048865925,5.785210303481624,2023,8,14,72021,Maaseik,Normaal,Droog,Dag,met lichtgewonden,3,Fiets,11,een weggebruiker tegen een hindernis,Buiten Kruispunt,Gewestweg,binnen bebouwde kom,Weggebruiker tegen hindernis buiten rijbaan,Andere hindernis
41459,44,Maaseik teller 2,Maaseik,51.09359,5.79726,0.8991356087446828,51.096439048865925,5.785210303481624,2023,8,14,72021,Maaseik,Normaal,Droog,Dag,met lichtgewonden,3,Fiets,11,een weggebruiker tegen een hindernis,Buiten Kruispunt,Gewestweg,binnen bebouwde kom,Weggebruiker tegen hindernis buiten rijbaan,Andere hindernis
41460,69,Leuven teller 1,Leuven,50.87549,4.71526,0.6735801500110726,50.881528719493836,4.714501556852966,2023,8,13,24062,Leuven,Normaal,Droog,Dag,met lichtgewonden,3,Fiets,10,"één bestuurder, geen hindernis",Buiten Kruispunt,Gewestweg,binnen bebouwde kom,"Eén bestuurder, geen hindernis (incl. val)",Geen hindernis