crash_row_id,site_id,site_name,site_gemeente,site_lat,site_long,distance_km,crash_lat,crash_long,DT_YEAR_COLLISION,DT_MONTH_COLLISION,DT_TIME,CD_NIS,TX_MUNTY_COLLISION_NL,TX_WEATHER_NL,TX_ROAD_CONDITION_NL,TX_LIGHT_CONDITION_NL,TX_CLASS_ACCIDENTS_NL,CD_ROAD_USR_TYPE1,TX_ROAD_USR_TYPE1_NL,CD_ROAD_USR_TYPE2,TX_ROAD_USR_TYPE2_NL,TX_CROSSWAY_NL,CD_ROAD_TYPE_NL,TX_BUILD_UP_AREA_NL,TX_COLLISION_TYPE_NL,TX_OBSTACLES_NL
41460,107,leuven totem,Leuven,50.8870744,4.7087919,0.7353180395115102,50.881528719493836,4.714501556852966,2023,8,13,24062,Leuven,Normaal,Droog,Dag,met lichtgewonden,3,Fiets,10,"één bestuurder, geen hindernis",Buiten Kruispunt,Gewestweg,binnen bebouwde kom,"Eén bestuurder, geen hindernis (incl. val)",Geen hindernis
41460,77,Leuven teller 2,Leuven,50.88672,4.70796,0.7374293717387979,50.881528719493836,4.714501556852966,2023,8,13,24062,Leuven,Normaal,Droog,Dag,met lichtgewonden,3,Fiets,10,"één bestuurder, geen hindernis",Buiten Kruispunt,Gewestweg,binnen bebouwde kom,"Eén bestuurder, geen hindernis (incl. val)",Geen hindernis
41462,77,Leuven teller 2,Leuven,50.88672,4.70796,0.15560429912701218,50.8863476706716,4.705821735332966,2023,8,4,24062,Leuven,Normaal,Onbekend,"Nacht, openbare verlichting aanwezig en ontstoken",met lichtgewonden,3,Fiets,10,"één bestuurder, geen hindernis",Buiten Kruispunt,Gemeenteweg,binnen bebouwde kom,"Eén bestuurder, geen hindernis (incl. val)",Geen hindernis
41462,107,leuven totem,Leuven,50.8870744,4.7087919,0.22347297673252747,50.8863476706716,4.705821735332966,2023,8,4,24062,Leuven,Normaal,Onbekend,"Nacht, openbare verlichting aanwezig en ontstoken",met lichtgewonden,3,Fiets,10,"één bestuurder, geen hindernis",Buiten Kruispunt,Gemeenteweg,binnen bebouwde kom,"Eén bestuurder, geen hindernis (incl. val)",Geen hindernis
41463,151,Leuven,District Leuven,50.8690262,4.6854839,0.9901011437855626,50.8728722309908,4.69820950143952,2023,8,13,24062,Leuven,Normaal,Droog,Dag,met lichtgewonden,9,personenauto,3,Fiets,Buiten Kruispunt,Gemeenteweg,binnen bebouwde kom,Tussen 2 bestuurders: Frontale botsing,Geen hindernis
41464,77,Leuven teller 2,Leuven,50.88672,4.70796,0.9138078657805074,50.881973519430495,4.69732614073547,2023,8,19,24062,Leuven,Normaal,Droog,Dag,met lichtgewonden,3,Fiets,6,Bromfiets,Op Kruispunt,Gemeenteweg,binnen bebouwde kom,Tss. 2 best.: langs opzij (voor-/achterkant-flank),Geen hindernis
41464,107,leuven totem,Leuven,50.8870744,4.7087919,0.9842080467036595,50.881973519430495,4.69732614073547,2023,8,19,24062,Leuven,Normaal,Droog,Dag,met lichtgewonden,3,Fiets,6,Bromfiets,Op Kruispunt,Gemeenteweg,binnen bebouwde kom,Tss. 2 best.: langs opzij (voor-/achterkant-flank),Geen hindernis
41469,69,Leuven teller 1,Leuven,50.87549,4.71526,0.42483575669619056,50.87257842914785,4.719180387567584,2023,8,8,24062,Leuven,Normaal,Droog,Dag,met zwaargewonden,3,Fiets,4,Vrachtwagen,Op Kruispunt,Gewestweg,binnen bebouwde kom,Tussen 2 bestuurders: Flank tegen flank,Geen hindernis
41470,77,Leuven teller 2,Leuven,50.88672,4.70796,0.9195269363462257,50.879332863069344,4.7020687206931475,2023,8,17,24062,Leuven,Normaal,Droog,Dag,met lichtgewonden,3,Fiets,6,Bromfiets,Buiten Kruispunt,Gemeenteweg,binnen bebouwde kom,Tss. 2 best.: langs opzij (voor-/achterkant-flank),Geen hindernis
41470,107,leuven totem,Leuven,50.8870744,4.7087919,0.9815634644452432,50.879332863069344,4.7020687206931475,2023,8,17,24062,Leuven,Normaal,Droog,Dag,met lichtgewonden,3,Fiets,6,Bromfiets,Buiten Kruispunt,Gemeenteweg,binnen bebouwde kom,Tss. 2 best.: langs opzij (voor-/achterkant-flank),Geen hindernis
41471,69,Leuven teller 1,Leuven,50.87549,4.71526,0.3616359759814924,50.8725125900053,4.713186326013202,2023,7,9,24062,Leuven,Normaal,Droog,Dag,met lichtgewonden,5,Lichte vrachtauto,3,Fiets,Op Kruispunt,Gewestweg,binnen bebouwde kom,Met een voetganger,Geen hindernis
41472,76,Heverlee teller 2,Leuven,50.84606,4.69597,0.88637069175416,50.83820191957007,4.698090274265709,2023,8,13,24062,Leuven,Normaal,Droog+Proper,Dag,met zwaargewonden,9,personenauto,3,Fiets,Op Kruispunt,Gewestweg,buiten bebouwde kom,Tss. 2 best.: langs opzij (voor-/achterkant-flank),Geen hindernis
41474,107,leuven totem,Leuven,50.8870744,4.7087919,0.8554554394281072,50.8920341122893,4.718114981178063,2023,8,23,24062,Leuven,Normaal,Onbekend,"Nacht, openbare verlichting aanwezig en ontstoken",met lichtgewonden,3,Fiets,3,Fiets,Buiten Kruispunt,Gemeenteweg,binnen bebouwde kom,Tussen 2 bestuurders: Frontale botsing,Geen hindernis
41474,77,Leuven teller 2,Leuven,50.88672,4.70796,0.9255008182529432,50.8920341122893,4.718114981178063,2023,8,23,24062,Leuven,Normaal,Onbekend,"Nacht, openbare verlichting aanwezig en ontstoken",met lichtgewonden,3,Fiets,3,Fiets,Buiten Kruispunt,Gemeenteweg,binnen bebouwde kom,Tussen 2 bestuurders: Frontale botsing,Geen hindernis
41475,107,leuven totem,Leuven,50.8870744,4.7087919,0.7022587350275495,50.883528108642956,4.717075497618812,2023,8,23,24062,Leuven,Regenval,Onbekend,"Nacht, openbare verlichting aanwezig en ontstoken",met lichtgewonden,3,Fiets,3,Fiets,Buiten Kruispunt,Gemeenteweg,binnen bebouwde kom,Tussen 2 bestuurders: Frontale botsing,Geen hindernis
41475,77,Leuven teller 2,Leuven,50.88672,4.70796,0.7313500411542542,50.883528108642956,4.717075497618812,2023,8,23,24062,Leuven,Regenval,Onbekend,"Nacht, openbare verlichting aanwezig en ontstoken",met lichtgewonden,3,Fiets,3,Fiets,Buiten Kruispunt,Gemeenteweg,binnen bebouwde kom,Tussen 2 bestuurders: Frontale botsing,Geen hindernis
41475,69,Leuven teller 1,Leuven,50.87549,4.71526,0.902827125441833,50.883528108642956,4.717075497618812,2023,8,23,24062,Leuven,Regenval,Onbekend,"Nacht, openbare verlichting aanwezig en ontstoken",met lichtgewonden,3,Fiets,3,Fiets,Buiten Kruispunt,Gemeenteweg,binnen bebouwde kom,Tussen 2 bestuurders: Frontale botsing,Geen hindernis
41476,107,leuven totem,Leuven,50.8870744,4.7087919,0.7530610526803859,50.88600900286755,4.719393515933998,2023,8,21,24062,Leuven,Normaal,Droog,"Nacht, openbare verlichting aanwezig en ontstoken",met lichtgewonden,3,Fiets,11,een weggebruiker tegen een hindernis,Buiten Kruispunt,Gemeenteweg,binnen bebouwde kom,Weggebruiker tegen hindernis buiten rijbaan,Buiten de rijbaan: Verlichtingspaal
41476,77,Leuven teller 2,Leuven,50.88672,4.70796,0.8059309196993114,50.88600900286755,4.719393515933998,2023,8,21,24062,Leuven,Normaal,Droog,"Nacht, openbare verlichting aanwezig en ontstoken",met lichtgewonden,3,Fiets,11,een weggebruiker tegen een hindernis,Buiten Kruispunt,Gemeenteweg,binnen bebouwde kom,Weggebruiker tegen hindernis buiten rijbaan,Buiten de rijbaan: Verlichtingspaal
41477,77,Leuven teller 2,Leuven,50.88672,4.70796,0.3546820194720863,50.888439641777275,4.7037014371529136,2023,8,1,24062,Leuven,Normaal,Droog,"Nacht, geen openbare verlichting aanwezig",Met doden,3,Fiets,11,een weggebruiker tegen een hindernis,Buiten Kruispunt,Gemeenteweg,buiten bebouwde kom,Weggebruiker tegen hindernis buiten rijbaan,Buiten de rijbaan: Omheining
41477,107,leuven totem,Leuven,50.8870744,4.7087919,0.3880078018095494,50.888439641777275,4.7037014371529136,2023,8,1,24062,Leuven,Normaal,Droog,"Nacht, geen openbare verlichting aanwezig",Met doden,3,Fiets,11,een weggebruiker tegen een hindernis,Buiten Kruispunt,Gemeenteweg,buiten bebouwde kom,Weggebruiker tegen hindernis buiten rijbaan,Buiten de rijbaan: Omheining
41485,73,Herent teller 2,Herent,50.89128,4.64685,0.22369853833644687,50.88928561870161,4.647268399854338,2023,8,19,24038,Herent,Normaal,Droog,Dag,met zwaargewonden,3,Fiets,10,"één bestuurder, geen hindernis",Buiten Kruispunt,Gemeenteweg,buiten bebouwde kom,"Eén bestuurder, geen hindernis (incl. val)",Geen hindernis
41485,72,Herent teller 1,Herent,50.89135,4.64689,0.23107810756734298,50.88928561870161,4.647268399854338,2023,8,19,24038,Herent,Normaal,Droog,Dag,met zwaargewonden,3,Fiets,10,"één bestuurder, geen hindernis",Buiten Kruispunt,Gemeenteweg,buiten bebouwde kom,"Eén bestuurder, geen hindernis (incl. val)",Geen hindernis
41500,111,Zaventem totem,Zaventem,50.8871216,4.4597084,0.886459969224302,50.880723803594464,4.452169309352585,2023,8,14,23094,Zaventem,Normaal,Droog,Dag,met lichtgewonden,3,Fiets,9,personenauto,Op Kruispunt,Gewestweg,buiten bebouwde kom,Tss. 2 best.: langs opzij (voor-/achterkant-flank),Geen hindernis
41521,47,Vilvoorde,Vilvoorde,50.91372,4.41497,0.7849469674851544,50.91356109311572,4.426163511920099,2023,8,23,23047,Machelen,Normaal,"Nat, plassen","Nacht, openb. verlicht. aanw., maar niet ontstoken",met zwaargewonden,3,Fiets,11,een weggebruiker tegen een hindernis,Buiten Kruispunt,Gemeenteweg,binnen bebouwde kom,Weggebruiker tegen hindernis buiten rijbaan,Andere hindernis
41523,47,Vilvoorde,Vilvoorde,50.91372,4.41497,0.6452566039561753,50.90793390018436,4.414269530332411,2023,8,22,23088,Vilvoorde,Normaal,Droog,"Nacht, openbare verlichting aanwezig en ontstoken",met lichtgewonden,9,personenauto,3,Fiets,Buiten Kruispunt,Gewestweg,binnen bebouwde kom,Tss. 2 best.: langs opzij (voor-/achterkant-flank),Geen hindernis
41528,13,Gent,Gent,51.03018,3.70146,0.9268312683290298,51.03754485832532,3.7076666444415283,2023,8,17,44021,Gent,Normaal,Droog,Dag,met lichtgewonden,3,Fiets,3,Fiets,Buiten Kruispunt,Gemeenteweg,binnen bebouwde kom,Tss. 2 best.: langs opzij (voor-/achterkant-flank),Geen hindernis
41539,118,Gent teller 1,Gent,51.028049,3.7681359,0.07615715696758114,51.028465942814,3.7672719609470873,2023,8,18,44021,Gent,Normaal,Droog,Dag,met lichtgewonden,9,personenauto,3,Fiets,Op Kruispunt,Gewestweg,binnen bebouwde kom,Tss. 2 best.: langs opzij (voor-/achterkant-flank),Geen hindernis
41539,119,Gent teller 2,Gent,51.0281795,3.7683918,0.08454458261269258,51.028465942814,3.7672719609470873,2023,8,18,44021,Gent,Normaal,Droog,Dag,met lichtgewonden,9,personenauto,3,Fiets,Op Kruispunt,Gewestweg,binnen bebouwde kom,Tss. 2 best.: langs opzij (voor-/achterkant-flank),Geen hindernis
41564,119,Gent teller 2,Gent,51.0281795,3.7683918,0.5618281771141714,51.02425394983648,3.7734494392625515,2023,8,11,44040,Melle,Normaal,Droog,Dag,met lichtgewonden,9,personenauto,3,Fiets,Buiten Kruispunt,Gewestweg,buiten bebouwde kom,Tussen 2 bestuurders: Flank tegen flank,Geen hindernis
41564,118,Gent teller 1,Gent,51.028049,3.7681359,0.5622945429628351,51.02425394983648,3.7734494392625515,2023,8,11,44040,Melle,Normaal,Droog,Dag,met lichtgewonden,9,personenauto,3,Fiets,Buiten Kruispunt,Gewestweg,buiten bebouwde kom,Tussen 2 bestuurders: Flank tegen flank,Geen hindernis
41642,19,Aalst 1,Aalst,50.93433,4.01471,0.9928447071952119,50.93587769602219,4.000756167859027,2023,8,17,41002,Aalst,Onbekend,Droog,Dag,met lichtgewonden,9,personenauto,3,Fiets,Buiten Kruispunt,Gemeenteweg,binnen bebouwde kom,Tussen 2 bestuurders: Frontale botsing,Geen hindernis
41644,10,Aalst 2,Aalst,50.93549,4.01571,0.6999139775798093,50.941660970714764,4.017679035057154,2023,8,13,41002,Aalst,Normaal,Droog,Dag,met lichtgewonden,9,personenauto,3,Fiets,Op Kruispunt,Gewestweg,binnen bebouwde kom,Tss. 2 best.: langs opzij (voor-/achterkant-flank),Geen hindernis
41644,19,Aalst 1,Aalst,50.93433,4.01471,0.8412957087439207,50.941660970714764,4.017679035057154,2023,8,13,41002,Aalst,Normaal,Droog,Dag,met lichtgewonden,9,personenauto,3,Fiets,Op Kruispunt,Gewestweg,binnen bebouwde kom,Tss. 2 best.: langs opzij (voor-/achterkant-flank),Geen hindernis
41644,11,Aalst 3,Aalst,50.93385,4.01647,0.8726622967477079,50.941660970714764,4.017679035057154,2023,8,13,41002,Aalst,Normaal,Droog,Dag,met lichtgewonden,9,personenauto,3,Fiets,Op Kruispunt,Gewestweg,binnen bebouwde kom,Tss. 2 best.: langs opzij (voor-/achterkant-flank),Geen hindernis
41715,18,Oostende 1,Oostende,51.21378,2.92765,0.16496612235820315,51.21526355371418,2.9276629759582278,2023,8,18,35013,Oostende,Normaal,Droog,Dag,met lichtgewonden,3,Fiets,6,Bromfiets,Op Kruispunt,Gewestweg,binnen bebouwde kom,Tussen 2 bestuurders: Frontale botsing,Geen hindernis
41715,15,Oostende 2,Oostende,51.21371,2.92743,0.17350780811272007,51.21526355371418,2.9276629759582278,2023,8,18,35013,Oostende,Normaal,Droog,Dag,met lichtgewonden,3,Fiets,6,Bromfiets,Op Kruispunt,Gewestweg,binnen bebouwde kom,Tussen 2 bestuurders: Frontale botsing,Geen hindernis
41731,55,Torhout teller 1,Torhout,51.07161,3.08261,0.6463955917074021,51.068927768891356,3.090817605978924,2023,8,11,31033,Torhout,Normaal,Droog,Dag,met lichtgewonden,3,Fiets,9,personenauto,Op Kruispunt,Gewestweg,buiten bebouwde kom,Tss. 2 best.: langs opzij (voor-/achterkant-flank),Geen hindernis
41731,56,Torhout teller 2,Torhout,51.07147,3.08244,0.6500380159229286,51.068927768891356,3.090817605978924,2023,8,11,31033,Torhout,Normaal,Droog,Dag,met lichtgewonden,3,Fiets,9,personenauto,Op Kruispunt,Gewestweg,buiten bebouwde kom,Tss. 2 best.: langs opzij (voor-/achterkant-flank),Geen hindernis
41752,84,Roeselare totem,Izegem,50.91717,3.18772,0.5501225885770971,50.91560651123076,3.1951651516201682,2023,8,20,36008,Izegem,Normaal,Droog,Dag,met lichtgewonden,7,Motorfiets,3,Fiets,Buiten Kruispunt,Gewestweg,buiten bebouwde kom,Tss. 2 best.: langs opzij (voor-/achterkant-flank),Geen hindernis
41756,84,Roeselare totem,Izegem,50.91717,3.18772,0.8305436173908228,50.92305333485597,3.195019706199653,2023,8,17,36008,Izegem,Normaal,Droog,Dag,met lichtgewonden,3,Fiets,8,Voetganger,Buiten Kruispunt,Gewestweg,binnen bebouwde kom,Met een voetganger,Geen hindernis
41771,143,Eco Display Classic Budastraat,Kortrijk,50.83066,3.26286,0.34058314609052576,50.829477015465066,3.2673330313338846,2023,8,13,34022,Kortrijk,Normaal,Droog,Dag,met lichtgewonden,3,Fiets,9,personenauto,Buiten Kruispunt,Gewestweg,binnen bebouwde kom,Tss. 2 best.: langs opzij (voor-/achterkant-flank),Geen hindernis
41771,16,Kortrijk 1,Kortrijk,50.83332,3.27777,0.8484652210157109,50.829477015465066,3.2673330313338846,2023,8,13,34022,Kortrijk,Normaal,Droog,Dag,met lichtgewonden,3,Fiets,9,personenauto,Buiten Kruispunt,Gewestweg,binnen bebouwde kom,Tss. 2 best.: langs opzij (voor-/achterkant-flank),Geen hindernis
41771,17,Kortrijk 2,Kortrijk,50.83339,3.27773,0.8499969201866684,50.829477015465066,3.2673330313338846,2023,8,13,34022,Kortrijk,Normaal,Droog,Dag,met lichtgewonden,3,Fiets,9,personenauto,Buiten Kruispunt,Gewestweg,binnen bebouwde kom,Tss. 2 best.: langs opzij (voor-/achterkant-flank),Geen hindernis
41772,143,Eco Display Classic Budastraat,Kortrijk,50.83066,3.26286,0.3090229900105286,50.83088977813185,3.2672449560949657,2023,8,14,34022,Kortrijk,Normaal,Droog,Dag,met lichtgewonden,9,personenauto,3,Fiets,Op Kruispunt,Gemeenteweg,binnen bebouwde kom,Tss. 2 best.: langs opzij (voor-/achterkant-flank),Geen hindernis
41772,16,Kortrijk 1,Kortrijk,50.83332,3.27777,0.787022078325944,50.83088977813185,3.2672449560949657,2023,8,14,34022,Kortrijk,Normaal,Droog,Dag,met lichtgewonden,9,personenauto,3,Fiets,Op Kruispunt,Gemeenteweg,binnen bebouwde kom,Tss. 2 best.: langs opzij (voor-/achterkant-flank),Geen hindernis
41772,17,Kortrijk 2,Kortrijk,50.83339,3.27773,0.7870991966863705,50.83088977813185,3.2672449560949657,2023,8,14,34022,Kortrijk,Normaal,Droog,Dag,met lichtgewonden,9,personenauto,3,Fiets,Op Kruispunt,Gemeenteweg,binnen bebouwde kom,Tss. 2 best.: langs opzij (voor-/achterkant-flank),Geen hindernis
41773,16,Kortrijk 1,Kortrijk,50.83332,3.27777,0.7716933996188435,50.82653183369288,3.2754841942473987,2023,8,10,34022,Kortrijk,Normaal,Droog,Dag,met lichtgewonden,3,Fiets,9,personenauto,Op Kruispunt,Gemeenteweg,binnen bebouwde kom,Tussen 2 bestuurders: Flank tegen flank,Geen hindernis
41773,17,Kortrijk 2,Kortrijk,50.83339,3.27773,0.7787345258776763,50.82653183369288,3.2754841942473987,2023,8,10,34022,Kortrijk,Normaal,Droog,Dag,met lichtgewonden,3,Fiets,9,personenauto,Op Kruispunt,Gemeenteweg,binnen bebouwde kom,Tussen 2 bestuurders: Flank tegen flank,Geen hindernis
41773,143,Eco Display Classic Budastraat,Kortrijk,50.83066,3.26286,0.9984416957843801,50.82653183369288,3.2754841942473987,2023,8,10,34022,Kortrijk,Normaal,Droog,Dag,met lichtgewonden,3,Fiets,9,personenauto,Op Kruispunt,Gemeenteweg,binnen bebouwde kom,Tussen 2 bestuurders: Flank tegen flank,Geen hindernis
41774,75,Kortrijk teller 2,Kortrijk,50.81925,3.25731,0.8393970186524828,50.82037359284385,3.2691258413407374,2023,8,18,34022,Kortrijk,Normaal,Droog,Dag,met lichtgewonden,9,personenauto,3,Fiets,Op Kruispunt,Gewestweg,binnen bebouwde kom,Tussen 2 bestuurders: Flank tegen flank,Geen hindernis
41774,74,Kortrijk teller 1,Kortrijk,50.81909,3.25728,0.844307325967708,50.82037359284385,3.2691258413407374,2023,8,18,34022,Kortrijk,Normaal,Droog,Dag,met lichtgewonden,9,personenauto,3,Fiets,Op Kruispunt,Gewestweg,binnen bebouwde kom,Tussen 2 bestuurders: Flank tegen flank,Geen hindernis
41775,143,Eco Display Classic Budastraat,Kortrijk,50.83066,3.26286,0.4603526933089498,50.83382884179558,3.258641627926043,2023,8,20,34022,Kortrijk,Normaal,Droog,Dag,met zwaargewonden,3,Fiets,9,personenauto,Op Kruispunt,Gewestweg,binnen bebouwde kom,Tss. 2 best.: langs opzij (voor-/achterkant-flank),Geen hindernis
41777,75,Kortrijk teller 2,Kortrijk,50.81925,3.25731,0.5757831976787039,50.82213076125431,3.264120981412138,2023,8,12,34022,Kortrijk,Normaal,Droog,Dag,met lichtgewonden,9,personenauto,3,Fiets,Op Kruispunt,Gemeenteweg,binnen bebouwde kom,Tussen 2 bestuurders: Frontale botsing,Geen hindernis
41777,74,Kortrijk teller 1,Kortrijk,50.81909,3.25728,0.587590516502353,50.82213076125431,3.264120981412138,2023,8,12,34022,Kortrijk,Normaal,Droog,Dag,met lichtgewonden,9,personenauto,3,Fiets,Op Kruispunt,Gemeenteweg,binnen bebouwde kom,Tussen 2 bestuurders: Frontale botsing,Geen hindernis
41777,143,Eco Display Classic Budastraat,Kortrijk,50.83066,3.26286,0.9525347664164195,50.82213076125431,3.264120981412138,2023,8,12,34022,Kortrijk,Normaal,Droog,Dag,met lichtgewonden,9,personenauto,3,Fiets,Op Kruispunt,Gemeenteweg,binnen bebouwde kom,Tussen 2 bestuurders: Frontale botsing,Geen hindernis
41850,14,Genk,Genk,50.97172,5.48927,0.3767804536573402,50.975106883204596,5.489434564293862,2023,8,18,71016,Genk,Normaal,Droog,Dag,met lichtgewonden,3,Fiets,8,Voetganger,Buiten Kruispunt,Gemeenteweg,buiten bebouwde kom,Met een voetganger,Geen hindernis
41853,14,Genk,Genk,50.97172,5.48927,0.7604218279900907,50.96622104533257,5.482814139089567,2023,8,14,71016,Genk,Regenval,"Nat, plassen",Dag,met lichtgewonden,3,Fiets,10,"één bestuurder, geen hindernis",Buiten Kruispunt,Gewestweg,binnen bebouwde kom,"Eén bestuurder, geen hindernis (incl. val)",Geen hindernis
41858,22,Tienen 2,Tienen,50.81330800184882,4.935984252796022,0.6341017184077538,50.807641915601636,4.937004077657399,2023,8,12,24107,Tienen,Normaal,Droog+Proper,Dag,met lichtgewonden,99,onbekend,3,Fiets,Buiten Kruispunt,Gemeenteweg,binnen bebouwde kom,Tss. 2 best.: langs opzij (voor-/achterkant-flank),Geen hindernis
41858,23,Tienen 3,Tienen,50.81324,4.93447,0.6474425369649387,50.807641915601636,4.937004077657399,2023,8,12,24107,Tienen,Normaal,Droog+Proper,Dag,met lichtgewonden,99,onbekend,3,Fiets,Buiten Kruispunt,Gemeenteweg,binnen bebouwde kom,Tss. 2 best.: langs opzij (voor-/achterkant-flank),Geen hindernis
41858,24,Tienen 1,Tienen,50.8133795491886,4.935044252605416,0.6526871738235572,50.807641915601636,4.937004077657399,2023,8,12,24107,Tienen,Normaal,Droog+Proper,Dag,met lichtgewonden,99,onbekend,3,Fiets,Buiten Kruispunt,Gemeenteweg,binnen bebouwde kom,Tss. 2 best.: langs opzij (voor-/achterkant-flank),Geen hindernis
41864,131,Nevele,Deinze,51.0276612,3.558569,0.9834686066896967,51.0344906806625,3.549632775772769,2023,8,12,44083,Deinze,Normaal,Droog,Dag,met lichtgewonden,9,personenauto,3,Fiets,Op Kruispunt,Gewestweg,binnen bebouwde kom,Tss. 2 best.: langs opzij (voor-/achterkant-flank),Geen hindernis
42055,104,Malle teller 2,Malle,51.31682,4.73852,0.225680341171791,51.31481024859354,4.73806706639426,2023,9,10,11057,Malle,Normaal,Droog,Dag,met lichtgewonden,3,Fiets,5,Lichte vrachtauto,Op Kruispunt,Gewestweg,buiten bebouwde kom,Tss. 2 best.: langs opzij (voor-/achterkant-flank),Geen hindernis
42055,103,Malle teller 1,Malle,51.31681,4.73872,0.22694534139283465,51.31481024859354,4.73806706639426,2023,9,10,11057,Malle,Normaal,Droog,Dag,met lichtgewonden,3,Fiets,5,Lichte vrachtauto,Op Kruispunt,Gewestweg,buiten bebouwde kom,Tss. 2 best.: langs opzij (voor-/achterkant-flank),Geen hindernis
42099,127,Geel totem,Westerlo,51.1342966,4.9400421,0.8123035276303168,51.12792869931271,4.9457468448027075,2023,9,22,13049,Westerlo,Normaal,Droog,"Nacht, openbare verlichting aanwezig en ontstoken",met lichtgewonden,9,personenauto,3,Fiets,Op Kruispunt,Gemeenteweg,buiten bebouwde kom,Tss. 2 best.: langs opzij (voor-/achterkant-flank),Geen hindernis
42099,112,Geel teller 2,Westerlo,51.1354992,4.9394789,0.9486408097716932,51.12792869931271,4.9457468448027075,2023,9,22,13049,Westerlo,Normaal,Droog,"Nacht, openbare verlichting aanwezig en ontstoken",met lichtgewonden,9,personenauto,3,Fiets,Op Kruispunt,Gemeenteweg,buiten bebouwde kom,Tss. 2 best.: langs opzij (voor-/achterkant-flank),Geen hindernis
42104,97,Geel teller 1,Geel,51.14813,4.99698,0.9705180848916588,51.15656220750428,5.0005722933879255,2023,9,21,13008,Geel,Onbekend,Onbekend,Onbekend,met lichtgewonden,3,Fiets,11,een weggebruiker tegen een hindernis,Buiten Kruispunt,Gemeenteweg,onbekend,Weggebruiker tegen hindernis op de rijbaan,"Op de rijbaan: Werken (signal., aarde, toestel,…)"
42104,98,Geel teller 2,Geel,51.1481,4.99643,0.9843101523015895,51.15656220750428,5.0005722933879255,2023,9,21,13008,Geel,Onbekend,Onbekend,Onbekend,met lichtgewonden,3,Fiets,11,een weggebruiker tegen een hindernis,Buiten Kruispunt,Gemeenteweg,onbekend,Weggebruiker tegen hindernis op de rijbaan,"Op de rijbaan: Werken (signal., aarde, toestel,…)"
42112,98,Geel teller 2,Geel,51.1481,4.99643,0.8420171720556118,51.15549620162094,4.993840610909063,2023,9,7,13008,Geel,Normaal,Droog,Dag,met lichtgewonden,9,personenauto,3,Fiets,Buiten Kruispunt,Gewestweg,binnen bebouwde kom,Tss. 2 best.: langs opzij (voor-/achterkant-flank),Geen hindernis
42112,97,Geel teller 1,Geel,51.14813,4.99698,0.8478473881850143,51.15549620162094,4.993840610909063,2023,9,7,13008,Geel,Normaal,Droog,Dag,met lichtgewonden,9,personenauto,3,Fiets,Buiten Kruispunt,Gewestweg,binnen bebouwde kom,Tss. 2 best.: langs opzij (voor-/achterkant-flank),Geen hindernis
42116,134,Retie,Dessel,51.2548405,5.1037658,0.7604868277161864,51.25927601633717,5.095447408631635,2023,9,16,13036,Retie,Normaal,Droog,Dag,met lichtgewonden,6,Bromfiets,3,Fiets,Buiten Kruispunt,Gewestweg,binnen bebouwde kom,Tss. 2 best.: langs opzij (voor-/achterkant-flank),Geen hindernis
42116,135,Retie 2,Dessel,51.2544998,5.1040064,0.7980049001986719,51.25927601633717,5.095447408631635,2023,9,16,13036,Retie,Normaal,Droog,Dag,met lichtgewonden,6,Bromfiets,3,Fiets,Buiten Kruispunt,Gewestweg,binnen bebouwde kom,Tss. 2 best.: langs opzij (voor-/achterkant-flank),Geen hindernis
42129,135,Retie 2,Dessel,51.2544998,5.1040064,0.6729748116002671,51.252146482794025,5.112915386922017,2023,9,19,13006,Dessel,Normaal,Droog,Dag,met lichtgewonden,9,personenauto,3,Fiets,Op Kruispunt,Gemeenteweg,buiten bebouwde kom,Tussen 2 bestuurders: Flank tegen flank,Geen hindernis
42129,134,Retie,Dessel,51.2548405,5.1037658,0.703703144336508,51.252146482794025,5.112915386922017,2023,9,19,13006,Dessel,Normaal,Droog,Dag,met lichtgewonden,9,personenauto,3,Fiets,Op Kruispunt,Gemeenteweg,buiten bebouwde kom,Tussen 2 bestuurders: Flank tegen flank,Geen hindernis
42145,46,Pelt teller 2,Pelt,51.231,5.44375,0.7319542972875268,51.22566120989467,5.437600793117197,2023,9,3,72043,Pelt,Normaal,Droog,"Nacht, openbare verlichting aanwezig en ontstoken",met lichtgewonden,3,Fiets,5,Lichte vrachtauto,Buiten Kruispunt,Gemeenteweg,binnen bebouwde kom,Tussen 2 bestuurders: Langs achteren,Geen hindernis
42145,45,Pelt teller 1,Pelt,51.23127,5.44377,0.7572962270860033,51.22566120989467,5.437600793117197,2023,9,3,72043,Pelt,Normaal,Droog,"Nacht, openbare verlichting aanwezig en ontstoken",met lichtgewonden,3,Fiets,5,Lichte vrachtauto,Buiten Kruispunt,Gemeenteweg,binnen bebouwde kom,Tussen 2 bestuurders: Langs achteren,Geen hindernis
42148,46,Pelt teller 2,Pelt,51.231,5.44375,0.7293434522745911,51.22837137612924,5.434153410068962,2023,9,14,72043,Pelt,Normaal,Droog,Dag,met zwaargewonden,3,Fiets,6,Bromfiets,Op Kruispunt,Gemeenteweg,binnen bebouwde kom,Tss. 2 best.: langs opzij (voor-/achterkant-flank),Geen hindernis
42148,45,Pelt teller 1,Pelt,51.23127,5.44377,0.7431381159989032,51.22837137612924,5.434153410068962,2023,9,14,72043,Pelt,Normaal,Droog,Dag,met zwaargewonden,3,Fiets,6,Bromfiets,Op Kruispunt,Gemeenteweg,binnen bebouwde kom,Tss. 2 best.: langs opzij (voor-/achterkant-flank),Geen hindernis