crash_row_id,site_id,site_name,site_gemeente,site_lat,site_long,distance_km,crash_lat,crash_long,DT_YEAR_COLLISION,DT_MONTH_COLLISION,DT_TIME,CD_NIS,TX_MUNTY_COLLISION_NL,TX_WEATHER_NL,TX_ROAD_CONDITION_NL,TX_LIGHT_CONDITION_NL,TX_CLASS_ACCIDENTS_NL,CD_ROAD_USR_TYPE1,TX_ROAD_USR_TYPE1_NL,CD_ROAD_USR_TYPE2,TX_ROAD_USR_TYPE2_NL,TX_CROSSWAY_NL,CD_ROAD_TYPE_NL,TX_BUILD_UP_AREA_NL,TX_COLLISION_TYPE_NL,TX_OBSTACLES_NL
42167,39,Peer teller 1,Peer,51.13425,5.47817,0.9295455716405646,51.14164400828215,5.471954008718722,2023,9,19,72030,Peer,Normaal,Droog,Dageraad - schemering,met lichtgewonden,6,Bromfiets,3,Fiets,Op Kruispunt,Gemeenteweg,buiten bebouwde kom,Tss. 2 best.: langs opzij (voor-/achterkant-flank),Geen hindernis
42167,40,Peer teller 2,Peer,51.13438,5.47892,0.9426654447090598,51.14164400828215,5.471954008718722,2023,9,19,72030,Peer,Normaal,Droog,Dageraad - schemering,met lichtgewonden,6,Bromfiets,3,Fiets,Op Kruispunt,Gemeenteweg,buiten bebouwde kom,Tss. 2 best.: langs opzij (voor-/achterkant-flank),Geen hindernis
42190,77,Leuven teller 2,Leuven,50.88672,4.70796,0.8245128457267596,50.87955838555349,4.704913682264279,2023,9,17,24062,Leuven,Normaal,Droog,Dag,met lichtgewonden,4,Vrachtwagen,3,Fiets,Buiten Kruispunt,Gemeenteweg,binnen bebouwde kom,Tussen 2 bestuurders: Flank tegen flank,Geen hindernis
42190,69,Leuven teller 1,Leuven,50.87549,4.71526,0.855339405541153,50.87955838555349,4.704913682264279,2023,9,17,24062,Leuven,Normaal,Droog,Dag,met lichtgewonden,4,Vrachtwagen,3,Fiets,Buiten Kruispunt,Gemeenteweg,binnen bebouwde kom,Tussen 2 bestuurders: Flank tegen flank,Geen hindernis
42190,107,leuven totem,Leuven,50.8870744,4.7087919,0.8789125682457302,50.87955838555349,4.704913682264279,2023,9,17,24062,Leuven,Normaal,Droog,Dag,met lichtgewonden,4,Vrachtwagen,3,Fiets,Buiten Kruispunt,Gemeenteweg,binnen bebouwde kom,Tussen 2 bestuurders: Flank tegen flank,Geen hindernis
42192,151,Leuven,District Leuven,50.8690262,4.6854839,0.8336846603791331,50.87577356750822,4.690663982032769,2023,9,10,24062,Leuven,Normaal,Droog,Dag,met lichtgewonden,6,Bromfiets,3,Fiets,Op Kruispunt,Gemeenteweg,binnen bebouwde kom,Tss. 2 best.: langs opzij (voor-/achterkant-flank),Geen hindernis
42193,69,Leuven teller 1,Leuven,50.87549,4.71526,0.2635238252922171,50.87433045406211,4.711984513338969,2023,9,17,24062,Leuven,Normaal,Droog,Dag,met lichtgewonden,9,personenauto,3,Fiets,Buiten Kruispunt,Gemeenteweg,binnen bebouwde kom,Tussen 2 bestuurders: Flank tegen flank,Geen hindernis
42194,151,Leuven,District Leuven,50.8690262,4.6854839,0.1683768500597118,50.86759403321811,4.686263139656981,2023,9,18,24062,Leuven,Normaal,Droog,Dag,met lichtgewonden,3,Fiets,3,Fiets,Buiten Kruispunt,Gemeenteweg,buiten bebouwde kom,Tussen 2 bestuurders: Frontale botsing,Geen hindernis
42196,151,Leuven,District Leuven,50.8690262,4.6854839,0.4884349090129691,50.871805514310516,4.690873931939299,2023,9,11,24062,Leuven,Normaal,Droog,Dag,met lichtgewonden,9,personenauto,3,Fiets,Op Kruispunt,Gewestweg,binnen bebouwde kom,Tss. 2 best.: langs opzij (voor-/achterkant-flank),Geen hindernis
42197,69,Leuven teller 1,Leuven,50.87549,4.71526,0.5383843624971778,50.87597116165076,4.707624809225353,2023,9,12,24062,Leuven,Onbekend,Onbekend,Dag,met lichtgewonden,3,Fiets,3,Fiets,Op Kruispunt,Gemeenteweg,binnen bebouwde kom,Tussen 2 bestuurders: Frontale botsing,Geen hindernis
42203,107,leuven totem,Leuven,50.8870744,4.7087919,0.4763381347203752,50.88452435384775,4.714248091153143,2023,9,13,24062,Leuven,Normaal,Droog,Dag,met lichtgewonden,3,Fiets,3,Fiets,Op Kruispunt,Gewestweg,binnen bebouwde kom,Tss. 2 best.: langs opzij (voor-/achterkant-flank),Geen hindernis
42203,77,Leuven teller 2,Leuven,50.88672,4.70796,0.5041647627201588,50.88452435384775,4.714248091153143,2023,9,13,24062,Leuven,Normaal,Droog,Dag,met lichtgewonden,3,Fiets,3,Fiets,Op Kruispunt,Gewestweg,binnen bebouwde kom,Tss. 2 best.: langs opzij (voor-/achterkant-flank),Geen hindernis
42204,151,Leuven,District Leuven,50.8690262,4.6854839,0.907322082841685,50.86688479036696,4.673007876591647,2023,9,8,24062,Leuven,Normaal,Droog,Dag,met lichtgewonden,9,personenauto,3,Fiets,Buiten Kruispunt,Gewestweg,binnen bebouwde kom,Tss. 2 best.: langs opzij (voor-/achterkant-flank),Geen hindernis
42206,151,Leuven,District Leuven,50.8690262,4.6854839,0.4884349090129691,50.871805514310516,4.690873931939299,2023,9,19,24062,Leuven,Regenval,"Nat, plassen",Dag,met lichtgewonden,3,Fiets,3,Fiets,Buiten Kruispunt,Gewestweg,binnen bebouwde kom,Tussen 2 bestuurders: Frontale botsing,Geen hindernis
42207,107,leuven totem,Leuven,50.8870744,4.7087919,0.6925755917687676,50.88346442890941,4.716837289396418,2023,9,12,24062,Leuven,Normaal,Droog,Dag,met lichtgewonden,3,Fiets,3,Fiets,Buiten Kruispunt,Gemeenteweg,binnen bebouwde kom,Tussen 2 bestuurders: Frontale botsing,Geen hindernis
42207,77,Leuven teller 2,Leuven,50.88672,4.70796,0.7203179857695892,50.88346442890941,4.716837289396418,2023,9,12,24062,Leuven,Normaal,Droog,Dag,met lichtgewonden,3,Fiets,3,Fiets,Buiten Kruispunt,Gemeenteweg,binnen bebouwde kom,Tussen 2 bestuurders: Frontale botsing,Geen hindernis
42207,69,Leuven teller 1,Leuven,50.87549,4.71526,0.8935945097277651,50.88346442890941,4.716837289396418,2023,9,12,24062,Leuven,Normaal,Droog,Dag,met lichtgewonden,3,Fiets,3,Fiets,Buiten Kruispunt,Gemeenteweg,binnen bebouwde kom,Tussen 2 bestuurders: Frontale botsing,Geen hindernis
42208,151,Leuven,District Leuven,50.8690262,4.6854839,0.4885349218577215,50.872075206426956,4.6904964450945394,2023,9,9,24062,Leuven,Normaal,Droog,Dag,met lichtgewonden,9,personenauto,3,Fiets,Op Kruispunt,Gewestweg,binnen bebouwde kom,Tss. 2 best.: langs opzij (voor-/achterkant-flank),Geen hindernis
42212,69,Leuven teller 1,Leuven,50.87549,4.71526,0.5081698369098836,50.87150119383018,4.711725351739519,2023,9,17,24062,Leuven,Normaal,Droog,Dag,met lichtgewonden,3,Fiets,6,Bromfiets,Buiten Kruispunt,Gewestweg,binnen bebouwde kom,Tss. 2 best.: langs opzij (voor-/achterkant-flank),Geen hindernis
42216,69,Leuven teller 1,Leuven,50.87549,4.71526,0.781843893899411,50.86850679055719,4.716560801844507,2023,9,12,24062,Leuven,Normaal,Droog,Dag,met zwaargewonden,3,Fiets,10,"één bestuurder, geen hindernis",Buiten Kruispunt,Gemeenteweg,binnen bebouwde kom,"Eén bestuurder, geen hindernis (incl. val)",Geen hindernis
42217,107,leuven totem,Leuven,50.8870744,4.7087919,0.5515186530800339,50.88351174178878,4.714261835946007,2023,9,19,24062,Leuven,Normaal,Droog,Dag,met lichtgewonden,9,personenauto,3,Fiets,Buiten Kruispunt,Gemeenteweg,binnen bebouwde kom,Tussen 2 bestuurders: Frontale botsing,Geen hindernis
42217,77,Leuven teller 2,Leuven,50.88672,4.70796,0.5680635076263859,50.88351174178878,4.714261835946007,2023,9,19,24062,Leuven,Normaal,Droog,Dag,met lichtgewonden,9,personenauto,3,Fiets,Buiten Kruispunt,Gemeenteweg,binnen bebouwde kom,Tussen 2 bestuurders: Frontale botsing,Geen hindernis
42217,69,Leuven teller 1,Leuven,50.87549,4.71526,0.8947218297951072,50.88351174178878,4.714261835946007,2023,9,19,24062,Leuven,Normaal,Droog,Dag,met lichtgewonden,9,personenauto,3,Fiets,Buiten Kruispunt,Gemeenteweg,binnen bebouwde kom,Tussen 2 bestuurders: Frontale botsing,Geen hindernis
42229,87,Aarschot,Aarschot,50.99084,4.81259,0.7706998399660597,50.98819574843803,4.822768278744481,2023,9,16,24001,Aarschot,Regenval,"Nat, plassen",Dag,met lichtgewonden,9,personenauto,3,Fiets,Op Kruispunt,Gemeenteweg,buiten bebouwde kom,Tss. 2 best.: langs opzij (voor-/achterkant-flank),Geen hindernis
42240,101,Diest teller 1,Diest,50.97799,5.04481,0.710820520651021,50.98066255739449,5.0540334479336355,2023,9,15,24020,Diest,Normaal,Droog,Dag,met lichtgewonden,3,Fiets,3,Fiets,Buiten Kruispunt,Gemeenteweg,binnen bebouwde kom,Tussen 2 bestuurders: Flank tegen flank,Geen hindernis
42240,102,Diest teller 2,Diest,50.9779,5.04474,0.7194911990244236,50.98066255739449,5.0540334479336355,2023,9,15,24020,Diest,Normaal,Droog,Dag,met lichtgewonden,3,Fiets,3,Fiets,Buiten Kruispunt,Gemeenteweg,binnen bebouwde kom,Tussen 2 bestuurders: Flank tegen flank,Geen hindernis
42264,86,Asse teller 2,Asse,50.89132,4.1709,0.4649170136287001,50.88731835429484,4.16897903418724,2023,9,7,23086,Ternat,Normaal,Droog,Dag,met lichtgewonden,9,personenauto,3,Fiets,Op Kruispunt,Gewestweg,buiten bebouwde kom,Tss. 2 best.: langs opzij (voor-/achterkant-flank),Geen hindernis
42290,47,Vilvoorde,Vilvoorde,50.91372,4.41497,0.42375646529121497,50.90997981577044,4.416129233228741,2023,9,15,23088,Vilvoorde,Normaal,Droog,Dag,met lichtgewonden,9,personenauto,3,Fiets,Op Kruispunt,Gewestweg,buiten bebouwde kom,Tss. 2 best.: langs opzij (voor-/achterkant-flank),Geen hindernis
42295,149,Machelen,,50.88297881,4.43356644,0.5667093122416458,50.881813953061005,4.44143063901555,2023,9,16,23047,Machelen,Normaal,Droog,Dag,met lichtgewonden,3,Fiets,3,Fiets,Buiten Kruispunt,Gemeenteweg,buiten bebouwde kom,Tussen 2 bestuurders: Flank tegen flank,Geen hindernis
42302,13,Gent,Gent,51.03018,3.70146,0.3506130912392759,51.02705029090982,3.702070045740561,2023,9,7,44021,Gent,Normaal,Droog,Dag,met lichtgewonden,3,Fiets,6,Bromfiets,Buiten Kruispunt,Autosnelweg,buiten bebouwde kom,Tussen 2 bestuurders: Flank tegen flank,Geen hindernis
42318,13,Gent,Gent,51.03018,3.70146,0.31667656620934825,51.02734832589228,3.701943288422259,2023,8,13,44021,Gent,Normaal,Droog,Dag,met lichtgewonden,6,Bromfiets,3,Fiets,Buiten Kruispunt,Autosnelweg,binnen bebouwde kom,Tss. 2 best.: langs opzij (voor-/achterkant-flank),Geen hindernis
42365,116,Melle teller 2,Melle,50.9986113,3.8040599,0.9776560027028163,50.99592878669914,3.817364044092622,2023,9,8,44040,Melle,Normaal,Droog,Dag,met lichtgewonden,3,Fiets,9,personenauto,Buiten Kruispunt,Gewestweg,buiten bebouwde kom,Tss. 2 best.: langs opzij (voor-/achterkant-flank),Geen hindernis
42365,117,Melle teller 1,Melle,50.9986113,3.8040599,0.9776560027028163,50.99592878669914,3.817364044092622,2023,9,8,44040,Melle,Normaal,Droog,Dag,met lichtgewonden,3,Fiets,9,personenauto,Buiten Kruispunt,Gewestweg,buiten bebouwde kom,Tss. 2 best.: langs opzij (voor-/achterkant-flank),Geen hindernis
42381,115,Aalter,Aalter,51.1058367,3.4350591,0.11274751999775202,51.10657278014423,3.433948444740607,2023,9,16,44084,Aalter,Normaal,Droog,Dag,met zwaargewonden,3,Fiets,11,een weggebruiker tegen een hindernis,Buiten Kruispunt,Gemeenteweg,buiten bebouwde kom,Weggebruiker tegen hindernis op de rijbaan,"Op de rijbaan: Put, straatgoot, tramspoor"
42468,126,Hamme totem,Hamme,51.1017709,4.1469307,0.620639791776942,51.10007786353226,4.13846095456252,2023,9,14,42008,Hamme,Normaal,Droog,Dag,met zwaargewonden,3,Fiets,8,Voetganger,Op Kruispunt,Gemeenteweg,binnen bebouwde kom,Met een voetganger,Geen hindernis
42496,10,Aalst 2,Aalst,50.93549,4.01571,0.8104873895507954,50.94244931487272,4.0191488531844,2023,9,15,41002,Aalst,Normaal,Droog,Dag,met lichtgewonden,3,Fiets,9,personenauto,Op Kruispunt,Gewestweg,binnen bebouwde kom,Tss. 2 best.: langs opzij (voor-/achterkant-flank),Geen hindernis
42496,19,Aalst 1,Aalst,50.93433,4.01471,0.9549011284448257,50.94244931487272,4.0191488531844,2023,9,15,41002,Aalst,Normaal,Droog,Dag,met lichtgewonden,3,Fiets,9,personenauto,Op Kruispunt,Gewestweg,binnen bebouwde kom,Tss. 2 best.: langs opzij (voor-/achterkant-flank),Geen hindernis
42496,11,Aalst 3,Aalst,50.93385,4.01647,0.9744502479762659,50.94244931487272,4.0191488531844,2023,9,15,41002,Aalst,Normaal,Droog,Dag,met lichtgewonden,3,Fiets,9,personenauto,Op Kruispunt,Gewestweg,binnen bebouwde kom,Tss. 2 best.: langs opzij (voor-/achterkant-flank),Geen hindernis
42518,122,Dendermonde teller 2,Dendermonde,51.0373918,4.1019222,0.9137605436434614,51.02966912696794,4.097455554493476,2023,9,16,42006,Dendermonde,Normaal,Droog,Dag,met lichtgewonden,3,Fiets,9,personenauto,Buiten Kruispunt,Gemeenteweg,binnen bebouwde kom,Tss. 2 best.: langs opzij (voor-/achterkant-flank),Geen hindernis
42518,125,Dendermonde totem,Dendermonde,51.0372706,4.1025998,0.9186066763813245,51.02966912696794,4.097455554493476,2023,9,16,42006,Dendermonde,Normaal,Droog,Dag,met lichtgewonden,3,Fiets,9,personenauto,Buiten Kruispunt,Gemeenteweg,binnen bebouwde kom,Tss. 2 best.: langs opzij (voor-/achterkant-flank),Geen hindernis
42519,122,Dendermonde teller 2,Dendermonde,51.0373918,4.1019222,0.4582446058497213,51.041471854301626,4.102844835815799,2023,9,11,42006,Dendermonde,Normaal,Droog,Dag,met lichtgewonden,3,Fiets,11,een weggebruiker tegen een hindernis,Buiten Kruispunt,Gewestweg,binnen bebouwde kom,Weggebruiker tegen hindernis buiten rijbaan,Buiten de rijbaan: Andere paal
42519,125,Dendermonde totem,Dendermonde,51.0372706,4.1025998,0.4674722112979292,51.041471854301626,4.102844835815799,2023,9,11,42006,Dendermonde,Normaal,Droog,Dag,met lichtgewonden,3,Fiets,11,een weggebruiker tegen een hindernis,Buiten Kruispunt,Gewestweg,binnen bebouwde kom,Weggebruiker tegen hindernis buiten rijbaan,Buiten de rijbaan: Andere paal
42523,122,Dendermonde teller 2,Dendermonde,51.0373918,4.1019222,0.10313202507006317,51.038280530139936,4.102344139163303,2023,9,16,42006,Dendermonde,Normaal,Droog,Dag,met lichtgewonden,3,Fiets,3,Fiets,Buiten Kruispunt,Gewestweg,binnen bebouwde kom,Tss. 2 best.: langs opzij (voor-/achterkant-flank),Geen hindernis
42523,125,Dendermonde totem,Dendermonde,51.0372706,4.1025998,0.1137129556957524,51.038280530139936,4.102344139163303,2023,9,16,42006,Dendermonde,Normaal,Droog,Dag,met lichtgewonden,3,Fiets,3,Fiets,Buiten Kruispunt,Gewestweg,binnen bebouwde kom,Tss. 2 best.: langs opzij (voor-/achterkant-flank),Geen hindernis
42534,54,Brugge teller 2,Brugge,51.23015,3.22818,0.5710669092064361,51.225407146771865,3.231325889002226,2023,9,14,31005,Brugge,Normaal,Droog,Dag,met lichtgewonden,9,personenauto,3,Fiets,Op Kruispunt,Gemeenteweg,binnen bebouwde kom,Tss. 2 best.: langs opzij (voor-/achterkant-flank),Geen hindernis
42534,53,Brugge teller 1,Brugge,51.23023,3.228,0.584146921782488,51.225407146771865,3.231325889002226,2023,9,14,31005,Brugge,Normaal,Droog,Dag,met lichtgewonden,9,personenauto,3,Fiets,Op Kruispunt,Gemeenteweg,binnen bebouwde kom,Tss. 2 best.: langs opzij (voor-/achterkant-flank),Geen hindernis
42534,52,Brugge,Brugge,51.22632,3.24095,0.6778282191727689,51.225407146771865,3.231325889002226,2023,9,14,31005,Brugge,Normaal,Droog,Dag,met lichtgewonden,9,personenauto,3,Fiets,Op Kruispunt,Gemeenteweg,binnen bebouwde kom,Tss. 2 best.: langs opzij (voor-/achterkant-flank),Geen hindernis
42534,142,TEST Validatie BRUGGE Y2H22022134,Brugge,51.22632,3.24095,0.6778282191727689,51.225407146771865,3.231325889002226,2023,9,14,31005,Brugge,Normaal,Droog,Dag,met lichtgewonden,9,personenauto,3,Fiets,Op Kruispunt,Gemeenteweg,binnen bebouwde kom,Tss. 2 best.: langs opzij (voor-/achterkant-flank),Geen hindernis
42535,142,TEST Validatie BRUGGE Y2H22022134,Brugge,51.22632,3.24095,0.6846023665945761,51.221860981168504,3.2341712694543676,2023,9,5,31005,Brugge,Normaal,Droog,"Nacht, openbare verlichting aanwezig en ontstoken",met lichtgewonden,9,personenauto,3,Fiets,Op Kruispunt,Gewestweg,binnen bebouwde kom,Tss. 2 best.: langs opzij (voor-/achterkant-flank),Geen hindernis
42535,52,Brugge,Brugge,51.22632,3.24095,0.6846023665945761,51.221860981168504,3.2341712694543676,2023,9,5,31005,Brugge,Normaal,Droog,"Nacht, openbare verlichting aanwezig en ontstoken",met lichtgewonden,9,personenauto,3,Fiets,Op Kruispunt,Gewestweg,binnen bebouwde kom,Tss. 2 best.: langs opzij (voor-/achterkant-flank),Geen hindernis
42541,54,Brugge teller 2,Brugge,51.23015,3.22818,0.5732912556959053,51.23101467742429,3.2362969053711947,2023,9,17,31005,Brugge,Normaal,Droog+Proper,Dag,met lichtgewonden,9,personenauto,3,Fiets,Buiten Kruispunt,Gemeenteweg,binnen bebouwde kom,Tss. 2 best.: langs opzij (voor-/achterkant-flank),Geen hindernis
42541,53,Brugge teller 1,Brugge,51.23023,3.228,0.5842557001617248,51.23101467742429,3.2362969053711947,2023,9,17,31005,Brugge,Normaal,Droog+Proper,Dag,met lichtgewonden,9,personenauto,3,Fiets,Buiten Kruispunt,Gemeenteweg,binnen bebouwde kom,Tss. 2 best.: langs opzij (voor-/achterkant-flank),Geen hindernis
42541,52,Brugge,Brugge,51.22632,3.24095,0.6144001529667945,51.23101467742429,3.2362969053711947,2023,9,17,31005,Brugge,Normaal,Droog+Proper,Dag,met lichtgewonden,9,personenauto,3,Fiets,Buiten Kruispunt,Gemeenteweg,binnen bebouwde kom,Tss. 2 best.: langs opzij (voor-/achterkant-flank),Geen hindernis
42541,142,TEST Validatie BRUGGE Y2H22022134,Brugge,51.22632,3.24095,0.6144001529667945,51.23101467742429,3.2362969053711947,2023,9,17,31005,Brugge,Normaal,Droog+Proper,Dag,met lichtgewonden,9,personenauto,3,Fiets,Buiten Kruispunt,Gemeenteweg,binnen bebouwde kom,Tss. 2 best.: langs opzij (voor-/achterkant-flank),Geen hindernis
42546,20,Brugge,Brugge,51.17416,3.20048,0.5191017147536294,51.169822248492956,3.1977277253013443,2023,9,17,31005,Brugge,Normaal,Droog,Dag,met lichtgewonden,3,Fiets,9,personenauto,Op Kruispunt,Gewestweg,buiten bebouwde kom,Tss. 2 best.: langs opzij (voor-/achterkant-flank),Geen hindernis
42549,142,TEST Validatie BRUGGE Y2H22022134,Brugge,51.22632,3.24095,0.7744744330976756,51.22320032614183,3.2310065004813087,2023,9,8,31005,Brugge,Normaal,"Nat, plassen",Dag,met lichtgewonden,3,Fiets,3,Fiets,Buiten Kruispunt,Gewestweg,binnen bebouwde kom,Tss. 2 best.: langs opzij (voor-/achterkant-flank),Geen hindernis
42549,52,Brugge,Brugge,51.22632,3.24095,0.7744744330976756,51.22320032614183,3.2310065004813087,2023,9,8,31005,Brugge,Normaal,"Nat, plassen",Dag,met lichtgewonden,3,Fiets,3,Fiets,Buiten Kruispunt,Gewestweg,binnen bebouwde kom,Tss. 2 best.: langs opzij (voor-/achterkant-flank),Geen hindernis
42549,54,Brugge teller 2,Brugge,51.23015,3.22818,0.7974398670026679,51.22320032614183,3.2310065004813087,2023,9,8,31005,Brugge,Normaal,"Nat, plassen",Dag,met lichtgewonden,3,Fiets,3,Fiets,Buiten Kruispunt,Gewestweg,binnen bebouwde kom,Tss. 2 best.: langs opzij (voor-/achterkant-flank),Geen hindernis
42549,53,Brugge teller 1,Brugge,51.23023,3.228,0.8092150724802399,51.22320032614183,3.2310065004813087,2023,9,8,31005,Brugge,Normaal,"Nat, plassen",Dag,met lichtgewonden,3,Fiets,3,Fiets,Buiten Kruispunt,Gewestweg,binnen bebouwde kom,Tss. 2 best.: langs opzij (voor-/achterkant-flank),Geen hindernis
42596,55,Torhout teller 1,Torhout,51.07161,3.08261,0.6971423978675922,51.068499083055606,3.091272570306235,2023,9,12,31033,Torhout,Normaal,Droog,Dag,met zwaargewonden,9,personenauto,3,Fiets,Op Kruispunt,Gewestweg,buiten bebouwde kom,Tss. 2 best.: langs opzij (voor-/achterkant-flank),Geen hindernis
42596,56,Torhout teller 2,Torhout,51.07147,3.08244,0.7000007175304581,51.068499083055606,3.091272570306235,2023,9,12,31033,Torhout,Normaal,Droog,Dag,met zwaargewonden,9,personenauto,3,Fiets,Op Kruispunt,Gewestweg,buiten bebouwde kom,Tss. 2 best.: langs opzij (voor-/achterkant-flank),Geen hindernis
42628,143,Eco Display Classic Budastraat,Kortrijk,50.83066,3.26286,0.004671751431893508,50.830684725906934,3.2629137793386533,2023,9,17,34022,Kortrijk,Normaal,Droog,Dag,met lichtgewonden,3,Fiets,3,Fiets,Buiten Kruispunt,Gemeenteweg,binnen bebouwde kom,Tss. 2 best.: langs opzij (voor-/achterkant-flank),Geen hindernis
42633,143,Eco Display Classic Budastraat,Kortrijk,50.83066,3.26286,0.19588051517180574,50.832412110350596,3.2631490464209234,2023,9,17,34022,Kortrijk,Normaal,Droog,Dag,met lichtgewonden,3,Fiets,3,Fiets,Buiten Kruispunt,Gemeenteweg,binnen bebouwde kom,Tussen 2 bestuurders: Frontale botsing,Geen hindernis
42637,143,Eco Display Classic Budastraat,Kortrijk,50.83066,3.26286,0.5736153427898438,50.82975382254485,3.2548196792533486,2023,9,9,34022,Kortrijk,Normaal,Droog,Dag,met lichtgewonden,9,personenauto,3,Fiets,Buiten Kruispunt,Gemeenteweg,binnen bebouwde kom,Tss. 2 best.: langs opzij (voor-/achterkant-flank),Geen hindernis
42660,64,Nieuwpoort teller 1,Nieuwpoort,51.13359,2.75737,0.5612320836903291,51.12893857406952,2.7542476253952435,2023,9,7,38016,Nieuwpoort,Normaal,Onbekend,Dag,met lichtgewonden,5,Lichte vrachtauto,3,Fiets,Op Kruispunt,Gemeenteweg,binnen bebouwde kom,Tss. 2 best.: langs opzij (voor-/achterkant-flank),Geen hindernis
42660,65,Nieuwpoort teller 2,Nieuwpoort,51.13435,2.75511,0.6047245289948631,51.12893857406952,2.7542476253952435,2023,9,7,38016,Nieuwpoort,Normaal,Onbekend,Dag,met lichtgewonden,5,Lichte vrachtauto,3,Fiets,Op Kruispunt,Gemeenteweg,binnen bebouwde kom,Tss. 2 best.: langs opzij (voor-/achterkant-flank),Geen hindernis
42660,66,Nieuwpoort totem,Nieuwpoort,51.1347,2.74369,0.9762874253500592,51.12893857406952,2.7542476253952435,2023,9,7,38016,Nieuwpoort,Normaal,Onbekend,Dag,met lichtgewonden,5,Lichte vrachtauto,3,Fiets,Op Kruispunt,Gemeenteweg,binnen bebouwde kom,Tss. 2 best.: langs opzij (voor-/achterkant-flank),Geen hindernis
42661,65,Nieuwpoort teller 2,Nieuwpoort,51.13435,2.75511,0.3858679888478824,51.13221430450267,2.750751268786312,2023,9,11,38016,Nieuwpoort,Normaal,Proper,Dag,met lichtgewonden,3,Fiets,9,personenauto,Buiten Kruispunt,Gemeenteweg,binnen bebouwde kom,Tss. 2 best.: langs opzij (voor-/achterkant-flank),Geen hindernis
42661,64,Nieuwpoort teller 1,Nieuwpoort,51.13359,2.75737,0.48650719404079396,51.13221430450267,2.750751268786312,2023,9,11,38016,Nieuwpoort,Normaal,Proper,Dag,met lichtgewonden,3,Fiets,9,personenauto,Buiten Kruispunt,Gemeenteweg,binnen bebouwde kom,Tss. 2 best.: langs opzij (voor-/achterkant-flank),Geen hindernis
42661,66,Nieuwpoort totem,Nieuwpoort,51.1347,2.74369,0.5649369645329347,51.13221430450267,2.750751268786312,2023,9,11,38016,Nieuwpoort,Normaal,Proper,Dag,met lichtgewonden,3,Fiets,9,personenauto,Buiten Kruispunt,Gemeenteweg,binnen bebouwde kom,Tss. 2 best.: langs opzij (voor-/achterkant-flank),Geen hindernis
42661,63,Nieuwpoort teller 3,Nieuwpoort,51.13529,2.74289,0.646407099383466,51.13221430450267,2.750751268786312,2023,9,11,38016,Nieuwpoort,Normaal,Proper,Dag,met lichtgewonden,3,Fiets,9,personenauto,Buiten Kruispunt,Gemeenteweg,binnen bebouwde kom,Tss. 2 best.: langs opzij (voor-/achterkant-flank),Geen hindernis
42662,66,Nieuwpoort totem,Nieuwpoort,51.1347,2.74369,0.6257402837096918,51.12973229649923,2.7479030784599403,2023,9,16,38016,Nieuwpoort,Normaal,Droog,Dag,met lichtgewonden,9,personenauto,3,Fiets,Buiten Kruispunt,Gewestweg,binnen bebouwde kom,Tss. 2 best.: langs opzij (voor-/achterkant-flank),Geen hindernis
42662,63,Nieuwpoort teller 3,Nieuwpoort,51.13529,2.74289,0.7101188062760851,51.12973229649923,2.7479030784599403,2023,9,16,38016,Nieuwpoort,Normaal,Droog,Dag,met lichtgewonden,9,personenauto,3,Fiets,Buiten Kruispunt,Gewestweg,binnen bebouwde kom,Tss. 2 best.: langs opzij (voor-/achterkant-flank),Geen hindernis
42662,65,Nieuwpoort teller 2,Nieuwpoort,51.13435,2.75511,0.7187062636057324,51.12973229649923,2.7479030784599403,2023,9,16,38016,Nieuwpoort,Normaal,Droog,Dag,met lichtgewonden,9,personenauto,3,Fiets,Buiten Kruispunt,Gewestweg,binnen bebouwde kom,Tss. 2 best.: langs opzij (voor-/achterkant-flank),Geen hindernis
42662,64,Nieuwpoort teller 1,Nieuwpoort,51.13359,2.75737,0.7876419322271822,51.12973229649923,2.7479030784599403,2023,9,16,38016,Nieuwpoort,Normaal,Droog,Dag,met lichtgewonden,9,personenauto,3,Fiets,Buiten Kruispunt,Gewestweg,binnen bebouwde kom,Tss. 2 best.: langs opzij (voor-/achterkant-flank),Geen hindernis
42664,62,Wervik teller 1,Wervik,50.8058,3.09154,0.6523990123035577,50.808549987094416,3.08333852098099,2023,9,16,33029,Wervik,Normaal,Droog,Dag,met lichtgewonden,9,personenauto,3,Fiets,Op Kruispunt,Gewestweg,binnen bebouwde kom,Tss. 2 best.: langs opzij (voor-/achterkant-flank),Geen hindernis
42664,61,Wervik teller 2,Wervik,50.80555,3.0921,0.7002164777518503,50.808549987094416,3.08333852098099,2023,9,16,33029,Wervik,Normaal,Droog,Dag,met lichtgewonden,9,personenauto,3,Fiets,Op Kruispunt,Gewestweg,binnen bebouwde kom,Tss. 2 best.: langs opzij (voor-/achterkant-flank),Geen hindernis
42671,68,Ieper,Ieper,50.85032,2.85608,0.1663503670497291,50.850738604346446,2.8538050714616814,2023,9,10,33011,Ieper,Normaal,Droog,Dag,met lichtgewonden,3,Fiets,10,"één bestuurder, geen hindernis",Buiten Kruispunt,Gewestweg,buiten bebouwde kom,"Eén bestuurder, geen hindernis (incl. val)",Geen hindernis
42671,67,Ieper totem,Ieper,50.85018,2.85624,0.18187358136331103,50.850738604346446,2.8538050714616814,2023,9,10,33011,Ieper,Normaal,Droog,Dag,met lichtgewonden,3,Fiets,10,"één bestuurder, geen hindernis",Buiten Kruispunt,Gewestweg,buiten bebouwde kom,"Eén bestuurder, geen hindernis (incl. val)",Geen hindernis