crash_row_id,site_id,site_name,site_gemeente,site_lat,site_long,distance_km,crash_lat,crash_long,DT_YEAR_COLLISION,DT_MONTH_COLLISION,DT_TIME,CD_NIS,TX_MUNTY_COLLISION_NL,TX_WEATHER_NL,TX_ROAD_CONDITION_NL,TX_LIGHT_CONDITION_NL,TX_CLASS_ACCIDENTS_NL,CD_ROAD_USR_TYPE1,TX_ROAD_USR_TYPE1_NL,CD_ROAD_USR_TYPE2,TX_ROAD_USR_TYPE2_NL,TX_CROSSWAY_NL,CD_ROAD_TYPE_NL,TX_BUILD_UP_AREA_NL,TX_COLLISION_TYPE_NL,TX_OBSTACLES_NL
43354,122,Dendermonde teller 2,Dendermonde,51.0373918,4.1019222,0.2627043096903182,51.03974467305177,4.102262034704927,2023,10,12,42006,Dendermonde,Regenval,"Nat, plassen",Dag,met zwaargewonden,3,Fiets,3,Fiets,Buiten Kruispunt,Gewestweg,buiten bebouwde kom,Tussen 2 bestuurders: Flank tegen flank,Geen hindernis
43354,125,Dendermonde totem,Dendermonde,51.0372706,4.1025998,0.27611617649483844,51.03974467305177,4.102262034704927,2023,10,12,42006,Dendermonde,Regenval,"Nat, plassen",Dag,met zwaargewonden,3,Fiets,3,Fiets,Buiten Kruispunt,Gewestweg,buiten bebouwde kom,Tussen 2 bestuurders: Flank tegen flank,Geen hindernis
43356,122,Dendermonde teller 2,Dendermonde,51.0373918,4.1019222,0.6151642322432564,51.04265348681438,4.104640344250514,2023,10,11,42006,Dendermonde,Normaal,Droog,Dag,met zwaargewonden,3,Fiets,10,"één bestuurder, geen hindernis",Buiten Kruispunt,Gemeenteweg,buiten bebouwde kom,"Eén bestuurder, geen hindernis (incl. val)",Geen hindernis
43356,125,Dendermonde totem,Dendermonde,51.0372706,4.1025998,0.6153178726858101,51.04265348681438,4.104640344250514,2023,10,11,42006,Dendermonde,Normaal,Droog,Dag,met zwaargewonden,3,Fiets,10,"één bestuurder, geen hindernis",Buiten Kruispunt,Gemeenteweg,buiten bebouwde kom,"Eén bestuurder, geen hindernis (incl. val)",Geen hindernis
43359,122,Dendermonde teller 2,Dendermonde,51.0373918,4.1019222,0.9336207272076029,51.03211381333908,4.091538266749191,2023,10,15,42006,Dendermonde,Normaal,Droog,Dag,met lichtgewonden,6,Bromfiets,3,Fiets,Buiten Kruispunt,Gemeenteweg,binnen bebouwde kom,Tussen 2 bestuurders: Flank tegen flank,Geen hindernis
43359,125,Dendermonde totem,Dendermonde,51.0372706,4.1025998,0.9628412922899803,51.03211381333908,4.091538266749191,2023,10,15,42006,Dendermonde,Normaal,Droog,Dag,met lichtgewonden,6,Bromfiets,3,Fiets,Buiten Kruispunt,Gemeenteweg,binnen bebouwde kom,Tussen 2 bestuurders: Flank tegen flank,Geen hindernis
43362,125,Dendermonde totem,Dendermonde,51.0372706,4.1025998,0.561756149387105,51.03222686591173,4.102140579421895,2023,10,13,42006,Dendermonde,Normaal,Droog,Dag,met lichtgewonden,9,personenauto,3,Fiets,Op Kruispunt,Gemeenteweg,binnen bebouwde kom,Tss. 2 best.: langs opzij (voor-/achterkant-flank),Geen hindernis
43362,122,Dendermonde teller 2,Dendermonde,51.0373918,4.1019222,0.5745174354686448,51.03222686591173,4.102140579421895,2023,10,13,42006,Dendermonde,Normaal,Droog,Dag,met lichtgewonden,9,personenauto,3,Fiets,Op Kruispunt,Gemeenteweg,binnen bebouwde kom,Tss. 2 best.: langs opzij (voor-/achterkant-flank),Geen hindernis
43375,142,TEST Validatie BRUGGE Y2H22022134,Brugge,51.22632,3.24095,0.4455088984492905,51.230294498971865,3.240142248348399,2023,10,17,31005,Brugge,Regenval,"Nat, plassen",Dag,met lichtgewonden,3,Fiets,3,Fiets,Buiten Kruispunt,Gewestweg,binnen bebouwde kom,Tussen 2 bestuurders: Flank tegen flank,Geen hindernis
43375,52,Brugge,Brugge,51.22632,3.24095,0.4455088984492905,51.230294498971865,3.240142248348399,2023,10,17,31005,Brugge,Regenval,"Nat, plassen",Dag,met lichtgewonden,3,Fiets,3,Fiets,Buiten Kruispunt,Gewestweg,binnen bebouwde kom,Tussen 2 bestuurders: Flank tegen flank,Geen hindernis
43375,54,Brugge teller 2,Brugge,51.23015,3.22818,0.8330796709309367,51.230294498971865,3.240142248348399,2023,10,17,31005,Brugge,Regenval,"Nat, plassen",Dag,met lichtgewonden,3,Fiets,3,Fiets,Buiten Kruispunt,Gewestweg,binnen bebouwde kom,Tussen 2 bestuurders: Flank tegen flank,Geen hindernis
43375,53,Brugge teller 1,Brugge,51.23023,3.228,0.8454876937941874,51.230294498971865,3.240142248348399,2023,10,17,31005,Brugge,Regenval,"Nat, plassen",Dag,met lichtgewonden,3,Fiets,3,Fiets,Buiten Kruispunt,Gewestweg,binnen bebouwde kom,Tussen 2 bestuurders: Flank tegen flank,Geen hindernis
43376,50,"Brugge, Sint-Andries",Brugge,51.19291,3.16252,0.8541647314329843,51.19590440519013,3.1738081040377857,2023,10,9,31005,Brugge,Normaal,Droog,Dag,met zwaargewonden,9,personenauto,3,Fiets,Buiten Kruispunt,Gewestweg,binnen bebouwde kom,Tss. 2 best.: langs opzij (voor-/achterkant-flank),Geen hindernis
43376,51,"Brugge, Sint-Andries",Brugge,51.19281,3.16252,0.8585610788800269,51.19590440519013,3.1738081040377857,2023,10,9,31005,Brugge,Normaal,Droog,Dag,met zwaargewonden,9,personenauto,3,Fiets,Buiten Kruispunt,Gewestweg,binnen bebouwde kom,Tss. 2 best.: langs opzij (voor-/achterkant-flank),Geen hindernis
43379,54,Brugge teller 2,Brugge,51.23015,3.22818,0.7202445156964002,51.223673692928124,3.2283624202982675,2023,10,20,31005,Brugge,Normaal,Droog,"Nacht, openbare verlichting aanwezig en ontstoken",met lichtgewonden,6,Bromfiets,3,Fiets,Buiten Kruispunt,Gewestweg,buiten bebouwde kom,Tussen 2 bestuurders: Frontale botsing,Geen hindernis
43379,53,Brugge teller 1,Brugge,51.23023,3.228,0.7294647689514175,51.223673692928124,3.2283624202982675,2023,10,20,31005,Brugge,Normaal,Droog,"Nacht, openbare verlichting aanwezig en ontstoken",met lichtgewonden,6,Bromfiets,3,Fiets,Buiten Kruispunt,Gewestweg,buiten bebouwde kom,Tussen 2 bestuurders: Frontale botsing,Geen hindernis
43379,52,Brugge,Brugge,51.22632,3.24095,0.9246372171962175,51.223673692928124,3.2283624202982675,2023,10,20,31005,Brugge,Normaal,Droog,"Nacht, openbare verlichting aanwezig en ontstoken",met lichtgewonden,6,Bromfiets,3,Fiets,Buiten Kruispunt,Gewestweg,buiten bebouwde kom,Tussen 2 bestuurders: Frontale botsing,Geen hindernis
43379,142,TEST Validatie BRUGGE Y2H22022134,Brugge,51.22632,3.24095,0.9246372171962175,51.223673692928124,3.2283624202982675,2023,10,20,31005,Brugge,Normaal,Droog,"Nacht, openbare verlichting aanwezig en ontstoken",met lichtgewonden,6,Bromfiets,3,Fiets,Buiten Kruispunt,Gewestweg,buiten bebouwde kom,Tussen 2 bestuurders: Frontale botsing,Geen hindernis
43408,18,Oostende 1,Oostende,51.21378,2.92765,0.513830656426425,51.21278181721849,2.934852628567057,2023,10,8,35013,Oostende,Normaal,"Nat, plassen",Dag,met zwaargewonden,3,Fiets,10,"één bestuurder, geen hindernis",Op Kruispunt,Gemeenteweg,binnen bebouwde kom,"Eén bestuurder, geen hindernis (incl. val)",Geen hindernis
43408,15,Oostende 2,Oostende,51.21371,2.92743,0.5272249170466524,51.21278181721849,2.934852628567057,2023,10,8,35013,Oostende,Normaal,"Nat, plassen",Dag,met zwaargewonden,3,Fiets,10,"één bestuurder, geen hindernis",Op Kruispunt,Gemeenteweg,binnen bebouwde kom,"Eén bestuurder, geen hindernis (incl. val)",Geen hindernis
43448,16,Kortrijk 1,Kortrijk,50.83332,3.27777,0.4532208934386413,50.83164118660899,3.2836505813802397,2023,10,16,34022,Kortrijk,Normaal,Droog,Dag,met lichtgewonden,3,Fiets,2,Andere weggebruiker,Op Kruispunt,Gemeenteweg,binnen bebouwde kom,Tss. 2 best.: langs opzij (voor-/achterkant-flank),Geen hindernis
43448,17,Kortrijk 2,Kortrijk,50.83339,3.27773,0.4590247943814744,50.83164118660899,3.2836505813802397,2023,10,16,34022,Kortrijk,Normaal,Droog,Dag,met lichtgewonden,3,Fiets,2,Andere weggebruiker,Op Kruispunt,Gemeenteweg,binnen bebouwde kom,Tss. 2 best.: langs opzij (voor-/achterkant-flank),Geen hindernis
43452,17,Kortrijk 2,Kortrijk,50.83339,3.27773,0.3121886694893301,50.83511336263856,3.2812394075782665,2023,10,14,34022,Kortrijk,Normaal,Droog,Dag,met lichtgewonden,9,personenauto,3,Fiets,Buiten Kruispunt,Gemeenteweg,binnen bebouwde kom,Tussen 2 bestuurders: Flank tegen flank,Geen hindernis
43452,16,Kortrijk 1,Kortrijk,50.83332,3.27777,0.3148473531243813,50.83511336263856,3.2812394075782665,2023,10,14,34022,Kortrijk,Normaal,Droog,Dag,met lichtgewonden,9,personenauto,3,Fiets,Buiten Kruispunt,Gemeenteweg,binnen bebouwde kom,Tussen 2 bestuurders: Flank tegen flank,Geen hindernis
43454,16,Kortrijk 1,Kortrijk,50.83332,3.27777,0.08611113940163467,50.83284625815824,3.276800041135042,2023,10,10,34022,Kortrijk,Normaal,Droog,Dag,met lichtgewonden,3,Fiets,8,Voetganger,Buiten Kruispunt,Gewestweg,binnen bebouwde kom,Met een voetganger,Geen hindernis
43454,17,Kortrijk 2,Kortrijk,50.83339,3.27773,0.0889996346065085,50.83284625815824,3.276800041135042,2023,10,10,34022,Kortrijk,Normaal,Droog,Dag,met lichtgewonden,3,Fiets,8,Voetganger,Buiten Kruispunt,Gewestweg,binnen bebouwde kom,Met een voetganger,Geen hindernis
43455,143,Eco Display Classic Budastraat,Kortrijk,50.83066,3.26286,0.829747371857116,50.83812020589968,3.2625939871885397,2023,10,7,34022,Kortrijk,Normaal,Droog,Dageraad - schemering,met lichtgewonden,3,Fiets,9,personenauto,Op Kruispunt,Gewestweg,binnen bebouwde kom,Tss. 2 best.: langs opzij (voor-/achterkant-flank),Geen hindernis
43467,66,Nieuwpoort totem,Nieuwpoort,51.1347,2.74369,0.7137164540943317,51.12919751049024,2.7489562285456772,2023,10,16,38016,Nieuwpoort,Normaal,Droog+Proper,Dag,met lichtgewonden,9,personenauto,3,Fiets,Op Kruispunt,Gemeenteweg,binnen bebouwde kom,Tss. 2 best.: langs opzij (voor-/achterkant-flank),Geen hindernis
43467,65,Nieuwpoort teller 2,Nieuwpoort,51.13435,2.75511,0.7159844418459845,51.12919751049024,2.7489562285456772,2023,10,16,38016,Nieuwpoort,Normaal,Droog+Proper,Dag,met lichtgewonden,9,personenauto,3,Fiets,Op Kruispunt,Gemeenteweg,binnen bebouwde kom,Tss. 2 best.: langs opzij (voor-/achterkant-flank),Geen hindernis
43467,64,Nieuwpoort teller 1,Nieuwpoort,51.13359,2.75737,0.7637062017521286,51.12919751049024,2.7489562285456772,2023,10,16,38016,Nieuwpoort,Normaal,Droog+Proper,Dag,met lichtgewonden,9,personenauto,3,Fiets,Op Kruispunt,Gemeenteweg,binnen bebouwde kom,Tss. 2 best.: langs opzij (voor-/achterkant-flank),Geen hindernis
43467,63,Nieuwpoort teller 3,Nieuwpoort,51.13529,2.74289,0.7988213628177188,51.12919751049024,2.7489562285456772,2023,10,16,38016,Nieuwpoort,Normaal,Droog+Proper,Dag,met lichtgewonden,9,personenauto,3,Fiets,Op Kruispunt,Gemeenteweg,binnen bebouwde kom,Tss. 2 best.: langs opzij (voor-/achterkant-flank),Geen hindernis
43468,65,Nieuwpoort teller 2,Nieuwpoort,51.13435,2.75511,0.23297930383343368,51.13326471803589,2.7522538394277847,2023,10,12,38016,Nieuwpoort,Normaal,Droog,Dag,met lichtgewonden,3,Fiets,3,Fiets,Buiten Kruispunt,Gemeenteweg,binnen bebouwde kom,Tussen 2 bestuurders: Frontale botsing,Geen hindernis
43468,64,Nieuwpoort teller 1,Nieuwpoort,51.13359,2.75737,0.35881191544974994,51.13326471803589,2.7522538394277847,2023,10,12,38016,Nieuwpoort,Normaal,Droog,Dag,met lichtgewonden,3,Fiets,3,Fiets,Buiten Kruispunt,Gemeenteweg,binnen bebouwde kom,Tussen 2 bestuurders: Frontale botsing,Geen hindernis
43468,66,Nieuwpoort totem,Nieuwpoort,51.1347,2.74369,0.618487592458191,51.13326471803589,2.7522538394277847,2023,10,12,38016,Nieuwpoort,Normaal,Droog,Dag,met lichtgewonden,3,Fiets,3,Fiets,Buiten Kruispunt,Gemeenteweg,binnen bebouwde kom,Tussen 2 bestuurders: Frontale botsing,Geen hindernis
43468,63,Nieuwpoort teller 3,Nieuwpoort,51.13529,2.74289,0.6910799186094451,51.13326471803589,2.7522538394277847,2023,10,12,38016,Nieuwpoort,Normaal,Droog,Dag,met lichtgewonden,3,Fiets,3,Fiets,Buiten Kruispunt,Gemeenteweg,binnen bebouwde kom,Tussen 2 bestuurders: Frontale botsing,Geen hindernis
43506,140,Hasselt ring,Hasselt,50.9300038,5.3438616,0.8417418160600963,50.92252815359904,5.345751526337087,2023,10,11,71022,Hasselt,Onbekend,Onbekend,Dag,met lichtgewonden,3,Fiets,10,"één bestuurder, geen hindernis",Op Kruispunt,Gemeenteweg,binnen bebouwde kom,"Eén bestuurder, geen hindernis (incl. val)",Geen hindernis
43507,137,Hasselt-Kempische brug,Hasselt,50.9411605,5.3417576,0.7527484994489164,50.94757518317916,5.345190951839966,2023,10,18,71022,Hasselt,Onbekend,Onbekend,Dag,met lichtgewonden,9,personenauto,3,Fiets,Op Kruispunt,Gewestweg,buiten bebouwde kom,Tss. 2 best.: langs opzij (voor-/achterkant-flank),Geen hindernis
43507,138,Hasselt-Kempische brug,Hasselt,50.9405318,5.3422472,0.8098893369820235,50.94757518317916,5.345190951839966,2023,10,18,71022,Hasselt,Onbekend,Onbekend,Dag,met lichtgewonden,9,personenauto,3,Fiets,Op Kruispunt,Gewestweg,buiten bebouwde kom,Tss. 2 best.: langs opzij (voor-/achterkant-flank),Geen hindernis
43509,137,Hasselt-Kempische brug,Hasselt,50.9411605,5.3417576,0.9454493292493817,50.943352226040744,5.328719588432604,2023,10,15,71022,Hasselt,Normaal,Droog,Dag,met lichtgewonden,5,Lichte vrachtauto,3,Fiets,Op Kruispunt,Gewestweg,buiten bebouwde kom,Tss. 2 best.: langs opzij (voor-/achterkant-flank),Geen hindernis
43509,138,Hasselt-Kempische brug,Hasselt,50.9405318,5.3422472,0.9983473193496484,50.943352226040744,5.328719588432604,2023,10,15,71022,Hasselt,Normaal,Droog,Dag,met lichtgewonden,5,Lichte vrachtauto,3,Fiets,Op Kruispunt,Gewestweg,buiten bebouwde kom,Tss. 2 best.: langs opzij (voor-/achterkant-flank),Geen hindernis
43511,137,Hasselt-Kempische brug,Hasselt,50.9411605,5.3417576,0.9068340383792133,50.94305911365034,5.329170383107268,2023,10,23,71022,Hasselt,Normaal,Droog,"Nacht, openbare verlichting aanwezig en ontstoken",met lichtgewonden,9,personenauto,3,Fiets,Buiten Kruispunt,Gewestweg,binnen bebouwde kom,Tss. 2 best.: langs opzij (voor-/achterkant-flank),Geen hindernis
43511,138,Hasselt-Kempische brug,Hasselt,50.9405318,5.3422472,0.9583561933854033,50.94305911365034,5.329170383107268,2023,10,23,71022,Hasselt,Normaal,Droog,"Nacht, openbare verlichting aanwezig en ontstoken",met lichtgewonden,9,personenauto,3,Fiets,Buiten Kruispunt,Gewestweg,binnen bebouwde kom,Tss. 2 best.: langs opzij (voor-/achterkant-flank),Geen hindernis
43512,30,Herk De Stad,Herk-de-Stad,50.94374,5.17691,0.6406487168277801,50.94254690678725,5.167964302994738,2023,10,8,71024,Herk-de-Stad,Normaal,Droog,Dag,met lichtgewonden,9,personenauto,3,Fiets,Op Kruispunt,Gemeenteweg,binnen bebouwde kom,Tss. 2 best.: langs opzij (voor-/achterkant-flank),Geen hindernis
43512,31,Herk De Stad,Herk-de-Stad,50.94366,5.1775,0.6794676209393026,50.94254690678725,5.167964302994738,2023,10,8,71024,Herk-de-Stad,Normaal,Droog,Dag,met lichtgewonden,9,personenauto,3,Fiets,Op Kruispunt,Gemeenteweg,binnen bebouwde kom,Tss. 2 best.: langs opzij (voor-/achterkant-flank),Geen hindernis
43515,30,Herk De Stad,Herk-de-Stad,50.94374,5.17691,0.9991100130789445,50.94077928194699,5.163446481714911,2023,10,9,71024,Herk-de-Stad,Normaal,Droog,Dag,met lichtgewonden,9,personenauto,3,Fiets,Op Kruispunt,Gewestweg,binnen bebouwde kom,Tss. 2 best.: langs opzij (voor-/achterkant-flank),Geen hindernis
43533,14,Genk,Genk,50.97172,5.48927,0.2576441613820477,50.97119996416151,5.4856843070432575,2023,10,3,71016,Genk,Normaal,Droog,"Nacht, openbare verlichting aanwezig en ontstoken",met zwaargewonden,3,Fiets,10,"één bestuurder, geen hindernis",Buiten Kruispunt,Gemeenteweg,buiten bebouwde kom,"Eén bestuurder, geen hindernis (incl. val)",Geen hindernis
43560,100,Mechelen teller 2,Mechelen,51.0457,4.46883,0.9102070579096555,51.0534982783628,4.4648715899302935,2023,10,10,12035,Sint-Katelijne-Waver,Normaal,Droog,Dag,met lichtgewonden,9,personenauto,3,Fiets,Buiten Kruispunt,Gemeenteweg,buiten bebouwde kom,Tss. 2 best.: langs opzij (voor-/achterkant-flank),Geen hindernis
43560,99,Mechelen teller 1,Mechelen,51.04564,4.46882,0.9163545084926901,51.0534982783628,4.4648715899302935,2023,10,10,12035,Sint-Katelijne-Waver,Normaal,Droog,Dag,met lichtgewonden,9,personenauto,3,Fiets,Buiten Kruispunt,Gemeenteweg,buiten bebouwde kom,Tss. 2 best.: langs opzij (voor-/achterkant-flank),Geen hindernis
43565,99,Mechelen teller 1,Mechelen,51.04564,4.46882,0.9784743760305866,51.037277090458225,4.473174214772566,2023,10,7,12025,Mechelen,Onbekend,"Nat, plassen","Nacht, openbare verlichting aanwezig en ontstoken",met lichtgewonden,3,Fiets,5,Lichte vrachtauto,Op Kruispunt,Gewestweg,binnen bebouwde kom,Tss. 2 best.: langs opzij (voor-/achterkant-flank),Geen hindernis
43565,100,Mechelen teller 2,Mechelen,51.0457,4.46883,0.9846011914846683,51.037277090458225,4.473174214772566,2023,10,7,12025,Mechelen,Onbekend,"Nat, plassen","Nacht, openbare verlichting aanwezig en ontstoken",met lichtgewonden,3,Fiets,5,Lichte vrachtauto,Op Kruispunt,Gewestweg,binnen bebouwde kom,Tss. 2 best.: langs opzij (voor-/achterkant-flank),Geen hindernis
43655,2,Brasschaat 2,Brasschaat,51.27512,4.47169,0.16221014197585276,51.27383601227213,4.470583172315313,2023,11,23,11008,Brasschaat,Regenval,"Nat, plassen","Nacht, openbare verlichting aanwezig en ontstoken",met lichtgewonden,9,personenauto,3,Fiets,Op Kruispunt,Gewestweg,buiten bebouwde kom,Tss. 2 best.: langs opzij (voor-/achterkant-flank),Geen hindernis
43655,3,Brasschaat 1,Brasschaat,51.27503,4.47222,0.17490332005858955,51.27383601227213,4.470583172315313,2023,11,23,11008,Brasschaat,Regenval,"Nat, plassen","Nacht, openbare verlichting aanwezig en ontstoken",met lichtgewonden,9,personenauto,3,Fiets,Op Kruispunt,Gewestweg,buiten bebouwde kom,Tss. 2 best.: langs opzij (voor-/achterkant-flank),Geen hindernis
43701,91,Brecht teller 2,Brecht,51.35739,4.62422,0.905532710658743,51.353357760335044,4.635549785347008,2023,12,7,11009,Brecht,Normaal,Droog,"Nacht, openbare verlichting aanwezig en ontstoken",met lichtgewonden,9,personenauto,3,Fiets,Op Kruispunt,Gemeenteweg,binnen bebouwde kom,Tussen 2 bestuurders: Frontale botsing,Geen hindernis
43701,90,Brecht teller 1,Brecht,51.35752,4.6243,0.907991808555464,51.353357760335044,4.635549785347008,2023,12,7,11009,Brecht,Normaal,Droog,"Nacht, openbare verlichting aanwezig en ontstoken",met lichtgewonden,9,personenauto,3,Fiets,Op Kruispunt,Gemeenteweg,binnen bebouwde kom,Tussen 2 bestuurders: Frontale botsing,Geen hindernis
43705,8,Heist op den Berg 1,Heist-op-den-Berg,51.06759,4.68823,0.245743381660023,51.0664743049762,4.6851942015039025,2023,11,15,12029,Putte,Normaal,Droog,Dag,met lichtgewonden,4,Vrachtwagen,3,Fiets,Op Kruispunt,Gewestweg,buiten bebouwde kom,Tss. 2 best.: langs opzij (voor-/achterkant-flank),Geen hindernis
43705,9,Heist op den Berg 2,Heist-op-den-Berg,51.06904,4.69524,0.7577107767935017,51.0664743049762,4.6851942015039025,2023,11,15,12029,Putte,Normaal,Droog,Dag,met lichtgewonden,4,Vrachtwagen,3,Fiets,Op Kruispunt,Gewestweg,buiten bebouwde kom,Tss. 2 best.: langs opzij (voor-/achterkant-flank),Geen hindernis
43772,39,Peer teller 1,Peer,51.13425,5.47817,0.8997289455796078,51.14110999315229,5.47133131565502,2023,11,14,72030,Peer,Regenval,"Nat, plassen",Dag,met lichtgewonden,3,Fiets,11,een weggebruiker tegen een hindernis,Buiten Kruispunt,Gemeenteweg,binnen bebouwde kom,Weggebruiker tegen hindernis op de rijbaan,Op de rijbaan: Lading
43772,40,Peer teller 2,Peer,51.13438,5.47892,0.9167001555484909,51.14110999315229,5.47133131565502,2023,11,14,72030,Peer,Regenval,"Nat, plassen",Dag,met lichtgewonden,3,Fiets,11,een weggebruiker tegen een hindernis,Buiten Kruispunt,Gemeenteweg,binnen bebouwde kom,Weggebruiker tegen hindernis op de rijbaan,Op de rijbaan: Lading
43779,44,Maaseik teller 2,Maaseik,51.09359,5.79726,0.424746893251126,51.097027625263465,5.794608031355774,2023,11,10,72021,Maaseik,Normaal,Droog,Dag,met zwaargewonden,3,Fiets,10,"één bestuurder, geen hindernis",Buiten Kruispunt,Gewestweg,binnen bebouwde kom,"Eén bestuurder, geen hindernis (incl. val)",Geen hindernis
43779,43,Maaseik teller 1,Maaseik,51.09344,5.79715,0.4366384798321797,51.097027625263465,5.794608031355774,2023,11,10,72021,Maaseik,Normaal,Droog,Dag,met zwaargewonden,3,Fiets,10,"één bestuurder, geen hindernis",Buiten Kruispunt,Gewestweg,binnen bebouwde kom,"Eén bestuurder, geen hindernis (incl. val)",Geen hindernis
43782,77,Leuven teller 2,Leuven,50.88672,4.70796,0.9466570640006842,50.88028302359786,4.699128490644624,2023,11,15,24062,Leuven,Normaal,Proper,Dag,met lichtgewonden,1,Autobus,3,Fiets,Buiten Kruispunt,Gemeenteweg,binnen bebouwde kom,Tss. 2 best.: langs opzij (voor-/achterkant-flank),Geen hindernis
43785,107,leuven totem,Leuven,50.8870744,4.7087919,0.2909199183332885,50.885538010391784,4.712148705454826,2023,11,12,24062,Leuven,Onbekend,Onbekend,Dag,met lichtgewonden,3,Fiets,3,Fiets,Buiten Kruispunt,Gewestweg,binnen bebouwde kom,Tss. 2 best.: langs opzij (voor-/achterkant-flank),Geen hindernis
43785,77,Leuven teller 2,Leuven,50.88672,4.70796,0.32188802661323035,50.885538010391784,4.712148705454826,2023,11,12,24062,Leuven,Onbekend,Onbekend,Dag,met lichtgewonden,3,Fiets,3,Fiets,Buiten Kruispunt,Gewestweg,binnen bebouwde kom,Tss. 2 best.: langs opzij (voor-/achterkant-flank),Geen hindernis
43787,69,Leuven teller 1,Leuven,50.87549,4.71526,0.6877301240968774,50.880218167275764,4.708940951990718,2023,11,7,24062,Leuven,Normaal,Droog,Dageraad - schemering,met lichtgewonden,1,Autobus,3,Fiets,Buiten Kruispunt,Gemeenteweg,binnen bebouwde kom,Tss. 2 best.: langs opzij (voor-/achterkant-flank),Geen hindernis
43787,77,Leuven teller 2,Leuven,50.88672,4.70796,0.7262386087085102,50.880218167275764,4.708940951990718,2023,11,7,24062,Leuven,Normaal,Droog,Dageraad - schemering,met lichtgewonden,1,Autobus,3,Fiets,Buiten Kruispunt,Gemeenteweg,binnen bebouwde kom,Tss. 2 best.: langs opzij (voor-/achterkant-flank),Geen hindernis
43787,107,leuven totem,Leuven,50.8870744,4.7087919,0.7624499985813672,50.880218167275764,4.708940951990718,2023,11,7,24062,Leuven,Normaal,Droog,Dageraad - schemering,met lichtgewonden,1,Autobus,3,Fiets,Buiten Kruispunt,Gemeenteweg,binnen bebouwde kom,Tss. 2 best.: langs opzij (voor-/achterkant-flank),Geen hindernis
43788,69,Leuven teller 1,Leuven,50.87549,4.71526,0.9329113025506685,50.86910071091243,4.706643342393342,2023,11,17,24062,Leuven,Normaal,Droog,Dag,met lichtgewonden,3,Fiets,3,Fiets,Buiten Kruispunt,Gewestweg,binnen bebouwde kom,Tss. 2 best.: langs opzij (voor-/achterkant-flank),Geen hindernis
43790,151,Leuven,District Leuven,50.8690262,4.6854839,0.970062242949728,50.86035103711239,4.684023702092658,2023,11,8,24062,Leuven,Normaal,Onbekend,Dageraad - schemering,met lichtgewonden,3,Fiets,3,Fiets,Buiten Kruispunt,Gemeenteweg,binnen bebouwde kom,Tussen 2 bestuurders: Frontale botsing,Geen hindernis
43792,69,Leuven teller 1,Leuven,50.87549,4.71526,0.7308853172589648,50.869861214867186,4.709881160648892,2023,11,23,24062,Leuven,Onbekend,Onbekend,"Nacht, openbare verlichting aanwezig en ontstoken",met lichtgewonden,3,Fiets,9,personenauto,Op Kruispunt,Gewestweg,binnen bebouwde kom,Tussen 2 bestuurders: Flank tegen flank,Geen hindernis
43793,151,Leuven,District Leuven,50.8690262,4.6854839,0.4885349218577215,50.872075206426956,4.6904964450945394,2023,11,14,24062,Leuven,Regenval,"Nat, plassen",Dag,met lichtgewonden,3,Fiets,9,personenauto,Op Kruispunt,Gewestweg,binnen bebouwde kom,Tss. 2 best.: langs opzij (voor-/achterkant-flank),Geen hindernis
43794,69,Leuven teller 1,Leuven,50.87549,4.71526,0.8878660375077939,50.87215196669911,4.70376521488122,2023,11,17,24062,Leuven,Normaal,Droog,Dag,met lichtgewonden,9,personenauto,3,Fiets,Op Kruispunt,Gemeenteweg,binnen bebouwde kom,Tss. 2 best.: langs opzij (voor-/achterkant-flank),Geen hindernis
43795,151,Leuven,District Leuven,50.8690262,4.6854839,0.5443098238304287,50.87303318537883,4.6899394675544555,2023,12,14,24062,Leuven,Normaal,Droog,Dag,met lichtgewonden,9,personenauto,3,Fiets,Buiten Kruispunt,Gewestweg,binnen bebouwde kom,Tss. 2 best.: langs opzij (voor-/achterkant-flank),Geen hindernis
43796,151,Leuven,District Leuven,50.8690262,4.6854839,0.9253061890711244,50.86874814563609,4.698662270511511,2023,11,0,24062,Leuven,Normaal,Proper,"Nacht, openbare verlichting aanwezig en ontstoken",met lichtgewonden,9,personenauto,3,Fiets,Op Kruispunt,Gewestweg,binnen bebouwde kom,Tss. 2 best.: langs opzij (voor-/achterkant-flank),Geen hindernis
43799,73,Herent teller 2,Herent,50.89128,4.64685,0.42123239182501254,50.89249861096326,4.641163632034215,2023,11,17,24038,Herent,Normaal,Droog,Dageraad - schemering,met zwaargewonden,9,personenauto,3,Fiets,Op Kruispunt,Gewestweg,buiten bebouwde kom,Tss. 2 best.: langs opzij (voor-/achterkant-flank),Geen hindernis
43799,72,Herent teller 1,Herent,50.89135,4.64689,0.42146591074462136,50.89249861096326,4.641163632034215,2023,11,17,24038,Herent,Normaal,Droog,Dageraad - schemering,met zwaargewonden,9,personenauto,3,Fiets,Op Kruispunt,Gewestweg,buiten bebouwde kom,Tss. 2 best.: langs opzij (voor-/achterkant-flank),Geen hindernis
43805,87,Aarschot,Aarschot,50.99084,4.81259,0.9276264628241883,50.990279105489144,4.799366568681935,2023,11,15,24007,Begijnendijk,Regenval,"Nat, plassen",Dag,met lichtgewonden,2,Andere weggebruiker,3,Fiets,Buiten Kruispunt,Gewestweg,buiten bebouwde kom,Tss. 2 best.: langs opzij (voor-/achterkant-flank),Geen hindernis