crash_row_id,site_id,site_name,site_gemeente,site_lat,site_long,distance_km,crash_lat,crash_long,DT_YEAR_COLLISION,DT_MONTH_COLLISION,DT_TIME,CD_NIS,TX_MUNTY_COLLISION_NL,TX_WEATHER_NL,TX_ROAD_CONDITION_NL,TX_LIGHT_CONDITION_NL,TX_CLASS_ACCIDENTS_NL,CD_ROAD_USR_TYPE1,TX_ROAD_USR_TYPE1_NL,CD_ROAD_USR_TYPE2,TX_ROAD_USR_TYPE2_NL,TX_CROSSWAY_NL,CD_ROAD_TYPE_NL,TX_BUILD_UP_AREA_NL,TX_COLLISION_TYPE_NL,TX_OBSTACLES_NL
43808,101,Diest teller 1,Diest,50.97799,5.04481,0.5436127694304572,50.97940340452388,5.052243269071265,2023,11,15,24020,Diest,Normaal,Droog,Dag,met lichtgewonden,9,personenauto,3,Fiets,Op Kruispunt,Gewestweg,binnen bebouwde kom,Tussen 2 bestuurders: Flank tegen flank,Geen hindernis
43808,102,Diest teller 2,Diest,50.9779,5.04474,0.5512583522733222,50.97940340452388,5.052243269071265,2023,11,15,24020,Diest,Normaal,Droog,Dag,met lichtgewonden,9,personenauto,3,Fiets,Op Kruispunt,Gewestweg,binnen bebouwde kom,Tussen 2 bestuurders: Flank tegen flank,Geen hindernis
43813,145,Overijse,District Vilvoorde-gewestwegen,50.7885856,4.4908759,0.7685033068644329,50.79292295958426,4.482363967082851,2023,11,8,23062,Overijse,Normaal,Droog,Dag,met lichtgewonden,9,personenauto,3,Fiets,Op Kruispunt,Gewestweg,binnen bebouwde kom,Tss. 2 best.: langs opzij (voor-/achterkant-flank),Geen hindernis
43813,146,Overijse 2,District Vilvoorde-gewestwegen,50.7881478,4.4902818,0.7692192778313222,50.79292295958426,4.482363967082851,2023,11,8,23062,Overijse,Normaal,Droog,Dag,met lichtgewonden,9,personenauto,3,Fiets,Op Kruispunt,Gewestweg,binnen bebouwde kom,Tss. 2 best.: langs opzij (voor-/achterkant-flank),Geen hindernis
43814,78,Pepingen teller 1,Pepingen,50.75824,4.1652,0.49251327000550166,50.75927696890101,4.158392743231712,2023,11,17,23064,Pepingen,"Andere (dikke rook,...)",Droog,"Nacht, openbare verlichting aanwezig en ontstoken",met zwaargewonden,3,Fiets,3,Fiets,Buiten Kruispunt,Gewestweg,buiten bebouwde kom,Tussen 2 bestuurders: Frontale botsing,Geen hindernis
43814,79,Pepingen teller 2,Pepingen,50.75848,4.16537,0.49871881977512567,50.75927696890101,4.158392743231712,2023,11,17,23064,Pepingen,"Andere (dikke rook,...)",Droog,"Nacht, openbare verlichting aanwezig en ontstoken",met zwaargewonden,3,Fiets,3,Fiets,Buiten Kruispunt,Gewestweg,buiten bebouwde kom,Tussen 2 bestuurders: Frontale botsing,Geen hindernis
43818,152,Opwijk,District Vilvoorde-gewestwegen,50.968901168564656,4.149169474840164,0.2850160768960201,50.97144109097941,4.148622029645632,2023,11,11,23060,Opwijk,Normaal,"Vuil (zand, grint, bladeren,...)",Dag,met lichtgewonden,5,Lichte vrachtauto,3,Fiets,Op Kruispunt,Gemeenteweg,binnen bebouwde kom,Tss. 2 best.: langs opzij (voor-/achterkant-flank),Geen hindernis
43829,47,Vilvoorde,Vilvoorde,50.91372,4.41497,0.39875192458872394,50.91728381757066,4.415602558254397,2023,11,9,23088,Vilvoorde,Normaal,"Nat, plassen",Dag,met lichtgewonden,3,Fiets,10,"één bestuurder, geen hindernis",Op Kruispunt,Gemeenteweg,buiten bebouwde kom,"Eén bestuurder, geen hindernis (incl. val)",Geen hindernis
43833,71,Kampenhout teller 2,Kampenhout,50.95589,4.59164,0.6032194242717571,50.95993034618637,4.585892853496325,2023,11,10,23038,Kampenhout,Regenval,"Nat, plassen",Dag,met lichtgewonden,3,Fiets,9,personenauto,Op Kruispunt,Gewestweg,binnen bebouwde kom,Tss. 2 best.: langs opzij (voor-/achterkant-flank),Geen hindernis
43833,70,Kampenhout teller 1,Kampenhout,50.95682,4.59318,0.6165348175754157,50.95993034618637,4.585892853496325,2023,11,10,23038,Kampenhout,Regenval,"Nat, plassen",Dag,met lichtgewonden,3,Fiets,9,personenauto,Op Kruispunt,Gewestweg,binnen bebouwde kom,Tss. 2 best.: langs opzij (voor-/achterkant-flank),Geen hindernis
43836,136,Gent R4,Gent,51.0876313,3.7587918,0.44736915903675595,51.09149565779109,3.7605743598565127,2023,11,12,44021,Gent,Onbekend,Onbekend,Dag,met lichtgewonden,3,Fiets,3,Fiets,Buiten Kruispunt,Gemeenteweg,binnen bebouwde kom,Tss. 2 best.: langs opzij (voor-/achterkant-flank),Geen hindernis
43861,13,Gent,Gent,51.03018,3.70146,0.3506130912392759,51.02705029090982,3.702070045740561,2023,11,13,44021,Gent,Onbekend,Onbekend,Dag,met zwaargewonden,3,Fiets,9,personenauto,Buiten Kruispunt,Gemeenteweg,binnen bebouwde kom,Tss. 2 best.: langs opzij (voor-/achterkant-flank),Geen hindernis
43871,118,Gent teller 1,Gent,51.028049,3.7681359,0.4546336113049945,51.02418916457432,3.765991894623902,2023,11,8,44021,Gent,Normaal,Droog,Dag,met lichtgewonden,9,personenauto,3,Fiets,Op Kruispunt,Gemeenteweg,binnen bebouwde kom,Tussen 2 bestuurders: Frontale botsing,Geen hindernis
43871,119,Gent teller 2,Gent,51.0281795,3.7683918,0.4743898887315051,51.02418916457432,3.765991894623902,2023,11,8,44021,Gent,Normaal,Droog,Dag,met lichtgewonden,9,personenauto,3,Fiets,Op Kruispunt,Gemeenteweg,binnen bebouwde kom,Tussen 2 bestuurders: Frontale botsing,Geen hindernis
43873,13,Gent,Gent,51.03018,3.70146,0.5763239285952438,51.031382093952296,3.7094766252661078,2023,11,15,44021,Gent,Onbekend,Onbekend,Dag,met lichtgewonden,3,Fiets,8,Voetganger,Buiten Kruispunt,Gemeenteweg,binnen bebouwde kom,Met een voetganger,Geen hindernis
43881,119,Gent teller 2,Gent,51.0281795,3.7683918,0.09474795858506622,51.02754834394533,3.769301976635441,2023,11,18,44021,Gent,Normaal,Droog,"Nacht, openbare verlichting aanwezig en ontstoken",met lichtgewonden,9,personenauto,3,Fiets,Buiten Kruispunt,Gewestweg,buiten bebouwde kom,Tss. 2 best.: langs opzij (voor-/achterkant-flank),Geen hindernis
43881,118,Gent teller 1,Gent,51.028049,3.7681359,0.0987399830124263,51.02754834394533,3.769301976635441,2023,11,18,44021,Gent,Normaal,Droog,"Nacht, openbare verlichting aanwezig en ontstoken",met lichtgewonden,9,personenauto,3,Fiets,Buiten Kruispunt,Gewestweg,buiten bebouwde kom,Tss. 2 best.: langs opzij (voor-/achterkant-flank),Geen hindernis
43959,10,Aalst 2,Aalst,50.93549,4.01571,0.7511181164794007,50.940718957390686,4.008923783388405,2023,11,14,41002,Aalst,Normaal,"Nat, plassen",Dag,met lichtgewonden,9,personenauto,3,Fiets,Op Kruispunt,Gewestweg,binnen bebouwde kom,Tss. 2 best.: langs opzij (voor-/achterkant-flank),Geen hindernis
43959,19,Aalst 1,Aalst,50.93433,4.01471,0.8179758507729618,50.940718957390686,4.008923783388405,2023,11,14,41002,Aalst,Normaal,"Nat, plassen",Dag,met lichtgewonden,9,personenauto,3,Fiets,Op Kruispunt,Gewestweg,binnen bebouwde kom,Tss. 2 best.: langs opzij (voor-/achterkant-flank),Geen hindernis
43959,11,Aalst 3,Aalst,50.93385,4.01647,0.9289698701473651,50.940718957390686,4.008923783388405,2023,11,14,41002,Aalst,Normaal,"Nat, plassen",Dag,met lichtgewonden,9,personenauto,3,Fiets,Op Kruispunt,Gewestweg,binnen bebouwde kom,Tss. 2 best.: langs opzij (voor-/achterkant-flank),Geen hindernis
43961,10,Aalst 2,Aalst,50.93549,4.01571,0.6360144197177137,50.94040581556216,4.011069577424242,2023,11,12,41002,Aalst,Normaal,Droog,Dag,met lichtgewonden,9,personenauto,3,Fiets,Op Kruispunt,Gewestweg,binnen bebouwde kom,Tss. 2 best.: langs opzij (voor-/achterkant-flank),Geen hindernis
43961,19,Aalst 1,Aalst,50.93433,4.01471,0.7221539377833046,50.94040581556216,4.011069577424242,2023,11,12,41002,Aalst,Normaal,Droog,Dag,met lichtgewonden,9,personenauto,3,Fiets,Op Kruispunt,Gewestweg,binnen bebouwde kom,Tss. 2 best.: langs opzij (voor-/achterkant-flank),Geen hindernis
43961,11,Aalst 3,Aalst,50.93385,4.01647,0.8213420888220365,50.94040581556216,4.011069577424242,2023,11,12,41002,Aalst,Normaal,Droog,Dag,met lichtgewonden,9,personenauto,3,Fiets,Op Kruispunt,Gewestweg,binnen bebouwde kom,Tss. 2 best.: langs opzij (voor-/achterkant-flank),Geen hindernis
43968,10,Aalst 2,Aalst,50.93549,4.01571,0.9346804138023849,50.93745130079865,4.028680494281846,2023,11,11,41002,Aalst,Normaal,"Nat, plassen",Dag,met lichtgewonden,9,personenauto,3,Fiets,Op Kruispunt,Gemeenteweg,binnen bebouwde kom,Tss. 2 best.: langs opzij (voor-/achterkant-flank),Geen hindernis
43968,11,Aalst 3,Aalst,50.93385,4.01647,0.9447111079795444,50.93745130079865,4.028680494281846,2023,11,11,41002,Aalst,Normaal,"Nat, plassen",Dag,met lichtgewonden,9,personenauto,3,Fiets,Op Kruispunt,Gemeenteweg,binnen bebouwde kom,Tss. 2 best.: langs opzij (voor-/achterkant-flank),Geen hindernis
43978,125,Dendermonde totem,Dendermonde,51.0372706,4.1025998,0.9474998583304981,51.035116679037976,4.115710428706174,2023,11,14,42006,Dendermonde,Normaal,Droog,Dag,met zwaargewonden,9,personenauto,3,Fiets,Buiten Kruispunt,Gewestweg,binnen bebouwde kom,Tss. 2 best.: langs opzij (voor-/achterkant-flank),Geen hindernis
43978,122,Dendermonde teller 2,Dendermonde,51.0373918,4.1019222,0.9967467389597304,51.035116679037976,4.115710428706174,2023,11,14,42006,Dendermonde,Normaal,Droog,Dag,met zwaargewonden,9,personenauto,3,Fiets,Buiten Kruispunt,Gewestweg,binnen bebouwde kom,Tss. 2 best.: langs opzij (voor-/achterkant-flank),Geen hindernis
43980,122,Dendermonde teller 2,Dendermonde,51.0373918,4.1019222,0.1813536598946516,51.03901771820549,4.102125839466133,2023,12,11,42006,Dendermonde,Normaal,Droog,Dag,met lichtgewonden,9,personenauto,3,Fiets,Op Kruispunt,Gewestweg,buiten bebouwde kom,Tss. 2 best.: langs opzij (voor-/achterkant-flank),Geen hindernis
43980,125,Dendermonde totem,Dendermonde,51.0372706,4.1025998,0.19707689409689647,51.03901771820549,4.102125839466133,2023,12,11,42006,Dendermonde,Normaal,Droog,Dag,met lichtgewonden,9,personenauto,3,Fiets,Op Kruispunt,Gewestweg,buiten bebouwde kom,Tss. 2 best.: langs opzij (voor-/achterkant-flank),Geen hindernis
43981,125,Dendermonde totem,Dendermonde,51.0372706,4.1025998,0.9474998583304981,51.035116679037976,4.115710428706174,2023,11,17,42006,Dendermonde,Regenval,"Nat, plassen","Nacht, openbare verlichting aanwezig en ontstoken",met lichtgewonden,9,personenauto,3,Fiets,Buiten Kruispunt,Gewestweg,binnen bebouwde kom,Tussen 2 bestuurders: Flank tegen flank,Geen hindernis
43981,122,Dendermonde teller 2,Dendermonde,51.0373918,4.1019222,0.9967467389597304,51.035116679037976,4.115710428706174,2023,11,17,42006,Dendermonde,Regenval,"Nat, plassen","Nacht, openbare verlichting aanwezig en ontstoken",met lichtgewonden,9,personenauto,3,Fiets,Buiten Kruispunt,Gewestweg,binnen bebouwde kom,Tussen 2 bestuurders: Flank tegen flank,Geen hindernis
43996,53,Brugge teller 1,Brugge,51.23023,3.228,0.9881341634733288,51.23042984044928,3.2138122294134477,2023,11,6,31005,Brugge,Regenval,"Nat, plassen","Nacht, openbare verlichting aanwezig en ontstoken",met lichtgewonden,5,Lichte vrachtauto,3,Fiets,Buiten Kruispunt,Gemeenteweg,binnen bebouwde kom,Tss. 2 best.: langs opzij (voor-/achterkant-flank),Geen hindernis
43997,54,Brugge teller 2,Brugge,51.23015,3.22818,0.9884856859392298,51.22134509740999,3.2262244346695783,2023,11,17,31005,Brugge,Regenval,"Nat, plassen","Nacht, openbare verlichting aanwezig en ontstoken",met lichtgewonden,3,Fiets,9,personenauto,Op Kruispunt,Gewestweg,binnen bebouwde kom,Tss. 2 best.: langs opzij (voor-/achterkant-flank),Geen hindernis
43997,53,Brugge teller 1,Brugge,51.23023,3.228,0.9956630778262283,51.22134509740999,3.2262244346695783,2023,11,17,31005,Brugge,Regenval,"Nat, plassen","Nacht, openbare verlichting aanwezig en ontstoken",met lichtgewonden,3,Fiets,9,personenauto,Op Kruispunt,Gewestweg,binnen bebouwde kom,Tss. 2 best.: langs opzij (voor-/achterkant-flank),Geen hindernis
43998,142,TEST Validatie BRUGGE Y2H22022134,Brugge,51.22632,3.24095,0.6355187385826134,51.22062623221156,3.241742457886976,2023,11,12,31005,Brugge,Normaal,"Nat, plassen",Dag,met lichtgewonden,9,personenauto,3,Fiets,Op Kruispunt,Gemeenteweg,binnen bebouwde kom,Tss. 2 best.: langs opzij (voor-/achterkant-flank),Geen hindernis
43998,52,Brugge,Brugge,51.22632,3.24095,0.6355187385826134,51.22062623221156,3.241742457886976,2023,11,12,31005,Brugge,Normaal,"Nat, plassen",Dag,met lichtgewonden,9,personenauto,3,Fiets,Op Kruispunt,Gemeenteweg,binnen bebouwde kom,Tss. 2 best.: langs opzij (voor-/achterkant-flank),Geen hindernis
44006,142,TEST Validatie BRUGGE Y2H22022134,Brugge,51.22632,3.24095,0.5930583370450511,51.22232455203257,3.235308565781468,2023,11,14,31005,Brugge,Normaal,Droog,Dag,met lichtgewonden,3,Fiets,9,personenauto,Buiten Kruispunt,Gewestweg,binnen bebouwde kom,Tss. 2 best.: langs opzij (voor-/achterkant-flank),Geen hindernis
44006,52,Brugge,Brugge,51.22632,3.24095,0.5930583370450511,51.22232455203257,3.235308565781468,2023,11,14,31005,Brugge,Normaal,Droog,Dag,met lichtgewonden,3,Fiets,9,personenauto,Buiten Kruispunt,Gewestweg,binnen bebouwde kom,Tss. 2 best.: langs opzij (voor-/achterkant-flank),Geen hindernis
44017,59,Ardooie teller 1,Ardooie,50.96784,3.18479,0.5867587012165218,50.970961358911175,3.1915462872130487,2023,11,11,37020,Ardooie,Regenval,"Nat, plassen+Proper",Dag,met zwaargewonden,9,personenauto,3,Fiets,Op Kruispunt,Gewestweg,buiten bebouwde kom,Tss. 2 best.: langs opzij (voor-/achterkant-flank),Geen hindernis
44017,60,Ardooie teller 2,Ardooie,50.96783,3.18411,0.6264025730888577,50.970961358911175,3.1915462872130487,2023,11,11,37020,Ardooie,Regenval,"Nat, plassen+Proper",Dag,met zwaargewonden,9,personenauto,3,Fiets,Op Kruispunt,Gewestweg,buiten bebouwde kom,Tss. 2 best.: langs opzij (voor-/achterkant-flank),Geen hindernis
44024,15,Oostende 2,Oostende,51.21371,2.92743,0.7916244152974459,51.20698650792922,2.923693800269107,2023,11,17,35013,Oostende,Onbekend,"Nat, plassen",Dageraad - schemering,met lichtgewonden,3,Fiets,3,Fiets,Op Kruispunt,Gemeenteweg,binnen bebouwde kom,Tss. 2 best.: langs opzij (voor-/achterkant-flank),Geen hindernis
44024,18,Oostende 1,Oostende,51.21378,2.92765,0.8041019874332292,51.20698650792922,2.923693800269107,2023,11,17,35013,Oostende,Onbekend,"Nat, plassen",Dageraad - schemering,met lichtgewonden,3,Fiets,3,Fiets,Op Kruispunt,Gemeenteweg,binnen bebouwde kom,Tss. 2 best.: langs opzij (voor-/achterkant-flank),Geen hindernis
44026,15,Oostende 2,Oostende,51.21371,2.92743,0.5814400539121662,51.20850464838,2.9266367819030026,2023,11,7,35013,Oostende,Normaal,"Nat, plassen",Dageraad - schemering,met lichtgewonden,9,personenauto,3,Fiets,Op Kruispunt,Gemeenteweg,binnen bebouwde kom,Tussen 2 bestuurders: Frontale botsing,Geen hindernis
44026,18,Oostende 1,Oostende,51.21378,2.92765,0.5908231317544937,51.20850464838,2.9266367819030026,2023,11,7,35013,Oostende,Normaal,"Nat, plassen",Dageraad - schemering,met lichtgewonden,9,personenauto,3,Fiets,Op Kruispunt,Gemeenteweg,binnen bebouwde kom,Tussen 2 bestuurders: Frontale botsing,Geen hindernis
44036,51,"Brugge, Sint-Andries",Brugge,51.19281,3.16252,0.8639144910607662,51.18999248950102,3.150967019026564,2023,11,14,31012,Jabbeke,Normaal,Droog,Dag,met lichtgewonden,9,personenauto,3,Fiets,Buiten Kruispunt,Gewestweg,binnen bebouwde kom,Tss. 2 best.: langs opzij (voor-/achterkant-flank),Geen hindernis
44036,50,"Brugge, Sint-Andries",Brugge,51.19291,3.16252,0.8680079492153716,51.18999248950102,3.150967019026564,2023,11,14,31012,Jabbeke,Normaal,Droog,Dag,met lichtgewonden,9,personenauto,3,Fiets,Buiten Kruispunt,Gewestweg,binnen bebouwde kom,Tss. 2 best.: langs opzij (voor-/achterkant-flank),Geen hindernis
44060,143,Eco Display Classic Budastraat,Kortrijk,50.83066,3.26286,0.5750489810276989,50.83503394066529,3.2672287727357836,2023,11,7,34022,Kortrijk,Regenval,"Nat, plassen","Nacht, openbare verlichting aanwezig en ontstoken",met lichtgewonden,9,personenauto,3,Fiets,Op Kruispunt,Gewestweg,binnen bebouwde kom,Tss. 2 best.: langs opzij (voor-/achterkant-flank),Geen hindernis
44060,17,Kortrijk 2,Kortrijk,50.83339,3.27773,0.759787065949379,50.83503394066529,3.2672287727357836,2023,11,7,34022,Kortrijk,Regenval,"Nat, plassen","Nacht, openbare verlichting aanwezig en ontstoken",met lichtgewonden,9,personenauto,3,Fiets,Op Kruispunt,Gewestweg,binnen bebouwde kom,Tss. 2 best.: langs opzij (voor-/achterkant-flank),Geen hindernis
44060,16,Kortrijk 1,Kortrijk,50.83332,3.27777,0.7644177993014685,50.83503394066529,3.2672287727357836,2023,11,7,34022,Kortrijk,Regenval,"Nat, plassen","Nacht, openbare verlichting aanwezig en ontstoken",met lichtgewonden,9,personenauto,3,Fiets,Op Kruispunt,Gewestweg,binnen bebouwde kom,Tss. 2 best.: langs opzij (voor-/achterkant-flank),Geen hindernis
44064,17,Kortrijk 2,Kortrijk,50.83339,3.27773,0.33521335497276455,50.83240062732361,3.273221224846639,2023,11,7,34022,Kortrijk,Onbekend,Onbekend,Onbekend,met lichtgewonden,9,personenauto,3,Fiets,Buiten Kruispunt,Gewestweg,onbekend,Tussen 2 bestuurders: Flank tegen flank,Geen hindernis
44064,16,Kortrijk 1,Kortrijk,50.83332,3.27777,0.33541472304802095,50.83240062732361,3.273221224846639,2023,11,7,34022,Kortrijk,Onbekend,Onbekend,Onbekend,met lichtgewonden,9,personenauto,3,Fiets,Buiten Kruispunt,Gewestweg,onbekend,Tussen 2 bestuurders: Flank tegen flank,Geen hindernis
44064,143,Eco Display Classic Budastraat,Kortrijk,50.83066,3.26286,0.7529797476192716,50.83240062732361,3.273221224846639,2023,11,7,34022,Kortrijk,Onbekend,Onbekend,Onbekend,met lichtgewonden,9,personenauto,3,Fiets,Buiten Kruispunt,Gewestweg,onbekend,Tussen 2 bestuurders: Flank tegen flank,Geen hindernis
44065,143,Eco Display Classic Budastraat,Kortrijk,50.83066,3.26286,0.5242241127221143,50.83526002730612,3.261225348442957,2023,11,13,34022,Kortrijk,Normaal,Droog,Dag,met lichtgewonden,3,Fiets,9,personenauto,Op Kruispunt,Gewestweg,binnen bebouwde kom,Tussen 2 bestuurders: Frontale botsing,Geen hindernis
44067,143,Eco Display Classic Budastraat,Kortrijk,50.83066,3.26286,0.04769789305607504,50.830413448148114,3.2634157526011944,2023,11,9,34022,Kortrijk,Normaal,"Nat, plassen",Dag,met lichtgewonden,9,personenauto,3,Fiets,Op Kruispunt,Gemeenteweg,binnen bebouwde kom,Tss. 2 best.: langs opzij (voor-/achterkant-flank),Geen hindernis
44068,143,Eco Display Classic Budastraat,Kortrijk,50.83066,3.26286,0.7061839979325528,50.82756002056314,3.2540845450043263,2023,11,15,34022,Kortrijk,Onbekend,Onbekend,Dag,met lichtgewonden,3,Fiets,3,Fiets,Buiten Kruispunt,Gemeenteweg,binnen bebouwde kom,Tussen 2 bestuurders: Frontale botsing,Geen hindernis
44068,75,Kortrijk teller 2,Kortrijk,50.81925,3.25731,0.9514030260376408,50.82756002056314,3.2540845450043263,2023,11,15,34022,Kortrijk,Onbekend,Onbekend,Dag,met lichtgewonden,3,Fiets,3,Fiets,Buiten Kruispunt,Gemeenteweg,binnen bebouwde kom,Tussen 2 bestuurders: Frontale botsing,Geen hindernis
44068,74,Kortrijk teller 1,Kortrijk,50.81909,3.25728,0.9682010282225815,50.82756002056314,3.2540845450043263,2023,11,15,34022,Kortrijk,Onbekend,Onbekend,Dag,met lichtgewonden,3,Fiets,3,Fiets,Buiten Kruispunt,Gemeenteweg,binnen bebouwde kom,Tussen 2 bestuurders: Frontale botsing,Geen hindernis
44069,75,Kortrijk teller 2,Kortrijk,50.81925,3.25731,0.6428913437013891,50.82501800515564,3.2566813503241243,2023,11,17,34022,Kortrijk,Normaal,"Nat, plassen","Nacht, openbare verlichting aanwezig en ontstoken",met lichtgewonden,9,personenauto,3,Fiets,Op Kruispunt,Gewestweg,binnen bebouwde kom,Tussen 2 bestuurders: Frontale botsing,Geen hindernis
44069,74,Kortrijk teller 1,Kortrijk,50.81909,3.25728,0.6605041299675709,50.82501800515564,3.2566813503241243,2023,11,17,34022,Kortrijk,Normaal,"Nat, plassen","Nacht, openbare verlichting aanwezig en ontstoken",met lichtgewonden,9,personenauto,3,Fiets,Op Kruispunt,Gewestweg,binnen bebouwde kom,Tussen 2 bestuurders: Frontale botsing,Geen hindernis
44069,143,Eco Display Classic Budastraat,Kortrijk,50.83066,3.26286,0.7628299956714834,50.82501800515564,3.2566813503241243,2023,11,17,34022,Kortrijk,Normaal,"Nat, plassen","Nacht, openbare verlichting aanwezig en ontstoken",met lichtgewonden,9,personenauto,3,Fiets,Op Kruispunt,Gewestweg,binnen bebouwde kom,Tussen 2 bestuurders: Frontale botsing,Geen hindernis
44072,17,Kortrijk 2,Kortrijk,50.83339,3.27773,0.4492509234267379,50.83415114206477,3.2714474799139968,2023,11,10,34022,Kortrijk,Normaal,Droog,Dag,met zwaargewonden,5,Lichte vrachtauto,3,Fiets,Buiten Kruispunt,Gewestweg,binnen bebouwde kom,Tss. 2 best.: langs opzij (voor-/achterkant-flank),Geen hindernis
44072,16,Kortrijk 1,Kortrijk,50.83332,3.27777,0.4535322437724447,50.83415114206477,3.2714474799139968,2023,11,10,34022,Kortrijk,Normaal,Droog,Dag,met zwaargewonden,5,Lichte vrachtauto,3,Fiets,Buiten Kruispunt,Gewestweg,binnen bebouwde kom,Tss. 2 best.: langs opzij (voor-/achterkant-flank),Geen hindernis
44072,143,Eco Display Classic Budastraat,Kortrijk,50.83066,3.26286,0.7172322699679126,50.83415114206477,3.2714474799139968,2023,11,10,34022,Kortrijk,Normaal,Droog,Dag,met zwaargewonden,5,Lichte vrachtauto,3,Fiets,Buiten Kruispunt,Gewestweg,binnen bebouwde kom,Tss. 2 best.: langs opzij (voor-/achterkant-flank),Geen hindernis
44073,143,Eco Display Classic Budastraat,Kortrijk,50.83066,3.26286,0.33096629111905096,50.827890734623935,3.264587377686949,2023,11,13,34022,Kortrijk,Normaal,Droog,Dag,met lichtgewonden,3,Fiets,9,personenauto,Buiten Kruispunt,Gewestweg,binnen bebouwde kom,Tussen 2 bestuurders: Frontale botsing,Geen hindernis
44095,67,Ieper totem,Ieper,50.85018,2.85624,0.9765899847358533,50.84907171754398,2.8700395864122847,2023,11,17,33011,Ieper,Normaal,"Nat, plassen","Nacht, openbare verlichting aanwezig en ontstoken",met lichtgewonden,6,Bromfiets,3,Fiets,Buiten Kruispunt,Gewestweg,binnen bebouwde kom,Tussen 2 bestuurders: Frontale botsing,Geen hindernis
44095,68,Ieper,Ieper,50.85032,2.85608,0.9897951466090779,50.84907171754398,2.8700395864122847,2023,11,17,33011,Ieper,Normaal,"Nat, plassen","Nacht, openbare verlichting aanwezig en ontstoken",met lichtgewonden,6,Bromfiets,3,Fiets,Buiten Kruispunt,Gewestweg,binnen bebouwde kom,Tussen 2 bestuurders: Frontale botsing,Geen hindernis
44100,67,Ieper totem,Ieper,50.85018,2.85624,0.8115641806276301,50.84635808958979,2.866088153358566,2023,11,12,33011,Ieper,Normaal,Droog,Dag,met lichtgewonden,9,personenauto,3,Fiets,Op Kruispunt,Gemeenteweg,binnen bebouwde kom,Tss. 2 best.: langs opzij (voor-/achterkant-flank),Geen hindernis
44100,68,Ieper,Ieper,50.85032,2.85608,0.8293176649101512,50.84635808958979,2.866088153358566,2023,11,12,33011,Ieper,Normaal,Droog,Dag,met lichtgewonden,9,personenauto,3,Fiets,Op Kruispunt,Gemeenteweg,binnen bebouwde kom,Tss. 2 best.: langs opzij (voor-/achterkant-flank),Geen hindernis
44104,41,Maasmechelen teller 1,Maasmechelen,50.97025,5.69799,0.7612624163633377,50.97115479041073,5.687213511213212,2023,11,7,73107,Maasmechelen,Normaal,"Nat, plassen","Nacht, openbare verlichting aanwezig en ontstoken",met lichtgewonden,9,personenauto,3,Fiets,Op Kruispunt,Gemeenteweg,binnen bebouwde kom,Tss. 2 best.: langs opzij (voor-/achterkant-flank),Geen hindernis
44104,42,Maasmechelen teller 2,Maasmechelen,50.97043,5.6981,0.7665343749392725,50.97115479041073,5.687213511213212,2023,11,7,73107,Maasmechelen,Normaal,"Nat, plassen","Nacht, openbare verlichting aanwezig en ontstoken",met lichtgewonden,9,personenauto,3,Fiets,Op Kruispunt,Gemeenteweg,binnen bebouwde kom,Tss. 2 best.: langs opzij (voor-/achterkant-flank),Geen hindernis
44117,137,Hasselt-Kempische brug,Hasselt,50.9411605,5.3417576,0.7670899699115092,50.94464119577184,5.332304839513334,2023,11,16,71022,Hasselt,Normaal,Droog,Dag,met lichtgewonden,9,personenauto,3,Fiets,Op Kruispunt,Gewestweg,buiten bebouwde kom,Tss. 2 best.: langs opzij (voor-/achterkant-flank),Geen hindernis
44117,138,Hasselt-Kempische brug,Hasselt,50.9405318,5.3422472,0.8330957993505469,50.94464119577184,5.332304839513334,2023,11,16,71022,Hasselt,Normaal,Droog,Dag,met lichtgewonden,9,personenauto,3,Fiets,Op Kruispunt,Gewestweg,buiten bebouwde kom,Tss. 2 best.: langs opzij (voor-/achterkant-flank),Geen hindernis
44123,137,Hasselt-Kempische brug,Hasselt,50.9411605,5.3417576,0.8086547939858292,50.948008893745474,5.345641155618629,2023,11,15,71022,Hasselt,Normaal,Droog,Dag,met lichtgewonden,9,personenauto,3,Fiets,Op Kruispunt,Gewestweg,buiten bebouwde kom,Tss. 2 best.: langs opzij (voor-/achterkant-flank),Geen hindernis
44123,138,Hasselt-Kempische brug,Hasselt,50.9405318,5.3422472,0.8647498626157948,50.948008893745474,5.345641155618629,2023,11,15,71022,Hasselt,Normaal,Droog,Dag,met lichtgewonden,9,personenauto,3,Fiets,Op Kruispunt,Gewestweg,buiten bebouwde kom,Tss. 2 best.: langs opzij (voor-/achterkant-flank),Geen hindernis
44131,25,Bree,Bree,51.13679500160176,5.597669323604317,0.4711904713192792,51.14045207561976,5.594257599801447,2023,11,16,72004,Bree,Normaal,Droog,Dag,met lichtgewonden,3,Fiets,9,personenauto,Buiten Kruispunt,Gewestweg,binnen bebouwde kom,Tussen 2 bestuurders: Flank tegen flank,Geen hindernis