crash_row_id,site_id,site_name,site_gemeente,site_lat,site_long,distance_km,crash_lat,crash_long,DT_YEAR_COLLISION,DT_MONTH_COLLISION,DT_TIME,CD_NIS,TX_MUNTY_COLLISION_NL,TX_WEATHER_NL,TX_ROAD_CONDITION_NL,TX_LIGHT_CONDITION_NL,TX_CLASS_ACCIDENTS_NL,CD_ROAD_USR_TYPE1,TX_ROAD_USR_TYPE1_NL,CD_ROAD_USR_TYPE2,TX_ROAD_USR_TYPE2_NL,TX_CROSSWAY_NL,CD_ROAD_TYPE_NL,TX_BUILD_UP_AREA_NL,TX_COLLISION_TYPE_NL,TX_OBSTACLES_NL
44141,23,Tienen 3,Tienen,50.81324,4.93447,0.7604576798555437,50.80711352262158,4.929660076381232,2023,11,18,24107,Tienen,Normaal,Droog,"Nacht, openbare verlichting aanwezig en ontstoken",met lichtgewonden,3,Fiets,1,Autobus,Buiten Kruispunt,Gemeenteweg,binnen bebouwde kom,Tussen 2 bestuurders: Langs achteren,Geen hindernis
44141,24,Tienen 1,Tienen,50.8133795491886,4.935044252605416,0.7928294019855651,50.80711352262158,4.929660076381232,2023,11,18,24107,Tienen,Normaal,Droog,"Nacht, openbare verlichting aanwezig en ontstoken",met lichtgewonden,3,Fiets,1,Autobus,Buiten Kruispunt,Gemeenteweg,binnen bebouwde kom,Tussen 2 bestuurders: Langs achteren,Geen hindernis
44141,22,Tienen 2,Tienen,50.81330800184882,4.935984252796022,0.8196892845673198,50.80711352262158,4.929660076381232,2023,11,18,24107,Tienen,Normaal,Droog,"Nacht, openbare verlichting aanwezig en ontstoken",met lichtgewonden,3,Fiets,1,Autobus,Buiten Kruispunt,Gemeenteweg,binnen bebouwde kom,Tussen 2 bestuurders: Langs achteren,Geen hindernis
44158,99,Mechelen teller 1,Mechelen,51.04564,4.46882,0.7732234263607035,51.03910970240461,4.472620543364768,2023,11,17,12025,Mechelen,Regenval,"Nat, plassen","Nacht, openbare verlichting aanwezig en ontstoken",met lichtgewonden,9,personenauto,3,Fiets,Buiten Kruispunt,Gewestweg,binnen bebouwde kom,Tussen 2 bestuurders: Flank tegen flank,Geen hindernis
44158,100,Mechelen teller 2,Mechelen,51.0457,4.46883,0.7792541057769553,51.03910970240461,4.472620543364768,2023,11,17,12025,Mechelen,Regenval,"Nat, plassen","Nacht, openbare verlichting aanwezig en ontstoken",met lichtgewonden,9,personenauto,3,Fiets,Buiten Kruispunt,Gewestweg,binnen bebouwde kom,Tussen 2 bestuurders: Flank tegen flank,Geen hindernis
44255,8,Heist op den Berg 1,Heist-op-den-Berg,51.06759,4.68823,0.7033912327577903,51.062818274197355,4.6816218464340515,2023,12,11,12029,Putte,Normaal,Droog,Dag,met lichtgewonden,9,personenauto,3,Fiets,Op Kruispunt,Gemeenteweg,buiten bebouwde kom,Tss. 2 best.: langs opzij (voor-/achterkant-flank),Geen hindernis
44314,69,Leuven teller 1,Leuven,50.87549,4.71526,0.6322920075144028,50.87844257336068,4.707558253549853,2023,12,3,24062,Leuven,Regenval,"Nat, plassen","Nacht, openbare verlichting aanwezig en ontstoken",met lichtgewonden,3,Fiets,10,"één bestuurder, geen hindernis",Op Kruispunt,Gemeenteweg,binnen bebouwde kom,"Eén bestuurder, geen hindernis (incl. val)",Geen hindernis
44314,77,Leuven teller 2,Leuven,50.88672,4.70796,0.920839266828097,50.87844257336068,4.707558253549853,2023,12,3,24062,Leuven,Regenval,"Nat, plassen","Nacht, openbare verlichting aanwezig en ontstoken",met lichtgewonden,3,Fiets,10,"één bestuurder, geen hindernis",Op Kruispunt,Gemeenteweg,binnen bebouwde kom,"Eén bestuurder, geen hindernis (incl. val)",Geen hindernis
44314,107,leuven totem,Leuven,50.8870744,4.7087919,0.9637092541866021,50.87844257336068,4.707558253549853,2023,12,3,24062,Leuven,Regenval,"Nat, plassen","Nacht, openbare verlichting aanwezig en ontstoken",met lichtgewonden,3,Fiets,10,"één bestuurder, geen hindernis",Op Kruispunt,Gemeenteweg,binnen bebouwde kom,"Eén bestuurder, geen hindernis (incl. val)",Geen hindernis
44315,107,leuven totem,Leuven,50.8870744,4.7087919,0.8554554394281072,50.8920341122893,4.718114981178063,2023,12,0,24062,Leuven,Normaal,Proper,"Nacht, openbare verlichting aanwezig en ontstoken",met lichtgewonden,3,Fiets,11,een weggebruiker tegen een hindernis,Buiten Kruispunt,Gemeenteweg,binnen bebouwde kom,Weggebruiker tegen hindernis buiten rijbaan,Buiten de rijbaan: Andere paal
44315,77,Leuven teller 2,Leuven,50.88672,4.70796,0.9255008182529432,50.8920341122893,4.718114981178063,2023,12,0,24062,Leuven,Normaal,Proper,"Nacht, openbare verlichting aanwezig en ontstoken",met lichtgewonden,3,Fiets,11,een weggebruiker tegen een hindernis,Buiten Kruispunt,Gemeenteweg,binnen bebouwde kom,Weggebruiker tegen hindernis buiten rijbaan,Buiten de rijbaan: Andere paal
44316,151,Leuven,District Leuven,50.8690262,4.6854839,0.8053659622144501,50.866009154543335,4.695917057603256,2023,12,17,24062,Leuven,Regenval,"Nat, plassen","Nacht, openbare verlichting aanwezig en ontstoken",met lichtgewonden,9,personenauto,3,Fiets,Op Kruispunt,Gewestweg,buiten bebouwde kom,Tss. 2 best.: langs opzij (voor-/achterkant-flank),Geen hindernis
44320,107,leuven totem,Leuven,50.8870744,4.7087919,0.7783450826501328,50.88596961904172,4.719748546754331,2023,12,16,24062,Leuven,Normaal,Droog,Dageraad - schemering,met lichtgewonden,9,personenauto,3,Fiets,Buiten Kruispunt,Gemeenteweg,binnen bebouwde kom,Tss. 2 best.: langs opzij (voor-/achterkant-flank),Geen hindernis
44320,77,Leuven teller 2,Leuven,50.88672,4.70796,0.8311478219871196,50.88596961904172,4.719748546754331,2023,12,16,24062,Leuven,Normaal,Droog,Dageraad - schemering,met lichtgewonden,9,personenauto,3,Fiets,Buiten Kruispunt,Gemeenteweg,binnen bebouwde kom,Tss. 2 best.: langs opzij (voor-/achterkant-flank),Geen hindernis
44321,151,Leuven,District Leuven,50.8690262,4.6854839,0.6910114973247001,50.86637751154663,4.694391480218675,2023,12,10,24062,Leuven,Normaal,Droog,Dag,met lichtgewonden,3,Fiets,9,personenauto,Buiten Kruispunt,Gemeenteweg,binnen bebouwde kom,Tss. 2 best.: langs opzij (voor-/achterkant-flank),Geen hindernis
44323,107,leuven totem,Leuven,50.8870744,4.7087919,0.9815916886981773,50.883942544098815,4.721874479083117,2023,12,7,24062,Leuven,Normaal,Onbekend,Dageraad - schemering,met lichtgewonden,3,Fiets,9,personenauto,Buiten Kruispunt,Gewestweg,binnen bebouwde kom,Tss. 2 best.: langs opzij (voor-/achterkant-flank),Geen hindernis
44328,151,Leuven,District Leuven,50.8690262,4.6854839,0.6877479796737258,50.874093098705174,4.691104676418058,2023,12,13,24062,Leuven,Onbekend,Onbekend,Dag,met lichtgewonden,3,Fiets,9,personenauto,Op Kruispunt,Gemeenteweg,binnen bebouwde kom,Tss. 2 best.: langs opzij (voor-/achterkant-flank),Geen hindernis
44340,80,Wemmel teller 1,Wemmel,50.91418,4.29571,0.5345546131268294,50.90996076271296,4.299364302216273,2023,12,17,23102,Wemmel,Regenval,"Nat, plassen","Nacht, openbare verlichting aanwezig en ontstoken",met lichtgewonden,9,personenauto,3,Fiets,Op Kruispunt,Gemeenteweg,binnen bebouwde kom,Tss. 2 best.: langs opzij (voor-/achterkant-flank),Geen hindernis
44340,81,Wemmel teller 2,Wemmel,50.91439,4.29568,0.5561351505097405,50.90996076271296,4.299364302216273,2023,12,17,23102,Wemmel,Regenval,"Nat, plassen","Nacht, openbare verlichting aanwezig en ontstoken",met lichtgewonden,9,personenauto,3,Fiets,Op Kruispunt,Gemeenteweg,binnen bebouwde kom,Tss. 2 best.: langs opzij (voor-/achterkant-flank),Geen hindernis
44360,13,Gent,Gent,51.03018,3.70146,0.4129330031296046,51.03161075267588,3.7069090495844668,2023,12,12,44021,Gent,Normaal,Droog,Dag,met lichtgewonden,9,personenauto,3,Fiets,Buiten Kruispunt,Gewestweg,binnen bebouwde kom,Tss. 2 best.: langs opzij (voor-/achterkant-flank),Geen hindernis
44433,121,Zele teller 2,Zele,51.0604067,4.0556696,0.1422432632235961,51.059198928474906,4.056340311816247,2023,12,15,42028,Zele,Normaal,"Nat, plassen",Dag,met lichtgewonden,3,Fiets,10,"één bestuurder, geen hindernis",Buiten Kruispunt,Gewestweg,buiten bebouwde kom,"Eén bestuurder, geen hindernis (incl. val)",Geen hindernis
44433,120,Zele teller 1,Zele,51.0607671,4.0547741,0.20588047879410584,51.059198928474906,4.056340311816247,2023,12,15,42028,Zele,Normaal,"Nat, plassen",Dag,met lichtgewonden,3,Fiets,10,"één bestuurder, geen hindernis",Buiten Kruispunt,Gewestweg,buiten bebouwde kom,"Eén bestuurder, geen hindernis (incl. val)",Geen hindernis
44444,125,Dendermonde totem,Dendermonde,51.0372706,4.1025998,0.6533957854213396,51.03289030328563,4.10882848426913,2023,12,18,42006,Dendermonde,Onbekend,"Nat, plassen","Nacht, openbare verlichting aanwezig en ontstoken",met lichtgewonden,3,Fiets,9,personenauto,Op Kruispunt,Gewestweg,binnen bebouwde kom,Tss. 2 best.: langs opzij (voor-/achterkant-flank),Geen hindernis
44444,122,Dendermonde teller 2,Dendermonde,51.0373918,4.1019222,0.6955230291674722,51.03289030328563,4.10882848426913,2023,12,18,42006,Dendermonde,Onbekend,"Nat, plassen","Nacht, openbare verlichting aanwezig en ontstoken",met lichtgewonden,3,Fiets,9,personenauto,Op Kruispunt,Gewestweg,binnen bebouwde kom,Tss. 2 best.: langs opzij (voor-/achterkant-flank),Geen hindernis
44445,122,Dendermonde teller 2,Dendermonde,51.0373918,4.1019222,0.7358100478773146,51.03157203672666,4.096913960820526,2023,12,18,42006,Dendermonde,Normaal,Droog,"Nacht, openbare verlichting aanwezig en ontstoken",met lichtgewonden,3,Fiets,10,"één bestuurder, geen hindernis",Buiten Kruispunt,Gemeenteweg,binnen bebouwde kom,"Eén bestuurder, geen hindernis (incl. val)",Geen hindernis
44445,125,Dendermonde totem,Dendermonde,51.0372706,4.1025998,0.7480555318135274,51.03157203672666,4.096913960820526,2023,12,18,42006,Dendermonde,Normaal,Droog,"Nacht, openbare verlichting aanwezig en ontstoken",met lichtgewonden,3,Fiets,10,"één bestuurder, geen hindernis",Buiten Kruispunt,Gemeenteweg,binnen bebouwde kom,"Eén bestuurder, geen hindernis (incl. val)",Geen hindernis
44492,143,Eco Display Classic Budastraat,Kortrijk,50.83066,3.26286,0.3090229900105286,50.83088977813185,3.2672449560949657,2023,12,10,34022,Kortrijk,Normaal,Droog,Dag,met lichtgewonden,9,personenauto,3,Fiets,Op Kruispunt,Gemeenteweg,binnen bebouwde kom,Tss. 2 best.: langs opzij (voor-/achterkant-flank),Geen hindernis
44492,16,Kortrijk 1,Kortrijk,50.83332,3.27777,0.787022078325944,50.83088977813185,3.2672449560949657,2023,12,10,34022,Kortrijk,Normaal,Droog,Dag,met lichtgewonden,9,personenauto,3,Fiets,Op Kruispunt,Gemeenteweg,binnen bebouwde kom,Tss. 2 best.: langs opzij (voor-/achterkant-flank),Geen hindernis
44492,17,Kortrijk 2,Kortrijk,50.83339,3.27773,0.7870991966863705,50.83088977813185,3.2672449560949657,2023,12,10,34022,Kortrijk,Normaal,Droog,Dag,met lichtgewonden,9,personenauto,3,Fiets,Op Kruispunt,Gemeenteweg,binnen bebouwde kom,Tss. 2 best.: langs opzij (voor-/achterkant-flank),Geen hindernis
44494,75,Kortrijk teller 2,Kortrijk,50.81925,3.25731,0.852135474880281,50.818644451122516,3.2694021222872327,2023,12,20,34022,Kortrijk,Onbekend,Onbekend,Onbekend,met lichtgewonden,2,Andere weggebruiker,3,Fiets,Buiten Kruispunt,Gewestweg,binnen bebouwde kom,Tss. 2 best.: langs opzij (voor-/achterkant-flank),Geen hindernis
44494,74,Kortrijk teller 1,Kortrijk,50.81909,3.25728,0.8530198917147104,50.818644451122516,3.2694021222872327,2023,12,20,34022,Kortrijk,Onbekend,Onbekend,Onbekend,met lichtgewonden,2,Andere weggebruiker,3,Fiets,Buiten Kruispunt,Gewestweg,binnen bebouwde kom,Tss. 2 best.: langs opzij (voor-/achterkant-flank),Geen hindernis
44495,74,Kortrijk teller 1,Kortrijk,50.81909,3.25728,0.8790898133364418,50.81405328411532,3.2476350058853085,2023,12,9,34022,Kortrijk,Regenval,"Nat, plassen",Dag,met lichtgewonden,9,personenauto,3,Fiets,Op Kruispunt,Gemeenteweg,binnen bebouwde kom,Tussen 2 bestuurders: Flank tegen flank,Geen hindernis
44495,75,Kortrijk teller 2,Kortrijk,50.81925,3.25731,0.8921337674755063,50.81405328411532,3.2476350058853085,2023,12,9,34022,Kortrijk,Regenval,"Nat, plassen",Dag,met lichtgewonden,9,personenauto,3,Fiets,Op Kruispunt,Gemeenteweg,binnen bebouwde kom,Tussen 2 bestuurders: Flank tegen flank,Geen hindernis
44496,143,Eco Display Classic Budastraat,Kortrijk,50.83066,3.26286,0.31585933923953446,50.833081959390285,3.2652100302831246,2023,11,12,34022,Kortrijk,Normaal,Droog,Dag,met lichtgewonden,3,Fiets,11,een weggebruiker tegen een hindernis,Buiten Kruispunt,Gemeenteweg,binnen bebouwde kom,Weggebruiker tegen hindernis op de rijbaan,"Op de rijbaan: Put, straatgoot, tramspoor"
44496,17,Kortrijk 2,Kortrijk,50.83339,3.27773,0.8799250495712911,50.833081959390285,3.2652100302831246,2023,11,12,34022,Kortrijk,Normaal,Droog,Dag,met lichtgewonden,3,Fiets,11,een weggebruiker tegen een hindernis,Buiten Kruispunt,Gemeenteweg,binnen bebouwde kom,Weggebruiker tegen hindernis op de rijbaan,"Op de rijbaan: Put, straatgoot, tramspoor"
44496,16,Kortrijk 1,Kortrijk,50.83332,3.27777,0.8824649748761665,50.833081959390285,3.2652100302831246,2023,11,12,34022,Kortrijk,Normaal,Droog,Dag,met lichtgewonden,3,Fiets,11,een weggebruiker tegen een hindernis,Buiten Kruispunt,Gemeenteweg,binnen bebouwde kom,Weggebruiker tegen hindernis op de rijbaan,"Op de rijbaan: Put, straatgoot, tramspoor"
44498,75,Kortrijk teller 2,Kortrijk,50.81925,3.25731,0.5939569137813873,50.81867663658077,3.26571606234923,2023,12,19,34022,Kortrijk,Normaal,Droog,"Nacht, openbare verlichting aanwezig en ontstoken",met lichtgewonden,9,personenauto,3,Fiets,Op Kruispunt,Gemeenteweg,binnen bebouwde kom,Tss. 2 best.: langs opzij (voor-/achterkant-flank),Geen hindernis
44498,74,Kortrijk teller 1,Kortrijk,50.81909,3.25728,0.5944135682547395,50.81867663658077,3.26571606234923,2023,12,19,34022,Kortrijk,Normaal,Droog,"Nacht, openbare verlichting aanwezig en ontstoken",met lichtgewonden,9,personenauto,3,Fiets,Op Kruispunt,Gemeenteweg,binnen bebouwde kom,Tss. 2 best.: langs opzij (voor-/achterkant-flank),Geen hindernis
44500,75,Kortrijk teller 2,Kortrijk,50.81925,3.25731,0.2511293881393879,50.82118114190081,3.2554563713698426,2023,12,9,34022,Kortrijk,Normaal,"Nat, plassen",Dag,met lichtgewonden,3,Fiets,9,personenauto,Buiten Kruispunt,Gemeenteweg,binnen bebouwde kom,Tss. 2 best.: langs opzij (voor-/achterkant-flank),Geen hindernis
44500,74,Kortrijk teller 1,Kortrijk,50.81909,3.25728,0.26547857655761264,50.82118114190081,3.2554563713698426,2023,12,9,34022,Kortrijk,Normaal,"Nat, plassen",Dag,met lichtgewonden,3,Fiets,9,personenauto,Buiten Kruispunt,Gemeenteweg,binnen bebouwde kom,Tss. 2 best.: langs opzij (voor-/achterkant-flank),Geen hindernis
44518,42,Maasmechelen teller 2,Maasmechelen,50.97043,5.6981,0.3818013804862519,50.97378122088989,5.6992874203053345,2023,12,8,73107,Maasmechelen,Normaal,Onbekend,Dageraad - schemering,met lichtgewonden,9,personenauto,3,Fiets,Op Kruispunt,Gewestweg,binnen bebouwde kom,Tss. 2 best.: langs opzij (voor-/achterkant-flank),Geen hindernis
44518,41,Maasmechelen teller 1,Maasmechelen,50.97025,5.69799,0.4030257953847746,50.97378122088989,5.6992874203053345,2023,12,8,73107,Maasmechelen,Normaal,Onbekend,Dageraad - schemering,met lichtgewonden,9,personenauto,3,Fiets,Op Kruispunt,Gewestweg,binnen bebouwde kom,Tss. 2 best.: langs opzij (voor-/achterkant-flank),Geen hindernis
44519,41,Maasmechelen teller 1,Maasmechelen,50.97025,5.69799,0.7661394186625547,50.963379245847015,5.697171621708962,2023,12,8,73107,Maasmechelen,Normaal,"Nat, plassen",Dag,met lichtgewonden,3,Fiets,3,Fiets,Op Kruispunt,Gewestweg,binnen bebouwde kom,Tussen 2 bestuurders: Frontale botsing,Geen hindernis
44519,42,Maasmechelen teller 2,Maasmechelen,50.97043,5.6981,0.786698928641612,50.963379245847015,5.697171621708962,2023,12,8,73107,Maasmechelen,Normaal,"Nat, plassen",Dag,met lichtgewonden,3,Fiets,3,Fiets,Op Kruispunt,Gewestweg,binnen bebouwde kom,Tussen 2 bestuurders: Frontale botsing,Geen hindernis
44536,137,Hasselt-Kempische brug,Hasselt,50.9411605,5.3417576,0.7828629713744767,50.94794502033309,5.344743031951487,2023,12,10,71022,Hasselt,Normaal,"Nat, plassen",Dag,met lichtgewonden,9,personenauto,3,Fiets,Buiten Kruispunt,Gemeenteweg,binnen bebouwde kom,Tss. 2 best.: langs opzij (voor-/achterkant-flank),Geen hindernis
44536,138,Hasselt-Kempische brug,Hasselt,50.9405318,5.3422472,0.8426550510171777,50.94794502033309,5.344743031951487,2023,12,10,71022,Hasselt,Normaal,"Nat, plassen",Dag,met lichtgewonden,9,personenauto,3,Fiets,Buiten Kruispunt,Gemeenteweg,binnen bebouwde kom,Tss. 2 best.: langs opzij (voor-/achterkant-flank),Geen hindernis
44538,137,Hasselt-Kempische brug,Hasselt,50.9411605,5.3417576,0.7527484994489164,50.94757518317916,5.345190951839966,2023,12,23,71022,Hasselt,Normaal,Droog,"Nacht, openbare verlichting aanwezig en ontstoken",met lichtgewonden,7,Motorfiets,3,Fiets,Op Kruispunt,Gewestweg,buiten bebouwde kom,Tss. 2 best.: langs opzij (voor-/achterkant-flank),Geen hindernis
44538,138,Hasselt-Kempische brug,Hasselt,50.9405318,5.3422472,0.8098893369820235,50.94757518317916,5.345190951839966,2023,12,23,71022,Hasselt,Normaal,Droog,"Nacht, openbare verlichting aanwezig en ontstoken",met lichtgewonden,7,Motorfiets,3,Fiets,Op Kruispunt,Gewestweg,buiten bebouwde kom,Tss. 2 best.: langs opzij (voor-/achterkant-flank),Geen hindernis
44548,30,Herk De Stad,Herk-de-Stad,50.94374,5.17691,0.6449574553167287,50.942547975045095,5.167901095427259,2023,12,12,71024,Herk-de-Stad,Normaal,Droog,Dag,met zwaargewonden,9,personenauto,3,Fiets,Op Kruispunt,Gemeenteweg,binnen bebouwde kom,Tss. 2 best.: langs opzij (voor-/achterkant-flank),Geen hindernis
44548,31,Herk De Stad,Herk-de-Stad,50.94366,5.1775,0.683801019882743,50.942547975045095,5.167901095427259,2023,12,12,71024,Herk-de-Stad,Normaal,Droog,Dag,met zwaargewonden,9,personenauto,3,Fiets,Op Kruispunt,Gemeenteweg,binnen bebouwde kom,Tss. 2 best.: langs opzij (voor-/achterkant-flank),Geen hindernis
44558,25,Bree,Bree,51.13679500160176,5.597669323604317,0.6116077782252509,51.141921370047186,5.6008465127634945,2023,12,16,72004,Bree,Normaal,"Nat, plassen",Dageraad - schemering,met lichtgewonden,9,personenauto,3,Fiets,Op Kruispunt,Gewestweg,binnen bebouwde kom,Tss. 2 best.: langs opzij (voor-/achterkant-flank),Geen hindernis
44559,14,Genk,Genk,50.97172,5.48927,0.4087299635240112,50.970629311216285,5.483695614261774,2023,12,12,71016,Genk,Normaal,Droog,Dag,met zwaargewonden,9,personenauto,3,Fiets,Op Kruispunt,Gemeenteweg,binnen bebouwde kom,Tss. 2 best.: langs opzij (voor-/achterkant-flank),Geen hindernis
44560,23,Tienen 3,Tienen,50.81324,4.93447,0.29862780451209325,50.81219390512158,4.930555330522929,2023,12,17,24107,Tienen,Onbekend,Onbekend,Dageraad - schemering,met lichtgewonden,3,Fiets,9,personenauto,Buiten Kruispunt,Gewestweg,binnen bebouwde kom,Tss. 2 best.: langs opzij (voor-/achterkant-flank),Geen hindernis
44560,24,Tienen 1,Tienen,50.8133795491886,4.935044252605416,0.3418345317101814,50.81219390512158,4.930555330522929,2023,12,17,24107,Tienen,Onbekend,Onbekend,Dageraad - schemering,met lichtgewonden,3,Fiets,9,personenauto,Buiten Kruispunt,Gewestweg,binnen bebouwde kom,Tss. 2 best.: langs opzij (voor-/achterkant-flank),Geen hindernis
44560,22,Tienen 2,Tienen,50.81330800184882,4.935984252796022,0.4010451335965427,50.81219390512158,4.930555330522929,2023,12,17,24107,Tienen,Onbekend,Onbekend,Dageraad - schemering,met lichtgewonden,3,Fiets,9,personenauto,Buiten Kruispunt,Gewestweg,binnen bebouwde kom,Tss. 2 best.: langs opzij (voor-/achterkant-flank),Geen hindernis
44665,96,Lier teller 2,Lier,51.11705,4.58444,0.3204196071627615,51.118864155920335,4.580873348660065,2024,1,7,12021,Lier,Regenval,"Nat, plassen",Dageraad - schemering,met lichtgewonden,3,Fiets,3,Fiets,Buiten Kruispunt,Gewestweg,buiten bebouwde kom,Tussen 2 bestuurders: Frontale botsing,Geen hindernis
44665,95,Lier teller 1,Lier,51.11687,4.58437,0.3297511373047688,51.118864155920335,4.580873348660065,2024,1,7,12021,Lier,Regenval,"Nat, plassen",Dageraad - schemering,met lichtgewonden,3,Fiets,3,Fiets,Buiten Kruispunt,Gewestweg,buiten bebouwde kom,Tussen 2 bestuurders: Frontale botsing,Geen hindernis
44676,127,Geel totem,Westerlo,51.1342966,4.9400421,0.7772542017740138,51.127445541892165,4.9378321576580975,2024,1,6,13049,Westerlo,Regenval,"Nat, plassen","Nacht, openbare verlichting aanwezig en ontstoken",met lichtgewonden,6,Bromfiets,3,Fiets,Buiten Kruispunt,Gewestweg,buiten bebouwde kom,Tussen 2 bestuurders: Frontale botsing,Geen hindernis
44676,112,Geel teller 2,Westerlo,51.1354992,4.9394789,0.9028678993609444,51.127445541892165,4.9378321576580975,2024,1,6,13049,Westerlo,Regenval,"Nat, plassen","Nacht, openbare verlichting aanwezig en ontstoken",met lichtgewonden,6,Bromfiets,3,Fiets,Buiten Kruispunt,Gewestweg,buiten bebouwde kom,Tussen 2 bestuurders: Frontale botsing,Geen hindernis
44679,97,Geel teller 1,Geel,51.14813,4.99698,0.04860461669169923,51.147786732343334,4.99741139325949,2024,1,12,13008,Geel,Normaal,Droog,Dag,met lichtgewonden,9,personenauto,3,Fiets,Op Kruispunt,Gewestweg,buiten bebouwde kom,Tussen 2 bestuurders: Flank tegen flank,Geen hindernis
44679,98,Geel teller 2,Geel,51.1481,4.99643,0.07680893683120989,51.147786732343334,4.99741139325949,2024,1,12,13008,Geel,Normaal,Droog,Dag,met lichtgewonden,9,personenauto,3,Fiets,Op Kruispunt,Gewestweg,buiten bebouwde kom,Tussen 2 bestuurders: Flank tegen flank,Geen hindernis
44696,37,Lommel teller 1,Lommel,51.23299,5.29211,0.5532273116959254,51.23063421606672,5.29910843379696,2024,1,4,72020,Lommel,Regenval,"Nat, plassen","Nacht, openbare verlichting aanwezig en ontstoken",met lichtgewonden,9,personenauto,3,Fiets,Op Kruispunt,Gemeenteweg,buiten bebouwde kom,Tussen 2 bestuurders: Flank tegen flank,Geen hindernis
44696,38,Lommel teller 2,Lommel,51.23277,5.29189,0.5558838373070107,51.23063421606672,5.29910843379696,2024,1,4,72020,Lommel,Regenval,"Nat, plassen","Nacht, openbare verlichting aanwezig en ontstoken",met lichtgewonden,9,personenauto,3,Fiets,Op Kruispunt,Gemeenteweg,buiten bebouwde kom,Tussen 2 bestuurders: Flank tegen flank,Geen hindernis
44722,69,Leuven teller 1,Leuven,50.87549,4.71526,0.8290836317124514,50.87206041896701,4.725751657543771,2024,1,7,24062,Leuven,Onbekend,Onbekend,Dageraad - schemering,met lichtgewonden,3,Fiets,8,Voetganger,Buiten Kruispunt,Gemeenteweg,binnen bebouwde kom,Met een voetganger,Geen hindernis
44723,151,Leuven,District Leuven,50.8690262,4.6854839,0.17723936223362438,50.86779700636908,4.687091835264841,2024,1,12,24062,Leuven,Sneeuwval,Onbekend,Dag,met lichtgewonden,3,Fiets,3,Fiets,Buiten Kruispunt,Gemeenteweg,binnen bebouwde kom,Tussen 2 bestuurders: Flank tegen flank,Geen hindernis
44724,107,leuven totem,Leuven,50.8870744,4.7087919,0.7113839877359984,50.88696230172014,4.718931602466721,2024,1,15,24062,Leuven,Sneeuwval,"Ijzel, sneeuw",Dag,met lichtgewonden,3,Fiets,5,Lichte vrachtauto,Buiten Kruispunt,Gemeenteweg,binnen bebouwde kom,Tss. 2 best.: langs opzij (voor-/achterkant-flank),Geen hindernis
44724,77,Leuven teller 2,Leuven,50.88672,4.70796,0.7701048594905012,50.88696230172014,4.718931602466721,2024,1,15,24062,Leuven,Sneeuwval,"Ijzel, sneeuw",Dag,met lichtgewonden,3,Fiets,5,Lichte vrachtauto,Buiten Kruispunt,Gemeenteweg,binnen bebouwde kom,Tss. 2 best.: langs opzij (voor-/achterkant-flank),Geen hindernis
44725,107,leuven totem,Leuven,50.8870744,4.7087919,0.6311064697959834,50.88603147277801,4.717635465073854,2024,1,10,24062,Leuven,Normaal,"Ijzel, sneeuw",Dag,met lichtgewonden,3,Fiets,10,"één bestuurder, geen hindernis",Buiten Kruispunt,Gemeenteweg,buiten bebouwde kom,"Eén bestuurder, geen hindernis (incl. val)",Geen hindernis
44725,77,Leuven teller 2,Leuven,50.88672,4.70796,0.6830234917262038,50.88603147277801,4.717635465073854,2024,1,10,24062,Leuven,Normaal,"Ijzel, sneeuw",Dag,met lichtgewonden,3,Fiets,10,"één bestuurder, geen hindernis",Buiten Kruispunt,Gemeenteweg,buiten bebouwde kom,"Eén bestuurder, geen hindernis (incl. val)",Geen hindernis
44726,151,Leuven,District Leuven,50.8690262,4.6854839,0.46705671643704355,50.87309938108141,4.683858553071362,2024,1,13,24062,Leuven,Normaal,"Ijzel, sneeuw",Dag,met lichtgewonden,9,personenauto,3,Fiets,Buiten Kruispunt,Gemeenteweg,buiten bebouwde kom,Tussen 2 bestuurders: Langs achteren,Geen hindernis
44728,69,Leuven teller 1,Leuven,50.87549,4.71526,0.4471297083809215,50.872470483790664,4.7194683191801445,2024,1,16,24062,Leuven,Normaal,"Nat, plassen",Dageraad - schemering,met lichtgewonden,3,Fiets,6,Bromfiets,Buiten Kruispunt,Gewestweg,binnen bebouwde kom,Tss. 2 best.: langs opzij (voor-/achterkant-flank),Geen hindernis
44734,101,Diest teller 1,Diest,50.97799,5.04481,0.6830893790007455,50.97841149570687,5.054544017599794,2024,1,16,24020,Diest,Normaal,Droog,Dag,met lichtgewonden,3,Fiets,3,Fiets,Buiten Kruispunt,Gemeenteweg,binnen bebouwde kom,Tussen 2 bestuurders: Frontale botsing,Geen hindernis
44734,102,Diest teller 2,Diest,50.9779,5.04474,0.6887334143910172,50.97841149570687,5.054544017599794,2024,1,16,24020,Diest,Normaal,Droog,Dag,met lichtgewonden,3,Fiets,3,Fiets,Buiten Kruispunt,Gemeenteweg,binnen bebouwde kom,Tussen 2 bestuurders: Frontale botsing,Geen hindernis