crash_row_id,site_id,site_name,site_gemeente,site_lat,site_long,distance_km,crash_lat,crash_long,DT_YEAR_COLLISION,DT_MONTH_COLLISION,DT_TIME,CD_NIS,TX_MUNTY_COLLISION_NL,TX_WEATHER_NL,TX_ROAD_CONDITION_NL,TX_LIGHT_CONDITION_NL,TX_CLASS_ACCIDENTS_NL,CD_ROAD_USR_TYPE1,TX_ROAD_USR_TYPE1_NL,CD_ROAD_USR_TYPE2,TX_ROAD_USR_TYPE2_NL,TX_CROSSWAY_NL,CD_ROAD_TYPE_NL,TX_BUILD_UP_AREA_NL,TX_COLLISION_TYPE_NL,TX_OBSTACLES_NL
44738,145,Overijse,District Vilvoorde-gewestwegen,50.7885856,4.4908759,0.1343969748469886,50.789331435538564,4.492380379525089,2024,1,16,23062,Overijse,Normaal,Droog,Dag,met lichtgewonden,3,Fiets,9,personenauto,Buiten Kruispunt,Gewestweg,binnen bebouwde kom,Tss. 2 best.: langs opzij (voor-/achterkant-flank),Geen hindernis
44738,146,Overijse 2,District Vilvoorde-gewestwegen,50.7881478,4.4902818,0.19769825610958405,50.789331435538564,4.492380379525089,2024,1,16,23062,Overijse,Normaal,Droog,Dag,met lichtgewonden,3,Fiets,9,personenauto,Buiten Kruispunt,Gewestweg,binnen bebouwde kom,Tss. 2 best.: langs opzij (voor-/achterkant-flank),Geen hindernis
44753,136,Gent R4,Gent,51.0876313,3.7587918,0.9218732916208304,51.081015373557335,3.766745566057999,2024,1,15,44021,Gent,Normaal,Droog,Dag,met lichtgewonden,3,Fiets,1,Autobus,Buiten Kruispunt,Gemeenteweg,binnen bebouwde kom,Tss. 2 best.: langs opzij (voor-/achterkant-flank),Geen hindernis
44778,136,Gent R4,Gent,51.0876313,3.7587918,0.6561235486738298,51.08173170815218,3.7586130056070686,2024,1,16,44021,Gent,Onbekend,Onbekend,Dag,met lichtgewonden,3,Fiets,99,onbekend,Buiten Kruispunt,Gemeenteweg,binnen bebouwde kom,Tussen 2 bestuurders: Flank tegen flank,Geen hindernis
44798,116,Melle teller 2,Melle,50.9986113,3.8040599,0.8496761987636536,51.00553162404305,3.798910937544616,2024,1,16,44040,Melle,Normaal,Droog,Dag,met lichtgewonden,3,Fiets,3,Fiets,Op Kruispunt,Gemeenteweg,binnen bebouwde kom,Tussen 2 bestuurders: Frontale botsing,Geen hindernis
44798,117,Melle teller 1,Melle,50.9986113,3.8040599,0.8496761987636536,51.00553162404305,3.798910937544616,2024,1,16,44040,Melle,Normaal,Droog,Dag,met lichtgewonden,3,Fiets,3,Fiets,Op Kruispunt,Gemeenteweg,binnen bebouwde kom,Tussen 2 bestuurders: Frontale botsing,Geen hindernis
44805,7,Evergem 1,Evergem,51.1089,3.70317,0.7979590221764601,51.11367409424869,3.7117041300975813,2024,1,15,44019,Evergem,Normaal,Droog,Dag,met lichtgewonden,8,Voetganger,3,Fiets,Buiten Kruispunt,Gemeenteweg,binnen bebouwde kom,Met een voetganger,Geen hindernis
44805,6,Evergem 2,Evergem,51.10894,3.70298,0.8049942776742653,51.11367409424869,3.7117041300975813,2024,1,15,44019,Evergem,Normaal,Droog,Dag,met lichtgewonden,8,Voetganger,3,Fiets,Buiten Kruispunt,Gemeenteweg,binnen bebouwde kom,Met een voetganger,Geen hindernis
44843,126,Hamme totem,Hamme,51.1017709,4.1469307,0.772403999985253,51.09520889691947,4.143302080879712,2024,1,18,42008,Hamme,Normaal,Droog,"Nacht, openbare verlichting aanwezig en ontstoken",met lichtgewonden,3,Fiets,9,personenauto,Op Kruispunt,Gewestweg,binnen bebouwde kom,Tss. 2 best.: langs opzij (voor-/achterkant-flank),Geen hindernis
44844,126,Hamme totem,Hamme,51.1017709,4.1469307,0.35742095966479237,51.10291045027773,4.142144207605542,2024,1,16,42008,Hamme,Sneeuwval,"Ijzel, sneeuw",Dag,met lichtgewonden,3,Fiets,10,"één bestuurder, geen hindernis",Buiten Kruispunt,Gewestweg,buiten bebouwde kom,"Eén bestuurder, geen hindernis (incl. val)",Geen hindernis
44874,122,Dendermonde teller 2,Dendermonde,51.0373918,4.1019222,0.10313202507006317,51.038280530139936,4.102344139163303,2024,1,7,42006,Dendermonde,Normaal,Droog,Dag,met lichtgewonden,9,personenauto,3,Fiets,Buiten Kruispunt,Gewestweg,buiten bebouwde kom,Tss. 2 best.: langs opzij (voor-/achterkant-flank),Geen hindernis
44874,125,Dendermonde totem,Dendermonde,51.0372706,4.1025998,0.1137129556957524,51.038280530139936,4.102344139163303,2024,1,7,42006,Dendermonde,Normaal,Droog,Dag,met lichtgewonden,9,personenauto,3,Fiets,Buiten Kruispunt,Gewestweg,buiten bebouwde kom,Tss. 2 best.: langs opzij (voor-/achterkant-flank),Geen hindernis
44882,125,Dendermonde totem,Dendermonde,51.0372706,4.1025998,0.7353028633521841,51.03070302142492,4.103826621337766,2024,1,7,42006,Dendermonde,Onbekend,Droog,"Nacht, openbare verlichting aanwezig en ontstoken",met lichtgewonden,3,Fiets,8,Voetganger,Buiten Kruispunt,Gemeenteweg,binnen bebouwde kom,Met een voetganger,Geen vermelding van de aanwezigheid van een hindernis
44882,122,Dendermonde teller 2,Dendermonde,51.0373918,4.1019222,0.7555859486224137,51.03070302142492,4.103826621337766,2024,1,7,42006,Dendermonde,Onbekend,Droog,"Nacht, openbare verlichting aanwezig en ontstoken",met lichtgewonden,3,Fiets,8,Voetganger,Buiten Kruispunt,Gemeenteweg,binnen bebouwde kom,Met een voetganger,Geen vermelding van de aanwezigheid van een hindernis
44895,142,TEST Validatie BRUGGE Y2H22022134,Brugge,51.22632,3.24095,0.6934428347187988,51.22149069088223,3.234649681981497,2024,1,7,31005,Brugge,Sneeuwval,"Ijzel, sneeuw","Nacht, openbare verlichting aanwezig en ontstoken",met lichtgewonden,9,personenauto,3,Fiets,Op Kruispunt,Gewestweg,binnen bebouwde kom,Tss. 2 best.: langs opzij (voor-/achterkant-flank),Geen hindernis
44895,52,Brugge,Brugge,51.22632,3.24095,0.6934428347187988,51.22149069088223,3.234649681981497,2024,1,7,31005,Brugge,Sneeuwval,"Ijzel, sneeuw","Nacht, openbare verlichting aanwezig en ontstoken",met lichtgewonden,9,personenauto,3,Fiets,Op Kruispunt,Gewestweg,binnen bebouwde kom,Tss. 2 best.: langs opzij (voor-/achterkant-flank),Geen hindernis
44897,142,TEST Validatie BRUGGE Y2H22022134,Brugge,51.22632,3.24095,0.2568132194957897,51.22775098428367,3.2380551632109382,2024,1,6,31005,Brugge,Normaal,Droog,"Nacht, openbare verlichting aanwezig en ontstoken",met zwaargewonden,1,Autobus,3,Fiets,Op Kruispunt,Gemeenteweg,binnen bebouwde kom,Tss. 2 best.: langs opzij (voor-/achterkant-flank),Geen hindernis
44897,52,Brugge,Brugge,51.22632,3.24095,0.2568132194957897,51.22775098428367,3.2380551632109382,2024,1,6,31005,Brugge,Normaal,Droog,"Nacht, openbare verlichting aanwezig en ontstoken",met zwaargewonden,1,Autobus,3,Fiets,Op Kruispunt,Gemeenteweg,binnen bebouwde kom,Tss. 2 best.: langs opzij (voor-/achterkant-flank),Geen hindernis
44897,54,Brugge teller 2,Brugge,51.23015,3.22818,0.7375519333119046,51.22775098428367,3.2380551632109382,2024,1,6,31005,Brugge,Normaal,Droog,"Nacht, openbare verlichting aanwezig en ontstoken",met zwaargewonden,1,Autobus,3,Fiets,Op Kruispunt,Gemeenteweg,binnen bebouwde kom,Tss. 2 best.: langs opzij (voor-/achterkant-flank),Geen hindernis
44897,53,Brugge teller 1,Brugge,51.23023,3.228,0.7524632713788537,51.22775098428367,3.2380551632109382,2024,1,6,31005,Brugge,Normaal,Droog,"Nacht, openbare verlichting aanwezig en ontstoken",met zwaargewonden,1,Autobus,3,Fiets,Op Kruispunt,Gemeenteweg,binnen bebouwde kom,Tss. 2 best.: langs opzij (voor-/achterkant-flank),Geen hindernis
44915,18,Oostende 1,Oostende,51.21378,2.92765,0.4764194784006667,51.218055007308415,2.9271938942189526,2024,1,10,35013,Oostende,Regenval,"Nat, plassen",Dag,met lichtgewonden,9,personenauto,3,Fiets,Buiten Kruispunt,Gemeenteweg,binnen bebouwde kom,Tss. 2 best.: langs opzij (voor-/achterkant-flank),Geen hindernis
44915,15,Oostende 2,Oostende,51.21371,2.92743,0.48342256298741043,51.218055007308415,2.9271938942189526,2024,1,10,35013,Oostende,Regenval,"Nat, plassen",Dag,met lichtgewonden,9,personenauto,3,Fiets,Buiten Kruispunt,Gemeenteweg,binnen bebouwde kom,Tss. 2 best.: langs opzij (voor-/achterkant-flank),Geen hindernis
44943,74,Kortrijk teller 1,Kortrijk,50.81909,3.25728,0.9342619528163675,50.81688983050925,3.2701147803674457,2024,1,16,34022,Kortrijk,Normaal,Droog,Dag,met lichtgewonden,9,personenauto,3,Fiets,Op Kruispunt,Gewestweg,binnen bebouwde kom,Tussen 2 bestuurders: Frontale botsing,Geen hindernis
44943,75,Kortrijk teller 2,Kortrijk,50.81925,3.25731,0.9370529125195526,50.81688983050925,3.2701147803674457,2024,1,16,34022,Kortrijk,Normaal,Droog,Dag,met lichtgewonden,9,personenauto,3,Fiets,Op Kruispunt,Gewestweg,binnen bebouwde kom,Tussen 2 bestuurders: Frontale botsing,Geen hindernis
44944,143,Eco Display Classic Budastraat,Kortrijk,50.83066,3.26286,0.543009129935817,50.83554149033761,3.2630761243404054,2024,1,15,34022,Kortrijk,Normaal,Droog,Dag,met lichtgewonden,9,personenauto,3,Fiets,Buiten Kruispunt,Gewestweg,binnen bebouwde kom,Tussen 2 bestuurders: Langs achteren,Geen hindernis
44947,143,Eco Display Classic Budastraat,Kortrijk,50.83066,3.26286,0.4755322394917029,50.83437845540405,3.259515475520892,2024,1,16,34022,Kortrijk,Normaal,Droog,Dag,met lichtgewonden,9,personenauto,3,Fiets,Buiten Kruispunt,Gewestweg,binnen bebouwde kom,Tussen 2 bestuurders: Langs achteren,Geen hindernis
44950,143,Eco Display Classic Budastraat,Kortrijk,50.83066,3.26286,0.3141149878463897,50.828505676145966,3.265752971783997,2024,1,12,34022,Kortrijk,Normaal,"Nat, plassen",Dag,met lichtgewonden,3,Fiets,3,Fiets,Buiten Kruispunt,Gewestweg,binnen bebouwde kom,Tussen 2 bestuurders: Flank tegen flank,Geen hindernis
44950,16,Kortrijk 1,Kortrijk,50.83332,3.27777,0.9994386363708356,50.828505676145966,3.265752971783997,2024,1,12,34022,Kortrijk,Normaal,"Nat, plassen",Dag,met lichtgewonden,3,Fiets,3,Fiets,Buiten Kruispunt,Gewestweg,binnen bebouwde kom,Tussen 2 bestuurders: Flank tegen flank,Geen hindernis
44976,83,Beersel teller 2,Beersel,50.75175,4.33304,0.04210945741063776,50.75212446645674,4.33312924533522,2024,1,18,23003,Beersel,Normaal,"Ijzel, sneeuw","Nacht, openbare verlichting aanwezig en ontstoken",met lichtgewonden,9,personenauto,3,Fiets,Op Kruispunt,Gemeenteweg,binnen bebouwde kom,Tss. 2 best.: langs opzij (voor-/achterkant-flank),Geen hindernis
44976,82,Beersel teller 1,Beersel,50.75128,4.33336,0.09529333594974562,50.75212446645674,4.33312924533522,2024,1,18,23003,Beersel,Normaal,"Ijzel, sneeuw","Nacht, openbare verlichting aanwezig en ontstoken",met lichtgewonden,9,personenauto,3,Fiets,Op Kruispunt,Gemeenteweg,binnen bebouwde kom,Tss. 2 best.: langs opzij (voor-/achterkant-flank),Geen hindernis
44979,140,Hasselt ring,Hasselt,50.9300038,5.3438616,0.3870618001750479,50.92685367300169,5.346211424856935,2024,1,10,71022,Hasselt,Normaal,Droog,Dag,met lichtgewonden,3,Fiets,9,personenauto,Op Kruispunt,Gemeenteweg,binnen bebouwde kom,Tss. 2 best.: langs opzij (voor-/achterkant-flank),Geen hindernis
44980,138,Hasselt-Kempische brug,Hasselt,50.9405318,5.3422472,0.31513579414323045,50.93784039482838,5.3408381540648895,2024,1,15,71022,Hasselt,Normaal,Droog,Dag,met lichtgewonden,3,Fiets,9,personenauto,Op Kruispunt,Gewestweg,binnen bebouwde kom,Tss. 2 best.: langs opzij (voor-/achterkant-flank),Geen hindernis
44980,137,Hasselt-Kempische brug,Hasselt,50.9411605,5.3417576,0.3747579144255165,50.93784039482838,5.3408381540648895,2024,1,15,71022,Hasselt,Normaal,Droog,Dag,met lichtgewonden,3,Fiets,9,personenauto,Op Kruispunt,Gewestweg,binnen bebouwde kom,Tss. 2 best.: langs opzij (voor-/achterkant-flank),Geen hindernis
44980,140,Hasselt ring,Hasselt,50.9300038,5.3438616,0.8967776861223924,50.93784039482838,5.3408381540648895,2024,1,15,71022,Hasselt,Normaal,Droog,Dag,met lichtgewonden,3,Fiets,9,personenauto,Op Kruispunt,Gewestweg,binnen bebouwde kom,Tss. 2 best.: langs opzij (voor-/achterkant-flank),Geen hindernis
44983,140,Hasselt ring,Hasselt,50.9300038,5.3438616,0.4772706237973287,50.92959402829607,5.350640565410734,2024,1,17,71022,Hasselt,Regenval,"Nat, plassen","Nacht, openbare verlichting aanwezig en ontstoken",met lichtgewonden,9,personenauto,3,Fiets,Op Kruispunt,Gewestweg,binnen bebouwde kom,Tussen 2 bestuurders: Frontale botsing,Geen hindernis
44984,69,Leuven teller 1,Leuven,50.87549,4.71526,0.7002991444483306,50.87055485305411,4.7214602202259215,2024,1,15,24062,Leuven,Normaal,Droog,Dag,met lichtgewonden,3,Fiets,9,personenauto,Buiten Kruispunt,Gemeenteweg,binnen bebouwde kom,Tss. 2 best.: langs opzij (voor-/achterkant-flank),Geen hindernis
44985,25,Bree,Bree,51.13679500160176,5.597669323604317,0.3740719753822016,51.13985302711804,5.599903855830753,2024,1,13,72004,Bree,Normaal,Droog,Dag,met lichtgewonden,9,personenauto,3,Fiets,Op Kruispunt,Gewestweg,binnen bebouwde kom,Tss. 2 best.: langs opzij (voor-/achterkant-flank),Geen hindernis
44990,14,Genk,Genk,50.97172,5.48927,0.9598894444258111,50.96411432302428,5.482786000676591,2024,1,12,71016,Genk,Normaal,Droog,Dag,met lichtgewonden,3,Fiets,9,personenauto,Op Kruispunt,Gewestweg,binnen bebouwde kom,Tss. 2 best.: langs opzij (voor-/achterkant-flank),Geen hindernis
44995,139,Houthalen-Helchteren,Houthalen-Helchteren,51.0644267,5.3819796,0.6544035513101158,51.07026632742277,5.380816469036183,2024,1,7,72039,Houthalen-Helchteren,Normaal,Droog,"Nacht, geen openbare verlichting aanwezig",met lichtgewonden,3,Fiets,11,een weggebruiker tegen een hindernis,Buiten Kruispunt,Gemeenteweg,buiten bebouwde kom,Weggebruiker tegen hindernis op de rijbaan,"Op de rijbaan: Werken (signal., aarde, toestel,…)"
44997,23,Tienen 3,Tienen,50.81324,4.93447,0.14612505497727418,50.81428259997675,4.933203928327114,2024,1,16,24107,Tienen,Sneeuwval,"Nat, plassen",Dag,met lichtgewonden,9,personenauto,3,Fiets,Buiten Kruispunt,Gemeenteweg,binnen bebouwde kom,Tss. 2 best.: langs opzij (voor-/achterkant-flank),Geen hindernis
44997,24,Tienen 1,Tienen,50.8133795491886,4.935044252605416,0.16370944474853685,50.81428259997675,4.933203928327114,2024,1,16,24107,Tienen,Sneeuwval,"Nat, plassen",Dag,met lichtgewonden,9,personenauto,3,Fiets,Buiten Kruispunt,Gemeenteweg,binnen bebouwde kom,Tss. 2 best.: langs opzij (voor-/achterkant-flank),Geen hindernis
44997,22,Tienen 2,Tienen,50.81330800184882,4.935984252796022,0.2233865332157793,50.81428259997675,4.933203928327114,2024,1,16,24107,Tienen,Sneeuwval,"Nat, plassen",Dag,met lichtgewonden,9,personenauto,3,Fiets,Buiten Kruispunt,Gemeenteweg,binnen bebouwde kom,Tss. 2 best.: langs opzij (voor-/achterkant-flank),Geen hindernis
44998,23,Tienen 3,Tienen,50.81324,4.93447,0.5150982354422479,50.80967789733258,4.929783156300621,2024,1,7,24107,Tienen,Normaal,"Nat, plassen",Dageraad - schemering,met lichtgewonden,9,personenauto,3,Fiets,Op Kruispunt,Gemeenteweg,binnen bebouwde kom,Tussen 2 bestuurders: Frontale botsing,Geen hindernis
44998,24,Tienen 1,Tienen,50.8133795491886,4.935044252605416,0.5532269637638471,50.80967789733258,4.929783156300621,2024,1,7,24107,Tienen,Normaal,"Nat, plassen",Dageraad - schemering,met lichtgewonden,9,personenauto,3,Fiets,Op Kruispunt,Gemeenteweg,binnen bebouwde kom,Tussen 2 bestuurders: Frontale botsing,Geen hindernis
44998,22,Tienen 2,Tienen,50.81330800184882,4.935984252796022,0.593939322660869,50.80967789733258,4.929783156300621,2024,1,7,24107,Tienen,Normaal,"Nat, plassen",Dageraad - schemering,met lichtgewonden,9,personenauto,3,Fiets,Op Kruispunt,Gemeenteweg,binnen bebouwde kom,Tussen 2 bestuurders: Frontale botsing,Geen hindernis
45145,9,Heist op den Berg 2,Heist-op-den-Berg,51.06904,4.69524,0.47153073327918266,51.071180094913466,4.701066101901521,2024,2,16,12014,Heist-op-den-Berg,Normaal,Droog,Dageraad - schemering,met lichtgewonden,3,Fiets,5,Lichte vrachtauto,Op Kruispunt,Gewestweg,binnen bebouwde kom,Tss. 2 best.: langs opzij (voor-/achterkant-flank),Geen hindernis
45145,8,Heist op den Berg 1,Heist-op-den-Berg,51.06759,4.68823,0.9817200964857279,51.071180094913466,4.701066101901521,2024,2,16,12014,Heist-op-den-Berg,Normaal,Droog,Dageraad - schemering,met lichtgewonden,3,Fiets,5,Lichte vrachtauto,Op Kruispunt,Gewestweg,binnen bebouwde kom,Tss. 2 best.: langs opzij (voor-/achterkant-flank),Geen hindernis
45170,37,Lommel teller 1,Lommel,51.23299,5.29211,0.653174698350418,51.23211403766717,5.301386307624097,2024,1,5,72020,Lommel,Regenval,"Nat, plassen",Dageraad - schemering,met lichtgewonden,3,Fiets,11,een weggebruiker tegen een hindernis,Buiten Kruispunt,Gewestweg,binnen bebouwde kom,Weggebruiker tegen hindernis op de rijbaan,"Op de rijbaan: Werken (signal., aarde, toestel,…)"
45170,38,Lommel teller 2,Lommel,51.23277,5.29189,0.6652017582274969,51.23211403766717,5.301386307624097,2024,1,5,72020,Lommel,Regenval,"Nat, plassen",Dageraad - schemering,met lichtgewonden,3,Fiets,11,een weggebruiker tegen een hindernis,Buiten Kruispunt,Gewestweg,binnen bebouwde kom,Weggebruiker tegen hindernis op de rijbaan,"Op de rijbaan: Werken (signal., aarde, toestel,…)"
45171,37,Lommel teller 1,Lommel,51.23299,5.29211,0.3964000255507486,51.23266543601268,5.297779671453359,2024,2,12,72020,Lommel,Regenval,"Nat, plassen",Dag,met lichtgewonden,3,Fiets,9,personenauto,Buiten Kruispunt,Gewestweg,buiten bebouwde kom,Tss. 2 best.: langs opzij (voor-/achterkant-flank),Geen hindernis
45171,38,Lommel teller 2,Lommel,51.23277,5.29189,0.41023711331935514,51.23266543601268,5.297779671453359,2024,2,12,72020,Lommel,Regenval,"Nat, plassen",Dag,met lichtgewonden,3,Fiets,9,personenauto,Buiten Kruispunt,Gewestweg,buiten bebouwde kom,Tss. 2 best.: langs opzij (voor-/achterkant-flank),Geen hindernis
45175,46,Pelt teller 2,Pelt,51.231,5.44375,0.7744299641961861,51.224035814493156,5.443626347802152,2024,2,16,72043,Pelt,Normaal,Droog,Dag,met lichtgewonden,3,Fiets,9,personenauto,Buiten Kruispunt,Gemeenteweg,binnen bebouwde kom,Tss. 2 best.: langs opzij (voor-/achterkant-flank),Geen hindernis
45175,45,Pelt teller 1,Pelt,51.23127,5.44377,0.8044669191944448,51.224035814493156,5.443626347802152,2024,2,16,72043,Pelt,Normaal,Droog,Dag,met lichtgewonden,3,Fiets,9,personenauto,Buiten Kruispunt,Gemeenteweg,binnen bebouwde kom,Tss. 2 best.: langs opzij (voor-/achterkant-flank),Geen hindernis
45189,21,Bilzen,Bilzen,50.86015,5.50161,0.5673732611477409,50.85588981627706,5.497161196270998,2024,2,18,73032,Hoeselt,Regenval,"Nat, plassen","Nacht, openbare verlichting aanwezig en ontstoken",met lichtgewonden,6,Bromfiets,3,Fiets,Buiten Kruispunt,Gewestweg,binnen bebouwde kom,Tussen 2 bestuurders: Frontale botsing,Geen hindernis
45191,44,Maaseik teller 2,Maaseik,51.09359,5.79726,0.971795771011841,51.09923445555742,5.786635445532731,2024,2,17,72021,Maaseik,Normaal,Onbekend,Dag,met lichtgewonden,9,personenauto,3,Fiets,Buiten Kruispunt,Gemeenteweg,binnen bebouwde kom,Tussen 2 bestuurders: Flank tegen flank,Geen hindernis
45191,43,Maaseik teller 1,Maaseik,51.09344,5.79715,0.9768647009781732,51.09923445555742,5.786635445532731,2024,2,17,72021,Maaseik,Normaal,Onbekend,Dag,met lichtgewonden,9,personenauto,3,Fiets,Buiten Kruispunt,Gemeenteweg,binnen bebouwde kom,Tussen 2 bestuurders: Flank tegen flank,Geen hindernis
45193,43,Maaseik teller 1,Maaseik,51.09344,5.79715,0.8621102090694637,51.09630787031456,5.785680482129057,2024,2,11,72021,Maaseik,Normaal,Droog,Dag,met lichtgewonden,9,personenauto,3,Fiets,Op Kruispunt,Gewestweg,binnen bebouwde kom,Tss. 2 best.: langs opzij (voor-/achterkant-flank),Geen hindernis
45193,44,Maaseik teller 2,Maaseik,51.09359,5.79726,0.8632710525716389,51.09630787031456,5.785680482129057,2024,2,11,72021,Maaseik,Normaal,Droog,Dag,met lichtgewonden,9,personenauto,3,Fiets,Op Kruispunt,Gewestweg,binnen bebouwde kom,Tss. 2 best.: langs opzij (voor-/achterkant-flank),Geen hindernis
45197,77,Leuven teller 2,Leuven,50.88672,4.70796,0.11948757183835501,50.887372806902164,4.706606975324709,2024,2,9,24062,Leuven,Normaal,Droog,Dag,met lichtgewonden,6,Bromfiets,3,Fiets,Op Kruispunt,Gewestweg,binnen bebouwde kom,Tussen 2 bestuurders: Frontale botsing,Geen hindernis
45197,107,leuven totem,Leuven,50.8870744,4.7087919,0.15681698950178513,50.887372806902164,4.706606975324709,2024,2,9,24062,Leuven,Normaal,Droog,Dag,met lichtgewonden,6,Bromfiets,3,Fiets,Op Kruispunt,Gewestweg,binnen bebouwde kom,Tussen 2 bestuurders: Frontale botsing,Geen hindernis
45198,69,Leuven teller 1,Leuven,50.87549,4.71526,0.5851337089014284,50.870889167395404,4.711212541757398,2024,2,13,24062,Leuven,Normaal,Droog,Dag,met lichtgewonden,3,Fiets,5,Lichte vrachtauto,Op Kruispunt,Gewestweg,binnen bebouwde kom,Tss. 2 best.: langs opzij (voor-/achterkant-flank),Geen hindernis
45200,107,leuven totem,Leuven,50.8870744,4.7087919,0.25861303158949883,50.885105332420366,4.710753840438766,2024,2,15,24062,Leuven,Normaal,Droog,Dag,met lichtgewonden,3,Fiets,8,Voetganger,Buiten Kruispunt,Gewestweg,binnen bebouwde kom,Met een voetganger,Geen hindernis
45200,77,Leuven teller 2,Leuven,50.88672,4.70796,0.2657931101759047,50.885105332420366,4.710753840438766,2024,2,15,24062,Leuven,Normaal,Droog,Dag,met lichtgewonden,3,Fiets,8,Voetganger,Buiten Kruispunt,Gewestweg,binnen bebouwde kom,Met een voetganger,Geen hindernis
45202,151,Leuven,District Leuven,50.8690262,4.6854839,0.5233006859756767,50.873343755651234,4.688451254843001,2024,2,12,24062,Leuven,Normaal,Droog,Dag,met lichtgewonden,9,personenauto,3,Fiets,Op Kruispunt,Gewestweg,binnen bebouwde kom,Tussen 2 bestuurders: Flank tegen flank,Geen hindernis
45204,77,Leuven teller 2,Leuven,50.88672,4.70796,0.5229875188476365,50.888157515678586,4.7008611577517305,2024,2,12,24062,Leuven,Normaal,Proper,Dag,met lichtgewonden,9,personenauto,3,Fiets,Buiten Kruispunt,Gemeenteweg,binnen bebouwde kom,Tss. 2 best.: langs opzij (voor-/achterkant-flank),Geen hindernis
45204,107,leuven totem,Leuven,50.8870744,4.7087919,0.5692020743164832,50.888157515678586,4.7008611577517305,2024,2,12,24062,Leuven,Normaal,Proper,Dag,met lichtgewonden,9,personenauto,3,Fiets,Buiten Kruispunt,Gemeenteweg,binnen bebouwde kom,Tss. 2 best.: langs opzij (voor-/achterkant-flank),Geen hindernis
45205,151,Leuven,District Leuven,50.8690262,4.6854839,0.5604445001367441,50.87199928752918,4.691933104677037,2024,2,13,24062,Leuven,Normaal,Droog,Dag,met lichtgewonden,8,Voetganger,3,Fiets,Buiten Kruispunt,Gewestweg,binnen bebouwde kom,Met een voetganger,Geen hindernis
45214,101,Diest teller 1,Diest,50.97799,5.04481,0.36188165890626744,50.98058909175015,5.047920958297797,2024,2,19,24020,Diest,Regenval,"Nat, plassen","Nacht, openbare verlichting aanwezig en ontstoken",met lichtgewonden,9,personenauto,3,Fiets,Op Kruispunt,Gewestweg,binnen bebouwde kom,Tss. 2 best.: langs opzij (voor-/achterkant-flank),Geen hindernis
45214,102,Diest teller 2,Diest,50.9779,5.04474,0.3728293283124854,50.98058909175015,5.047920958297797,2024,2,19,24020,Diest,Regenval,"Nat, plassen","Nacht, openbare verlichting aanwezig en ontstoken",met lichtgewonden,9,personenauto,3,Fiets,Op Kruispunt,Gewestweg,binnen bebouwde kom,Tss. 2 best.: langs opzij (voor-/achterkant-flank),Geen hindernis
45241,118,Gent teller 1,Gent,51.028049,3.7681359,0.9144573302332508,51.02098623356768,3.7614377053929,2024,2,17,44021,Gent,Normaal,"Nat, plassen",Dageraad - schemering,met lichtgewonden,5,Lichte vrachtauto,3,Fiets,Buiten Kruispunt,Gemeenteweg,binnen bebouwde kom,Tss. 2 best.: langs opzij (voor-/achterkant-flank),Geen hindernis
45241,119,Gent teller 2,Gent,51.0281795,3.7683918,0.9361216750978131,51.02098623356768,3.7614377053929,2024,2,17,44021,Gent,Normaal,"Nat, plassen",Dageraad - schemering,met lichtgewonden,5,Lichte vrachtauto,3,Fiets,Buiten Kruispunt,Gemeenteweg,binnen bebouwde kom,Tss. 2 best.: langs opzij (voor-/achterkant-flank),Geen hindernis
45247,13,Gent,Gent,51.03018,3.70146,0.9866565432462634,51.03879280751114,3.704853312454634,2024,2,14,44021,Gent,Regenval,"Nat, plassen",Dag,met lichtgewonden,3,Fiets,10,"één bestuurder, geen hindernis",Buiten Kruispunt,Gemeenteweg,binnen bebouwde kom,"Eén bestuurder, geen hindernis (incl. val)",Geen hindernis
45284,116,Melle teller 2,Melle,50.9986113,3.8040599,0.3577299054425415,51.001821784332,3.80373117904443,2024,2,7,44040,Melle,Normaal,Droog,Dag,met lichtgewonden,3,Fiets,5,Lichte vrachtauto,Buiten Kruispunt,Gewestweg,binnen bebouwde kom,Tussen 2 bestuurders: Flank tegen flank,Geen hindernis
45284,117,Melle teller 1,Melle,50.9986113,3.8040599,0.3577299054425415,51.001821784332,3.80373117904443,2024,2,7,44040,Melle,Normaal,Droog,Dag,met lichtgewonden,3,Fiets,5,Lichte vrachtauto,Buiten Kruispunt,Gewestweg,binnen bebouwde kom,Tussen 2 bestuurders: Flank tegen flank,Geen hindernis
45290,7,Evergem 1,Evergem,51.1089,3.70317,0.6916186369213257,51.11276543239232,3.7109316919890682,2024,2,17,44019,Evergem,Normaal,Droog,Dag,met lichtgewonden,9,personenauto,3,Fiets,Op Kruispunt,Gemeenteweg,binnen bebouwde kom,Tss. 2 best.: langs opzij (voor-/achterkant-flank),Geen hindernis
45290,6,Evergem 2,Evergem,51.10894,3.70298,0.6993441295572835,51.11276543239232,3.7109316919890682,2024,2,17,44019,Evergem,Normaal,Droog,Dag,met lichtgewonden,9,personenauto,3,Fiets,Op Kruispunt,Gemeenteweg,binnen bebouwde kom,Tss. 2 best.: langs opzij (voor-/achterkant-flank),Geen hindernis