crash_row_id,site_id,site_name,site_gemeente,site_lat,site_long,distance_km,crash_lat,crash_long,DT_YEAR_COLLISION,DT_MONTH_COLLISION,DT_TIME,CD_NIS,TX_MUNTY_COLLISION_NL,TX_WEATHER_NL,TX_ROAD_CONDITION_NL,TX_LIGHT_CONDITION_NL,TX_CLASS_ACCIDENTS_NL,CD_ROAD_USR_TYPE1,TX_ROAD_USR_TYPE1_NL,CD_ROAD_USR_TYPE2,TX_ROAD_USR_TYPE2_NL,TX_CROSSWAY_NL,CD_ROAD_TYPE_NL,TX_BUILD_UP_AREA_NL,TX_COLLISION_TYPE_NL,TX_OBSTACLES_NL
45330,126,Hamme totem,Hamme,51.1017709,4.1469307,0.28055371236819243,51.10087640201196,4.1431736895535645,2024,2,9,42008,Hamme,Normaal,Droog,Dag,met lichtgewonden,9,personenauto,3,Fiets,Buiten Kruispunt,Gemeenteweg,binnen bebouwde kom,Tss. 2 best.: langs opzij (voor-/achterkant-flank),Geen hindernis
45353,125,Dendermonde totem,Dendermonde,51.0372706,4.1025998,0.6939488444005737,51.0311884823878,4.100375905763731,2024,2,3,42006,Dendermonde,Regenval,"Nat, plassen","Nacht, openbare verlichting aanwezig en ontstoken",met lichtgewonden,9,personenauto,3,Fiets,Buiten Kruispunt,Gemeenteweg,binnen bebouwde kom,Tussen 2 bestuurders: Frontale botsing,Geen hindernis
45353,122,Dendermonde teller 2,Dendermonde,51.0373918,4.1019222,0.6982005653234838,51.0311884823878,4.100375905763731,2024,2,3,42006,Dendermonde,Regenval,"Nat, plassen","Nacht, openbare verlichting aanwezig en ontstoken",met lichtgewonden,9,personenauto,3,Fiets,Buiten Kruispunt,Gemeenteweg,binnen bebouwde kom,Tussen 2 bestuurders: Frontale botsing,Geen hindernis
45381,18,Oostende 1,Oostende,51.21378,2.92765,0.5059460620463854,51.2182409662744,2.9290806170530863,2024,2,5,35013,Oostende,Normaal,"Nat, plassen","Nacht, openbare verlichting aanwezig en ontstoken",met lichtgewonden,9,personenauto,3,Fiets,Op Kruispunt,Gewestweg,binnen bebouwde kom,Tss. 2 best.: langs opzij (voor-/achterkant-flank),Geen hindernis
45381,15,Oostende 2,Oostende,51.21371,2.92743,0.5167712248793649,51.2182409662744,2.9290806170530863,2024,2,5,35013,Oostende,Normaal,"Nat, plassen","Nacht, openbare verlichting aanwezig en ontstoken",met lichtgewonden,9,personenauto,3,Fiets,Op Kruispunt,Gewestweg,binnen bebouwde kom,Tss. 2 best.: langs opzij (voor-/achterkant-flank),Geen hindernis
45382,18,Oostende 1,Oostende,51.21378,2.92765,0.6261144445266318,51.21747800658551,2.9344288767492706,2024,2,21,35013,Oostende,Regenval,"Nat, plassen","Nacht, openbare verlichting aanwezig en ontstoken",met lichtgewonden,9,personenauto,3,Fiets,Op Kruispunt,Gewestweg,binnen bebouwde kom,Tss. 2 best.: langs opzij (voor-/achterkant-flank),Geen hindernis
45382,15,Oostende 2,Oostende,51.21371,2.92743,0.6427957806775044,51.21747800658551,2.9344288767492706,2024,2,21,35013,Oostende,Regenval,"Nat, plassen","Nacht, openbare verlichting aanwezig en ontstoken",met lichtgewonden,9,personenauto,3,Fiets,Op Kruispunt,Gewestweg,binnen bebouwde kom,Tss. 2 best.: langs opzij (voor-/achterkant-flank),Geen hindernis
45383,15,Oostende 2,Oostende,51.21371,2.92743,0.9932160744176128,51.21149641657112,2.9136159383547895,2024,2,8,35013,Oostende,Normaal,Droog,Dag,met lichtgewonden,3,Fiets,3,Fiets,Op Kruispunt,Gemeenteweg,binnen bebouwde kom,Tussen 2 bestuurders: Flank tegen flank,Geen hindernis
45387,15,Oostende 2,Oostende,51.21371,2.92743,0.44764852461305055,51.2098573881757,2.9292946460798737,2024,2,14,35013,Oostende,Regenval,"Nat, plassen",Dag,met lichtgewonden,9,personenauto,3,Fiets,Buiten Kruispunt,Gemeenteweg,binnen bebouwde kom,Tss. 2 best.: langs opzij (voor-/achterkant-flank),Geen hindernis
45387,18,Oostende 1,Oostende,51.21378,2.92765,0.45096849223736946,51.2098573881757,2.9292946460798737,2024,2,14,35013,Oostende,Regenval,"Nat, plassen",Dag,met lichtgewonden,9,personenauto,3,Fiets,Buiten Kruispunt,Gemeenteweg,binnen bebouwde kom,Tss. 2 best.: langs opzij (voor-/achterkant-flank),Geen hindernis
45392,55,Torhout teller 1,Torhout,51.07161,3.08261,0.1691470193552457,51.07282398063976,3.0811511748917675,2024,2,16,31033,Torhout,Normaal,Droog,Dag,met lichtgewonden,3,Fiets,9,personenauto,Op Kruispunt,Gemeenteweg,binnen bebouwde kom,Tussen 2 bestuurders: Frontale botsing,Geen hindernis
45392,56,Torhout teller 2,Torhout,51.07147,3.08244,0.17543005240724308,51.07282398063976,3.0811511748917675,2024,2,16,31033,Torhout,Normaal,Droog,Dag,met lichtgewonden,3,Fiets,9,personenauto,Op Kruispunt,Gemeenteweg,binnen bebouwde kom,Tussen 2 bestuurders: Frontale botsing,Geen hindernis
45410,74,Kortrijk teller 1,Kortrijk,50.81909,3.25728,0.9031918900386562,50.813376538793634,3.266417993147862,2024,2,8,34022,Kortrijk,Normaal,Droog,Dag,met lichtgewonden,3,Fiets,9,personenauto,Op Kruispunt,Gewestweg,binnen bebouwde kom,Tss. 2 best.: langs opzij (voor-/achterkant-flank),Geen hindernis
45410,75,Kortrijk teller 2,Kortrijk,50.81925,3.25731,0.9143165840593492,50.813376538793634,3.266417993147862,2024,2,8,34022,Kortrijk,Normaal,Droog,Dag,met lichtgewonden,3,Fiets,9,personenauto,Op Kruispunt,Gewestweg,binnen bebouwde kom,Tss. 2 best.: langs opzij (voor-/achterkant-flank),Geen hindernis
45413,143,Eco Display Classic Budastraat,Kortrijk,50.83066,3.26286,0.5249848022577042,50.83085582451068,3.2553914434271842,2024,2,16,34022,Kortrijk,Normaal,Droog,Dag,met lichtgewonden,5,Lichte vrachtauto,3,Fiets,Op Kruispunt,Gewestweg,binnen bebouwde kom,Tss. 2 best.: langs opzij (voor-/achterkant-flank),Geen hindernis
45415,143,Eco Display Classic Budastraat,Kortrijk,50.83066,3.26286,0.4393876897707166,50.82979341479138,3.268963847258534,2024,2,17,34022,Kortrijk,Onbekend,Onbekend,Dag,met lichtgewonden,3,Fiets,9,personenauto,Buiten Kruispunt,Gewestweg,binnen bebouwde kom,Tussen 2 bestuurders: Flank tegen flank,Geen hindernis
45415,16,Kortrijk 1,Kortrijk,50.83332,3.27777,0.732305373125621,50.82979341479138,3.268963847258534,2024,2,17,34022,Kortrijk,Onbekend,Onbekend,Dag,met lichtgewonden,3,Fiets,9,personenauto,Buiten Kruispunt,Gewestweg,binnen bebouwde kom,Tussen 2 bestuurders: Flank tegen flank,Geen hindernis
45415,17,Kortrijk 2,Kortrijk,50.83339,3.27773,0.734144923654855,50.82979341479138,3.268963847258534,2024,2,17,34022,Kortrijk,Onbekend,Onbekend,Dag,met lichtgewonden,3,Fiets,9,personenauto,Buiten Kruispunt,Gewestweg,binnen bebouwde kom,Tussen 2 bestuurders: Flank tegen flank,Geen hindernis
45416,143,Eco Display Classic Budastraat,Kortrijk,50.83066,3.26286,0.5750489810276989,50.83503394066529,3.2672287727357836,2024,2,8,34022,Kortrijk,Regenval,"Nat, plassen",Dag,met lichtgewonden,9,personenauto,3,Fiets,Op Kruispunt,Gewestweg,binnen bebouwde kom,Tss. 2 best.: langs opzij (voor-/achterkant-flank),Geen hindernis
45416,17,Kortrijk 2,Kortrijk,50.83339,3.27773,0.759787065949379,50.83503394066529,3.2672287727357836,2024,2,8,34022,Kortrijk,Regenval,"Nat, plassen",Dag,met lichtgewonden,9,personenauto,3,Fiets,Op Kruispunt,Gewestweg,binnen bebouwde kom,Tss. 2 best.: langs opzij (voor-/achterkant-flank),Geen hindernis
45416,16,Kortrijk 1,Kortrijk,50.83332,3.27777,0.7644177993014685,50.83503394066529,3.2672287727357836,2024,2,8,34022,Kortrijk,Regenval,"Nat, plassen",Dag,met lichtgewonden,9,personenauto,3,Fiets,Op Kruispunt,Gewestweg,binnen bebouwde kom,Tss. 2 best.: langs opzij (voor-/achterkant-flank),Geen hindernis
45443,42,Maasmechelen teller 2,Maasmechelen,50.97043,5.6981,0.42362849875988945,50.97206300734427,5.692633910017623,2024,2,16,73107,Maasmechelen,Normaal,Droog,Dag,met lichtgewonden,3,Fiets,9,personenauto,Op Kruispunt,Gemeenteweg,binnen bebouwde kom,Tss. 2 best.: langs opzij (voor-/achterkant-flank),Geen hindernis
45443,41,Maasmechelen teller 1,Maasmechelen,50.97025,5.69799,0.4257868369673791,50.97206300734427,5.692633910017623,2024,2,16,73107,Maasmechelen,Normaal,Droog,Dag,met lichtgewonden,3,Fiets,9,personenauto,Op Kruispunt,Gemeenteweg,binnen bebouwde kom,Tss. 2 best.: langs opzij (voor-/achterkant-flank),Geen hindernis
45450,106,St. pieters leeuw teller 1,Sint-Pieters-Leeuw,50.75533,4.24951,0.905286719629725,50.763388652674415,4.251340726908867,2024,2,8,23077,Sint-Pieters-Leeuw,Normaal,Droog,Dag,met zwaargewonden,9,personenauto,3,Fiets,Op Kruispunt,Gewestweg,buiten bebouwde kom,Tss. 2 best.: langs opzij (voor-/achterkant-flank),Geen hindernis
45450,105,St. pieters leeuw teller 2,Halle,50.75509,4.24943,0.9325043098563589,50.763388652674415,4.251340726908867,2024,2,8,23077,Sint-Pieters-Leeuw,Normaal,Droog,Dag,met zwaargewonden,9,personenauto,3,Fiets,Op Kruispunt,Gewestweg,buiten bebouwde kom,Tss. 2 best.: langs opzij (voor-/achterkant-flank),Geen hindernis
45455,140,Hasselt ring,Hasselt,50.9300038,5.3438616,0.589474540535942,50.934972841145935,5.346792552522913,2024,2,16,71022,Hasselt,Normaal,"Nat, plassen",Dag,met lichtgewonden,3,Fiets,9,personenauto,Op Kruispunt,Gemeenteweg,binnen bebouwde kom,Tussen 2 bestuurders: Frontale botsing,Geen hindernis
45455,138,Hasselt-Kempische brug,Hasselt,50.9405318,5.3422472,0.6953582276022944,50.934972841145935,5.346792552522913,2024,2,16,71022,Hasselt,Normaal,"Nat, plassen",Dag,met lichtgewonden,3,Fiets,9,personenauto,Op Kruispunt,Gemeenteweg,binnen bebouwde kom,Tussen 2 bestuurders: Frontale botsing,Geen hindernis
45455,137,Hasselt-Kempische brug,Hasselt,50.9411605,5.3417576,0.7732161889669922,50.934972841145935,5.346792552522913,2024,2,16,71022,Hasselt,Normaal,"Nat, plassen",Dag,met lichtgewonden,3,Fiets,9,personenauto,Op Kruispunt,Gemeenteweg,binnen bebouwde kom,Tussen 2 bestuurders: Frontale botsing,Geen hindernis
45459,25,Bree,Bree,51.13679500160176,5.597669323604317,0.30112758357162894,51.13618297821529,5.593465054524364,2024,2,18,72004,Bree,Normaal,"Nat, plassen","Nacht, openbare verlichting aanwezig en ontstoken",met lichtgewonden,3,Fiets,9,personenauto,Op Kruispunt,Gewestweg,buiten bebouwde kom,Tss. 2 best.: langs opzij (voor-/achterkant-flank),Geen hindernis
45469,139,Houthalen-Helchteren,Houthalen-Helchteren,51.0644267,5.3819796,0.9336303933690667,51.05611507797866,5.380086637107043,2024,2,17,72039,Houthalen-Helchteren,Normaal,Droog,Dag,met lichtgewonden,9,personenauto,3,Fiets,Op Kruispunt,Gewestweg,binnen bebouwde kom,Tussen 2 bestuurders: Flank tegen flank,Geen hindernis
45473,23,Tienen 3,Tienen,50.81324,4.93447,0.4946987579936645,50.81401778534656,4.9275372596001,2024,2,8,24107,Tienen,Normaal,Proper,Dageraad - schemering,met lichtgewonden,3,Fiets,9,personenauto,Buiten Kruispunt,Gewestweg,binnen bebouwde kom,Tussen 2 bestuurders: Langs achteren,Geen hindernis
45473,24,Tienen 1,Tienen,50.8133795491886,4.935044252605416,0.5321784076983903,50.81401778534656,4.9275372596001,2024,2,8,24107,Tienen,Normaal,Proper,Dageraad - schemering,met lichtgewonden,3,Fiets,9,personenauto,Buiten Kruispunt,Gewestweg,binnen bebouwde kom,Tussen 2 bestuurders: Langs achteren,Geen hindernis
45473,22,Tienen 2,Tienen,50.81330800184882,4.935984252796022,0.5986930232292116,50.81401778534656,4.9275372596001,2024,2,8,24107,Tienen,Normaal,Proper,Dageraad - schemering,met lichtgewonden,3,Fiets,9,personenauto,Buiten Kruispunt,Gewestweg,binnen bebouwde kom,Tussen 2 bestuurders: Langs achteren,Geen hindernis
45483,99,Mechelen teller 1,Mechelen,51.04564,4.46882,0.2607662815857437,51.043748445552836,4.471024872310807,2024,2,13,12025,Mechelen,Normaal,Onbekend,Dag,met zwaargewonden,3,Fiets,8,Voetganger,Buiten Kruispunt,Gemeenteweg,binnen bebouwde kom,Met een voetganger,Geen hindernis
45483,100,Mechelen teller 2,Mechelen,51.0457,4.46883,0.26577252420152697,51.043748445552836,4.471024872310807,2024,2,13,12025,Mechelen,Normaal,Onbekend,Dag,met zwaargewonden,3,Fiets,8,Voetganger,Buiten Kruispunt,Gemeenteweg,binnen bebouwde kom,Met een voetganger,Geen hindernis
45490,99,Mechelen teller 1,Mechelen,51.04564,4.46882,0.42281687208176455,51.042210262604044,4.4662085479144835,2024,2,17,12025,Mechelen,Normaal,Droog,Dageraad - schemering,met zwaargewonden,9,personenauto,3,Fiets,Op Kruispunt,Gemeenteweg,binnen bebouwde kom,Tss. 2 best.: langs opzij (voor-/achterkant-flank),Geen hindernis
45490,100,Mechelen teller 2,Mechelen,51.0457,4.46883,0.42914228042706204,51.042210262604044,4.4662085479144835,2024,2,17,12025,Mechelen,Normaal,Droog,Dageraad - schemering,met zwaargewonden,9,personenauto,3,Fiets,Op Kruispunt,Gemeenteweg,binnen bebouwde kom,Tss. 2 best.: langs opzij (voor-/achterkant-flank),Geen hindernis
45495,115,Aalter,Aalter,51.1058367,3.4350591,0.4813093011983142,51.10216132504501,3.4387004167260224,2024,2,7,44084,Aalter,Regenval,"Nat, plassen",Dag,met lichtgewonden,9,personenauto,3,Fiets,Op Kruispunt,Gewestweg,binnen bebouwde kom,Tss. 2 best.: langs opzij (voor-/achterkant-flank),Geen hindernis
45508,2,Brasschaat 2,Brasschaat,51.27512,4.47169,0.9959107719367014,51.271004366252505,4.458974665175149,2024,3,8,11002,Antwerpen,Normaal,Droog,Dag,met lichtgewonden,5,Lichte vrachtauto,3,Fiets,Buiten Kruispunt,Gewestweg,buiten bebouwde kom,Tss. 2 best.: langs opzij (voor-/achterkant-flank),Geen hindernis
45654,5,Balen 2,Balen,51.16018,5.19003,0.30998746407820976,51.16190954055919,5.1865436300019025,2024,3,14,13003,Balen,Normaal,Droog,Dag,met lichtgewonden,9,personenauto,3,Fiets,Op Kruispunt,Gewestweg,buiten bebouwde kom,Tss. 2 best.: langs opzij (voor-/achterkant-flank),Geen hindernis
45654,4,Balen 1,Balen,51.16023,5.19011,0.3110117707731504,51.16190954055919,5.1865436300019025,2024,3,14,13003,Balen,Normaal,Droog,Dag,met lichtgewonden,9,personenauto,3,Fiets,Op Kruispunt,Gewestweg,buiten bebouwde kom,Tss. 2 best.: langs opzij (voor-/achterkant-flank),Geen hindernis
45672,46,Pelt teller 2,Pelt,51.231,5.44375,0.21390521993073058,51.2298490281414,5.441288469369537,2024,3,21,72043,Pelt,Normaal,Droog,"Nacht, openbare verlichting aanwezig en ontstoken",met lichtgewonden,9,personenauto,3,Fiets,Op Kruispunt,Gewestweg,binnen bebouwde kom,Tss. 2 best.: langs opzij (voor-/achterkant-flank),Geen hindernis
45672,45,Pelt teller 1,Pelt,51.23127,5.44377,0.23413810740303542,51.2298490281414,5.441288469369537,2024,3,21,72043,Pelt,Normaal,Droog,"Nacht, openbare verlichting aanwezig en ontstoken",met lichtgewonden,9,personenauto,3,Fiets,Op Kruispunt,Gewestweg,binnen bebouwde kom,Tss. 2 best.: langs opzij (voor-/achterkant-flank),Geen hindernis
45675,46,Pelt teller 2,Pelt,51.231,5.44375,0.7121464843893094,51.22784544977644,5.43484919992602,2024,3,19,72043,Pelt,Normaal,Droog,Dageraad - schemering,met lichtgewonden,3,Fiets,9,personenauto,Buiten Kruispunt,Gewestweg,binnen bebouwde kom,Tss. 2 best.: langs opzij (voor-/achterkant-flank),Geen hindernis
45675,45,Pelt teller 1,Pelt,51.23127,5.44377,0.72858899208692,51.22784544977644,5.43484919992602,2024,3,19,72043,Pelt,Normaal,Droog,Dageraad - schemering,met lichtgewonden,3,Fiets,9,personenauto,Buiten Kruispunt,Gewestweg,binnen bebouwde kom,Tss. 2 best.: langs opzij (voor-/achterkant-flank),Geen hindernis
45704,107,leuven totem,Leuven,50.8870744,4.7087919,0.8416637384517519,50.89440078325245,4.705776579007777,2024,3,20,24062,Leuven,Normaal,Onbekend,"Nacht, openbare verlichting aanwezig en ontstoken",met lichtgewonden,6,Bromfiets,3,Fiets,Buiten Kruispunt,Gemeenteweg,buiten bebouwde kom,Tussen 2 bestuurders: Frontale botsing,Geen hindernis
45704,77,Leuven teller 2,Leuven,50.88672,4.70796,0.8676868234538162,50.89440078325245,4.705776579007777,2024,3,20,24062,Leuven,Normaal,Onbekend,"Nacht, openbare verlichting aanwezig en ontstoken",met lichtgewonden,6,Bromfiets,3,Fiets,Buiten Kruispunt,Gemeenteweg,buiten bebouwde kom,Tussen 2 bestuurders: Frontale botsing,Geen hindernis
45706,69,Leuven teller 1,Leuven,50.87549,4.71526,0.9966397111956206,50.870710530411024,4.727275633111482,2024,3,13,24062,Leuven,Normaal,Droog,Dag,met lichtgewonden,9,personenauto,3,Fiets,Buiten Kruispunt,Gewestweg,binnen bebouwde kom,Tss. 2 best.: langs opzij (voor-/achterkant-flank),Geen hindernis
45707,69,Leuven teller 1,Leuven,50.87549,4.71526,0.4242868515728357,50.87644982325038,4.7094073788612905,2024,3,12,24062,Leuven,Normaal,Droog,Dag,met lichtgewonden,9,personenauto,3,Fiets,Op Kruispunt,Gemeenteweg,binnen bebouwde kom,Tss. 2 best.: langs opzij (voor-/achterkant-flank),Geen hindernis
45708,69,Leuven teller 1,Leuven,50.87549,4.71526,0.7212386727879289,50.87347845758744,4.705487813970355,2024,3,16,24062,Leuven,Onbekend,Onbekend,Onbekend,met lichtgewonden,7,Motorfiets,3,Fiets,Op Kruispunt,Gemeenteweg,binnen bebouwde kom,Tussen 2 bestuurders: Langs achteren,Geen hindernis
45710,151,Leuven,District Leuven,50.8690262,4.6854839,0.5233006859756767,50.873343755651234,4.688451254843001,2024,3,16,24062,Leuven,Normaal,Droog,Dag,met lichtgewonden,9,personenauto,3,Fiets,Op Kruispunt,Gewestweg,buiten bebouwde kom,Tss. 2 best.: langs opzij (voor-/achterkant-flank),Geen hindernis
45711,151,Leuven,District Leuven,50.8690262,4.6854839,0.9868497339161223,50.86851427445728,4.699523187397473,2024,3,21,24062,Leuven,Normaal,Droog,"Nacht, openbare verlichting aanwezig en ontstoken",met lichtgewonden,3,Fiets,6,Bromfiets,Op Kruispunt,Gewestweg,binnen bebouwde kom,Tussen 2 bestuurders: Frontale botsing,Geen hindernis
45712,151,Leuven,District Leuven,50.8690262,4.6854839,0.8412345466454223,50.86151751248176,4.68401889041012,2024,3,8,24062,Leuven,Normaal,Droog,Dag,met lichtgewonden,9,personenauto,3,Fiets,Buiten Kruispunt,Gemeenteweg,binnen bebouwde kom,Tss. 2 best.: langs opzij (voor-/achterkant-flank),Geen hindernis
45714,151,Leuven,District Leuven,50.8690262,4.6854839,0.6066068072354922,50.872487678462605,4.692165407966773,2024,3,22,24062,Leuven,Regenval,"Nat, plassen","Nacht, openbare verlichting aanwezig en ontstoken",met lichtgewonden,3,Fiets,9,personenauto,Buiten Kruispunt,Gemeenteweg,binnen bebouwde kom,Tussen 2 bestuurders: Langs achteren,Geen hindernis
45716,69,Leuven teller 1,Leuven,50.87549,4.71526,0.56711109576753,50.88058483147745,4.714890865588106,2024,3,22,24062,Leuven,Normaal,Droog,"Nacht, openbare verlichting aanwezig en ontstoken",met lichtgewonden,3,Fiets,9,personenauto,Op Kruispunt,Gewestweg,binnen bebouwde kom,Tussen 2 bestuurders: Frontale botsing,Geen hindernis
45716,77,Leuven teller 2,Leuven,50.88672,4.70796,0.8377375933307225,50.88058483147745,4.714890865588106,2024,3,22,24062,Leuven,Normaal,Droog,"Nacht, openbare verlichting aanwezig en ontstoken",met lichtgewonden,3,Fiets,9,personenauto,Op Kruispunt,Gewestweg,binnen bebouwde kom,Tussen 2 bestuurders: Frontale botsing,Geen hindernis
45716,107,leuven totem,Leuven,50.8870744,4.7087919,0.8389147513819384,50.88058483147745,4.714890865588106,2024,3,22,24062,Leuven,Normaal,Droog,"Nacht, openbare verlichting aanwezig en ontstoken",met lichtgewonden,3,Fiets,9,personenauto,Op Kruispunt,Gewestweg,binnen bebouwde kom,Tussen 2 bestuurders: Frontale botsing,Geen hindernis
45717,69,Leuven teller 1,Leuven,50.87549,4.71526,0.6400039756437381,50.881198994004315,4.714100337498645,2024,3,8,24062,Leuven,Normaal,Droog,Dag,met lichtgewonden,3,Fiets,3,Fiets,Buiten Kruispunt,Gewestweg,binnen bebouwde kom,Tss. 2 best.: langs opzij (voor-/achterkant-flank),Geen hindernis
45717,77,Leuven teller 2,Leuven,50.88672,4.70796,0.7499566457728516,50.881198994004315,4.714100337498645,2024,3,8,24062,Leuven,Normaal,Droog,Dag,met lichtgewonden,3,Fiets,3,Fiets,Buiten Kruispunt,Gewestweg,binnen bebouwde kom,Tss. 2 best.: langs opzij (voor-/achterkant-flank),Geen hindernis
45717,107,leuven totem,Leuven,50.8870744,4.7087919,0.7519974720019265,50.881198994004315,4.714100337498645,2024,3,8,24062,Leuven,Normaal,Droog,Dag,met lichtgewonden,3,Fiets,3,Fiets,Buiten Kruispunt,Gewestweg,binnen bebouwde kom,Tss. 2 best.: langs opzij (voor-/achterkant-flank),Geen hindernis
45735,101,Diest teller 1,Diest,50.97799,5.04481,0.7405099136343402,50.98015788326909,5.054811255447726,2024,3,12,24020,Diest,Onbekend,Onbekend,Dag,met lichtgewonden,3,Fiets,9,personenauto,Op Kruispunt,Gemeenteweg,binnen bebouwde kom,Tss. 2 best.: langs opzij (voor-/achterkant-flank),Geen hindernis
45735,102,Diest teller 2,Diest,50.9779,5.04474,0.748443342235569,50.98015788326909,5.054811255447726,2024,3,12,24020,Diest,Onbekend,Onbekend,Dag,met lichtgewonden,3,Fiets,9,personenauto,Op Kruispunt,Gemeenteweg,binnen bebouwde kom,Tss. 2 best.: langs opzij (voor-/achterkant-flank),Geen hindernis
45740,145,Overijse,District Vilvoorde-gewestwegen,50.7885856,4.4908759,0.19567692380890406,50.79028152344366,4.490132909744301,2024,3,18,23062,Overijse,Normaal,"Nat, plassen",Dag,met zwaargewonden,9,personenauto,3,Fiets,Buiten Kruispunt,Gewestweg,buiten bebouwde kom,Tss. 2 best.: langs opzij (voor-/achterkant-flank),Geen hindernis
45740,146,Overijse 2,District Vilvoorde-gewestwegen,50.7881478,4.4902818,0.23748995661766006,50.79028152344366,4.490132909744301,2024,3,18,23062,Overijse,Normaal,"Nat, plassen",Dag,met zwaargewonden,9,personenauto,3,Fiets,Buiten Kruispunt,Gewestweg,buiten bebouwde kom,Tss. 2 best.: langs opzij (voor-/achterkant-flank),Geen hindernis
45802,13,Gent,Gent,51.03018,3.70146,0.8906541964394766,51.03711892439437,3.7078224568782288,2024,3,8,44021,Gent,Normaal,Droog,Dag,met lichtgewonden,3,Fiets,3,Fiets,Buiten Kruispunt,Gemeenteweg,binnen bebouwde kom,Tussen 2 bestuurders: Langs achteren,Geen hindernis
45820,116,Melle teller 2,Melle,50.9986113,3.8040599,0.8386500295060053,50.993299107801754,3.7955531271304186,2024,3,16,44040,Melle,Normaal,"Nat, plassen",Dag,met lichtgewonden,3,Fiets,9,personenauto,Buiten Kruispunt,Gemeenteweg,binnen bebouwde kom,Tss. 2 best.: langs opzij (voor-/achterkant-flank),Geen hindernis
45820,117,Melle teller 1,Melle,50.9986113,3.8040599,0.8386500295060053,50.993299107801754,3.7955531271304186,2024,3,16,44040,Melle,Normaal,"Nat, plassen",Dag,met lichtgewonden,3,Fiets,9,personenauto,Buiten Kruispunt,Gemeenteweg,binnen bebouwde kom,Tss. 2 best.: langs opzij (voor-/achterkant-flank),Geen hindernis
45873,128,Lokeren teller 1,Lokeren,51.09644,3.97023,0.8876378449316648,51.10397625495634,3.97442172293329,2024,3,9,46014,Lokeren,Regenval,"Nat, plassen",Dag,met lichtgewonden,3,Fiets,4,Vrachtwagen,Buiten Kruispunt,Gemeenteweg,binnen bebouwde kom,Tussen 2 bestuurders: Langs achteren,Geen hindernis
45873,129,Lokeren teller 2,Lokeren,51.09612,3.97025,0.9208624631924317,51.10397625495634,3.97442172293329,2024,3,9,46014,Lokeren,Regenval,"Nat, plassen",Dag,met lichtgewonden,3,Fiets,4,Vrachtwagen,Buiten Kruispunt,Gemeenteweg,binnen bebouwde kom,Tussen 2 bestuurders: Langs achteren,Geen hindernis
45909,10,Aalst 2,Aalst,50.93549,4.01571,0.6458824638162165,50.94128640754916,4.0163059581852325,2024,3,17,41002,Aalst,Normaal,Droog,Dag,met lichtgewonden,3,Fiets,6,Bromfiets,Op Kruispunt,Gewestweg,binnen bebouwde kom,Tss. 2 best.: langs opzij (voor-/achterkant-flank),Geen hindernis
45909,19,Aalst 1,Aalst,50.93433,4.01471,0.7815592959764592,50.94128640754916,4.0163059581852325,2024,3,17,41002,Aalst,Normaal,Droog,Dag,met lichtgewonden,3,Fiets,6,Bromfiets,Op Kruispunt,Gewestweg,binnen bebouwde kom,Tss. 2 best.: langs opzij (voor-/achterkant-flank),Geen hindernis
45909,11,Aalst 3,Aalst,50.93385,4.01647,0.8269706816694912,50.94128640754916,4.0163059581852325,2024,3,17,41002,Aalst,Normaal,Droog,Dag,met lichtgewonden,3,Fiets,6,Bromfiets,Op Kruispunt,Gewestweg,binnen bebouwde kom,Tss. 2 best.: langs opzij (voor-/achterkant-flank),Geen hindernis
45921,122,Dendermonde teller 2,Dendermonde,51.0373918,4.1019222,0.6840423915921431,51.03347710903315,4.094375871294037,2024,3,16,42006,Dendermonde,Normaal,Droog,Dag,met lichtgewonden,9,personenauto,3,Fiets,Buiten Kruispunt,Gewestweg,binnen bebouwde kom,Tss. 2 best.: langs opzij (voor-/achterkant-flank),Geen hindernis
45921,125,Dendermonde totem,Dendermonde,51.0372706,4.1025998,0.7131695440814623,51.03347710903315,4.094375871294037,2024,3,16,42006,Dendermonde,Normaal,Droog,Dag,met lichtgewonden,9,personenauto,3,Fiets,Buiten Kruispunt,Gewestweg,binnen bebouwde kom,Tss. 2 best.: langs opzij (voor-/achterkant-flank),Geen hindernis
45957,18,Oostende 1,Oostende,51.21378,2.92765,0.7528655850750481,51.21988707519701,2.9323170402309806,2024,3,17,35013,Oostende,Normaal,Droog,Dag,met lichtgewonden,3,Fiets,9,personenauto,Buiten Kruispunt,Gemeenteweg,binnen bebouwde kom,Tss. 2 best.: langs opzij (voor-/achterkant-flank),Geen hindernis
45957,15,Oostende 2,Oostende,51.21371,2.92743,0.7665736726725595,51.21988707519701,2.9323170402309806,2024,3,17,35013,Oostende,Normaal,Droog,Dag,met lichtgewonden,3,Fiets,9,personenauto,Buiten Kruispunt,Gemeenteweg,binnen bebouwde kom,Tss. 2 best.: langs opzij (voor-/achterkant-flank),Geen hindernis
45962,18,Oostende 1,Oostende,51.21378,2.92765,0.910425535147447,51.21569180833133,2.9403595787369516,2024,3,8,35013,Oostende,Normaal,Droog,Dag,met zwaargewonden,9,personenauto,3,Fiets,Buiten Kruispunt,Gemeenteweg,binnen bebouwde kom,Tss. 2 best.: langs opzij (voor-/achterkant-flank),Geen hindernis