crash_row_id,site_id,site_name,site_gemeente,site_lat,site_long,distance_km,crash_lat,crash_long,DT_YEAR_COLLISION,DT_MONTH_COLLISION,DT_TIME,CD_NIS,TX_MUNTY_COLLISION_NL,TX_WEATHER_NL,TX_ROAD_CONDITION_NL,TX_LIGHT_CONDITION_NL,TX_CLASS_ACCIDENTS_NL,CD_ROAD_USR_TYPE1,TX_ROAD_USR_TYPE1_NL,CD_ROAD_USR_TYPE2,TX_ROAD_USR_TYPE2_NL,TX_CROSSWAY_NL,CD_ROAD_TYPE_NL,TX_BUILD_UP_AREA_NL,TX_COLLISION_TYPE_NL,TX_OBSTACLES_NL
45962,15,Oostende 2,Oostende,51.21371,2.92743,0.9271523023588062,51.21569180833133,2.9403595787369516,2024,3,8,35013,Oostende,Normaal,Droog,Dag,met zwaargewonden,9,personenauto,3,Fiets,Buiten Kruispunt,Gemeenteweg,binnen bebouwde kom,Tss. 2 best.: langs opzij (voor-/achterkant-flank),Geen hindernis
45978,84,Roeselare totem,Izegem,50.91717,3.18772,0.8040424555969312,50.91811915721648,3.199090469022928,2024,3,8,36008,Izegem,Normaal,Droog,Dag,met lichtgewonden,9,personenauto,3,Fiets,Op Kruispunt,Gemeenteweg,binnen bebouwde kom,Tss. 2 best.: langs opzij (voor-/achterkant-flank),Geen hindernis
45994,143,Eco Display Classic Budastraat,Kortrijk,50.83066,3.26286,0.3588521258834997,50.82930321734141,3.2582240579880715,2024,3,9,34022,Kortrijk,Onbekend,Droog,Dag,met lichtgewonden,9,personenauto,3,Fiets,Buiten Kruispunt,Gemeenteweg,binnen bebouwde kom,Tussen 2 bestuurders: Langs achteren,Geen hindernis
45995,143,Eco Display Classic Budastraat,Kortrijk,50.83066,3.26286,0.5750489810276989,50.83503394066529,3.2672287727357836,2024,3,12,34022,Kortrijk,Onbekend,Onbekend,Dag,met lichtgewonden,3,Fiets,99,onbekend,Op Kruispunt,Gewestweg,binnen bebouwde kom,Tss. 2 best.: langs opzij (voor-/achterkant-flank),Geen hindernis
45995,17,Kortrijk 2,Kortrijk,50.83339,3.27773,0.759787065949379,50.83503394066529,3.2672287727357836,2024,3,12,34022,Kortrijk,Onbekend,Onbekend,Dag,met lichtgewonden,3,Fiets,99,onbekend,Op Kruispunt,Gewestweg,binnen bebouwde kom,Tss. 2 best.: langs opzij (voor-/achterkant-flank),Geen hindernis
45995,16,Kortrijk 1,Kortrijk,50.83332,3.27777,0.7644177993014685,50.83503394066529,3.2672287727357836,2024,3,12,34022,Kortrijk,Onbekend,Onbekend,Dag,met lichtgewonden,3,Fiets,99,onbekend,Op Kruispunt,Gewestweg,binnen bebouwde kom,Tss. 2 best.: langs opzij (voor-/achterkant-flank),Geen hindernis
45998,143,Eco Display Classic Budastraat,Kortrijk,50.83066,3.26286,0.5984155724614896,50.832189023924435,3.254690484227323,2024,3,7,34022,Kortrijk,Onbekend,Onbekend,Onbekend,met lichtgewonden,3,Fiets,9,personenauto,Op Kruispunt,Gewestweg,binnen bebouwde kom,Tussen 2 bestuurders: Langs achteren,Geen hindernis
45999,143,Eco Display Classic Budastraat,Kortrijk,50.83066,3.26286,0.8965179282114578,50.83872159479521,3.263059508582006,2024,3,7,34022,Kortrijk,Onbekend,Onbekend,Onbekend,met lichtgewonden,3,Fiets,8,Voetganger,Buiten Kruispunt,Gewestweg,binnen bebouwde kom,Met een voetganger,Geen hindernis
46000,75,Kortrijk teller 2,Kortrijk,50.81925,3.25731,0.871509978318833,50.822499566152835,3.2685997841436394,2024,3,6,34022,Kortrijk,Normaal,Droog,"Nacht, openbare verlichting aanwezig en ontstoken",met lichtgewonden,9,personenauto,3,Fiets,Op Kruispunt,Gewestweg,binnen bebouwde kom,Tss. 2 best.: langs opzij (voor-/achterkant-flank),Geen hindernis
46000,74,Kortrijk teller 1,Kortrijk,50.81909,3.25728,0.8809384830683219,50.822499566152835,3.2685997841436394,2024,3,6,34022,Kortrijk,Normaal,Droog,"Nacht, openbare verlichting aanwezig en ontstoken",met lichtgewonden,9,personenauto,3,Fiets,Op Kruispunt,Gewestweg,binnen bebouwde kom,Tss. 2 best.: langs opzij (voor-/achterkant-flank),Geen hindernis
46000,143,Eco Display Classic Budastraat,Kortrijk,50.83066,3.26286,0.9929277558223069,50.822499566152835,3.2685997841436394,2024,3,6,34022,Kortrijk,Normaal,Droog,"Nacht, openbare verlichting aanwezig en ontstoken",met lichtgewonden,9,personenauto,3,Fiets,Op Kruispunt,Gewestweg,binnen bebouwde kom,Tss. 2 best.: langs opzij (voor-/achterkant-flank),Geen hindernis
46002,143,Eco Display Classic Budastraat,Kortrijk,50.83066,3.26286,0.5807257052149865,50.835147565018744,3.2670899326492364,2024,3,17,34022,Kortrijk,Normaal,Droog,Dag,met lichtgewonden,3,Fiets,10,"één bestuurder, geen hindernis",Buiten Kruispunt,Gewestweg,binnen bebouwde kom,"Eén bestuurder, geen hindernis (incl. val)",Geen hindernis
46002,17,Kortrijk 2,Kortrijk,50.83339,3.27773,0.7723535169889845,50.835147565018744,3.2670899326492364,2024,3,17,34022,Kortrijk,Normaal,Droog,Dag,met lichtgewonden,3,Fiets,10,"één bestuurder, geen hindernis",Buiten Kruispunt,Gewestweg,binnen bebouwde kom,"Eén bestuurder, geen hindernis (incl. val)",Geen hindernis
46002,16,Kortrijk 1,Kortrijk,50.83332,3.27777,0.7770711782605647,50.835147565018744,3.2670899326492364,2024,3,17,34022,Kortrijk,Normaal,Droog,Dag,met lichtgewonden,3,Fiets,10,"één bestuurder, geen hindernis",Buiten Kruispunt,Gewestweg,binnen bebouwde kom,"Eén bestuurder, geen hindernis (incl. val)",Geen hindernis
46033,41,Maasmechelen teller 1,Maasmechelen,50.97025,5.69799,0.42028521494773546,50.96803707317433,5.693124203283758,2024,3,12,73107,Maasmechelen,Onbekend,Onbekend,Dag,met lichtgewonden,3,Fiets,11,een weggebruiker tegen een hindernis,Op Kruispunt,Gemeenteweg,binnen bebouwde kom,Weggebruiker tegen hindernis op de rijbaan,Op de rijbaan: Dier (wild dier)
46033,42,Maasmechelen teller 2,Maasmechelen,50.97043,5.6981,0.4384040262860752,50.96803707317433,5.693124203283758,2024,3,12,73107,Maasmechelen,Onbekend,Onbekend,Dag,met lichtgewonden,3,Fiets,11,een weggebruiker tegen een hindernis,Op Kruispunt,Gemeenteweg,binnen bebouwde kom,Weggebruiker tegen hindernis op de rijbaan,Op de rijbaan: Dier (wild dier)
46035,42,Maasmechelen teller 2,Maasmechelen,50.97043,5.6981,0.9516495913018399,50.97761740264193,5.690721225830308,2024,3,8,73107,Maasmechelen,Normaal,Droog,Dag,met lichtgewonden,9,personenauto,3,Fiets,Op Kruispunt,Gemeenteweg,binnen bebouwde kom,Tss. 2 best.: langs opzij (voor-/achterkant-flank),Geen hindernis
46035,41,Maasmechelen teller 1,Maasmechelen,50.97025,5.69799,0.9644335362278286,50.97761740264193,5.690721225830308,2024,3,8,73107,Maasmechelen,Normaal,Droog,Dag,met lichtgewonden,9,personenauto,3,Fiets,Op Kruispunt,Gemeenteweg,binnen bebouwde kom,Tss. 2 best.: langs opzij (voor-/achterkant-flank),Geen hindernis
46058,140,Hasselt ring,Hasselt,50.9300038,5.3438616,0.4514515686143987,50.93373794191792,5.346390261523545,2024,3,9,71022,Hasselt,Onbekend,Onbekend,Dag,met lichtgewonden,3,Fiets,3,Fiets,Op Kruispunt,Gewestweg,buiten bebouwde kom,Tss. 2 best.: langs opzij (voor-/achterkant-flank),Geen hindernis
46058,138,Hasselt-Kempische brug,Hasselt,50.9405318,5.3422472,0.8093051799205315,50.93373794191792,5.346390261523545,2024,3,9,71022,Hasselt,Onbekend,Onbekend,Dag,met lichtgewonden,3,Fiets,3,Fiets,Op Kruispunt,Gewestweg,buiten bebouwde kom,Tss. 2 best.: langs opzij (voor-/achterkant-flank),Geen hindernis
46058,137,Hasselt-Kempische brug,Hasselt,50.9411605,5.3417576,0.8868937893349431,50.93373794191792,5.346390261523545,2024,3,9,71022,Hasselt,Onbekend,Onbekend,Dag,met lichtgewonden,3,Fiets,3,Fiets,Op Kruispunt,Gewestweg,buiten bebouwde kom,Tss. 2 best.: langs opzij (voor-/achterkant-flank),Geen hindernis
46107,115,Aalter,Aalter,51.1058367,3.4350591,0.49621892644563276,51.10245375232129,3.430423997300032,2024,3,14,44084,Aalter,Normaal,Droog,Dag,met lichtgewonden,3,Fiets,9,personenauto,Buiten Kruispunt,Gemeenteweg,buiten bebouwde kom,Tussen 2 bestuurders: Frontale botsing,Geen hindernis
46262,110,Herentals totem,Herentals,51.1739426,4.811783,0.2420275760325945,51.17535343824524,4.809139317558504,2024,4,11,13011,Herentals,Normaal,Droog,Dag,met lichtgewonden,3,Fiets,3,Fiets,Buiten Kruispunt,Gemeenteweg,buiten bebouwde kom,Tussen 2 bestuurders: Frontale botsing,Geen hindernis
46262,94,Herentals teller 2,Herentals,51.17345,4.81283,0.333160489435306,51.17535343824524,4.809139317558504,2024,4,11,13011,Herentals,Normaal,Droog,Dag,met lichtgewonden,3,Fiets,3,Fiets,Buiten Kruispunt,Gemeenteweg,buiten bebouwde kom,Tussen 2 bestuurders: Frontale botsing,Geen hindernis
46281,69,Leuven teller 1,Leuven,50.87549,4.71526,0.9265427426354732,50.86821007288819,4.70883586700082,2024,4,9,24062,Leuven,Normaal,Droog,Dag,met lichtgewonden,3,Fiets,9,personenauto,Buiten Kruispunt,Gemeenteweg,binnen bebouwde kom,Tussen 2 bestuurders: Flank tegen flank,Geen hindernis
46282,69,Leuven teller 1,Leuven,50.87549,4.71526,0.48185112921520384,50.879822887818634,4.715155311415388,2024,4,13,24062,Leuven,Normaal,Droog,Dag,met lichtgewonden,3,Fiets,3,Fiets,Buiten Kruispunt,Gewestweg,binnen bebouwde kom,Tussen 2 bestuurders: Frontale botsing,Geen hindernis
46282,77,Leuven teller 2,Leuven,50.88672,4.70796,0.9181332860000786,50.879822887818634,4.715155311415388,2024,4,13,24062,Leuven,Normaal,Droog,Dag,met lichtgewonden,3,Fiets,3,Fiets,Buiten Kruispunt,Gewestweg,binnen bebouwde kom,Tussen 2 bestuurders: Frontale botsing,Geen hindernis
46282,107,leuven totem,Leuven,50.8870744,4.7087919,0.9216580658246551,50.879822887818634,4.715155311415388,2024,4,13,24062,Leuven,Normaal,Droog,Dag,met lichtgewonden,3,Fiets,3,Fiets,Buiten Kruispunt,Gewestweg,binnen bebouwde kom,Tussen 2 bestuurders: Frontale botsing,Geen hindernis
46283,69,Leuven teller 1,Leuven,50.87549,4.71526,0.36704972408429715,50.87278788879682,4.718264671953088,2024,4,19,24062,Leuven,Normaal,Proper,Dag,met zwaargewonden,9,personenauto,3,Fiets,Op Kruispunt,Gewestweg,buiten bebouwde kom,Tss. 2 best.: langs opzij (voor-/achterkant-flank),Geen hindernis
46284,151,Leuven,District Leuven,50.8690262,4.6854839,0.5233006859756767,50.873343755651234,4.688451254843001,2024,4,14,24062,Leuven,Normaal,"Nat, plassen",Dag,met lichtgewonden,3,Fiets,9,personenauto,Op Kruispunt,Gewestweg,binnen bebouwde kom,Tss. 2 best.: langs opzij (voor-/achterkant-flank),Geen hindernis
46285,69,Leuven teller 1,Leuven,50.87549,4.71526,0.36704972408429715,50.87278788879682,4.718264671953088,2024,4,22,24062,Leuven,Normaal,"Nat, plassen","Nacht, openbare verlichting aanwezig en ontstoken",met lichtgewonden,9,personenauto,3,Fiets,Op Kruispunt,Gewestweg,binnen bebouwde kom,Tss. 2 best.: langs opzij (voor-/achterkant-flank),Geen hindernis
46286,69,Leuven teller 1,Leuven,50.87549,4.71526,0.650265934643354,50.88108887769283,4.717936241197276,2024,4,7,24062,Leuven,Normaal,Droog,Dag,met lichtgewonden,3,Fiets,3,Fiets,Buiten Kruispunt,Gewestweg,binnen bebouwde kom,Tussen 2 bestuurders: Frontale botsing,Geen hindernis
46286,107,leuven totem,Leuven,50.8870744,4.7087919,0.9243825719601415,50.88108887769283,4.717936241197276,2024,4,7,24062,Leuven,Normaal,Droog,Dag,met lichtgewonden,3,Fiets,3,Fiets,Buiten Kruispunt,Gewestweg,binnen bebouwde kom,Tussen 2 bestuurders: Frontale botsing,Geen hindernis
46286,77,Leuven teller 2,Leuven,50.88672,4.70796,0.9390760631478539,50.88108887769283,4.717936241197276,2024,4,7,24062,Leuven,Normaal,Droog,Dag,met lichtgewonden,3,Fiets,3,Fiets,Buiten Kruispunt,Gewestweg,binnen bebouwde kom,Tussen 2 bestuurders: Frontale botsing,Geen hindernis
46287,151,Leuven,District Leuven,50.8690262,4.6854839,0.7047224585922883,50.869634792368004,4.695479973136076,2024,4,8,24062,Leuven,Normaal,Droog,Dageraad - schemering,met lichtgewonden,9,personenauto,3,Fiets,Buiten Kruispunt,Gewestweg,binnen bebouwde kom,Tussen 2 bestuurders: Flank tegen flank,Geen hindernis
46288,151,Leuven,District Leuven,50.8690262,4.6854839,0.42313605857755215,50.87217779954254,4.6888632771117456,2024,4,8,24062,Leuven,Normaal,Droog,Dag,met lichtgewonden,3,Fiets,9,personenauto,Buiten Kruispunt,Gemeenteweg,binnen bebouwde kom,Tussen 2 bestuurders: Flank tegen flank,Geen hindernis
46289,69,Leuven teller 1,Leuven,50.87549,4.71526,0.46592760722426935,50.87215249021381,4.719274887137502,2024,4,17,24062,Leuven,Normaal,Droog,Dag,met lichtgewonden,3,Fiets,3,Fiets,Buiten Kruispunt,Gemeenteweg,binnen bebouwde kom,Tss. 2 best.: langs opzij (voor-/achterkant-flank),Geen hindernis
46290,107,leuven totem,Leuven,50.8870744,4.7087919,0.868398694281352,50.88378283019796,4.720017859187247,2024,4,19,24062,Leuven,Normaal,Droog,Dag,met lichtgewonden,9,personenauto,3,Fiets,Buiten Kruispunt,Gewestweg,binnen bebouwde kom,Tussen 2 bestuurders: Flank tegen flank,Geen hindernis
46290,77,Leuven teller 2,Leuven,50.88672,4.70796,0.906723177106881,50.88378283019796,4.720017859187247,2024,4,19,24062,Leuven,Normaal,Droog,Dag,met lichtgewonden,9,personenauto,3,Fiets,Buiten Kruispunt,Gewestweg,binnen bebouwde kom,Tussen 2 bestuurders: Flank tegen flank,Geen hindernis
46290,69,Leuven teller 1,Leuven,50.87549,4.71526,0.9806794255794984,50.88378283019796,4.720017859187247,2024,4,19,24062,Leuven,Normaal,Droog,Dag,met lichtgewonden,9,personenauto,3,Fiets,Buiten Kruispunt,Gewestweg,binnen bebouwde kom,Tussen 2 bestuurders: Flank tegen flank,Geen hindernis
46291,77,Leuven teller 2,Leuven,50.88672,4.70796,0.5070726635016712,50.88884133819629,4.701560980833905,2024,4,8,24062,Leuven,Normaal,Droog,Dag,met lichtgewonden,3,Fiets,99,onbekend,Buiten Kruispunt,Gemeenteweg,binnen bebouwde kom,Tussen 2 bestuurders: Flank tegen flank,Geen hindernis
46291,107,leuven totem,Leuven,50.8870744,4.7087919,0.5439439886916455,50.88884133819629,4.701560980833905,2024,4,8,24062,Leuven,Normaal,Droog,Dag,met lichtgewonden,3,Fiets,99,onbekend,Buiten Kruispunt,Gemeenteweg,binnen bebouwde kom,Tussen 2 bestuurders: Flank tegen flank,Geen hindernis
46292,151,Leuven,District Leuven,50.8690262,4.6854839,0.8580777872903265,50.86131034664412,4.685683231304488,2024,4,8,24062,Leuven,Normaal,Droog,Dag,met lichtgewonden,9,personenauto,3,Fiets,Op Kruispunt,Gemeenteweg,binnen bebouwde kom,Tss. 2 best.: langs opzij (voor-/achterkant-flank),Geen hindernis
46293,69,Leuven teller 1,Leuven,50.87549,4.71526,0.7181393154808434,50.880069241395226,4.708042212551542,2024,4,3,24062,Leuven,Normaal,Droog,"Nacht, openbare verlichting aanwezig en ontstoken",met lichtgewonden,3,Fiets,9,personenauto,Buiten Kruispunt,Gemeenteweg,binnen bebouwde kom,Tussen 2 bestuurders: Langs achteren,Geen hindernis
46293,77,Leuven teller 2,Leuven,50.88672,4.70796,0.7395531044626104,50.880069241395226,4.708042212551542,2024,4,3,24062,Leuven,Normaal,Droog,"Nacht, openbare verlichting aanwezig en ontstoken",met lichtgewonden,3,Fiets,9,personenauto,Buiten Kruispunt,Gemeenteweg,binnen bebouwde kom,Tussen 2 bestuurders: Langs achteren,Geen hindernis
46293,107,leuven totem,Leuven,50.8870744,4.7087919,0.7807115599536281,50.880069241395226,4.708042212551542,2024,4,3,24062,Leuven,Normaal,Droog,"Nacht, openbare verlichting aanwezig en ontstoken",met lichtgewonden,3,Fiets,9,personenauto,Buiten Kruispunt,Gemeenteweg,binnen bebouwde kom,Tussen 2 bestuurders: Langs achteren,Geen hindernis
46294,151,Leuven,District Leuven,50.8690262,4.6854839,0.4885349218577215,50.872075206426956,4.6904964450945394,2024,4,8,24062,Leuven,Normaal,Droog,Dag,met zwaargewonden,4,Vrachtwagen,3,Fiets,Op Kruispunt,Gewestweg,binnen bebouwde kom,Tussen 2 bestuurders: Frontale botsing,Geen hindernis
46295,69,Leuven teller 1,Leuven,50.87549,4.71526,0.5219271373193077,50.872253358011754,4.720647073273356,2024,4,14,24062,Leuven,Normaal,Droog,Dag,met lichtgewonden,3,Fiets,3,Fiets,Buiten Kruispunt,Gewestweg,binnen bebouwde kom,Tss. 2 best.: langs opzij (voor-/achterkant-flank),Geen hindernis
46305,101,Diest teller 1,Diest,50.97799,5.04481,0.9429737419242987,50.979271616130895,5.058124529589125,2024,4,13,24020,Diest,Normaal,Droog,Dag,met zwaargewonden,9,personenauto,3,Fiets,Op Kruispunt,Gemeenteweg,binnen bebouwde kom,Tss. 2 best.: langs opzij (voor-/achterkant-flank),Geen hindernis
46305,102,Diest teller 2,Diest,50.9779,5.04474,0.9493755407974355,50.979271616130895,5.058124529589125,2024,4,13,24020,Diest,Normaal,Droog,Dag,met zwaargewonden,9,personenauto,3,Fiets,Op Kruispunt,Gemeenteweg,binnen bebouwde kom,Tss. 2 best.: langs opzij (voor-/achterkant-flank),Geen hindernis
46311,111,Zaventem totem,Zaventem,50.8871216,4.4597084,0.9380224751630603,50.881227210003516,4.4692740284748975,2024,4,17,23094,Zaventem,Normaal,Droog,Dag,dodelijk gewonden,3,Fiets,9,personenauto,Op Kruispunt,Gemeenteweg,binnen bebouwde kom,Tss. 2 best.: langs opzij (voor-/achterkant-flank),Geen hindernis
46336,13,Gent,Gent,51.03018,3.70146,0.8455884767115468,51.03133617291622,3.713411214018302,2024,4,6,44021,Gent,Normaal,"Nat, plassen",Dageraad - schemering,met lichtgewonden,2,Andere weggebruiker,3,Fiets,Op Kruispunt,Gewestweg,binnen bebouwde kom,Tussen 2 bestuurders: Langs achteren,Geen hindernis
46339,13,Gent,Gent,51.03018,3.70146,0.9885465438096355,51.023608056040004,3.6919408761907135,2024,4,6,44021,Gent,Normaal,Droog,Dag,met lichtgewonden,9,personenauto,3,Fiets,Buiten Kruispunt,Gemeenteweg,buiten bebouwde kom,Tss. 2 best.: langs opzij (voor-/achterkant-flank),Geen hindernis
46356,119,Gent teller 2,Gent,51.0281795,3.7683918,0.9500003549104113,51.035157682929736,3.760553817581573,2024,4,16,44021,Gent,Normaal,Droog,Dag,met lichtgewonden,9,personenauto,3,Fiets,Op Kruispunt,Gemeenteweg,binnen bebouwde kom,Tss. 2 best.: langs opzij (voor-/achterkant-flank),Geen hindernis
46356,118,Gent teller 1,Gent,51.028049,3.7681359,0.9518060730960655,51.035157682929736,3.760553817581573,2024,4,16,44021,Gent,Normaal,Droog,Dag,met lichtgewonden,9,personenauto,3,Fiets,Op Kruispunt,Gemeenteweg,binnen bebouwde kom,Tss. 2 best.: langs opzij (voor-/achterkant-flank),Geen hindernis
46386,6,Evergem 2,Evergem,51.10894,3.70298,0.9499396571651434,51.108087362740655,3.689441109593933,2024,4,8,44019,Evergem,Normaal,Droog,Dag,met lichtgewonden,3,Fiets,4,Vrachtwagen,Buiten Kruispunt,Gemeenteweg,binnen bebouwde kom,Tussen 2 bestuurders: Flank tegen flank,Geen hindernis
46386,7,Evergem 1,Evergem,51.1089,3.70317,0.9627116500331809,51.108087362740655,3.689441109593933,2024,4,8,44019,Evergem,Normaal,Droog,Dag,met lichtgewonden,3,Fiets,4,Vrachtwagen,Buiten Kruispunt,Gemeenteweg,binnen bebouwde kom,Tussen 2 bestuurders: Flank tegen flank,Geen hindernis
46425,128,Lokeren teller 1,Lokeren,51.09644,3.97023,0.8215417022321131,51.09977091483994,3.9807315369430802,2024,4,16,46014,Lokeren,Normaal,"Nat, plassen",Dag,met lichtgewonden,3,Fiets,10,"één bestuurder, geen hindernis",Op Kruispunt,Gewestweg,binnen bebouwde kom,"Eén bestuurder, geen hindernis (incl. val)",Geen hindernis
46425,129,Lokeren teller 2,Lokeren,51.09612,3.97025,0.8369661434686675,51.09977091483994,3.9807315369430802,2024,4,16,46014,Lokeren,Normaal,"Nat, plassen",Dag,met lichtgewonden,3,Fiets,10,"één bestuurder, geen hindernis",Op Kruispunt,Gewestweg,binnen bebouwde kom,"Eén bestuurder, geen hindernis (incl. val)",Geen hindernis
46469,125,Dendermonde totem,Dendermonde,51.0372706,4.1025998,0.6533957854213396,51.03289030328563,4.10882848426913,2024,4,10,42006,Dendermonde,Normaal,Droog,Dag,met lichtgewonden,3,Fiets,9,personenauto,Op Kruispunt,Gewestweg,buiten bebouwde kom,Tss. 2 best.: langs opzij (voor-/achterkant-flank),Geen hindernis
46469,122,Dendermonde teller 2,Dendermonde,51.0373918,4.1019222,0.6955230291674722,51.03289030328563,4.10882848426913,2024,4,10,42006,Dendermonde,Normaal,Droog,Dag,met lichtgewonden,3,Fiets,9,personenauto,Op Kruispunt,Gewestweg,buiten bebouwde kom,Tss. 2 best.: langs opzij (voor-/achterkant-flank),Geen hindernis
46471,122,Dendermonde teller 2,Dendermonde,51.0373918,4.1019222,0.10313202507006317,51.038280530139936,4.102344139163303,2024,4,15,42006,Dendermonde,Normaal,Droog,Dag,met lichtgewonden,9,personenauto,3,Fiets,Buiten Kruispunt,Gewestweg,binnen bebouwde kom,Tss. 2 best.: langs opzij (voor-/achterkant-flank),Geen hindernis
46471,125,Dendermonde totem,Dendermonde,51.0372706,4.1025998,0.1137129556957524,51.038280530139936,4.102344139163303,2024,4,15,42006,Dendermonde,Normaal,Droog,Dag,met lichtgewonden,9,personenauto,3,Fiets,Buiten Kruispunt,Gewestweg,binnen bebouwde kom,Tss. 2 best.: langs opzij (voor-/achterkant-flank),Geen hindernis
46482,51,"Brugge, Sint-Andries",Brugge,51.19281,3.16252,0.8231163928293025,51.18556245011951,3.1649236373435876,2024,4,16,31005,Brugge,Normaal,Droog,Dag,met lichtgewonden,5,Lichte vrachtauto,3,Fiets,Op Kruispunt,Gewestweg,binnen bebouwde kom,Tss. 2 best.: langs opzij (voor-/achterkant-flank),Geen hindernis
46482,50,"Brugge, Sint-Andries",Brugge,51.19291,3.16252,0.8340062179264484,51.18556245011951,3.1649236373435876,2024,4,16,31005,Brugge,Normaal,Droog,Dag,met lichtgewonden,5,Lichte vrachtauto,3,Fiets,Op Kruispunt,Gewestweg,binnen bebouwde kom,Tss. 2 best.: langs opzij (voor-/achterkant-flank),Geen hindernis
46497,60,Ardooie teller 2,Ardooie,50.96783,3.18411,0.4531380456911908,50.97173053776706,3.1822359110310585,2024,4,8,37020,Ardooie,Normaal,Droog,Dag,met zwaargewonden,3,Fiets,9,personenauto,Buiten Kruispunt,Gemeenteweg,buiten bebouwde kom,Tussen 2 bestuurders: Langs achteren,Geen hindernis
46497,59,Ardooie teller 1,Ardooie,50.96784,3.18479,0.46811865164445465,50.97173053776706,3.1822359110310585,2024,4,8,37020,Ardooie,Normaal,Droog,Dag,met zwaargewonden,3,Fiets,9,personenauto,Buiten Kruispunt,Gemeenteweg,buiten bebouwde kom,Tussen 2 bestuurders: Langs achteren,Geen hindernis
46498,57,Meulebeke teller 1,Meulebeke,50.96056,3.24491,0.7886664930226194,50.96623317562006,3.2381511357799355,2024,4,16,37020,Ardooie,Normaal,Droog,Dag,met lichtgewonden,9,personenauto,3,Fiets,Op Kruispunt,Gemeenteweg,buiten bebouwde kom,Tss. 2 best.: langs opzij (voor-/achterkant-flank),Geen hindernis
46498,58,Meulebeke teller 2,Meulebeke,50.96021,3.24471,0.8121262369377472,50.96623317562006,3.2381511357799355,2024,4,16,37020,Ardooie,Normaal,Droog,Dag,met lichtgewonden,9,personenauto,3,Fiets,Op Kruispunt,Gemeenteweg,buiten bebouwde kom,Tss. 2 best.: langs opzij (voor-/achterkant-flank),Geen hindernis
46501,15,Oostende 2,Oostende,51.21371,2.92743,0.9674169703016977,51.20580200026874,2.933219949991285,2024,4,2,35013,Oostende,Regenval,"Nat, plassen","Nacht, openbare verlichting aanwezig en ontstoken",met lichtgewonden,3,Fiets,2,Andere weggebruiker,Buiten Kruispunt,Gemeenteweg,binnen bebouwde kom,Tussen 2 bestuurders: Langs achteren,Geen hindernis
46501,18,Oostende 1,Oostende,51.21378,2.92765,0.9682547623481279,51.20580200026874,2.933219949991285,2024,4,2,35013,Oostende,Regenval,"Nat, plassen","Nacht, openbare verlichting aanwezig en ontstoken",met lichtgewonden,3,Fiets,2,Andere weggebruiker,Buiten Kruispunt,Gemeenteweg,binnen bebouwde kom,Tussen 2 bestuurders: Langs achteren,Geen hindernis
46503,15,Oostende 2,Oostende,51.21371,2.92743,0.4613066351274308,51.2099590603239,2.9302593907397707,2024,4,8,35013,Oostende,Normaal,Droog,Dag,met lichtgewonden,9,personenauto,3,Fiets,Op Kruispunt,Gemeenteweg,binnen bebouwde kom,Tss. 2 best.: langs opzij (voor-/achterkant-flank),Geen hindernis
46503,18,Oostende 1,Oostende,51.21378,2.92765,0.46211633061521173,51.2099590603239,2.9302593907397707,2024,4,8,35013,Oostende,Normaal,Droog,Dag,met lichtgewonden,9,personenauto,3,Fiets,Op Kruispunt,Gemeenteweg,binnen bebouwde kom,Tss. 2 best.: langs opzij (voor-/achterkant-flank),Geen hindernis
46508,65,Nieuwpoort teller 2,Nieuwpoort,51.13435,2.75511,0.26711177362601507,51.13598676744499,2.757912096309663,2024,4,15,38016,Nieuwpoort,Normaal,Droog,Dag,met lichtgewonden,3,Fiets,9,personenauto,Op Kruispunt,Gewestweg,buiten bebouwde kom,Tussen 2 bestuurders: Flank tegen flank,Geen hindernis
46508,64,Nieuwpoort teller 1,Nieuwpoort,51.13359,2.75737,0.2691790829948229,51.13598676744499,2.757912096309663,2024,4,15,38016,Nieuwpoort,Normaal,Droog,Dag,met lichtgewonden,3,Fiets,9,personenauto,Op Kruispunt,Gewestweg,buiten bebouwde kom,Tussen 2 bestuurders: Flank tegen flank,Geen hindernis
46531,17,Kortrijk 2,Kortrijk,50.83339,3.27773,0.71199665640887,50.839610872435486,3.2753280976080905,2024,4,17,34022,Kortrijk,Normaal,Droog,Dag,met zwaargewonden,9,personenauto,3,Fiets,Buiten Kruispunt,Gemeenteweg,binnen bebouwde kom,Tussen 2 bestuurders: Langs achteren,Geen hindernis
46531,16,Kortrijk 1,Kortrijk,50.83332,3.27777,0.720224742617503,50.839610872435486,3.2753280976080905,2024,4,17,34022,Kortrijk,Normaal,Droog,Dag,met zwaargewonden,9,personenauto,3,Fiets,Buiten Kruispunt,Gemeenteweg,binnen bebouwde kom,Tussen 2 bestuurders: Langs achteren,Geen hindernis
46535,17,Kortrijk 2,Kortrijk,50.83339,3.27773,0.7880328881916911,50.83746661802653,3.2869091183489147,2024,4,8,34022,Kortrijk,Normaal,Droog,Dag,met lichtgewonden,6,Bromfiets,3,Fiets,Buiten Kruispunt,Gemeenteweg,binnen bebouwde kom,Tussen 2 bestuurders: Flank tegen flank,Geen hindernis