crash_row_id,site_id,site_name,site_gemeente,site_lat,site_long,distance_km,crash_lat,crash_long,DT_YEAR_COLLISION,DT_MONTH_COLLISION,DT_TIME,CD_NIS,TX_MUNTY_COLLISION_NL,TX_WEATHER_NL,TX_ROAD_CONDITION_NL,TX_LIGHT_CONDITION_NL,TX_CLASS_ACCIDENTS_NL,CD_ROAD_USR_TYPE1,TX_ROAD_USR_TYPE1_NL,CD_ROAD_USR_TYPE2,TX_ROAD_USR_TYPE2_NL,TX_CROSSWAY_NL,CD_ROAD_TYPE_NL,TX_BUILD_UP_AREA_NL,TX_COLLISION_TYPE_NL,TX_OBSTACLES_NL
46535,16,Kortrijk 1,Kortrijk,50.83332,3.27777,0.7902532302321653,50.83746661802653,3.2869091183489147,2024,4,8,34022,Kortrijk,Normaal,Droog,Dag,met lichtgewonden,6,Bromfiets,3,Fiets,Buiten Kruispunt,Gemeenteweg,binnen bebouwde kom,Tussen 2 bestuurders: Flank tegen flank,Geen hindernis
46539,17,Kortrijk 2,Kortrijk,50.83339,3.27773,0.38926142590149354,50.83402448146183,3.2722789554246483,2024,4,18,34022,Kortrijk,Onbekend,Onbekend,Dag,met lichtgewonden,8,Voetganger,3,Fiets,Buiten Kruispunt,Gemeenteweg,binnen bebouwde kom,Met een voetganger,Geen hindernis
46539,16,Kortrijk 1,Kortrijk,50.83332,3.27777,0.39349991489950936,50.83402448146183,3.2722789554246483,2024,4,18,34022,Kortrijk,Onbekend,Onbekend,Dag,met lichtgewonden,8,Voetganger,3,Fiets,Buiten Kruispunt,Gemeenteweg,binnen bebouwde kom,Met een voetganger,Geen hindernis
46539,143,Eco Display Classic Budastraat,Kortrijk,50.83066,3.26286,0.7599549636772891,50.83402448146183,3.2722789554246483,2024,4,18,34022,Kortrijk,Onbekend,Onbekend,Dag,met lichtgewonden,8,Voetganger,3,Fiets,Buiten Kruispunt,Gemeenteweg,binnen bebouwde kom,Met een voetganger,Geen hindernis
46548,66,Nieuwpoort totem,Nieuwpoort,51.1347,2.74369,0.6504989334283269,51.12915458393481,2.746659212462444,2024,4,16,38016,Nieuwpoort,Normaal,Droog,Dag,met lichtgewonden,99,onbekend,3,Fiets,Op Kruispunt,Gemeenteweg,binnen bebouwde kom,Tss. 2 best.: langs opzij (voor-/achterkant-flank),Geen hindernis
46548,63,Nieuwpoort teller 3,Nieuwpoort,51.13529,2.74289,0.7311678305362712,51.12915458393481,2.746659212462444,2024,4,16,38016,Nieuwpoort,Normaal,Droog,Dag,met lichtgewonden,99,onbekend,3,Fiets,Op Kruispunt,Gemeenteweg,binnen bebouwde kom,Tss. 2 best.: langs opzij (voor-/achterkant-flank),Geen hindernis
46548,65,Nieuwpoort teller 2,Nieuwpoort,51.13435,2.75511,0.8255098795233218,51.12915458393481,2.746659212462444,2024,4,16,38016,Nieuwpoort,Normaal,Droog,Dag,met lichtgewonden,99,onbekend,3,Fiets,Op Kruispunt,Gemeenteweg,binnen bebouwde kom,Tss. 2 best.: langs opzij (voor-/achterkant-flank),Geen hindernis
46548,64,Nieuwpoort teller 1,Nieuwpoort,51.13359,2.75737,0.8954493543417336,51.12915458393481,2.746659212462444,2024,4,16,38016,Nieuwpoort,Normaal,Droog,Dag,met lichtgewonden,99,onbekend,3,Fiets,Op Kruispunt,Gemeenteweg,binnen bebouwde kom,Tss. 2 best.: langs opzij (voor-/achterkant-flank),Geen hindernis
46559,68,Ieper,Ieper,50.85032,2.85608,0.37544595972482353,50.851175727435695,2.8509065339908854,2024,4,9,33011,Ieper,Normaal,Droog,Dag,met lichtgewonden,3,Fiets,10,"één bestuurder, geen hindernis",Buiten Kruispunt,Gewestweg,buiten bebouwde kom,"Eén bestuurder, geen hindernis (incl. val)",Geen hindernis
46559,67,Ieper totem,Ieper,50.85018,2.85624,0.390448503317598,50.851175727435695,2.8509065339908854,2024,4,9,33011,Ieper,Normaal,Droog,Dag,met lichtgewonden,3,Fiets,10,"één bestuurder, geen hindernis",Buiten Kruispunt,Gewestweg,buiten bebouwde kom,"Eén bestuurder, geen hindernis (incl. val)",Geen hindernis
46562,42,Maasmechelen teller 2,Maasmechelen,50.97043,5.6981,0.9360262981640298,50.97739002461712,5.690580464705344,2024,4,15,73107,Maasmechelen,Normaal,Droog,Dag,met lichtgewonden,3,Fiets,9,personenauto,Buiten Kruispunt,Gemeenteweg,binnen bebouwde kom,Tss. 2 best.: langs opzij (voor-/achterkant-flank),Geen hindernis
46562,41,Maasmechelen teller 1,Maasmechelen,50.97025,5.69799,0.9484073102027165,50.97739002461712,5.690580464705344,2024,4,15,73107,Maasmechelen,Normaal,Droog,Dag,met lichtgewonden,3,Fiets,9,personenauto,Buiten Kruispunt,Gemeenteweg,binnen bebouwde kom,Tss. 2 best.: langs opzij (voor-/achterkant-flank),Geen hindernis
46564,41,Maasmechelen teller 1,Maasmechelen,50.97025,5.69799,0.9690225224006874,50.96154634180743,5.698684111799952,2024,4,10,73107,Maasmechelen,Normaal,Droog,Dag,met lichtgewonden,5,Lichte vrachtauto,3,Fiets,Op Kruispunt,Gemeenteweg,binnen bebouwde kom,Tss. 2 best.: langs opzij (voor-/achterkant-flank),Geen hindernis
46564,42,Maasmechelen teller 2,Maasmechelen,50.97043,5.6981,0.9886642639882621,50.96154634180743,5.698684111799952,2024,4,10,73107,Maasmechelen,Normaal,Droog,Dag,met lichtgewonden,5,Lichte vrachtauto,3,Fiets,Op Kruispunt,Gemeenteweg,binnen bebouwde kom,Tss. 2 best.: langs opzij (voor-/achterkant-flank),Geen hindernis
46573,124,Beveren teller 2,Beveren,51.1964712,4.2361077,0.05894547748349357,51.19700121336239,4.2360915969465065,2024,4,23,46003,Beveren,Regenval,"Nat, plassen","Nacht, openbare verlichting aanwezig en ontstoken",met zwaargewonden,3,Fiets,11,een weggebruiker tegen een hindernis,Buiten Kruispunt,Gemeenteweg,buiten bebouwde kom,Weggebruiker tegen hindernis buiten rijbaan,Buiten de rijbaan: Andere paal
46577,138,Hasselt-Kempische brug,Hasselt,50.9405318,5.3422472,0.3724165361340163,50.939095473881174,5.3374456992179935,2024,4,17,71022,Hasselt,Normaal,Droog,Dag,met lichtgewonden,3,Fiets,3,Fiets,Buiten Kruispunt,Gemeenteweg,binnen bebouwde kom,Tss. 2 best.: langs opzij (voor-/achterkant-flank),Geen hindernis
46577,137,Hasselt-Kempische brug,Hasselt,50.9411605,5.3417576,0.37947926014722927,50.939095473881174,5.3374456992179935,2024,4,17,71022,Hasselt,Normaal,Droog,Dag,met lichtgewonden,3,Fiets,3,Fiets,Buiten Kruispunt,Gemeenteweg,binnen bebouwde kom,Tss. 2 best.: langs opzij (voor-/achterkant-flank),Geen hindernis
46586,140,Hasselt ring,Hasselt,50.9300038,5.3438616,0.8013046651576362,50.929027363082724,5.332533471190023,2024,4,14,71022,Hasselt,Normaal,Droog,Dag,met lichtgewonden,3,Fiets,3,Fiets,Buiten Kruispunt,Gewestweg,binnen bebouwde kom,Tussen 2 bestuurders: Frontale botsing,Geen hindernis
46587,140,Hasselt ring,Hasselt,50.9300038,5.3438616,0.899562619070469,50.93143827742573,5.331229079303454,2024,4,9,71022,Hasselt,Normaal,Droog,Dag,met lichtgewonden,9,personenauto,3,Fiets,Op Kruispunt,Gemeenteweg,binnen bebouwde kom,Tss. 2 best.: langs opzij (voor-/achterkant-flank),Geen hindernis
46588,137,Hasselt-Kempische brug,Hasselt,50.9411605,5.3417576,0.5301517009704333,50.94176153588656,5.334251446255729,2024,4,23,71022,Hasselt,Normaal,Onbekend,"Nacht, geen openbare verlichting aanwezig",met lichtgewonden,3,Fiets,6,Bromfiets,Buiten Kruispunt,Gemeenteweg,buiten bebouwde kom,Tussen 2 bestuurders: Flank tegen flank,Geen hindernis
46588,138,Hasselt-Kempische brug,Hasselt,50.9405318,5.3422472,0.5766764978596166,50.94176153588656,5.334251446255729,2024,4,23,71022,Hasselt,Normaal,Onbekend,"Nacht, geen openbare verlichting aanwezig",met lichtgewonden,3,Fiets,6,Bromfiets,Buiten Kruispunt,Gemeenteweg,buiten bebouwde kom,Tussen 2 bestuurders: Flank tegen flank,Geen hindernis
46597,139,Houthalen-Helchteren,Houthalen-Helchteren,51.0644267,5.3819796,0.9151803879179952,51.056238225219985,5.383299924210799,2024,4,15,72039,Houthalen-Helchteren,"Andere (dikke rook,...)",Droog,Dag,met lichtgewonden,3,Fiets,9,personenauto,Op Kruispunt,Gewestweg,binnen bebouwde kom,Tss. 2 best.: langs opzij (voor-/achterkant-flank),Geen hindernis
46598,25,Bree,Bree,51.13679500160176,5.597669323604317,0.9144592122907755,51.14429033479491,5.603063268822466,2024,4,9,72004,Bree,Normaal,"Nat, plassen",Dag,met lichtgewonden,3,Fiets,10,"één bestuurder, geen hindernis",Buiten Kruispunt,Gewestweg,binnen bebouwde kom,"Eén bestuurder, geen hindernis (incl. val)",Geen hindernis
46605,14,Genk,Genk,50.97172,5.48927,0.748460131857556,50.96545988479475,5.493197763502989,2024,4,11,71016,Genk,Normaal,Onbekend,Dag,met lichtgewonden,3,Fiets,10,"één bestuurder, geen hindernis",Buiten Kruispunt,Gemeenteweg,binnen bebouwde kom,"Eén bestuurder, geen hindernis (incl. val)",Geen hindernis
46607,25,Bree,Bree,51.13679500160176,5.597669323604317,0.9144592122907755,51.14429033479491,5.603063268822466,2024,4,9,72004,Bree,Normaal,Droog,Dag,met lichtgewonden,9,personenauto,3,Fiets,Buiten Kruispunt,Gewestweg,binnen bebouwde kom,Tss. 2 best.: langs opzij (voor-/achterkant-flank),Geen hindernis
46608,14,Genk,Genk,50.97172,5.48927,0.9267010284881809,50.964283637238665,5.483295440402385,2024,4,14,71016,Genk,Normaal,Droog,Dag,met lichtgewonden,9,personenauto,3,Fiets,Op Kruispunt,Gewestweg,binnen bebouwde kom,Tussen 2 bestuurders: Frontale botsing,Geen hindernis
46612,24,Tienen 1,Tienen,50.8133795491886,4.935044252605416,0.034249910040746456,50.81307182432447,4.9350654732827,2024,4,17,24107,Tienen,Normaal,Droog,Dag,met lichtgewonden,9,personenauto,3,Fiets,Op Kruispunt,Gewestweg,binnen bebouwde kom,Tss. 2 best.: langs opzij (voor-/achterkant-flank),Geen hindernis
46612,23,Tienen 3,Tienen,50.81324,4.93447,0.045826283805537445,50.81307182432447,4.9350654732827,2024,4,17,24107,Tienen,Normaal,Droog,Dag,met lichtgewonden,9,personenauto,3,Fiets,Op Kruispunt,Gewestweg,binnen bebouwde kom,Tss. 2 best.: langs opzij (voor-/achterkant-flank),Geen hindernis
46612,22,Tienen 2,Tienen,50.81330800184882,4.935984252796022,0.06968975775901734,50.81307182432447,4.9350654732827,2024,4,17,24107,Tienen,Normaal,Droog,Dag,met lichtgewonden,9,personenauto,3,Fiets,Op Kruispunt,Gewestweg,binnen bebouwde kom,Tss. 2 best.: langs opzij (voor-/achterkant-flank),Geen hindernis
46628,99,Mechelen teller 1,Mechelen,51.04564,4.46882,0.6187153062020786,51.043919321355794,4.477236411950026,2024,4,17,12025,Mechelen,Normaal,Droog,Dag,met lichtgewonden,9,personenauto,3,Fiets,Op Kruispunt,Gewestweg,binnen bebouwde kom,Tussen 2 bestuurders: Flank tegen flank,Geen hindernis
46628,100,Mechelen teller 2,Mechelen,51.0457,4.46883,0.6201479684023816,51.043919321355794,4.477236411950026,2024,4,17,12025,Mechelen,Normaal,Droog,Dag,met lichtgewonden,9,personenauto,3,Fiets,Op Kruispunt,Gewestweg,binnen bebouwde kom,Tussen 2 bestuurders: Flank tegen flank,Geen hindernis
46640,115,Aalter,Aalter,51.1058367,3.4350591,0.33700732334818684,51.10322842321805,3.4375173528413643,2024,4,0,44084,Aalter,Normaal,Droog,"Nacht, openbare verlichting aanwezig en ontstoken",met zwaargewonden,3,Fiets,11,een weggebruiker tegen een hindernis,Buiten Kruispunt,Gewestweg,binnen bebouwde kom,Weggebruiker tegen hindernis op de rijbaan,"Op de rijbaan: Put, straatgoot, tramspoor"
46646,17,Kortrijk 2,Kortrijk,50.83339,3.27773,0.842003985352394,50.83896254740841,3.2858483561922656,2024,5,16,34022,Kortrijk,Normaal,Droog,Dag,met lichtgewonden,3,Fiets,9,personenauto,Op Kruispunt,Gewestweg,buiten bebouwde kom,Tss. 2 best.: langs opzij (voor-/achterkant-flank),Geen hindernis
46646,16,Kortrijk 1,Kortrijk,50.83332,3.27777,0.8458622647531552,50.83896254740841,3.2858483561922656,2024,5,16,34022,Kortrijk,Normaal,Droog,Dag,met lichtgewonden,3,Fiets,9,personenauto,Op Kruispunt,Gewestweg,buiten bebouwde kom,Tss. 2 best.: langs opzij (voor-/achterkant-flank),Geen hindernis
46786,2,Brasschaat 2,Brasschaat,51.27512,4.47169,0.9765526675336255,51.272424480422885,4.458329289072176,2024,5,8,11008,Brasschaat,Onbekend,Onbekend,Dag,met lichtgewonden,6,Bromfiets,3,Fiets,Buiten Kruispunt,Gewestweg,binnen bebouwde kom,Tussen 2 bestuurders: Frontale botsing,Geen hindernis
46836,88,Westerlo teller 1,Westerlo,51.082,4.91325,0.09000094064025192,51.08277093069886,4.9128575182116005,2024,5,15,13049,Westerlo,Normaal,Droog,Dag,met zwaargewonden,3,Fiets,3,Fiets,Op Kruispunt,Gewestweg,binnen bebouwde kom,Tussen 2 bestuurders: Frontale botsing,Geen hindernis
46836,89,Westerlo teller 2,Westerlo,51.08191,4.91334,0.10149052371023531,51.08277093069886,4.9128575182116005,2024,5,15,13049,Westerlo,Normaal,Droog,Dag,met zwaargewonden,3,Fiets,3,Fiets,Op Kruispunt,Gewestweg,binnen bebouwde kom,Tussen 2 bestuurders: Frontale botsing,Geen hindernis
46857,38,Lommel teller 2,Lommel,51.23277,5.29189,0.4974962233956807,51.22893304847294,5.28821512139098,2024,5,18,72020,Lommel,Normaal,Droog,Dag,met lichtgewonden,9,personenauto,3,Fiets,Op Kruispunt,Gemeenteweg,binnen bebouwde kom,Tss. 2 best.: langs opzij (voor-/achterkant-flank),Geen hindernis
46857,37,Lommel teller 1,Lommel,51.23299,5.29211,0.5263540077872275,51.22893304847294,5.28821512139098,2024,5,18,72020,Lommel,Normaal,Droog,Dag,met lichtgewonden,9,personenauto,3,Fiets,Op Kruispunt,Gemeenteweg,binnen bebouwde kom,Tss. 2 best.: langs opzij (voor-/achterkant-flank),Geen hindernis
46859,37,Lommel teller 1,Lommel,51.23299,5.29211,0.08068944794526463,51.232944934016956,5.29326667299329,2024,5,13,72020,Lommel,Normaal,Droog,Dag,met lichtgewonden,3,Fiets,9,personenauto,Buiten Kruispunt,Gewestweg,buiten bebouwde kom,Tss. 2 best.: langs opzij (voor-/achterkant-flank),Geen hindernis
46859,38,Lommel teller 2,Lommel,51.23277,5.29189,0.09780531202260152,51.232944934016956,5.29326667299329,2024,5,13,72020,Lommel,Normaal,Droog,Dag,met lichtgewonden,3,Fiets,9,personenauto,Buiten Kruispunt,Gewestweg,buiten bebouwde kom,Tss. 2 best.: langs opzij (voor-/achterkant-flank),Geen hindernis
46889,151,Leuven,District Leuven,50.8690262,4.6854839,0.937712782906,50.868993830934606,4.698846365852321,2024,5,18,24062,Leuven,Normaal,Droog,Dag,met lichtgewonden,1,Autobus,3,Fiets,Buiten Kruispunt,Gemeenteweg,binnen bebouwde kom,Tussen 2 bestuurders: Flank tegen flank,Geen hindernis
46890,77,Leuven teller 2,Leuven,50.88672,4.70796,0.504216831227184,50.88850705392212,4.701353699246687,2024,5,11,24062,Leuven,Regenval,"Nat, plassen",Dag,met lichtgewonden,3,Fiets,9,personenauto,Op Kruispunt,Gemeenteweg,binnen bebouwde kom,Tussen 2 bestuurders: Langs achteren,Geen hindernis
46890,107,leuven totem,Leuven,50.8870744,4.7087919,0.5455399697570175,50.88850705392212,4.701353699246687,2024,5,11,24062,Leuven,Regenval,"Nat, plassen",Dag,met lichtgewonden,3,Fiets,9,personenauto,Op Kruispunt,Gemeenteweg,binnen bebouwde kom,Tussen 2 bestuurders: Langs achteren,Geen hindernis
46891,151,Leuven,District Leuven,50.8690262,4.6854839,0.4885349218577215,50.872075206426956,4.6904964450945394,2024,5,11,24062,Leuven,Regenval,"Nat, plassen",Dag,met lichtgewonden,9,personenauto,3,Fiets,Op Kruispunt,Gewestweg,binnen bebouwde kom,Tss. 2 best.: langs opzij (voor-/achterkant-flank),Geen hindernis
46892,108,Heverlee teller 1,Leuven,50.8471728,4.6954674,0.565857418704215,50.85226079897239,4.695617209715372,2024,5,19,24062,Leuven,Normaal,Droog,Dageraad - schemering,met lichtgewonden,3,Fiets,9,personenauto,Buiten Kruispunt,Gewestweg,binnen bebouwde kom,Tussen 2 bestuurders: Frontale botsing,Geen hindernis
46892,76,Heverlee teller 2,Leuven,50.84606,4.69597,0.6899420799590659,50.85226079897239,4.695617209715372,2024,5,19,24062,Leuven,Normaal,Droog,Dageraad - schemering,met lichtgewonden,3,Fiets,9,personenauto,Buiten Kruispunt,Gewestweg,binnen bebouwde kom,Tussen 2 bestuurders: Frontale botsing,Geen hindernis
46893,107,leuven totem,Leuven,50.8870744,4.7087919,0.09124006759560996,50.88653942239095,4.709778123625972,2024,5,8,24062,Leuven,Normaal,Droog,Dag,met lichtgewonden,3,Fiets,3,Fiets,Buiten Kruispunt,Gewestweg,binnen bebouwde kom,Tussen 2 bestuurders: Langs achteren,Geen hindernis
46893,77,Leuven teller 2,Leuven,50.88672,4.70796,0.12910883945700738,50.88653942239095,4.709778123625972,2024,5,8,24062,Leuven,Normaal,Droog,Dag,met lichtgewonden,3,Fiets,3,Fiets,Buiten Kruispunt,Gewestweg,binnen bebouwde kom,Tussen 2 bestuurders: Langs achteren,Geen hindernis
46894,107,leuven totem,Leuven,50.8870744,4.7087919,0.2909199183332885,50.885538010391784,4.712148705454826,2024,5,23,24062,Leuven,Normaal,Droog,"Nacht, openbare verlichting aanwezig en ontstoken",met lichtgewonden,3,Fiets,10,"één bestuurder, geen hindernis",Buiten Kruispunt,Gewestweg,binnen bebouwde kom,"Eén bestuurder, geen hindernis (incl. val)",Geen hindernis
46894,77,Leuven teller 2,Leuven,50.88672,4.70796,0.32188802661323035,50.885538010391784,4.712148705454826,2024,5,23,24062,Leuven,Normaal,Droog,"Nacht, openbare verlichting aanwezig en ontstoken",met lichtgewonden,3,Fiets,10,"één bestuurder, geen hindernis",Buiten Kruispunt,Gewestweg,binnen bebouwde kom,"Eén bestuurder, geen hindernis (incl. val)",Geen hindernis
46895,69,Leuven teller 1,Leuven,50.87549,4.71526,0.42483575669619056,50.87257842914785,4.719180387567584,2024,5,17,24062,Leuven,Normaal,Droog,Dag,met lichtgewonden,3,Fiets,9,personenauto,Op Kruispunt,Gewestweg,binnen bebouwde kom,Tss. 2 best.: langs opzij (voor-/achterkant-flank),Geen hindernis
46896,151,Leuven,District Leuven,50.8690262,4.6854839,0.4885349218577215,50.872075206426956,4.6904964450945394,2024,5,22,24062,Leuven,Regenval,"Nat, plassen","Nacht, openbare verlichting aanwezig en ontstoken",met lichtgewonden,9,personenauto,3,Fiets,Op Kruispunt,Gewestweg,buiten bebouwde kom,Tss. 2 best.: langs opzij (voor-/achterkant-flank),Geen hindernis
46897,151,Leuven,District Leuven,50.8690262,4.6854839,0.907322082841685,50.86688479036696,4.673007876591647,2024,5,18,24062,Leuven,Normaal,Droog,Dag,met lichtgewonden,3,Fiets,3,Fiets,Buiten Kruispunt,Gewestweg,binnen bebouwde kom,Tussen 2 bestuurders: Flank tegen flank,Geen hindernis
46900,107,leuven totem,Leuven,50.8870744,4.7087919,0.6502358547998494,50.882216340417514,4.7139513198986425,2024,5,13,24062,Leuven,Normaal,"Vuil (zand, grint, bladeren,...)",Dag,met lichtgewonden,3,Fiets,10,"één bestuurder, geen hindernis",Buiten Kruispunt,Gewestweg,binnen bebouwde kom,"Eén bestuurder, geen hindernis (incl. val)",Geen hindernis
46900,77,Leuven teller 2,Leuven,50.88672,4.70796,0.6537859435772999,50.882216340417514,4.7139513198986425,2024,5,13,24062,Leuven,Normaal,"Vuil (zand, grint, bladeren,...)",Dag,met lichtgewonden,3,Fiets,10,"één bestuurder, geen hindernis",Buiten Kruispunt,Gewestweg,binnen bebouwde kom,"Eén bestuurder, geen hindernis (incl. val)",Geen hindernis
46900,69,Leuven teller 1,Leuven,50.87549,4.71526,0.7535495801491245,50.882216340417514,4.7139513198986425,2024,5,13,24062,Leuven,Normaal,"Vuil (zand, grint, bladeren,...)",Dag,met lichtgewonden,3,Fiets,10,"één bestuurder, geen hindernis",Buiten Kruispunt,Gewestweg,binnen bebouwde kom,"Eén bestuurder, geen hindernis (incl. val)",Geen hindernis
46902,69,Leuven teller 1,Leuven,50.87549,4.71526,0.44322236216215505,50.87658013895392,4.709183893731451,2024,5,8,24062,Leuven,Normaal,Droog,Dag,met lichtgewonden,3,Fiets,8,Voetganger,Buiten Kruispunt,Gemeenteweg,binnen bebouwde kom,Met een voetganger,Geen hindernis
46903,69,Leuven teller 1,Leuven,50.87549,4.71526,0.5896628164512738,50.88038882882724,4.718478031902023,2024,5,17,24062,Leuven,Normaal,Droog,Dag,met lichtgewonden,3,Fiets,3,Fiets,Op Kruispunt,Gewestweg,binnen bebouwde kom,Tss. 2 best.: langs opzij (voor-/achterkant-flank),Geen hindernis
46907,69,Leuven teller 1,Leuven,50.87549,4.71526,0.8530399900739203,50.87098593184876,4.705418780995088,2024,5,8,24062,Leuven,Normaal,Droog,Dag,met lichtgewonden,5,Lichte vrachtauto,3,Fiets,Buiten Kruispunt,Gemeenteweg,binnen bebouwde kom,Tussen 2 bestuurders: Flank tegen flank,Geen hindernis
46909,151,Leuven,District Leuven,50.8690262,4.6854839,0.3514843119418819,50.865996654650274,4.684054676481948,2024,5,17,24062,Leuven,Onbekend,Onbekend,Dag,met lichtgewonden,3,Fiets,3,Fiets,Buiten Kruispunt,Gemeenteweg,buiten bebouwde kom,Tussen 2 bestuurders: Frontale botsing,Geen hindernis
46910,77,Leuven teller 2,Leuven,50.88672,4.70796,0.697768580326719,50.8805193227045,4.7064318257626,2024,4,17,24062,Leuven,Onbekend,Onbekend,Dag,met lichtgewonden,3,Fiets,2,Andere weggebruiker,Op Kruispunt,Gemeenteweg,binnen bebouwde kom,Tss. 2 best.: langs opzij (voor-/achterkant-flank),Geen hindernis
46910,107,leuven totem,Leuven,50.8870744,4.7087919,0.7474585421304983,50.8805193227045,4.7064318257626,2024,4,17,24062,Leuven,Onbekend,Onbekend,Dag,met lichtgewonden,3,Fiets,2,Andere weggebruiker,Op Kruispunt,Gemeenteweg,binnen bebouwde kom,Tss. 2 best.: langs opzij (voor-/achterkant-flank),Geen hindernis
46910,69,Leuven teller 1,Leuven,50.87549,4.71526,0.8345017117524217,50.8805193227045,4.7064318257626,2024,4,17,24062,Leuven,Onbekend,Onbekend,Dag,met lichtgewonden,3,Fiets,2,Andere weggebruiker,Op Kruispunt,Gemeenteweg,binnen bebouwde kom,Tss. 2 best.: langs opzij (voor-/achterkant-flank),Geen hindernis
46928,26,Zaventem,Zaventem,50.86995,4.45444,0.6288637872053785,50.864612258285256,4.457401459032068,2024,5,9,23099,Kraainem,Normaal,Droog,Dag,met lichtgewonden,3,Fiets,9,personenauto,Op Kruispunt,Gemeenteweg,binnen bebouwde kom,Tussen 2 bestuurders: Langs achteren,Geen hindernis
46929,145,Overijse,District Vilvoorde-gewestwegen,50.7885856,4.4908759,0.673998919502733,50.79284763622199,4.4840579990604335,2024,4,13,23062,Overijse,Onbekend,Onbekend,Dag,met lichtgewonden,3,Fiets,9,personenauto,Buiten Kruispunt,Gewestweg,binnen bebouwde kom,Tss. 2 best.: langs opzij (voor-/achterkant-flank),Geen hindernis
46929,146,Overijse 2,District Vilvoorde-gewestwegen,50.7881478,4.4902818,0.681545588734056,50.79284763622199,4.4840579990604335,2024,4,13,23062,Overijse,Onbekend,Onbekend,Dag,met lichtgewonden,3,Fiets,9,personenauto,Buiten Kruispunt,Gewestweg,binnen bebouwde kom,Tss. 2 best.: langs opzij (voor-/achterkant-flank),Geen hindernis
46934,86,Asse teller 2,Asse,50.89132,4.1709,0.9840513545495433,50.88282107196608,4.166989134677574,2024,5,16,23086,Ternat,Normaal,Droog,Dag,met lichtgewonden,9,personenauto,3,Fiets,Op Kruispunt,Gewestweg,binnen bebouwde kom,Tss. 2 best.: langs opzij (voor-/achterkant-flank),Geen hindernis
46939,86,Asse teller 2,Asse,50.89132,4.1709,0.29650924040765597,50.88877299895753,4.1696483555842905,2024,5,5,23002,Asse,Normaal,Proper,Dageraad - schemering,met lichtgewonden,9,personenauto,3,Fiets,Op Kruispunt,Gewestweg,binnen bebouwde kom,Tss. 2 best.: langs opzij (voor-/achterkant-flank),Geen hindernis
46939,85,Asse teller 1,Asse,50.89621,4.17294,0.8585802793128379,50.88877299895753,4.1696483555842905,2024,5,5,23002,Asse,Normaal,Proper,Dageraad - schemering,met lichtgewonden,9,personenauto,3,Fiets,Op Kruispunt,Gewestweg,binnen bebouwde kom,Tss. 2 best.: langs opzij (voor-/achterkant-flank),Geen hindernis
46940,80,Wemmel teller 1,Wemmel,50.91418,4.29571,0.6954955294302615,50.90861490939478,4.3002381466371915,2024,5,16,23102,Wemmel,Normaal,Droog,Dag,met lichtgewonden,3,Fiets,9,personenauto,Buiten Kruispunt,Gemeenteweg,binnen bebouwde kom,Tss. 2 best.: langs opzij (voor-/achterkant-flank),Geen hindernis
46940,81,Wemmel teller 2,Wemmel,50.91439,4.29568,0.7172853889946872,50.90861490939478,4.3002381466371915,2024,5,16,23102,Wemmel,Normaal,Droog,Dag,met lichtgewonden,3,Fiets,9,personenauto,Buiten Kruispunt,Gemeenteweg,binnen bebouwde kom,Tss. 2 best.: langs opzij (voor-/achterkant-flank),Geen hindernis
46941,85,Asse teller 1,Asse,50.89621,4.17294,0.24214427931159732,50.89744793768168,4.175780508858992,2024,5,13,23002,Asse,Normaal,Droog,Dag,met lichtgewonden,1,Autobus,3,Fiets,Op Kruispunt,Gewestweg,binnen bebouwde kom,Tussen 2 bestuurders: Flank tegen flank,Geen hindernis
46941,86,Asse teller 2,Asse,50.89132,4.1709,0.7625419062082402,50.89744793768168,4.175780508858992,2024,5,13,23002,Asse,Normaal,Droog,Dag,met lichtgewonden,1,Autobus,3,Fiets,Op Kruispunt,Gewestweg,binnen bebouwde kom,Tussen 2 bestuurders: Flank tegen flank,Geen hindernis
46967,119,Gent teller 2,Gent,51.0281795,3.7683918,0.49032140712284655,51.02476460190718,3.772827299576516,2024,5,12,44040,Melle,Normaal,Droog,Dag,met lichtgewonden,9,personenauto,3,Fiets,Op Kruispunt,Gewestweg,buiten bebouwde kom,Tss. 2 best.: langs opzij (voor-/achterkant-flank),Geen hindernis
46967,118,Gent teller 1,Gent,51.028049,3.7681359,0.49094765828707226,51.02476460190718,3.772827299576516,2024,5,12,44040,Melle,Normaal,Droog,Dag,met lichtgewonden,9,personenauto,3,Fiets,Op Kruispunt,Gewestweg,buiten bebouwde kom,Tss. 2 best.: langs opzij (voor-/achterkant-flank),Geen hindernis
46975,13,Gent,Gent,51.03018,3.70146,0.8059445783198652,51.026224845554886,3.7111171957481868,2024,5,15,44021,Gent,Normaal,Droog,Dag,met lichtgewonden,3,Fiets,9,personenauto,Buiten Kruispunt,Gewestweg,buiten bebouwde kom,Tussen 2 bestuurders: Frontale botsing,Geen hindernis
46978,119,Gent teller 2,Gent,51.0281795,3.7683918,0.37631360771430356,51.02557532300262,3.7718282502694196,2024,5,11,44040,Melle,Normaal,Droog,Dag,met lichtgewonden,3,Fiets,9,personenauto,Buiten Kruispunt,Gewestweg,buiten bebouwde kom,Tss. 2 best.: langs opzij (voor-/achterkant-flank),Geen hindernis
46978,118,Gent teller 1,Gent,51.028049,3.7681359,0.377281721507567,51.02557532300262,3.7718282502694196,2024,5,11,44040,Melle,Normaal,Droog,Dag,met lichtgewonden,3,Fiets,9,personenauto,Buiten Kruispunt,Gewestweg,buiten bebouwde kom,Tss. 2 best.: langs opzij (voor-/achterkant-flank),Geen hindernis