crash_row_id,site_id,site_name,site_gemeente,site_lat,site_long,distance_km,crash_lat,crash_long,DT_YEAR_COLLISION,DT_MONTH_COLLISION,DT_TIME,CD_NIS,TX_MUNTY_COLLISION_NL,TX_WEATHER_NL,TX_ROAD_CONDITION_NL,TX_LIGHT_CONDITION_NL,TX_CLASS_ACCIDENTS_NL,CD_ROAD_USR_TYPE1,TX_ROAD_USR_TYPE1_NL,CD_ROAD_USR_TYPE2,TX_ROAD_USR_TYPE2_NL,TX_CROSSWAY_NL,CD_ROAD_TYPE_NL,TX_BUILD_UP_AREA_NL,TX_COLLISION_TYPE_NL,TX_OBSTACLES_NL
47008,116,Melle teller 2,Melle,50.9986113,3.8040599,0.2627841282461085,51.00075642037826,3.8056357608351483,2024,5,19,44040,Melle,Normaal,"Nat, plassen",Dag,met zwaargewonden,3,Fiets,5,Lichte vrachtauto,Op Kruispunt,Gewestweg,binnen bebouwde kom,Tss. 2 best.: langs opzij (voor-/achterkant-flank),Geen hindernis
47008,117,Melle teller 1,Melle,50.9986113,3.8040599,0.2627841282461085,51.00075642037826,3.8056357608351483,2024,5,19,44040,Melle,Normaal,"Nat, plassen",Dag,met zwaargewonden,3,Fiets,5,Lichte vrachtauto,Op Kruispunt,Gewestweg,binnen bebouwde kom,Tss. 2 best.: langs opzij (voor-/achterkant-flank),Geen hindernis
47021,7,Evergem 1,Evergem,51.1089,3.70317,0.3765126129624973,51.111679249951955,3.7062508186656493,2024,5,8,44019,Evergem,Normaal,Droog,Dag,met lichtgewonden,3,Fiets,3,Fiets,Buiten Kruispunt,Gemeenteweg,binnen bebouwde kom,Tss. 2 best.: langs opzij (voor-/achterkant-flank),Geen hindernis
47021,6,Evergem 2,Evergem,51.10894,3.70298,0.38067551793518306,51.111679249951955,3.7062508186656493,2024,5,8,44019,Evergem,Normaal,Droog,Dag,met lichtgewonden,3,Fiets,3,Fiets,Buiten Kruispunt,Gemeenteweg,binnen bebouwde kom,Tss. 2 best.: langs opzij (voor-/achterkant-flank),Geen hindernis
47068,126,Hamme totem,Hamme,51.1017709,4.1469307,0.8875975875201427,51.094303638130924,4.151422806289791,2024,5,10,42008,Hamme,Normaal,Droog,Dag,met lichtgewonden,4,Vrachtwagen,3,Fiets,Buiten Kruispunt,Gemeenteweg,binnen bebouwde kom,Tussen 2 bestuurders: Flank tegen flank,Geen hindernis
47069,126,Hamme totem,Hamme,51.1017709,4.1469307,0.6690372175594909,51.09927421363489,4.138212987328533,2024,5,8,42008,Hamme,Normaal,Droog,Dag,met lichtgewonden,9,personenauto,3,Fiets,Buiten Kruispunt,Gemeenteweg,binnen bebouwde kom,Tss. 2 best.: langs opzij (voor-/achterkant-flank),Geen hindernis
47076,121,Zele teller 2,Zele,51.0604067,4.0556696,0.023385504961761002,51.06032573275769,4.055360769368938,2024,5,18,42028,Zele,Normaal,Droog,Dag,met lichtgewonden,9,personenauto,3,Fiets,Op Kruispunt,Gemeenteweg,buiten bebouwde kom,Tss. 2 best.: langs opzij (voor-/achterkant-flank),Geen hindernis
47076,120,Zele teller 1,Zele,51.0607671,4.0547741,0.0639501556460159,51.06032573275769,4.055360769368938,2024,5,18,42028,Zele,Normaal,Droog,Dag,met lichtgewonden,9,personenauto,3,Fiets,Op Kruispunt,Gemeenteweg,buiten bebouwde kom,Tss. 2 best.: langs opzij (voor-/achterkant-flank),Geen hindernis
47103,122,Dendermonde teller 2,Dendermonde,51.0373918,4.1019222,0.06211947601359034,51.03785255502595,4.102424592999872,2024,5,17,42006,Dendermonde,Normaal,Droog,Dag,met zwaargewonden,5,Lichte vrachtauto,3,Fiets,Buiten Kruispunt,Gewestweg,binnen bebouwde kom,Tss. 2 best.: langs opzij (voor-/achterkant-flank),Geen hindernis
47103,125,Dendermonde totem,Dendermonde,51.0372706,4.1025998,0.06585983917597549,51.03785255502595,4.102424592999872,2024,5,17,42006,Dendermonde,Normaal,Droog,Dag,met zwaargewonden,5,Lichte vrachtauto,3,Fiets,Buiten Kruispunt,Gewestweg,binnen bebouwde kom,Tss. 2 best.: langs opzij (voor-/achterkant-flank),Geen hindernis
47106,122,Dendermonde teller 2,Dendermonde,51.0373918,4.1019222,0.6229293839808343,51.0428321212994,4.104048131356882,2024,5,8,42006,Dendermonde,Normaal,"Nat, plassen",Dag,met lichtgewonden,3,Fiets,8,Voetganger,Buiten Kruispunt,Gewestweg,binnen bebouwde kom,Met een voetganger,Geen vermelding van de aanwezigheid van een hindernis
47106,125,Dendermonde totem,Dendermonde,51.0372706,4.1025998,0.6266487985898372,51.0428321212994,4.104048131356882,2024,5,8,42006,Dendermonde,Normaal,"Nat, plassen",Dag,met lichtgewonden,3,Fiets,8,Voetganger,Buiten Kruispunt,Gewestweg,binnen bebouwde kom,Met een voetganger,Geen vermelding van de aanwezigheid van een hindernis
47115,142,TEST Validatie BRUGGE Y2H22022134,Brugge,51.22632,3.24095,0.6202588353524389,51.22382114147389,3.2329867318235492,2024,5,11,31005,Brugge,Normaal,Droog,Dag,met lichtgewonden,9,personenauto,3,Fiets,Buiten Kruispunt,Gemeenteweg,binnen bebouwde kom,Tussen 2 bestuurders: Langs achteren,Geen hindernis
47115,52,Brugge,Brugge,51.22632,3.24095,0.6202588353524389,51.22382114147389,3.2329867318235492,2024,5,11,31005,Brugge,Normaal,Droog,Dag,met lichtgewonden,9,personenauto,3,Fiets,Buiten Kruispunt,Gemeenteweg,binnen bebouwde kom,Tussen 2 bestuurders: Langs achteren,Geen hindernis
47115,54,Brugge teller 2,Brugge,51.23015,3.22818,0.7792810193455739,51.22382114147389,3.2329867318235492,2024,5,11,31005,Brugge,Normaal,Droog,Dag,met lichtgewonden,9,personenauto,3,Fiets,Buiten Kruispunt,Gemeenteweg,binnen bebouwde kom,Tussen 2 bestuurders: Langs achteren,Geen hindernis
47115,53,Brugge teller 1,Brugge,51.23023,3.228,0.7927332298829153,51.22382114147389,3.2329867318235492,2024,5,11,31005,Brugge,Normaal,Droog,Dag,met lichtgewonden,9,personenauto,3,Fiets,Buiten Kruispunt,Gemeenteweg,binnen bebouwde kom,Tussen 2 bestuurders: Langs achteren,Geen hindernis
47127,54,Brugge teller 2,Brugge,51.23015,3.22818,0.4259334456955406,51.22701481549333,3.231694417638732,2024,5,7,31005,Brugge,Normaal,Droog,Dag,met lichtgewonden,9,personenauto,3,Fiets,Op Kruispunt,Gemeenteweg,binnen bebouwde kom,Tss. 2 best.: langs opzij (voor-/achterkant-flank),Geen hindernis
47127,53,Brugge teller 1,Brugge,51.23023,3.228,0.4404453696815302,51.22701481549333,3.231694417638732,2024,5,7,31005,Brugge,Normaal,Droog,Dag,met lichtgewonden,9,personenauto,3,Fiets,Op Kruispunt,Gemeenteweg,binnen bebouwde kom,Tss. 2 best.: langs opzij (voor-/achterkant-flank),Geen hindernis
47127,52,Brugge,Brugge,51.22632,3.24095,0.6491250486656494,51.22701481549333,3.231694417638732,2024,5,7,31005,Brugge,Normaal,Droog,Dag,met lichtgewonden,9,personenauto,3,Fiets,Op Kruispunt,Gemeenteweg,binnen bebouwde kom,Tss. 2 best.: langs opzij (voor-/achterkant-flank),Geen hindernis
47127,142,TEST Validatie BRUGGE Y2H22022134,Brugge,51.22632,3.24095,0.6491250486656494,51.22701481549333,3.231694417638732,2024,5,7,31005,Brugge,Normaal,Droog,Dag,met lichtgewonden,9,personenauto,3,Fiets,Op Kruispunt,Gemeenteweg,binnen bebouwde kom,Tss. 2 best.: langs opzij (voor-/achterkant-flank),Geen hindernis
47130,142,TEST Validatie BRUGGE Y2H22022134,Brugge,51.22632,3.24095,0.22859528529888246,51.22458661988611,3.239185037288153,2024,5,21,31005,Brugge,Normaal,Droog,Dageraad - schemering,met lichtgewonden,3,Fiets,9,personenauto,Buiten Kruispunt,Gewestweg,binnen bebouwde kom,Tss. 2 best.: langs opzij (voor-/achterkant-flank),Geen hindernis
47130,52,Brugge,Brugge,51.22632,3.24095,0.22859528529888246,51.22458661988611,3.239185037288153,2024,5,21,31005,Brugge,Normaal,Droog,Dageraad - schemering,met lichtgewonden,3,Fiets,9,personenauto,Buiten Kruispunt,Gewestweg,binnen bebouwde kom,Tss. 2 best.: langs opzij (voor-/achterkant-flank),Geen hindernis
47130,54,Brugge teller 2,Brugge,51.23015,3.22818,0.9848552738102211,51.22458661988611,3.239185037288153,2024,5,21,31005,Brugge,Normaal,Droog,Dageraad - schemering,met lichtgewonden,3,Fiets,9,personenauto,Buiten Kruispunt,Gewestweg,binnen bebouwde kom,Tss. 2 best.: langs opzij (voor-/achterkant-flank),Geen hindernis
47158,55,Torhout teller 1,Torhout,51.07161,3.08261,0.9200178493039727,51.067764988028955,3.094269012462066,2024,5,10,31033,Torhout,Normaal,Droog,Dag,met lichtgewonden,9,personenauto,3,Fiets,Buiten Kruispunt,Gewestweg,binnen bebouwde kom,Tussen 2 bestuurders: Flank tegen flank,Geen hindernis
47158,56,Torhout teller 2,Torhout,51.07147,3.08244,0.9235041260267781,51.067764988028955,3.094269012462066,2024,5,10,31033,Torhout,Normaal,Droog,Dag,met lichtgewonden,9,personenauto,3,Fiets,Buiten Kruispunt,Gewestweg,binnen bebouwde kom,Tussen 2 bestuurders: Flank tegen flank,Geen hindernis
47172,57,Meulebeke teller 1,Meulebeke,50.96056,3.24491,0.45256942266248856,50.96458166238644,3.2439164581493705,2024,5,16,37007,Meulebeke,Normaal,Droog,Dag,met lichtgewonden,9,personenauto,3,Fiets,Buiten Kruispunt,Gewestweg,buiten bebouwde kom,Tss. 2 best.: langs opzij (voor-/achterkant-flank),Geen hindernis
47172,58,Meulebeke teller 2,Meulebeke,50.96021,3.24471,0.4892732034771072,50.96458166238644,3.2439164581493705,2024,5,16,37007,Meulebeke,Normaal,Droog,Dag,met lichtgewonden,9,personenauto,3,Fiets,Buiten Kruispunt,Gewestweg,buiten bebouwde kom,Tss. 2 best.: langs opzij (voor-/achterkant-flank),Geen hindernis
47181,61,Wervik teller 2,Wervik,50.80555,3.0921,0.6150170488560961,50.80300422020056,3.0998697666289594,2024,5,7,34027,Menen,Normaal,Droog,Dag,met lichtgewonden,6,Bromfiets,3,Fiets,Buiten Kruispunt,Gewestweg,binnen bebouwde kom,Tussen 2 bestuurders: Flank tegen flank,Geen hindernis
47181,62,Wervik teller 1,Wervik,50.8058,3.09154,0.6627793326158359,50.80300422020056,3.0998697666289594,2024,5,7,34027,Menen,Normaal,Droog,Dag,met lichtgewonden,6,Bromfiets,3,Fiets,Buiten Kruispunt,Gewestweg,binnen bebouwde kom,Tussen 2 bestuurders: Flank tegen flank,Geen hindernis
47182,17,Kortrijk 2,Kortrijk,50.83339,3.27773,0.33521335497276455,50.83240062732361,3.273221224846639,2024,5,8,34022,Kortrijk,Normaal,Droog,Dag,met lichtgewonden,3,Fiets,3,Fiets,Op Kruispunt,Gewestweg,binnen bebouwde kom,Tussen 2 bestuurders: Flank tegen flank,Geen hindernis
47182,16,Kortrijk 1,Kortrijk,50.83332,3.27777,0.33541472304802095,50.83240062732361,3.273221224846639,2024,5,8,34022,Kortrijk,Normaal,Droog,Dag,met lichtgewonden,3,Fiets,3,Fiets,Op Kruispunt,Gewestweg,binnen bebouwde kom,Tussen 2 bestuurders: Flank tegen flank,Geen hindernis
47182,143,Eco Display Classic Budastraat,Kortrijk,50.83066,3.26286,0.7529797476192716,50.83240062732361,3.273221224846639,2024,5,8,34022,Kortrijk,Normaal,Droog,Dag,met lichtgewonden,3,Fiets,3,Fiets,Op Kruispunt,Gewestweg,binnen bebouwde kom,Tussen 2 bestuurders: Flank tegen flank,Geen hindernis
47183,143,Eco Display Classic Budastraat,Kortrijk,50.83066,3.26286,0.43820676134940467,50.82700650871806,3.260521065795795,2024,5,16,34022,Kortrijk,Normaal,Droog,Dag,met zwaargewonden,3,Fiets,3,Fiets,Buiten Kruispunt,Gemeenteweg,binnen bebouwde kom,Tss. 2 best.: langs opzij (voor-/achterkant-flank),Geen hindernis
47183,75,Kortrijk teller 2,Kortrijk,50.81925,3.25731,0.8914905164601726,50.82700650871806,3.260521065795795,2024,5,16,34022,Kortrijk,Normaal,Droog,Dag,met zwaargewonden,3,Fiets,3,Fiets,Buiten Kruispunt,Gemeenteweg,binnen bebouwde kom,Tss. 2 best.: langs opzij (voor-/achterkant-flank),Geen hindernis
47183,74,Kortrijk teller 1,Kortrijk,50.81909,3.25728,0.90923944483699,50.82700650871806,3.260521065795795,2024,5,16,34022,Kortrijk,Normaal,Droog,Dag,met zwaargewonden,3,Fiets,3,Fiets,Buiten Kruispunt,Gemeenteweg,binnen bebouwde kom,Tss. 2 best.: langs opzij (voor-/achterkant-flank),Geen hindernis
47185,143,Eco Display Classic Budastraat,Kortrijk,50.83066,3.26286,0.5637141224023587,50.83566703141625,3.264117237005618,2024,5,14,34022,Kortrijk,Normaal,Droog,Dag,met zwaargewonden,5,Lichte vrachtauto,3,Fiets,Buiten Kruispunt,Gewestweg,binnen bebouwde kom,Kettingbotsing (3 bestuurders of meer),Geen hindernis
47185,17,Kortrijk 2,Kortrijk,50.83339,3.27773,0.9889383627908257,50.83566703141625,3.264117237005618,2024,5,14,34022,Kortrijk,Normaal,Droog,Dag,met zwaargewonden,5,Lichte vrachtauto,3,Fiets,Buiten Kruispunt,Gewestweg,binnen bebouwde kom,Kettingbotsing (3 bestuurders of meer),Geen hindernis
47185,16,Kortrijk 1,Kortrijk,50.83332,3.27777,0.993670610944824,50.83566703141625,3.264117237005618,2024,5,14,34022,Kortrijk,Normaal,Droog,Dag,met zwaargewonden,5,Lichte vrachtauto,3,Fiets,Buiten Kruispunt,Gewestweg,binnen bebouwde kom,Kettingbotsing (3 bestuurders of meer),Geen hindernis
47186,17,Kortrijk 2,Kortrijk,50.83339,3.27773,0.4631887178118779,50.834844657814166,3.2715496494621257,2024,5,13,34022,Kortrijk,Onbekend,Droog,Dag,met lichtgewonden,3,Fiets,9,personenauto,Buiten Kruispunt,Gemeenteweg,binnen bebouwde kom,Tussen 2 bestuurders: Frontale botsing,Geen hindernis
47186,16,Kortrijk 1,Kortrijk,50.83332,3.27777,0.4685819174018187,50.834844657814166,3.2715496494621257,2024,5,13,34022,Kortrijk,Onbekend,Droog,Dag,met lichtgewonden,3,Fiets,9,personenauto,Buiten Kruispunt,Gemeenteweg,binnen bebouwde kom,Tussen 2 bestuurders: Frontale botsing,Geen hindernis
47186,143,Eco Display Classic Budastraat,Kortrijk,50.83066,3.26286,0.7674253780167339,50.834844657814166,3.2715496494621257,2024,5,13,34022,Kortrijk,Onbekend,Droog,Dag,met lichtgewonden,3,Fiets,9,personenauto,Buiten Kruispunt,Gemeenteweg,binnen bebouwde kom,Tussen 2 bestuurders: Frontale botsing,Geen hindernis
47187,17,Kortrijk 2,Kortrijk,50.83339,3.27773,0.4386858218166865,50.83383667500307,3.2715235616951026,2024,5,11,34022,Kortrijk,Normaal,Droog,Dag,met lichtgewonden,3,Fiets,9,personenauto,Buiten Kruispunt,Gewestweg,binnen bebouwde kom,Tss. 2 best.: langs opzij (voor-/achterkant-flank),Geen hindernis
47187,16,Kortrijk 1,Kortrijk,50.83332,3.27777,0.4424206162674596,50.83383667500307,3.2715235616951026,2024,5,11,34022,Kortrijk,Normaal,Droog,Dag,met lichtgewonden,3,Fiets,9,personenauto,Buiten Kruispunt,Gewestweg,binnen bebouwde kom,Tss. 2 best.: langs opzij (voor-/achterkant-flank),Geen hindernis
47187,143,Eco Display Classic Budastraat,Kortrijk,50.83066,3.26286,0.7035428225608892,50.83383667500307,3.2715235616951026,2024,5,11,34022,Kortrijk,Normaal,Droog,Dag,met lichtgewonden,3,Fiets,9,personenauto,Buiten Kruispunt,Gewestweg,binnen bebouwde kom,Tss. 2 best.: langs opzij (voor-/achterkant-flank),Geen hindernis
47188,143,Eco Display Classic Budastraat,Kortrijk,50.83066,3.26286,0.5220249871962609,50.8274146307651,3.257489363354737,2024,5,9,34022,Kortrijk,Normaal,Droog,Dag,met lichtgewonden,8,Voetganger,3,Fiets,Buiten Kruispunt,Gewestweg,binnen bebouwde kom,Met een voetganger,Geen vermelding van de aanwezigheid van een hindernis
47188,75,Kortrijk teller 2,Kortrijk,50.81925,3.25731,0.9079529379392752,50.8274146307651,3.257489363354737,2024,5,9,34022,Kortrijk,Normaal,Droog,Dag,met lichtgewonden,8,Voetganger,3,Fiets,Buiten Kruispunt,Gewestweg,binnen bebouwde kom,Met een voetganger,Geen vermelding van de aanwezigheid van een hindernis
47188,74,Kortrijk teller 1,Kortrijk,50.81909,3.25728,0.9257735242468865,50.8274146307651,3.257489363354737,2024,5,9,34022,Kortrijk,Normaal,Droog,Dag,met lichtgewonden,8,Voetganger,3,Fiets,Buiten Kruispunt,Gewestweg,binnen bebouwde kom,Met een voetganger,Geen vermelding van de aanwezigheid van een hindernis
47190,143,Eco Display Classic Budastraat,Kortrijk,50.83066,3.26286,0.5067522704338366,50.82778715514427,3.257258967960819,2024,5,3,34022,Kortrijk,Regenval,"Nat, plassen","Nacht, openbare verlichting aanwezig en ontstoken",met lichtgewonden,3,Fiets,9,personenauto,Op Kruispunt,Gewestweg,binnen bebouwde kom,Tss. 2 best.: langs opzij (voor-/achterkant-flank),Geen hindernis
47190,75,Kortrijk teller 2,Kortrijk,50.81925,3.25731,0.9492951080649071,50.82778715514427,3.257258967960819,2024,5,3,34022,Kortrijk,Regenval,"Nat, plassen","Nacht, openbare verlichting aanwezig en ontstoken",met lichtgewonden,3,Fiets,9,personenauto,Op Kruispunt,Gewestweg,binnen bebouwde kom,Tss. 2 best.: langs opzij (voor-/achterkant-flank),Geen hindernis
47190,74,Kortrijk teller 1,Kortrijk,50.81909,3.25728,0.9670806567244415,50.82778715514427,3.257258967960819,2024,5,3,34022,Kortrijk,Regenval,"Nat, plassen","Nacht, openbare verlichting aanwezig en ontstoken",met lichtgewonden,3,Fiets,9,personenauto,Op Kruispunt,Gewestweg,binnen bebouwde kom,Tss. 2 best.: langs opzij (voor-/achterkant-flank),Geen hindernis
47248,140,Hasselt ring,Hasselt,50.9300038,5.3438616,0.5373403477033869,50.93396740220893,5.339475290738993,2024,5,14,71022,Hasselt,Normaal,Droog,Dag,met lichtgewonden,3,Fiets,3,Fiets,Op Kruispunt,Gewestweg,binnen bebouwde kom,Tss. 2 best.: langs opzij (voor-/achterkant-flank),Geen hindernis
47248,138,Hasselt-Kempische brug,Hasselt,50.9405318,5.3422472,0.7553283123646323,50.93396740220893,5.339475290738993,2024,5,14,71022,Hasselt,Normaal,Droog,Dag,met lichtgewonden,3,Fiets,3,Fiets,Op Kruispunt,Gewestweg,binnen bebouwde kom,Tss. 2 best.: langs opzij (voor-/achterkant-flank),Geen hindernis
47248,137,Hasselt-Kempische brug,Hasselt,50.9411605,5.3417576,0.8156674856663229,50.93396740220893,5.339475290738993,2024,5,14,71022,Hasselt,Normaal,Droog,Dag,met lichtgewonden,3,Fiets,3,Fiets,Op Kruispunt,Gewestweg,binnen bebouwde kom,Tss. 2 best.: langs opzij (voor-/achterkant-flank),Geen hindernis
47249,140,Hasselt ring,Hasselt,50.9300038,5.3438616,0.822731038962471,50.92794069114545,5.332588028696949,2024,5,14,71022,Hasselt,Normaal,Droog,Dag,met lichtgewonden,3,Fiets,3,Fiets,Op Kruispunt,Gemeenteweg,binnen bebouwde kom,Tussen 2 bestuurders: Frontale botsing,Geen hindernis
47251,138,Hasselt-Kempische brug,Hasselt,50.9405318,5.3422472,0.31513579414323045,50.93784039482838,5.3408381540648895,2024,5,13,71022,Hasselt,Regenval,"Nat, plassen",Dag,met lichtgewonden,9,personenauto,3,Fiets,Op Kruispunt,Gewestweg,binnen bebouwde kom,Tss. 2 best.: langs opzij (voor-/achterkant-flank),Geen hindernis
47251,137,Hasselt-Kempische brug,Hasselt,50.9411605,5.3417576,0.3747579144255165,50.93784039482838,5.3408381540648895,2024,5,13,71022,Hasselt,Regenval,"Nat, plassen",Dag,met lichtgewonden,9,personenauto,3,Fiets,Op Kruispunt,Gewestweg,binnen bebouwde kom,Tss. 2 best.: langs opzij (voor-/achterkant-flank),Geen hindernis
47251,140,Hasselt ring,Hasselt,50.9300038,5.3438616,0.8967776861223924,50.93784039482838,5.3408381540648895,2024,5,13,71022,Hasselt,Regenval,"Nat, plassen",Dag,met lichtgewonden,9,personenauto,3,Fiets,Op Kruispunt,Gewestweg,binnen bebouwde kom,Tss. 2 best.: langs opzij (voor-/achterkant-flank),Geen hindernis
47253,140,Hasselt ring,Hasselt,50.9300038,5.3438616,0.32891211969503287,50.93038974050118,5.339208503281821,2024,5,12,71022,Hasselt,Normaal,Droog,Dag,met lichtgewonden,3,Fiets,3,Fiets,Op Kruispunt,Gemeenteweg,binnen bebouwde kom,Tss. 2 best.: langs opzij (voor-/achterkant-flank),Geen hindernis
47254,140,Hasselt ring,Hasselt,50.9300038,5.3438616,0.8204722336327008,50.9345472327361,5.334636576000607,2024,5,18,71022,Hasselt,Normaal,Onbekend,Dag,met lichtgewonden,3,Fiets,6,Bromfiets,Op Kruispunt,Gemeenteweg,binnen bebouwde kom,Tussen 2 bestuurders: Frontale botsing,Geen hindernis
47254,138,Hasselt-Kempische brug,Hasselt,50.9405318,5.3422472,0.8527739848146797,50.9345472327361,5.334636576000607,2024,5,18,71022,Hasselt,Normaal,Onbekend,Dag,met lichtgewonden,3,Fiets,6,Bromfiets,Op Kruispunt,Gemeenteweg,binnen bebouwde kom,Tussen 2 bestuurders: Frontale botsing,Geen hindernis
47254,137,Hasselt-Kempische brug,Hasselt,50.9411605,5.3417576,0.8886701887934246,50.9345472327361,5.334636576000607,2024,5,18,71022,Hasselt,Normaal,Onbekend,Dag,met lichtgewonden,3,Fiets,6,Bromfiets,Op Kruispunt,Gemeenteweg,binnen bebouwde kom,Tussen 2 bestuurders: Frontale botsing,Geen hindernis
47264,139,Houthalen-Helchteren,Houthalen-Helchteren,51.0644267,5.3819796,0.8500651326853065,51.07205269999739,5.38112649626805,2024,5,10,72039,Houthalen-Helchteren,Normaal,Onbekend,Dag,met lichtgewonden,3,Fiets,10,"één bestuurder, geen hindernis",Op Kruispunt,Gewestweg,buiten bebouwde kom,"Eén bestuurder, geen hindernis (incl. val)",Geen hindernis
47265,14,Genk,Genk,50.97172,5.48927,0.9687242731138419,50.9763460424514,5.477546034783053,2024,5,15,71016,Genk,Normaal,Droog,Dag,met lichtgewonden,3,Fiets,10,"één bestuurder, geen hindernis",Buiten Kruispunt,Gemeenteweg,buiten bebouwde kom,"Eén bestuurder, geen hindernis (incl. val)",Geen hindernis
47268,49,Bokrijk,Genk,50.95264,5.41001,0.44878347481562153,50.9566058664212,5.408820721592287,2024,5,15,71016,Genk,Normaal,Droog,Dag,met lichtgewonden,3,Fiets,3,Fiets,Buiten Kruispunt,Gewestweg,buiten bebouwde kom,Tss. 2 best.: langs opzij (voor-/achterkant-flank),Geen hindernis
47269,14,Genk,Genk,50.97172,5.48927,0.8891227004509067,50.97540210903651,5.50054214797492,2024,5,12,71016,Genk,Normaal,Droog,Dag,met lichtgewonden,8,Voetganger,3,Fiets,Buiten Kruispunt,Gemeenteweg,buiten bebouwde kom,Met een voetganger,Geen hindernis
47271,25,Bree,Bree,51.13679500160176,5.597669323604317,0.9144592122907755,51.14429033479491,5.603063268822466,2024,5,13,72004,Bree,Normaal,"Nat, plassen",Dag,met lichtgewonden,3,Fiets,10,"één bestuurder, geen hindernis",Buiten Kruispunt,Gewestweg,binnen bebouwde kom,"Eén bestuurder, geen hindernis (incl. val)",Geen hindernis
47276,25,Bree,Bree,51.13679500160176,5.597669323604317,0.30306095100714386,51.13778678518098,5.59362340665812,2024,5,15,72004,Bree,Normaal,Droog,Dag,met zwaargewonden,3,Fiets,3,Fiets,Buiten Kruispunt,Gewestweg,binnen bebouwde kom,Tussen 2 bestuurders: Frontale botsing,Geen hindernis
47282,131,Nevele,Deinze,51.0276612,3.558569,0.7224735126547968,51.032790050150496,3.552226588866084,2024,5,15,44083,Deinze,Normaal,Droog,Dag,met lichtgewonden,3,Fiets,2,Andere weggebruiker,Buiten Kruispunt,Gemeenteweg,binnen bebouwde kom,Tussen 2 bestuurders: Langs achteren,Geen hindernis
47285,99,Mechelen teller 1,Mechelen,51.04564,4.46882,0.6754294531379611,51.03991707893781,4.472058141564214,2024,5,8,12025,Mechelen,Regenval,"Nat, plassen",Dag,met lichtgewonden,1,Autobus,3,Fiets,Op Kruispunt,Gewestweg,binnen bebouwde kom,Tss. 2 best.: langs opzij (voor-/achterkant-flank),Geen hindernis
47285,100,Mechelen teller 2,Mechelen,51.0457,4.46883,0.6814870000869129,51.03991707893781,4.472058141564214,2024,5,8,12025,Mechelen,Regenval,"Nat, plassen",Dag,met lichtgewonden,1,Autobus,3,Fiets,Op Kruispunt,Gewestweg,binnen bebouwde kom,Tss. 2 best.: langs opzij (voor-/achterkant-flank),Geen hindernis
47567,107,leuven totem,Leuven,50.8870744,4.7087919,0.6796364818503594,50.8820266539576,4.71425483298505,2024,6,15,24062,Leuven,Normaal,Droog,Dag,met lichtgewonden,3,Fiets,8,Voetganger,Buiten Kruispunt,Gewestweg,binnen bebouwde kom,Met een voetganger,Geen hindernis
47567,77,Leuven teller 2,Leuven,50.88672,4.70796,0.6836360262124973,50.8820266539576,4.71425483298505,2024,6,15,24062,Leuven,Normaal,Droog,Dag,met lichtgewonden,3,Fiets,8,Voetganger,Buiten Kruispunt,Gewestweg,binnen bebouwde kom,Met een voetganger,Geen hindernis
47567,69,Leuven teller 1,Leuven,50.87549,4.71526,0.730255989659125,50.8820266539576,4.71425483298505,2024,6,15,24062,Leuven,Normaal,Droog,Dag,met lichtgewonden,3,Fiets,8,Voetganger,Buiten Kruispunt,Gewestweg,binnen bebouwde kom,Met een voetganger,Geen hindernis
47570,151,Leuven,District Leuven,50.8690262,4.6854839,0.4885349218577215,50.872075206426956,4.6904964450945394,2024,6,18,24062,Leuven,Regenval,"Nat, plassen",Dag,met lichtgewonden,3,Fiets,9,personenauto,Op Kruispunt,Gewestweg,binnen bebouwde kom,Tss. 2 best.: langs opzij (voor-/achterkant-flank),Geen hindernis
47571,69,Leuven teller 1,Leuven,50.87549,4.71526,0.6735801500110726,50.881528719493836,4.714501556852966,2024,6,9,24062,Leuven,Regenval,"Nat, plassen",Dag,met lichtgewonden,8,Voetganger,3,Fiets,Buiten Kruispunt,Gewestweg,binnen bebouwde kom,Met een voetganger,Geen hindernis
47571,107,leuven totem,Leuven,50.8870744,4.7087919,0.7353180395115102,50.881528719493836,4.714501556852966,2024,6,9,24062,Leuven,Regenval,"Nat, plassen",Dag,met lichtgewonden,8,Voetganger,3,Fiets,Buiten Kruispunt,Gewestweg,binnen bebouwde kom,Met een voetganger,Geen hindernis
47571,77,Leuven teller 2,Leuven,50.88672,4.70796,0.7374293717387979,50.881528719493836,4.714501556852966,2024,6,9,24062,Leuven,Regenval,"Nat, plassen",Dag,met lichtgewonden,8,Voetganger,3,Fiets,Buiten Kruispunt,Gewestweg,binnen bebouwde kom,Met een voetganger,Geen hindernis
47572,151,Leuven,District Leuven,50.8690262,4.6854839,0.4884349090129691,50.871805514310516,4.690873931939299,2024,6,9,24062,Leuven,Normaal,Droog,Dag,met lichtgewonden,9,personenauto,3,Fiets,Buiten Kruispunt,Gewestweg,binnen bebouwde kom,Tss. 2 best.: langs opzij (voor-/achterkant-flank),Geen hindernis
47578,107,leuven totem,Leuven,50.8870744,4.7087919,0.4007465550709722,50.89026362754553,4.706130982579654,2024,6,18,24062,Leuven,Normaal,Droog,Dag,met zwaargewonden,3,Fiets,11,een weggebruiker tegen een hindernis,Op Kruispunt,Gemeenteweg,binnen bebouwde kom,Weggebruiker tegen hindernis buiten rijbaan,Buiten de rijbaan: Vangrails overschreden