crash_row_id,site_id,site_name,site_gemeente,site_lat,site_long,distance_km,crash_lat,crash_long,DT_YEAR_COLLISION,DT_MONTH_COLLISION,DT_TIME,CD_NIS,TX_MUNTY_COLLISION_NL,TX_WEATHER_NL,TX_ROAD_CONDITION_NL,TX_LIGHT_CONDITION_NL,TX_CLASS_ACCIDENTS_NL,CD_ROAD_USR_TYPE1,TX_ROAD_USR_TYPE1_NL,CD_ROAD_USR_TYPE2,TX_ROAD_USR_TYPE2_NL,TX_CROSSWAY_NL,CD_ROAD_TYPE_NL,TX_BUILD_UP_AREA_NL,TX_COLLISION_TYPE_NL,TX_OBSTACLES_NL
47578,77,Leuven teller 2,Leuven,50.88672,4.70796,0.4143940507337786,50.89026362754553,4.706130982579654,2024,6,18,24062,Leuven,Normaal,Droog,Dag,met zwaargewonden,3,Fiets,11,een weggebruiker tegen een hindernis,Op Kruispunt,Gemeenteweg,binnen bebouwde kom,Weggebruiker tegen hindernis buiten rijbaan,Buiten de rijbaan: Vangrails overschreden
47580,107,leuven totem,Leuven,50.8870744,4.7087919,0.6796364818503594,50.8820266539576,4.71425483298505,2024,6,10,24062,Leuven,Normaal,Droog,Dag,met lichtgewonden,1,Autobus,3,Fiets,Buiten Kruispunt,Gewestweg,binnen bebouwde kom,Tussen 2 bestuurders: Frontale botsing,Geen hindernis
47580,77,Leuven teller 2,Leuven,50.88672,4.70796,0.6836360262124973,50.8820266539576,4.71425483298505,2024,6,10,24062,Leuven,Normaal,Droog,Dag,met lichtgewonden,1,Autobus,3,Fiets,Buiten Kruispunt,Gewestweg,binnen bebouwde kom,Tussen 2 bestuurders: Frontale botsing,Geen hindernis
47580,69,Leuven teller 1,Leuven,50.87549,4.71526,0.730255989659125,50.8820266539576,4.71425483298505,2024,6,10,24062,Leuven,Normaal,Droog,Dag,met lichtgewonden,1,Autobus,3,Fiets,Buiten Kruispunt,Gewestweg,binnen bebouwde kom,Tussen 2 bestuurders: Frontale botsing,Geen hindernis
47582,77,Leuven teller 2,Leuven,50.88672,4.70796,0.1419334895090834,50.887822667362876,4.706940773071329,2024,6,19,24062,Leuven,Normaal,Droog,Dag,met lichtgewonden,9,personenauto,3,Fiets,Op Kruispunt,Gewestweg,binnen bebouwde kom,Tss. 2 best.: langs opzij (voor-/achterkant-flank),Geen hindernis
47582,107,leuven totem,Leuven,50.8870744,4.7087919,0.15422074895549512,50.887822667362876,4.706940773071329,2024,6,19,24062,Leuven,Normaal,Droog,Dag,met lichtgewonden,9,personenauto,3,Fiets,Op Kruispunt,Gewestweg,binnen bebouwde kom,Tss. 2 best.: langs opzij (voor-/achterkant-flank),Geen hindernis
47583,151,Leuven,District Leuven,50.8690262,4.6854839,0.8859855874328969,50.86106495090828,4.6859980480347225,2024,6,7,24062,Leuven,Normaal,Droog,Dag,met lichtgewonden,3,Fiets,9,personenauto,Op Kruispunt,Gemeenteweg,binnen bebouwde kom,Tss. 2 best.: langs opzij (voor-/achterkant-flank),Geen hindernis
47585,151,Leuven,District Leuven,50.8690262,4.6854839,0.6468386177530838,50.86480655599954,4.691828520955646,2024,6,9,24062,Leuven,Normaal,Droog,Dag,met lichtgewonden,3,Fiets,8,Voetganger,Buiten Kruispunt,Gemeenteweg,binnen bebouwde kom,Met een voetganger,Geen hindernis
47586,69,Leuven teller 1,Leuven,50.87549,4.71526,0.9106959138653761,50.868897428523056,4.707559247954096,2024,6,18,24062,Leuven,Normaal,Proper,Dag,met lichtgewonden,3,Fiets,3,Fiets,Buiten Kruispunt,Gewestweg,binnen bebouwde kom,Tussen 2 bestuurders: Frontale botsing,Geen hindernis
47587,151,Leuven,District Leuven,50.8690262,4.6854839,0.9004814707280868,50.86841412072305,4.698279127554491,2024,6,13,24062,Leuven,Normaal,Droog,Dag,met lichtgewonden,5,Lichte vrachtauto,3,Fiets,Op Kruispunt,Gewestweg,binnen bebouwde kom,Tussen 2 bestuurders: Flank tegen flank,Geen hindernis
47606,111,Zaventem totem,Zaventem,50.8871216,4.4597084,0.34049850915649454,50.88615420121142,4.464313805380348,2024,6,7,23094,Zaventem,Normaal,Droog,Dag,met lichtgewonden,3,Fiets,3,Fiets,Buiten Kruispunt,Gemeenteweg,binnen bebouwde kom,Tussen 2 bestuurders: Frontale botsing,Geen hindernis
47639,111,Zaventem totem,Zaventem,50.8871216,4.4597084,0.5502067507969632,50.89203750642757,4.460602114029033,2024,6,9,23047,Machelen,Regenval,"Vuil (zand, grint, bladeren,...)",Dag,met lichtgewonden,3,Fiets,11,een weggebruiker tegen een hindernis,Buiten Kruispunt,Gemeenteweg,buiten bebouwde kom,Weggebruiker tegen hindernis buiten rijbaan,Onbekend
47643,71,Kampenhout teller 2,Kampenhout,50.95589,4.59164,0.48717385917486555,50.9592893394203,4.5872519034565284,2024,6,15,23038,Kampenhout,Normaal,Droog,Dag,met lichtgewonden,6,Bromfiets,3,Fiets,Buiten Kruispunt,Gewestweg,buiten bebouwde kom,Tss. 2 best.: langs opzij (voor-/achterkant-flank),Geen hindernis
47643,70,Kampenhout teller 1,Kampenhout,50.95682,4.59318,0.4977847998277223,50.9592893394203,4.5872519034565284,2024,6,15,23038,Kampenhout,Normaal,Droog,Dag,met lichtgewonden,6,Bromfiets,3,Fiets,Buiten Kruispunt,Gewestweg,buiten bebouwde kom,Tss. 2 best.: langs opzij (voor-/achterkant-flank),Geen hindernis
47645,1,Machelen,Machelen,50.91618331151478,4.456121776137429,0.8774619598670225,50.909460704736006,4.462676098704855,2024,6,16,23081,Steenokkerzeel,Normaal,Droog,Dag,met lichtgewonden,3,Fiets,3,Fiets,Op Kruispunt,Gemeenteweg,buiten bebouwde kom,Tss. 2 best.: langs opzij (voor-/achterkant-flank),Geen hindernis
47679,13,Gent,Gent,51.03018,3.70146,0.363725237769287,51.02691386238766,3.7011747906370904,2024,6,11,44021,Gent,Normaal,Droog,Dag,met zwaargewonden,3,Fiets,3,Fiets,Buiten Kruispunt,Autosnelweg,buiten bebouwde kom,Tussen 2 bestuurders: Flank tegen flank,Geen hindernis
47685,118,Gent teller 1,Gent,51.028049,3.7681359,0.6748033475923314,51.030113443457346,3.759062149116477,2024,6,18,44021,Gent,Normaal,Droog,Dag,met lichtgewonden,3,Fiets,10,"één bestuurder, geen hindernis",Buiten Kruispunt,Gemeenteweg,binnen bebouwde kom,"Eén bestuurder, geen hindernis (incl. val)",Geen hindernis
47685,119,Gent teller 2,Gent,51.0281795,3.7683918,0.6869782295291377,51.030113443457346,3.759062149116477,2024,6,18,44021,Gent,Normaal,Droog,Dag,met lichtgewonden,3,Fiets,10,"één bestuurder, geen hindernis",Buiten Kruispunt,Gemeenteweg,binnen bebouwde kom,"Eén bestuurder, geen hindernis (incl. val)",Geen hindernis
47702,118,Gent teller 1,Gent,51.028049,3.7681359,0.041483383418182446,51.027796196391314,3.7685721174787457,2024,6,8,44021,Gent,Normaal,Droog,Dag,met lichtgewonden,9,personenauto,3,Fiets,Op Kruispunt,Gewestweg,binnen bebouwde kom,Tss. 2 best.: langs opzij (voor-/achterkant-flank),Geen hindernis
47702,119,Gent teller 2,Gent,51.0281795,3.7683918,0.04444783466179784,51.027796196391314,3.7685721174787457,2024,6,8,44021,Gent,Normaal,Droog,Dag,met lichtgewonden,9,personenauto,3,Fiets,Op Kruispunt,Gewestweg,binnen bebouwde kom,Tss. 2 best.: langs opzij (voor-/achterkant-flank),Geen hindernis
47705,119,Gent teller 2,Gent,51.0281795,3.7683918,0.5410680396910089,51.02568755937273,3.775036835565647,2024,6,8,44040,Melle,Normaal,Droog,Dag,met lichtgewonden,3,Fiets,9,personenauto,Op Kruispunt,Gewestweg,binnen bebouwde kom,Tussen 2 bestuurders: Flank tegen flank,Geen hindernis
47705,118,Gent teller 1,Gent,51.028049,3.7681359,0.5494349996281909,51.02568755937273,3.775036835565647,2024,6,8,44040,Melle,Normaal,Droog,Dag,met lichtgewonden,3,Fiets,9,personenauto,Op Kruispunt,Gewestweg,binnen bebouwde kom,Tussen 2 bestuurders: Flank tegen flank,Geen hindernis
47707,119,Gent teller 2,Gent,51.0281795,3.7683918,0.9128752125656546,51.02767620584384,3.7814204237676505,2024,6,16,44040,Melle,Normaal,Droog,Dag,met zwaargewonden,3,Fiets,3,Fiets,Buiten Kruispunt,Gewestweg,buiten bebouwde kom,Tussen 2 bestuurders: Flank tegen flank,Geen hindernis
47707,118,Gent teller 1,Gent,51.028049,3.7681359,0.929980187351808,51.02767620584384,3.7814204237676505,2024,6,16,44040,Melle,Normaal,Droog,Dag,met zwaargewonden,3,Fiets,3,Fiets,Buiten Kruispunt,Gewestweg,buiten bebouwde kom,Tussen 2 bestuurders: Flank tegen flank,Geen hindernis
47722,7,Evergem 1,Evergem,51.1089,3.70317,0.15515914882825724,51.107657517770164,3.704181509436845,2024,6,13,44019,Evergem,Regenval,"Nat, plassen",Dag,met lichtgewonden,8,Voetganger,3,Fiets,Buiten Kruispunt,Gemeenteweg,binnen bebouwde kom,Met een voetganger,Geen hindernis
47722,6,Evergem 2,Evergem,51.10894,3.70298,0.16544638895142855,51.107657517770164,3.704181509436845,2024,6,13,44019,Evergem,Regenval,"Nat, plassen",Dag,met lichtgewonden,8,Voetganger,3,Fiets,Buiten Kruispunt,Gemeenteweg,binnen bebouwde kom,Met een voetganger,Geen hindernis
47770,128,Lokeren teller 1,Lokeren,51.09644,3.97023,0.8986318719641141,51.104355971598245,3.967637900867824,2024,6,12,46014,Lokeren,"Andere (dikke rook,...)",Droog,Dag,met lichtgewonden,3,Fiets,3,Fiets,Buiten Kruispunt,Gemeenteweg,binnen bebouwde kom,Tussen 2 bestuurders: Flank tegen flank,Geen hindernis
47770,129,Lokeren teller 2,Lokeren,51.09612,3.97025,0.9337844492656184,51.104355971598245,3.967637900867824,2024,6,12,46014,Lokeren,"Andere (dikke rook,...)",Droog,Dag,met lichtgewonden,3,Fiets,3,Fiets,Buiten Kruispunt,Gemeenteweg,binnen bebouwde kom,Tussen 2 bestuurders: Flank tegen flank,Geen hindernis
47777,128,Lokeren teller 1,Lokeren,51.09644,3.97023,0.6327720094656876,51.10213063249381,3.9702042897671275,2024,6,11,46014,Lokeren,Normaal,Droog,Dag,met lichtgewonden,3,Fiets,10,"één bestuurder, geen hindernis",Buiten Kruispunt,Gemeenteweg,binnen bebouwde kom,"Eén bestuurder, geen hindernis (incl. val)",Geen hindernis
47777,129,Lokeren teller 2,Lokeren,51.09612,3.97025,0.6683594607963849,51.10213063249381,3.9702042897671275,2024,6,11,46014,Lokeren,Normaal,Droog,Dag,met lichtgewonden,3,Fiets,10,"één bestuurder, geen hindernis",Buiten Kruispunt,Gemeenteweg,binnen bebouwde kom,"Eén bestuurder, geen hindernis (incl. val)",Geen hindernis
47796,152,Opwijk,District Vilvoorde-gewestwegen,50.968901168564656,4.149169474840164,0.8185947908408421,50.97587967795511,4.145446302543745,2024,6,12,42011,Lebbeke,Normaal,Droog,Dag,met zwaargewonden,7,Motorfiets,3,Fiets,Buiten Kruispunt,Gewestweg,buiten bebouwde kom,Tussen 2 bestuurders: Langs achteren,Geen hindernis
47824,125,Dendermonde totem,Dendermonde,51.0372706,4.1025998,0.9814116831635006,51.02845154634959,4.103158399161826,2024,6,17,42006,Dendermonde,Normaal,Droog,Dag,met lichtgewonden,6,Bromfiets,3,Fiets,Op Kruispunt,Gewestweg,binnen bebouwde kom,Tss. 2 best.: langs opzij (voor-/achterkant-flank),Geen hindernis
47824,122,Dendermonde teller 2,Dendermonde,51.0373918,4.1019222,0.9978622222460907,51.02845154634959,4.103158399161826,2024,6,17,42006,Dendermonde,Normaal,Droog,Dag,met lichtgewonden,6,Bromfiets,3,Fiets,Op Kruispunt,Gewestweg,binnen bebouwde kom,Tss. 2 best.: langs opzij (voor-/achterkant-flank),Geen hindernis
47825,125,Dendermonde totem,Dendermonde,51.0372706,4.1025998,0.6642063800343019,51.03326637480494,4.109648480938035,2024,6,17,42006,Dendermonde,Normaal,Droog,Dag,met lichtgewonden,3,Fiets,9,personenauto,Buiten Kruispunt,Gewestweg,binnen bebouwde kom,Tss. 2 best.: langs opzij (voor-/achterkant-flank),Geen hindernis
47825,122,Dendermonde teller 2,Dendermonde,51.0373918,4.1019222,0.7087327222031524,51.03326637480494,4.109648480938035,2024,6,17,42006,Dendermonde,Normaal,Droog,Dag,met lichtgewonden,3,Fiets,9,personenauto,Buiten Kruispunt,Gewestweg,binnen bebouwde kom,Tss. 2 best.: langs opzij (voor-/achterkant-flank),Geen hindernis
47826,122,Dendermonde teller 2,Dendermonde,51.0373918,4.1019222,0.6755274238095211,51.031584733097816,4.099083978198119,2024,6,17,42006,Dendermonde,Normaal,Droog,Dag,met lichtgewonden,9,personenauto,3,Fiets,Buiten Kruispunt,Gemeenteweg,binnen bebouwde kom,Tussen 2 bestuurders: Flank tegen flank,Geen hindernis
47826,125,Dendermonde totem,Dendermonde,51.0372706,4.1025998,0.6783557768834148,51.031584733097816,4.099083978198119,2024,6,17,42006,Dendermonde,Normaal,Droog,Dag,met lichtgewonden,9,personenauto,3,Fiets,Buiten Kruispunt,Gemeenteweg,binnen bebouwde kom,Tussen 2 bestuurders: Flank tegen flank,Geen hindernis
47884,59,Ardooie teller 1,Ardooie,50.96784,3.18479,0.8774548547392805,50.97051766184476,3.1965773609563835,2024,6,17,37020,Ardooie,Normaal,Droog,Dag,met lichtgewonden,3,Fiets,9,personenauto,Op Kruispunt,Gemeenteweg,buiten bebouwde kom,Tss. 2 best.: langs opzij (voor-/achterkant-flank),Geen hindernis
47884,60,Ardooie teller 2,Ardooie,50.96783,3.18411,0.9227470187920055,50.97051766184476,3.1965773609563835,2024,6,17,37020,Ardooie,Normaal,Droog,Dag,met lichtgewonden,3,Fiets,9,personenauto,Op Kruispunt,Gemeenteweg,buiten bebouwde kom,Tss. 2 best.: langs opzij (voor-/achterkant-flank),Geen hindernis
47900,15,Oostende 2,Oostende,51.21371,2.92743,0.9932160744176128,51.21149641657112,2.9136159383547895,2024,6,17,35013,Oostende,Normaal,Droog,Dag,met lichtgewonden,9,personenauto,3,Fiets,Op Kruispunt,Gemeenteweg,binnen bebouwde kom,Tss. 2 best.: langs opzij (voor-/achterkant-flank),Geen hindernis
47930,143,Eco Display Classic Budastraat,Kortrijk,50.83066,3.26286,0.9171967522317174,50.82498661023465,3.27233923655158,2024,6,17,34022,Kortrijk,Normaal,Droog,Dag,met lichtgewonden,8,Voetganger,3,Fiets,Buiten Kruispunt,Gewestweg,binnen bebouwde kom,Met een voetganger,Geen vermelding van de aanwezigheid van een hindernis
47931,75,Kortrijk teller 2,Kortrijk,50.81925,3.25731,0.8182088703672769,50.826189286610045,3.253435328442435,2024,6,15,34022,Kortrijk,Normaal,Droog,Dag,met lichtgewonden,9,personenauto,3,Fiets,Buiten Kruispunt,Gemeenteweg,binnen bebouwde kom,Tss. 2 best.: langs opzij (voor-/achterkant-flank),Geen hindernis
47931,143,Eco Display Classic Budastraat,Kortrijk,50.83066,3.26286,0.8278312342724898,50.826189286610045,3.253435328442435,2024,6,15,34022,Kortrijk,Normaal,Droog,Dag,met lichtgewonden,9,personenauto,3,Fiets,Buiten Kruispunt,Gemeenteweg,binnen bebouwde kom,Tss. 2 best.: langs opzij (voor-/achterkant-flank),Geen hindernis
47931,74,Kortrijk teller 1,Kortrijk,50.81909,3.25728,0.8343234958222681,50.826189286610045,3.253435328442435,2024,6,15,34022,Kortrijk,Normaal,Droog,Dag,met lichtgewonden,9,personenauto,3,Fiets,Buiten Kruispunt,Gemeenteweg,binnen bebouwde kom,Tss. 2 best.: langs opzij (voor-/achterkant-flank),Geen hindernis
47933,75,Kortrijk teller 2,Kortrijk,50.81925,3.25731,0.5832577771256752,50.82354278012193,3.262081391716681,2024,6,15,34022,Kortrijk,Onbekend,Onbekend,Dag,met lichtgewonden,9,personenauto,3,Fiets,Buiten Kruispunt,Gewestweg,binnen bebouwde kom,Tss. 2 best.: langs opzij (voor-/achterkant-flank),Geen hindernis
47933,74,Kortrijk teller 1,Kortrijk,50.81909,3.25728,0.5990896390178955,50.82354278012193,3.262081391716681,2024,6,15,34022,Kortrijk,Onbekend,Onbekend,Dag,met lichtgewonden,9,personenauto,3,Fiets,Buiten Kruispunt,Gewestweg,binnen bebouwde kom,Tss. 2 best.: langs opzij (voor-/achterkant-flank),Geen hindernis
47933,143,Eco Display Classic Budastraat,Kortrijk,50.83066,3.26286,0.7932860187569164,50.82354278012193,3.262081391716681,2024,6,15,34022,Kortrijk,Onbekend,Onbekend,Dag,met lichtgewonden,9,personenauto,3,Fiets,Buiten Kruispunt,Gewestweg,binnen bebouwde kom,Tss. 2 best.: langs opzij (voor-/achterkant-flank),Geen hindernis
47935,143,Eco Display Classic Budastraat,Kortrijk,50.83066,3.26286,0.5249848022577042,50.83085582451068,3.2553914434271842,2024,6,17,34022,Kortrijk,Normaal,Droog,Dag,met lichtgewonden,3,Fiets,9,personenauto,Op Kruispunt,Gewestweg,binnen bebouwde kom,Tussen 2 bestuurders: Frontale botsing,Geen hindernis
47936,16,Kortrijk 1,Kortrijk,50.83332,3.27777,0.9816196572787993,50.82450014188052,3.2783670791422947,2024,6,19,34022,Kortrijk,Regenval,"Nat, plassen",Dag,met lichtgewonden,9,personenauto,3,Fiets,Op Kruispunt,Gemeenteweg,binnen bebouwde kom,Tss. 2 best.: langs opzij (voor-/achterkant-flank),Geen hindernis
47936,17,Kortrijk 2,Kortrijk,50.83339,3.27773,0.9895193084696118,50.82450014188052,3.2783670791422947,2024,6,19,34022,Kortrijk,Regenval,"Nat, plassen",Dag,met lichtgewonden,9,personenauto,3,Fiets,Op Kruispunt,Gemeenteweg,binnen bebouwde kom,Tss. 2 best.: langs opzij (voor-/achterkant-flank),Geen hindernis
47938,16,Kortrijk 1,Kortrijk,50.83332,3.27777,0.637998806199541,50.82851148182076,3.272813910852448,2024,5,16,34022,Kortrijk,Normaal,Droog,Dag,met lichtgewonden,9,personenauto,3,Fiets,Op Kruispunt,Gewestweg,binnen bebouwde kom,Tss. 2 best.: langs opzij (voor-/achterkant-flank),Geen hindernis
47938,17,Kortrijk 2,Kortrijk,50.83339,3.27773,0.6430230589901372,50.82851148182076,3.272813910852448,2024,5,16,34022,Kortrijk,Normaal,Droog,Dag,met lichtgewonden,9,personenauto,3,Fiets,Op Kruispunt,Gewestweg,binnen bebouwde kom,Tss. 2 best.: langs opzij (voor-/achterkant-flank),Geen hindernis
47938,143,Eco Display Classic Budastraat,Kortrijk,50.83066,3.26286,0.7387959850798613,50.82851148182076,3.272813910852448,2024,5,16,34022,Kortrijk,Normaal,Droog,Dag,met lichtgewonden,9,personenauto,3,Fiets,Op Kruispunt,Gewestweg,binnen bebouwde kom,Tss. 2 best.: langs opzij (voor-/achterkant-flank),Geen hindernis
47940,16,Kortrijk 1,Kortrijk,50.83332,3.27777,0.31641709326566486,50.83206104611605,3.2818105564926014,2024,6,8,34022,Kortrijk,Onbekend,Onbekend,Dag,met lichtgewonden,3,Fiets,4,Vrachtwagen,Buiten Kruispunt,Gemeenteweg,binnen bebouwde kom,Tss. 2 best.: langs opzij (voor-/achterkant-flank),Geen hindernis
47940,17,Kortrijk 2,Kortrijk,50.83339,3.27773,0.3224308839068037,50.83206104611605,3.2818105564926014,2024,6,8,34022,Kortrijk,Onbekend,Onbekend,Dag,met lichtgewonden,3,Fiets,4,Vrachtwagen,Buiten Kruispunt,Gemeenteweg,binnen bebouwde kom,Tss. 2 best.: langs opzij (voor-/achterkant-flank),Geen hindernis
47941,75,Kortrijk teller 2,Kortrijk,50.81925,3.25731,0.6267384087491483,50.824885613032535,3.2571614873323487,2024,6,18,34022,Kortrijk,Normaal,Droog,Dag,met lichtgewonden,9,personenauto,3,Fiets,Buiten Kruispunt,Gemeenteweg,binnen bebouwde kom,Tussen 2 bestuurders: Flank tegen flank,Geen hindernis
47941,74,Kortrijk teller 1,Kortrijk,50.81909,3.25728,0.644496535090922,50.824885613032535,3.2571614873323487,2024,6,18,34022,Kortrijk,Normaal,Droog,Dag,met lichtgewonden,9,personenauto,3,Fiets,Buiten Kruispunt,Gemeenteweg,binnen bebouwde kom,Tussen 2 bestuurders: Flank tegen flank,Geen hindernis
47941,143,Eco Display Classic Budastraat,Kortrijk,50.83066,3.26286,0.7566146351091892,50.824885613032535,3.2571614873323487,2024,6,18,34022,Kortrijk,Normaal,Droog,Dag,met lichtgewonden,9,personenauto,3,Fiets,Buiten Kruispunt,Gemeenteweg,binnen bebouwde kom,Tussen 2 bestuurders: Flank tegen flank,Geen hindernis
47942,74,Kortrijk teller 1,Kortrijk,50.81909,3.25728,0.9031918900386562,50.813376538793634,3.266417993147862,2024,6,8,34022,Kortrijk,Normaal,Droog,Dag,met lichtgewonden,9,personenauto,3,Fiets,Op Kruispunt,Gewestweg,binnen bebouwde kom,Tussen 2 bestuurders: Flank tegen flank,Geen hindernis
47942,75,Kortrijk teller 2,Kortrijk,50.81925,3.25731,0.9143165840593492,50.813376538793634,3.266417993147862,2024,6,8,34022,Kortrijk,Normaal,Droog,Dag,met lichtgewonden,9,personenauto,3,Fiets,Op Kruispunt,Gewestweg,binnen bebouwde kom,Tussen 2 bestuurders: Flank tegen flank,Geen hindernis
47944,143,Eco Display Classic Budastraat,Kortrijk,50.83066,3.26286,0.7807966056418021,50.83380191625615,3.252917313574588,2024,6,8,34022,Kortrijk,Regenval,"Nat, plassen",Dag,met lichtgewonden,9,personenauto,3,Fiets,Buiten Kruispunt,Gemeenteweg,binnen bebouwde kom,Tss. 2 best.: langs opzij (voor-/achterkant-flank),Geen hindernis
47969,66,Nieuwpoort totem,Nieuwpoort,51.1347,2.74369,0.38232287752789124,51.13234607570822,2.747683893583765,2024,6,11,38016,Nieuwpoort,Normaal,Droog,Dag,met lichtgewonden,9,personenauto,3,Fiets,Op Kruispunt,Gewestweg,binnen bebouwde kom,Tss. 2 best.: langs opzij (voor-/achterkant-flank),Geen hindernis
47969,63,Nieuwpoort teller 3,Nieuwpoort,51.13529,2.74289,0.46802194470148906,51.13234607570822,2.747683893583765,2024,6,11,38016,Nieuwpoort,Normaal,Droog,Dag,met lichtgewonden,9,personenauto,3,Fiets,Op Kruispunt,Gewestweg,binnen bebouwde kom,Tss. 2 best.: langs opzij (voor-/achterkant-flank),Geen hindernis
47969,65,Nieuwpoort teller 2,Nieuwpoort,51.13435,2.75511,0.5640433429218543,51.13234607570822,2.747683893583765,2024,6,11,38016,Nieuwpoort,Normaal,Droog,Dag,met lichtgewonden,9,personenauto,3,Fiets,Op Kruispunt,Gewestweg,binnen bebouwde kom,Tss. 2 best.: langs opzij (voor-/achterkant-flank),Geen hindernis
47969,64,Nieuwpoort teller 1,Nieuwpoort,51.13359,2.75737,0.6898711218216966,51.13234607570822,2.747683893583765,2024,6,11,38016,Nieuwpoort,Normaal,Droog,Dag,met lichtgewonden,9,personenauto,3,Fiets,Op Kruispunt,Gewestweg,binnen bebouwde kom,Tss. 2 best.: langs opzij (voor-/achterkant-flank),Geen hindernis
47971,65,Nieuwpoort teller 2,Nieuwpoort,51.13435,2.75511,0.2633727921016754,51.13629679557989,2.7572600371317404,2024,6,15,38016,Nieuwpoort,Normaal,Droog,Dag,met lichtgewonden,2,Andere weggebruiker,3,Fiets,Buiten Kruispunt,Gewestweg,binnen bebouwde kom,Tussen 2 bestuurders: Frontale botsing,Geen hindernis
47971,64,Nieuwpoort teller 1,Nieuwpoort,51.13359,2.75737,0.30107971197251776,51.13629679557989,2.7572600371317404,2024,6,15,38016,Nieuwpoort,Normaal,Droog,Dag,met lichtgewonden,2,Andere weggebruiker,3,Fiets,Buiten Kruispunt,Gewestweg,binnen bebouwde kom,Tussen 2 bestuurders: Frontale botsing,Geen hindernis
47971,66,Nieuwpoort totem,Nieuwpoort,51.1347,2.74369,0.9633223629927592,51.13629679557989,2.7572600371317404,2024,6,15,38016,Nieuwpoort,Normaal,Droog,Dag,met lichtgewonden,2,Andere weggebruiker,3,Fiets,Buiten Kruispunt,Gewestweg,binnen bebouwde kom,Tussen 2 bestuurders: Frontale botsing,Geen hindernis
47988,41,Maasmechelen teller 1,Maasmechelen,50.97025,5.69799,0.8368994827207968,50.9684313033137,5.686392481850788,2024,6,14,73107,Maasmechelen,Normaal,Droog,Dag,met zwaargewonden,3,Fiets,9,personenauto,Buiten Kruispunt,Gewestweg,binnen bebouwde kom,Tussen 2 bestuurders: Flank tegen flank,Geen hindernis
47988,42,Maasmechelen teller 2,Maasmechelen,50.97043,5.6981,0.8493902971161128,50.9684313033137,5.686392481850788,2024,6,14,73107,Maasmechelen,Normaal,Droog,Dag,met zwaargewonden,3,Fiets,9,personenauto,Buiten Kruispunt,Gewestweg,binnen bebouwde kom,Tussen 2 bestuurders: Flank tegen flank,Geen hindernis
48011,140,Hasselt ring,Hasselt,50.9300038,5.3438616,0.6058658598098315,50.93481015843968,5.339789278215754,2024,6,13,71022,Hasselt,Normaal,Droog,Dag,met lichtgewonden,9,personenauto,3,Fiets,Op Kruispunt,Gewestweg,binnen bebouwde kom,Tss. 2 best.: langs opzij (voor-/achterkant-flank),Geen hindernis
48011,138,Hasselt-Kempische brug,Hasselt,50.9405318,5.3422472,0.6591173904778665,50.93481015843968,5.339789278215754,2024,6,13,71022,Hasselt,Normaal,Droog,Dag,met lichtgewonden,9,personenauto,3,Fiets,Op Kruispunt,Gewestweg,binnen bebouwde kom,Tss. 2 best.: langs opzij (voor-/achterkant-flank),Geen hindernis
48011,137,Hasselt-Kempische brug,Hasselt,50.9411605,5.3417576,0.7194692485106542,50.93481015843968,5.339789278215754,2024,6,13,71022,Hasselt,Normaal,Droog,Dag,met lichtgewonden,9,personenauto,3,Fiets,Op Kruispunt,Gewestweg,binnen bebouwde kom,Tss. 2 best.: langs opzij (voor-/achterkant-flank),Geen hindernis
48017,137,Hasselt-Kempische brug,Hasselt,50.9411605,5.3417576,0.8970680859547596,50.94877946080802,5.345967674567808,2024,6,16,71022,Hasselt,Normaal,Droog,Dag,met lichtgewonden,5,Lichte vrachtauto,3,Fiets,Buiten Kruispunt,Gewestweg,buiten bebouwde kom,Tss. 2 best.: langs opzij (voor-/achterkant-flank),Geen hindernis
48017,138,Hasselt-Kempische brug,Hasselt,50.9405318,5.3422472,0.9534211567184497,50.94877946080802,5.345967674567808,2024,6,16,71022,Hasselt,Normaal,Droog,Dag,met lichtgewonden,5,Lichte vrachtauto,3,Fiets,Buiten Kruispunt,Gewestweg,buiten bebouwde kom,Tss. 2 best.: langs opzij (voor-/achterkant-flank),Geen hindernis
48019,140,Hasselt ring,Hasselt,50.9300038,5.3438616,0.7837250319815973,50.929259423755184,5.332741378364921,2024,6,19,71022,Hasselt,Normaal,Droog,Dag,met lichtgewonden,6,Bromfiets,3,Fiets,Op Kruispunt,Gewestweg,binnen bebouwde kom,Tss. 2 best.: langs opzij (voor-/achterkant-flank),Geen hindernis
48031,49,Bokrijk,Genk,50.95264,5.41001,0.06305334543721527,50.95250779495435,5.409134670472796,2024,6,15,71016,Genk,Normaal,Droog,Dag,met lichtgewonden,9,personenauto,3,Fiets,Op Kruispunt,Gewestweg,buiten bebouwde kom,Tss. 2 best.: langs opzij (voor-/achterkant-flank),Geen hindernis
48033,14,Genk,Genk,50.97172,5.48927,0.8744232930241411,50.97854428214916,5.495475994809749,2024,6,18,71016,Genk,Normaal,Droog,Dag,met lichtgewonden,9,personenauto,3,Fiets,Buiten Kruispunt,Gemeenteweg,buiten bebouwde kom,Tss. 2 best.: langs opzij (voor-/achterkant-flank),Geen hindernis
48038,14,Genk,Genk,50.97172,5.48927,0.9740361589978527,50.980479539719724,5.489181333476913,2024,6,9,71016,Genk,Normaal,Droog,Dag,met lichtgewonden,9,personenauto,3,Fiets,Buiten Kruispunt,Gemeenteweg,binnen bebouwde kom,Tussen 2 bestuurders: Frontale botsing,Geen hindernis