crash_row_id,site_id,site_name,site_gemeente,site_lat,site_long,distance_km,crash_lat,crash_long,DT_YEAR_COLLISION,DT_MONTH_COLLISION,DT_TIME,CD_NIS,TX_MUNTY_COLLISION_NL,TX_WEATHER_NL,TX_ROAD_CONDITION_NL,TX_LIGHT_CONDITION_NL,TX_CLASS_ACCIDENTS_NL,CD_ROAD_USR_TYPE1,TX_ROAD_USR_TYPE1_NL,CD_ROAD_USR_TYPE2,TX_ROAD_USR_TYPE2_NL,TX_CROSSWAY_NL,CD_ROAD_TYPE_NL,TX_BUILD_UP_AREA_NL,TX_COLLISION_TYPE_NL,TX_OBSTACLES_NL
48043,25,Bree,Bree,51.13679500160176,5.597669323604317,0.4406489165820128,51.137672233294275,5.6038283697257025,2024,6,11,72004,Bree,Normaal,Droog,Dag,met lichtgewonden,9,personenauto,3,Fiets,Buiten Kruispunt,Gewestweg,buiten bebouwde kom,Tss. 2 best.: langs opzij (voor-/achterkant-flank),Geen hindernis
48049,14,Genk,Genk,50.97172,5.48927,0.8755901681969204,50.963866421070996,5.490178066624681,2024,6,16,71016,Genk,Onbekend,Onbekend,Dag,met lichtgewonden,3,Fiets,9,personenauto,Buiten Kruispunt,Gemeenteweg,binnen bebouwde kom,Tss. 2 best.: langs opzij (voor-/achterkant-flank),Geen hindernis
48050,14,Genk,Genk,50.97172,5.48927,0.7510654920757018,50.96642416595955,5.495927564259506,2024,6,15,71016,Genk,Normaal,Droog,Dag,met lichtgewonden,9,personenauto,3,Fiets,Buiten Kruispunt,Gewestweg,binnen bebouwde kom,Tss. 2 best.: langs opzij (voor-/achterkant-flank),Geen hindernis
48051,25,Bree,Bree,51.13679500160176,5.597669323604317,0.7966501577586071,51.142573943902214,5.604418751568932,2024,6,15,72004,Bree,Normaal,"Nat, plassen",Dag,met lichtgewonden,9,personenauto,3,Fiets,Buiten Kruispunt,Gewestweg,buiten bebouwde kom,Tss. 2 best.: langs opzij (voor-/achterkant-flank),Geen hindernis
48055,23,Tienen 3,Tienen,50.81324,4.93447,0.429937210458984,50.811807352005665,4.92878629294385,2024,6,16,24107,Tienen,Normaal,Droog,Dag,met lichtgewonden,9,personenauto,3,Fiets,Op Kruispunt,Gemeenteweg,binnen bebouwde kom,Tss. 2 best.: langs opzij (voor-/achterkant-flank),Geen hindernis
48055,24,Tienen 1,Tienen,50.8133795491886,4.935044252605416,0.47316138494558085,50.811807352005665,4.92878629294385,2024,6,16,24107,Tienen,Normaal,Droog,Dag,met lichtgewonden,9,personenauto,3,Fiets,Op Kruispunt,Gemeenteweg,binnen bebouwde kom,Tss. 2 best.: langs opzij (voor-/achterkant-flank),Geen hindernis
48055,22,Tienen 2,Tienen,50.81330800184882,4.935984252796022,0.5325430635597015,50.811807352005665,4.92878629294385,2024,6,16,24107,Tienen,Normaal,Droog,Dag,met lichtgewonden,9,personenauto,3,Fiets,Op Kruispunt,Gemeenteweg,binnen bebouwde kom,Tss. 2 best.: langs opzij (voor-/achterkant-flank),Geen hindernis
48056,23,Tienen 3,Tienen,50.81324,4.93447,0.21293413568603312,50.812583526003095,4.931622948060933,2024,6,18,24107,Tienen,Normaal,Droog,Dag,met lichtgewonden,9,personenauto,3,Fiets,Buiten Kruispunt,Gewestweg,binnen bebouwde kom,Tss. 2 best.: langs opzij (voor-/achterkant-flank),Geen hindernis
48056,24,Tienen 1,Tienen,50.8133795491886,4.935044252605416,0.25615595459948387,50.812583526003095,4.931622948060933,2024,6,18,24107,Tienen,Normaal,Droog,Dag,met lichtgewonden,9,personenauto,3,Fiets,Buiten Kruispunt,Gewestweg,binnen bebouwde kom,Tss. 2 best.: langs opzij (voor-/achterkant-flank),Geen hindernis
48056,22,Tienen 2,Tienen,50.81330800184882,4.935984252796022,0.31683326661850897,50.812583526003095,4.931622948060933,2024,6,18,24107,Tienen,Normaal,Droog,Dag,met lichtgewonden,9,personenauto,3,Fiets,Buiten Kruispunt,Gewestweg,binnen bebouwde kom,Tss. 2 best.: langs opzij (voor-/achterkant-flank),Geen hindernis
48058,23,Tienen 3,Tienen,50.81324,4.93447,0.6681100050165131,50.811411020062344,4.925412143926624,2024,6,8,24107,Tienen,Normaal,Droog,Dag,met lichtgewonden,9,personenauto,3,Fiets,Op Kruispunt,Gewestweg,binnen bebouwde kom,Tussen 2 bestuurders: Frontale botsing,Geen hindernis
48058,24,Tienen 1,Tienen,50.8133795491886,4.935044252605416,0.7112691060153881,50.811411020062344,4.925412143926624,2024,6,8,24107,Tienen,Normaal,Droog,Dag,met lichtgewonden,9,personenauto,3,Fiets,Op Kruispunt,Gewestweg,binnen bebouwde kom,Tussen 2 bestuurders: Frontale botsing,Geen hindernis
48058,22,Tienen 2,Tienen,50.81330800184882,4.935984252796022,0.7721643285480304,50.811411020062344,4.925412143926624,2024,6,8,24107,Tienen,Normaal,Droog,Dag,met lichtgewonden,9,personenauto,3,Fiets,Op Kruispunt,Gewestweg,binnen bebouwde kom,Tussen 2 bestuurders: Frontale botsing,Geen hindernis
48066,99,Mechelen teller 1,Mechelen,51.04564,4.46882,0.07192907534572969,51.04502925316732,4.469159033759653,2024,6,0,12025,Mechelen,Normaal,Droog,"Nacht, openbare verlichting aanwezig en ontstoken",met lichtgewonden,3,Fiets,9,personenauto,Op Kruispunt,Gewestweg,binnen bebouwde kom,Tss. 2 best.: langs opzij (voor-/achterkant-flank),Geen hindernis
48066,100,Mechelen teller 2,Mechelen,51.0457,4.46883,0.07805016541964548,51.04502925316732,4.469159033759653,2024,6,0,12025,Mechelen,Normaal,Droog,"Nacht, openbare verlichting aanwezig en ontstoken",met lichtgewonden,3,Fiets,9,personenauto,Op Kruispunt,Gewestweg,binnen bebouwde kom,Tss. 2 best.: langs opzij (voor-/achterkant-flank),Geen hindernis
48076,99,Mechelen teller 1,Mechelen,51.04564,4.46882,0.6371722779317748,51.045051130291824,4.4778860781484635,2024,6,16,12025,Mechelen,Normaal,Droog,Dag,met lichtgewonden,3,Fiets,9,personenauto,Op Kruispunt,Gewestweg,binnen bebouwde kom,Tss. 2 best.: langs opzij (voor-/achterkant-flank),Geen hindernis
48076,100,Mechelen teller 2,Mechelen,51.0457,4.46883,0.6371974156224072,51.045051130291824,4.4778860781484635,2024,6,16,12025,Mechelen,Normaal,Droog,Dag,met lichtgewonden,3,Fiets,9,personenauto,Op Kruispunt,Gewestweg,binnen bebouwde kom,Tss. 2 best.: langs opzij (voor-/achterkant-flank),Geen hindernis
48078,115,Aalter,Aalter,51.1058367,3.4350591,0.7547038627708746,51.10634067267935,3.4458389854018536,2024,6,16,44084,Aalter,Normaal,Proper,Dag,met zwaargewonden,3,Fiets,3,Fiets,Buiten Kruispunt,Gemeenteweg,buiten bebouwde kom,Tussen 2 bestuurders: Frontale botsing,Geen hindernis
48221,88,Westerlo teller 1,Westerlo,51.082,4.91325,0.8606707043822378,51.08970068456813,4.914493481287029,2024,7,14,13049,Westerlo,Normaal,Droog,Dag,met lichtgewonden,9,personenauto,3,Fiets,Buiten Kruispunt,Gemeenteweg,binnen bebouwde kom,Tussen 2 bestuurders: Frontale botsing,Geen hindernis
48221,89,Westerlo teller 2,Westerlo,51.08191,4.91334,0.8700231143571008,51.08970068456813,4.914493481287029,2024,7,14,13049,Westerlo,Normaal,Droog,Dag,met lichtgewonden,9,personenauto,3,Fiets,Buiten Kruispunt,Gemeenteweg,binnen bebouwde kom,Tussen 2 bestuurders: Frontale botsing,Geen hindernis
48269,77,Leuven teller 2,Leuven,50.88672,4.70796,0.6673077991430734,50.883117372148874,4.700352242360411,2024,7,17,24062,Leuven,Normaal,Droog,Dag,met lichtgewonden,3,Fiets,8,Voetganger,Buiten Kruispunt,Gemeenteweg,binnen bebouwde kom,Met een voetganger,Geen hindernis
48269,107,leuven totem,Leuven,50.8870744,4.7087919,0.7376441581060077,50.883117372148874,4.700352242360411,2024,7,17,24062,Leuven,Normaal,Droog,Dag,met lichtgewonden,3,Fiets,8,Voetganger,Buiten Kruispunt,Gemeenteweg,binnen bebouwde kom,Met een voetganger,Geen hindernis
48270,151,Leuven,District Leuven,50.8690262,4.6854839,0.9593601282430693,50.86043841719699,4.68679786590568,2024,7,18,24062,Leuven,Normaal,Droog,Dag,met lichtgewonden,9,personenauto,3,Fiets,Buiten Kruispunt,Gemeenteweg,binnen bebouwde kom,Tss. 2 best.: langs opzij (voor-/achterkant-flank),Geen hindernis
48271,77,Leuven teller 2,Leuven,50.88672,4.70796,0.7758843740211269,50.87980986074364,4.706424715681581,2024,7,18,24062,Leuven,Normaal,Droog,Dag,met lichtgewonden,7,Motorfiets,3,Fiets,Buiten Kruispunt,Gemeenteweg,binnen bebouwde kom,Tss. 2 best.: langs opzij (voor-/achterkant-flank),Geen hindernis
48271,69,Leuven teller 1,Leuven,50.87549,4.71526,0.7842232191001215,50.87980986074364,4.706424715681581,2024,7,18,24062,Leuven,Normaal,Droog,Dag,met lichtgewonden,7,Motorfiets,3,Fiets,Buiten Kruispunt,Gemeenteweg,binnen bebouwde kom,Tss. 2 best.: langs opzij (voor-/achterkant-flank),Geen hindernis
48271,107,leuven totem,Leuven,50.8870744,4.7087919,0.8246732098593564,50.87980986074364,4.706424715681581,2024,7,18,24062,Leuven,Normaal,Droog,Dag,met lichtgewonden,7,Motorfiets,3,Fiets,Buiten Kruispunt,Gemeenteweg,binnen bebouwde kom,Tss. 2 best.: langs opzij (voor-/achterkant-flank),Geen hindernis
48272,151,Leuven,District Leuven,50.8690262,4.6854839,0.8775558986088344,50.86113448921183,4.6853680006141945,2024,7,15,24062,Leuven,Normaal,Droog,Dag,met lichtgewonden,9,personenauto,3,Fiets,Op Kruispunt,Gemeenteweg,binnen bebouwde kom,Tss. 2 best.: langs opzij (voor-/achterkant-flank),Geen hindernis
48273,151,Leuven,District Leuven,50.8690262,4.6854839,0.48897094592577856,50.87207875467332,4.69049965565229,2024,7,17,24062,Leuven,Normaal,Droog,Dag,met lichtgewonden,3,Fiets,9,personenauto,Op Kruispunt,Gewestweg,binnen bebouwde kom,Tussen 2 bestuurders: Frontale botsing,Geen hindernis
48274,151,Leuven,District Leuven,50.8690262,4.6854839,0.597995613908262,50.870208814259506,4.6937969546834,2024,7,16,24062,Leuven,Onbekend,Proper,Dag,met zwaargewonden,3,Fiets,10,"één bestuurder, geen hindernis",Buiten Kruispunt,Gewestweg,binnen bebouwde kom,"Eén bestuurder, geen hindernis (incl. val)",Geen hindernis
48275,69,Leuven teller 1,Leuven,50.87549,4.71526,0.5861693143789213,50.874545523573474,4.723478910618089,2024,7,21,24062,Leuven,Normaal,Droog,Dag,met zwaargewonden,3,Fiets,10,"één bestuurder, geen hindernis",Op Kruispunt,Gemeenteweg,binnen bebouwde kom,"Eén bestuurder, geen hindernis (incl. val)",Geen hindernis
48276,151,Leuven,District Leuven,50.8690262,4.6854839,0.5683730765894571,50.87092117982038,4.693006313201038,2024,7,18,24062,Leuven,Normaal,Droog,Dag,met lichtgewonden,3,Fiets,3,Fiets,Buiten Kruispunt,Gewestweg,binnen bebouwde kom,Tussen 2 bestuurders: Flank tegen flank,Geen hindernis
48318,27,Grimbergen,Meise,50.92127,4.34013,0.6153117234673142,50.917116005581235,4.34592914506051,2024,7,12,23025,Grimbergen,Normaal,Droog,Dag,met zwaargewonden,3,Fiets,3,Fiets,Buiten Kruispunt,Gewestweg,buiten bebouwde kom,Tussen 2 bestuurders: Frontale botsing,Geen hindernis
48359,136,Gent R4,Gent,51.0876313,3.7587918,0.5847657928582487,51.08237259489715,3.7588683793149595,2024,7,8,44021,Gent,Normaal,Droog,Dag,met lichtgewonden,3,Fiets,3,Fiets,Buiten Kruispunt,Gemeenteweg,binnen bebouwde kom,Tussen 2 bestuurders: Flank tegen flank,Geen hindernis
48385,116,Melle teller 2,Melle,50.9986113,3.8040599,0.6077747360944444,51.00340020980556,3.799873166250796,2024,7,21,44040,Melle,Normaal,Droog,Dageraad - schemering,Met doden,3,Fiets,10,"één bestuurder, geen hindernis",Buiten Kruispunt,Gemeenteweg,binnen bebouwde kom,"Eén bestuurder, geen hindernis (incl. val)",Geen hindernis
48385,117,Melle teller 1,Melle,50.9986113,3.8040599,0.6077747360944444,51.00340020980556,3.799873166250796,2024,7,21,44040,Melle,Normaal,Droog,Dageraad - schemering,Met doden,3,Fiets,10,"één bestuurder, geen hindernis",Buiten Kruispunt,Gemeenteweg,binnen bebouwde kom,"Eén bestuurder, geen hindernis (incl. val)",Geen hindernis
48389,6,Evergem 2,Evergem,51.10894,3.70298,0.3508510034540492,51.110632070562076,3.698738073941746,2024,7,19,44019,Evergem,Normaal,Droog,Dag,met lichtgewonden,3,Fiets,9,personenauto,Op Kruispunt,Gemeenteweg,binnen bebouwde kom,Tussen 2 bestuurders: Flank tegen flank,Geen hindernis
48389,7,Evergem 1,Evergem,51.1089,3.70317,0.3644474233868932,51.110632070562076,3.698738073941746,2024,7,19,44019,Evergem,Normaal,Droog,Dag,met lichtgewonden,3,Fiets,9,personenauto,Op Kruispunt,Gemeenteweg,binnen bebouwde kom,Tussen 2 bestuurders: Flank tegen flank,Geen hindernis
48391,7,Evergem 1,Evergem,51.1089,3.70317,0.25146386375950863,51.11024196602796,3.7060692836251947,2024,7,22,44019,Evergem,Onbekend,Onbekend,Onbekend,met lichtgewonden,3,Fiets,10,"één bestuurder, geen hindernis",Buiten Kruispunt,Gemeenteweg,binnen bebouwde kom,"Eén bestuurder, geen hindernis (incl. val)",Geen hindernis
48391,6,Evergem 2,Evergem,51.10894,3.70298,0.25975342793181905,51.11024196602796,3.7060692836251947,2024,7,22,44019,Evergem,Onbekend,Onbekend,Onbekend,met lichtgewonden,3,Fiets,10,"één bestuurder, geen hindernis",Buiten Kruispunt,Gemeenteweg,binnen bebouwde kom,"Eén bestuurder, geen hindernis (incl. val)",Geen hindernis
48441,128,Lokeren teller 1,Lokeren,51.09644,3.97023,0.9863667145754788,51.10465101418974,3.9755753261254436,2024,7,18,46014,Lokeren,Normaal,Droog,Dag,met lichtgewonden,3,Fiets,9,personenauto,Buiten Kruispunt,Gemeenteweg,binnen bebouwde kom,Tussen 2 bestuurders: Frontale botsing,Geen hindernis
48465,11,Aalst 3,Aalst,50.93385,4.01647,0.06176513268917769,50.933418398648,4.015915173573888,2024,7,9,41002,Aalst,Normaal,Droog,Dag,met lichtgewonden,1,Autobus,3,Fiets,Buiten Kruispunt,Gewestweg,buiten bebouwde kom,Tss. 2 best.: langs opzij (voor-/achterkant-flank),Geen hindernis
48465,19,Aalst 1,Aalst,50.93433,4.01471,0.13193777193197367,50.933418398648,4.015915173573888,2024,7,9,41002,Aalst,Normaal,Droog,Dag,met lichtgewonden,1,Autobus,3,Fiets,Buiten Kruispunt,Gewestweg,buiten bebouwde kom,Tss. 2 best.: langs opzij (voor-/achterkant-flank),Geen hindernis
48465,10,Aalst 2,Aalst,50.93549,4.01571,0.23079982916820233,50.933418398648,4.015915173573888,2024,7,9,41002,Aalst,Normaal,Droog,Dag,met lichtgewonden,1,Autobus,3,Fiets,Buiten Kruispunt,Gewestweg,buiten bebouwde kom,Tss. 2 best.: langs opzij (voor-/achterkant-flank),Geen hindernis
48476,125,Dendermonde totem,Dendermonde,51.0372706,4.1025998,0.7017827830457831,51.03362431088362,4.110791709947675,2024,7,14,42006,Dendermonde,Normaal,Droog,Dag,met lichtgewonden,9,personenauto,3,Fiets,Buiten Kruispunt,Gewestweg,buiten bebouwde kom,Tss. 2 best.: langs opzij (voor-/achterkant-flank),Geen hindernis
48476,122,Dendermonde teller 2,Dendermonde,51.0373918,4.1019222,0.7484201346827225,51.03362431088362,4.110791709947675,2024,7,14,42006,Dendermonde,Normaal,Droog,Dag,met lichtgewonden,9,personenauto,3,Fiets,Buiten Kruispunt,Gewestweg,buiten bebouwde kom,Tss. 2 best.: langs opzij (voor-/achterkant-flank),Geen hindernis
48478,125,Dendermonde totem,Dendermonde,51.0372706,4.1025998,0.653261209194092,51.03289189191012,4.108828422013522,2024,7,13,42006,Dendermonde,Normaal,Droog,Dag,met lichtgewonden,9,personenauto,3,Fiets,Op Kruispunt,Gewestweg,binnen bebouwde kom,Tss. 2 best.: langs opzij (voor-/achterkant-flank),Geen hindernis
48478,122,Dendermonde teller 2,Dendermonde,51.0373918,4.1019222,0.6953928845324053,51.03289189191012,4.108828422013522,2024,7,13,42006,Dendermonde,Normaal,Droog,Dag,met lichtgewonden,9,personenauto,3,Fiets,Op Kruispunt,Gewestweg,binnen bebouwde kom,Tss. 2 best.: langs opzij (voor-/achterkant-flank),Geen hindernis
48479,125,Dendermonde totem,Dendermonde,51.0372706,4.1025998,0.8570648690093521,51.03459330714669,4.11409387096415,2024,7,9,42006,Dendermonde,Normaal,Droog,Dag,met lichtgewonden,3,Fiets,9,personenauto,Buiten Kruispunt,Gewestweg,binnen bebouwde kom,Tss. 2 best.: langs opzij (voor-/achterkant-flank),Geen hindernis
48479,122,Dendermonde teller 2,Dendermonde,51.0373918,4.1019222,0.9061828134318975,51.03459330714669,4.11409387096415,2024,7,9,42006,Dendermonde,Normaal,Droog,Dag,met lichtgewonden,3,Fiets,9,personenauto,Buiten Kruispunt,Gewestweg,binnen bebouwde kom,Tss. 2 best.: langs opzij (voor-/achterkant-flank),Geen hindernis
48494,54,Brugge teller 2,Brugge,51.23015,3.22818,0.9434667991037783,51.222885705024744,3.2211790847823027,2024,7,18,31005,Brugge,Normaal,Droog,Dag,met lichtgewonden,5,Lichte vrachtauto,3,Fiets,Buiten Kruispunt,Gemeenteweg,binnen bebouwde kom,Tss. 2 best.: langs opzij (voor-/achterkant-flank),Geen hindernis
48494,53,Brugge teller 1,Brugge,51.23023,3.228,0.9447302005131696,51.222885705024744,3.2211790847823027,2024,7,18,31005,Brugge,Normaal,Droog,Dag,met lichtgewonden,5,Lichte vrachtauto,3,Fiets,Buiten Kruispunt,Gemeenteweg,binnen bebouwde kom,Tss. 2 best.: langs opzij (voor-/achterkant-flank),Geen hindernis
48538,84,Roeselare totem,Izegem,50.91717,3.18772,0.31476939796073533,50.91615583693441,3.1919120605389586,2024,7,9,36008,Izegem,Normaal,Droog,Dag,met lichtgewonden,3,Fiets,3,Fiets,Op Kruispunt,Gewestweg,buiten bebouwde kom,Tussen 2 bestuurders: Frontale botsing,Geen hindernis
48551,57,Meulebeke teller 1,Meulebeke,50.96056,3.24491,0.2658096748966974,50.96291441158766,3.2442531439236015,2024,7,17,37007,Meulebeke,Normaal,Droog,Dag,met lichtgewonden,5,Lichte vrachtauto,3,Fiets,Op Kruispunt,Gewestweg,buiten bebouwde kom,Tss. 2 best.: langs opzij (voor-/achterkant-flank),Geen hindernis
48551,58,Meulebeke teller 2,Meulebeke,50.96021,3.24471,0.3024142307067749,50.96291441158766,3.2442531439236015,2024,7,17,37007,Meulebeke,Normaal,Droog,Dag,met lichtgewonden,5,Lichte vrachtauto,3,Fiets,Op Kruispunt,Gewestweg,buiten bebouwde kom,Tss. 2 best.: langs opzij (voor-/achterkant-flank),Geen hindernis
48560,143,Eco Display Classic Budastraat,Kortrijk,50.83066,3.26286,0.5983113408898547,50.83218554133492,3.254690400251225,2024,7,14,34022,Kortrijk,Normaal,Droog,Dag,met lichtgewonden,3,Fiets,3,Fiets,Op Kruispunt,Gewestweg,binnen bebouwde kom,Tussen 2 bestuurders: Flank tegen flank,Geen hindernis
48561,143,Eco Display Classic Budastraat,Kortrijk,50.83066,3.26286,0.5990105226072937,50.83511303763763,3.2676599816805108,2024,7,8,34022,Kortrijk,Normaal,Droog,Dag,met zwaargewonden,9,personenauto,3,Fiets,Op Kruispunt,Gewestweg,binnen bebouwde kom,Tussen 2 bestuurders: Flank tegen flank,Geen hindernis
48561,17,Kortrijk 2,Kortrijk,50.83339,3.27773,0.7326803904622652,50.83511303763763,3.2676599816805108,2024,7,8,34022,Kortrijk,Normaal,Droog,Dag,met zwaargewonden,9,personenauto,3,Fiets,Op Kruispunt,Gewestweg,binnen bebouwde kom,Tussen 2 bestuurders: Flank tegen flank,Geen hindernis
48561,16,Kortrijk 1,Kortrijk,50.83332,3.27777,0.7374587808703305,50.83511303763763,3.2676599816805108,2024,7,8,34022,Kortrijk,Normaal,Droog,Dag,met zwaargewonden,9,personenauto,3,Fiets,Op Kruispunt,Gewestweg,binnen bebouwde kom,Tussen 2 bestuurders: Flank tegen flank,Geen hindernis
48562,143,Eco Display Classic Budastraat,Kortrijk,50.83066,3.26286,0.8746183438982165,50.82427565711096,3.270133528016613,2024,7,16,34022,Kortrijk,Normaal,Droog,Dag,met lichtgewonden,6,Bromfiets,3,Fiets,Buiten Kruispunt,Gewestweg,binnen bebouwde kom,Tussen 2 bestuurders: Frontale botsing,Geen hindernis
48564,16,Kortrijk 1,Kortrijk,50.83332,3.27777,0.725207140787921,50.82721259024924,3.281392557397245,2024,7,1,34022,Kortrijk,Normaal,Droog,"Nacht, openbare verlichting aanwezig en ontstoken",met lichtgewonden,3,Fiets,10,"één bestuurder, geen hindernis",Buiten Kruispunt,Gemeenteweg,binnen bebouwde kom,"Eén bestuurder, geen hindernis (incl. val)",Geen hindernis
48564,17,Kortrijk 2,Kortrijk,50.83339,3.27773,0.7334815827511748,50.82721259024924,3.281392557397245,2024,7,1,34022,Kortrijk,Normaal,Droog,"Nacht, openbare verlichting aanwezig en ontstoken",met lichtgewonden,3,Fiets,10,"één bestuurder, geen hindernis",Buiten Kruispunt,Gemeenteweg,binnen bebouwde kom,"Eén bestuurder, geen hindernis (incl. val)",Geen hindernis
48586,66,Nieuwpoort totem,Nieuwpoort,51.1347,2.74369,0.24641590435926183,51.133217493483144,2.7463149544873646,2024,7,10,38016,Nieuwpoort,Normaal,Droog,Dag,met lichtgewonden,3,Fiets,9,personenauto,Op Kruispunt,Gewestweg,binnen bebouwde kom,Tussen 2 bestuurders: Flank tegen flank,Geen hindernis
48586,63,Nieuwpoort teller 3,Nieuwpoort,51.13529,2.74289,0.3319896417764152,51.133217493483144,2.7463149544873646,2024,7,10,38016,Nieuwpoort,Normaal,Droog,Dag,met lichtgewonden,3,Fiets,9,personenauto,Op Kruispunt,Gewestweg,binnen bebouwde kom,Tussen 2 bestuurders: Flank tegen flank,Geen hindernis
48586,65,Nieuwpoort teller 2,Nieuwpoort,51.13435,2.75511,0.6264640094378761,51.133217493483144,2.7463149544873646,2024,7,10,38016,Nieuwpoort,Normaal,Droog,Dag,met lichtgewonden,3,Fiets,9,personenauto,Op Kruispunt,Gewestweg,binnen bebouwde kom,Tussen 2 bestuurders: Flank tegen flank,Geen hindernis
48586,64,Nieuwpoort teller 1,Nieuwpoort,51.13359,2.75737,0.7724864133196188,51.133217493483144,2.7463149544873646,2024,7,10,38016,Nieuwpoort,Normaal,Droog,Dag,met lichtgewonden,3,Fiets,9,personenauto,Op Kruispunt,Gewestweg,binnen bebouwde kom,Tussen 2 bestuurders: Flank tegen flank,Geen hindernis
48617,140,Hasselt ring,Hasselt,50.9300038,5.3438616,0.4031236846728155,50.92820034718485,5.338871791353993,2024,7,9,71022,Hasselt,Normaal,Droog,Dag,met lichtgewonden,5,Lichte vrachtauto,3,Fiets,Buiten Kruispunt,Gemeenteweg,binnen bebouwde kom,Tss. 2 best.: langs opzij (voor-/achterkant-flank),Geen hindernis
48623,140,Hasselt ring,Hasselt,50.9300038,5.3438616,0.11522267709792364,50.929137424169824,5.342959672236473,2024,7,11,71022,Hasselt,Onbekend,Onbekend,Dag,met zwaargewonden,3,Fiets,3,Fiets,Op Kruispunt,Gewestweg,onbekend,Tss. 2 best.: langs opzij (voor-/achterkant-flank),Geen hindernis
48639,25,Bree,Bree,51.13679500160176,5.597669323604317,0.9187918179746422,51.14430760022346,5.603152781495691,2024,7,17,72004,Bree,Normaal,Droog,Dag,met lichtgewonden,3,Fiets,8,Voetganger,Buiten Kruispunt,Gewestweg,binnen bebouwde kom,Met een voetganger,Geen hindernis
48644,139,Houthalen-Helchteren,Houthalen-Helchteren,51.0644267,5.3819796,0.924359125042764,51.05814266787659,5.390638597721276,2024,7,14,72039,Houthalen-Helchteren,Normaal,Droog,Dag,met zwaargewonden,9,personenauto,3,Fiets,Buiten Kruispunt,Gewestweg,buiten bebouwde kom,Tss. 2 best.: langs opzij (voor-/achterkant-flank),Geen hindernis
48666,99,Mechelen teller 1,Mechelen,51.04564,4.46882,0.8214586089637268,51.038703774219385,4.472863883869005,2024,7,12,12025,Mechelen,Normaal,"Nat, plassen",Dag,met lichtgewonden,9,personenauto,3,Fiets,Buiten Kruispunt,Gewestweg,binnen bebouwde kom,Tss. 2 best.: langs opzij (voor-/achterkant-flank),Geen hindernis
48666,100,Mechelen teller 2,Mechelen,51.0457,4.46883,0.8274872925921909,51.038703774219385,4.472863883869005,2024,7,12,12025,Mechelen,Normaal,"Nat, plassen",Dag,met lichtgewonden,9,personenauto,3,Fiets,Buiten Kruispunt,Gewestweg,binnen bebouwde kom,Tss. 2 best.: langs opzij (voor-/achterkant-flank),Geen hindernis
48804,95,Lier teller 1,Lier,51.11687,4.58437,0.8364857121688003,51.111346717970605,4.5925055748663395,2024,8,16,12021,Lier,Normaal,Droog,Dag,met lichtgewonden,5,Lichte vrachtauto,3,Fiets,Buiten Kruispunt,Gewestweg,buiten bebouwde kom,Tussen 2 bestuurders: Langs achteren,Geen hindernis
48804,96,Lier teller 2,Lier,51.11705,4.58444,0.8480369144068872,51.111346717970605,4.5925055748663395,2024,8,16,12021,Lier,Normaal,Droog,Dag,met lichtgewonden,5,Lichte vrachtauto,3,Fiets,Buiten Kruispunt,Gewestweg,buiten bebouwde kom,Tussen 2 bestuurders: Langs achteren,Geen hindernis
48809,96,Lier teller 2,Lier,51.11705,4.58444,0.9266029143167901,51.1240221037822,4.5771686693727,2024,8,22,12021,Lier,Normaal,Droog,"Nacht, openbare verlichting aanwezig en ontstoken",met lichtgewonden,9,personenauto,3,Fiets,Op Kruispunt,Gewestweg,binnen bebouwde kom,Tss. 2 best.: langs opzij (voor-/achterkant-flank),Geen hindernis
48809,95,Lier teller 1,Lier,51.11687,4.58437,0.9407939805597897,51.1240221037822,4.5771686693727,2024,8,22,12021,Lier,Normaal,Droog,"Nacht, openbare verlichting aanwezig en ontstoken",met lichtgewonden,9,personenauto,3,Fiets,Op Kruispunt,Gewestweg,binnen bebouwde kom,Tss. 2 best.: langs opzij (voor-/achterkant-flank),Geen hindernis
48815,9,Heist op den Berg 2,Heist-op-den-Berg,51.06904,4.69524,0.5297214133815278,51.07114070922854,4.70204446583334,2024,8,19,12014,Heist-op-den-Berg,Normaal,Droog,Dag,met lichtgewonden,9,personenauto,3,Fiets,Buiten Kruispunt,Gemeenteweg,binnen bebouwde kom,Tss. 2 best.: langs opzij (voor-/achterkant-flank),Geen hindernis
48833,127,Geel totem,Westerlo,51.1342966,4.9400421,0.23958405816516976,51.132590781362005,4.942139743667947,2024,8,5,13049,Westerlo,Normaal,Droog,Dag,met lichtgewonden,3,Fiets,3,Fiets,Buiten Kruispunt,Gemeenteweg,buiten bebouwde kom,Tussen 2 bestuurders: Frontale botsing,Geen hindernis
48833,112,Geel teller 2,Westerlo,51.1354992,4.9394789,0.37290496230391373,51.132590781362005,4.942139743667947,2024,8,5,13049,Westerlo,Normaal,Droog,Dag,met lichtgewonden,3,Fiets,3,Fiets,Buiten Kruispunt,Gemeenteweg,buiten bebouwde kom,Tussen 2 bestuurders: Frontale botsing,Geen hindernis
48835,127,Geel totem,Westerlo,51.1342966,4.9400421,0.28954088383212245,51.13188951092029,4.938459513137672,2024,8,16,13049,Westerlo,Onbekend,Onbekend,Onbekend,met lichtgewonden,3,Fiets,3,Fiets,Buiten Kruispunt,Gemeenteweg,onbekend,Tussen 2 bestuurders: Frontale botsing,Geen hindernis