crash_row_id,site_id,site_name,site_gemeente,site_lat,site_long,distance_km,crash_lat,crash_long,DT_YEAR_COLLISION,DT_MONTH_COLLISION,DT_TIME,CD_NIS,TX_MUNTY_COLLISION_NL,TX_WEATHER_NL,TX_ROAD_CONDITION_NL,TX_LIGHT_CONDITION_NL,TX_CLASS_ACCIDENTS_NL,CD_ROAD_USR_TYPE1,TX_ROAD_USR_TYPE1_NL,CD_ROAD_USR_TYPE2,TX_ROAD_USR_TYPE2_NL,TX_CROSSWAY_NL,CD_ROAD_TYPE_NL,TX_BUILD_UP_AREA_NL,TX_COLLISION_TYPE_NL,TX_OBSTACLES_NL
48835,112,Geel teller 2,Westerlo,51.1354992,4.9394789,0.4076326811617716,51.13188951092029,4.938459513137672,2024,8,16,13049,Westerlo,Onbekend,Onbekend,Onbekend,met lichtgewonden,3,Fiets,3,Fiets,Buiten Kruispunt,Gemeenteweg,onbekend,Tussen 2 bestuurders: Frontale botsing,Geen hindernis
48869,46,Pelt teller 2,Pelt,51.231,5.44375,0.21337953941653084,51.229851628908975,5.441294790284805,2024,8,12,72043,Pelt,Normaal,Droog,Dag,met lichtgewonden,9,personenauto,3,Fiets,Op Kruispunt,Gewestweg,binnen bebouwde kom,Tss. 2 best.: langs opzij (voor-/achterkant-flank),Geen hindernis
48869,45,Pelt teller 1,Pelt,51.23127,5.44377,0.23361816818322792,51.229851628908975,5.441294790284805,2024,8,12,72043,Pelt,Normaal,Droog,Dag,met lichtgewonden,9,personenauto,3,Fiets,Op Kruispunt,Gewestweg,binnen bebouwde kom,Tss. 2 best.: langs opzij (voor-/achterkant-flank),Geen hindernis
48889,107,leuven totem,Leuven,50.8870744,4.7087919,0.6255153418211596,50.885773515721915,4.717467223777204,2024,8,10,24062,Leuven,Normaal,Droog,Dag,met lichtgewonden,3,Fiets,3,Fiets,Buiten Kruispunt,Gemeenteweg,binnen bebouwde kom,Tussen 2 bestuurders: Flank tegen flank,Geen hindernis
48889,77,Leuven teller 2,Leuven,50.88672,4.70796,0.675172079290332,50.885773515721915,4.717467223777204,2024,8,10,24062,Leuven,Normaal,Droog,Dag,met lichtgewonden,3,Fiets,3,Fiets,Buiten Kruispunt,Gemeenteweg,binnen bebouwde kom,Tussen 2 bestuurders: Flank tegen flank,Geen hindernis
48890,151,Leuven,District Leuven,50.8690262,4.6854839,0.983726041663042,50.87287565555833,4.69810607455215,2024,8,1,24062,Leuven,Onbekend,Onbekend,Onbekend,met lichtgewonden,3,Fiets,3,Fiets,Op Kruispunt,Gemeenteweg,binnen bebouwde kom,Tussen 2 bestuurders: Frontale botsing,Geen hindernis
48894,77,Leuven teller 2,Leuven,50.88672,4.70796,0.8246004276563431,50.887219189012285,4.696231438966544,2024,8,14,24062,Leuven,Normaal,Droog,Dag,met lichtgewonden,5,Lichte vrachtauto,3,Fiets,Op Kruispunt,Gemeenteweg,binnen bebouwde kom,Tss. 2 best.: langs opzij (voor-/achterkant-flank),Geen hindernis
48894,107,leuven totem,Leuven,50.8870744,4.7087919,0.8812295894678195,50.887219189012285,4.696231438966544,2024,8,14,24062,Leuven,Normaal,Droog,Dag,met lichtgewonden,5,Lichte vrachtauto,3,Fiets,Op Kruispunt,Gemeenteweg,binnen bebouwde kom,Tss. 2 best.: langs opzij (voor-/achterkant-flank),Geen hindernis
48895,69,Leuven teller 1,Leuven,50.87549,4.71526,0.1898161282776515,50.873989617763975,4.713969726485763,2024,8,13,24062,Leuven,Normaal,Droog,Dag,met lichtgewonden,3,Fiets,3,Fiets,Buiten Kruispunt,Gemeenteweg,binnen bebouwde kom,Tussen 2 bestuurders: Flank tegen flank,Geen hindernis
48896,151,Leuven,District Leuven,50.8690262,4.6854839,0.9155396330876291,50.86864941598811,4.6985167773454934,2024,8,7,24062,Leuven,Normaal,Droog,Dag,met lichtgewonden,6,Bromfiets,3,Fiets,Op Kruispunt,Gewestweg,binnen bebouwde kom,Tussen 2 bestuurders: Flank tegen flank,Geen hindernis
48897,151,Leuven,District Leuven,50.8690262,4.6854839,0.20985296327744213,50.869423582964764,4.6884073094884195,2024,8,19,24062,Leuven,Onbekend,Onbekend,Dag,met lichtgewonden,3,Fiets,3,Fiets,Buiten Kruispunt,Gewestweg,binnen bebouwde kom,Tussen 2 bestuurders: Frontale botsing,Geen hindernis
48901,69,Leuven teller 1,Leuven,50.87549,4.71526,0.8758794423350904,50.86907173443639,4.708023722161793,2024,8,15,24062,Leuven,Normaal,Droog,Dag,met lichtgewonden,3,Fiets,9,personenauto,Op Kruispunt,Gewestweg,binnen bebouwde kom,Tss. 2 best.: langs opzij (voor-/achterkant-flank),Geen hindernis
48921,101,Diest teller 1,Diest,50.97799,5.04481,0.36161408484301866,50.9805859957814,5.0479211312279615,2024,8,10,24020,Diest,Normaal,Droog,Dag,met lichtgewonden,2,Andere weggebruiker,3,Fiets,Op Kruispunt,Gewestweg,binnen bebouwde kom,Tss. 2 best.: langs opzij (voor-/achterkant-flank),Geen hindernis
48921,102,Diest teller 2,Diest,50.9779,5.04474,0.3725605291132744,50.9805859957814,5.0479211312279615,2024,8,10,24020,Diest,Normaal,Droog,Dag,met lichtgewonden,2,Andere weggebruiker,3,Fiets,Op Kruispunt,Gewestweg,binnen bebouwde kom,Tss. 2 best.: langs opzij (voor-/achterkant-flank),Geen hindernis
48924,111,Zaventem totem,Zaventem,50.8871216,4.4597084,0.8776654936682913,50.890077623239186,4.471309940121176,2024,8,12,23094,Zaventem,Normaal,Droog,Dag,met zwaargewonden,9,personenauto,3,Fiets,Op Kruispunt,Gewestweg,binnen bebouwde kom,Tussen 2 bestuurders: Frontale botsing,Geen hindernis
48925,111,Zaventem totem,Zaventem,50.8871216,4.4597084,0.8856450031847316,50.89028439175793,4.471296182162737,2024,8,14,23094,Zaventem,Normaal,Droog,Dag,met lichtgewonden,9,personenauto,3,Fiets,Buiten Kruispunt,Gewestweg,binnen bebouwde kom,Tss. 2 best.: langs opzij (voor-/achterkant-flank),Geen hindernis
48928,145,Overijse,District Vilvoorde-gewestwegen,50.7885856,4.4908759,0.19785181507512611,50.790003413190796,4.492576509773302,2024,8,14,23062,Overijse,Normaal,Droog,Dag,met lichtgewonden,9,personenauto,3,Fiets,Buiten Kruispunt,Gemeenteweg,buiten bebouwde kom,Tss. 2 best.: langs opzij (voor-/achterkant-flank),Geen hindernis
48928,146,Overijse 2,District Vilvoorde-gewestwegen,50.7881478,4.4902818,0.2619041363298025,50.790003413190796,4.492576509773302,2024,8,14,23062,Overijse,Normaal,Droog,Dag,met lichtgewonden,9,personenauto,3,Fiets,Buiten Kruispunt,Gemeenteweg,buiten bebouwde kom,Tss. 2 best.: langs opzij (voor-/achterkant-flank),Geen hindernis
48929,147,Overijse,District Vilvoorde-gewestwegen,50.7797555,4.4975769,0.7379940611561976,50.78371358150764,4.50600285039536,2024,8,14,23062,Overijse,Normaal,Droog,Dag,met zwaargewonden,3,Fiets,9,personenauto,Buiten Kruispunt,Gewestweg,buiten bebouwde kom,Tussen 2 bestuurders: Frontale botsing,Geen hindernis
48943,47,Vilvoorde,Vilvoorde,50.91372,4.41497,0.8958074912026862,50.913372357967354,4.427735716434519,2024,8,14,23047,Machelen,Normaal,Droog,Dag,met lichtgewonden,9,personenauto,3,Fiets,Buiten Kruispunt,Gemeenteweg,binnen bebouwde kom,Tss. 2 best.: langs opzij (voor-/achterkant-flank),Geen hindernis
48944,47,Vilvoorde,Vilvoorde,50.91372,4.41497,0.9056794033181549,50.91886620745442,4.424983794068608,2024,8,2,23088,Vilvoorde,Normaal,Droog,"Nacht, openbare verlichting aanwezig en ontstoken",met zwaargewonden,3,Fiets,11,een weggebruiker tegen een hindernis,Op Kruispunt,Gewestweg,binnen bebouwde kom,Weggebruiker tegen hindernis op de rijbaan,"Op de rijbaan: Verkeersdrempel, ezelsrug"
48945,71,Kampenhout teller 2,Kampenhout,50.95589,4.59164,0.6034107452687326,50.95992996588965,4.58588808763122,2024,8,12,23038,Kampenhout,Onbekend,Onbekend,Dag,met lichtgewonden,9,personenauto,3,Fiets,Op Kruispunt,Gewestweg,onbekend,Tss. 2 best.: langs opzij (voor-/achterkant-flank),Geen hindernis
48945,70,Kampenhout teller 1,Kampenhout,50.95682,4.59318,0.6167874714738294,50.95992996588965,4.58588808763122,2024,8,12,23038,Kampenhout,Onbekend,Onbekend,Dag,met lichtgewonden,9,personenauto,3,Fiets,Op Kruispunt,Gewestweg,onbekend,Tss. 2 best.: langs opzij (voor-/achterkant-flank),Geen hindernis
48970,13,Gent,Gent,51.03018,3.70146,0.6928443116061475,51.03613420192771,3.704379814502225,2024,8,18,44021,Gent,Normaal,Droog,Dag,met zwaargewonden,9,personenauto,3,Fiets,Op Kruispunt,Gemeenteweg,binnen bebouwde kom,Tussen 2 bestuurders: Frontale botsing,Geen hindernis
48979,13,Gent,Gent,51.03018,3.70146,0.8338449401003569,51.02279281873687,3.699409202209457,2024,8,8,44021,Gent,Normaal,Droog,Dag,met lichtgewonden,3,Fiets,9,personenauto,Op Kruispunt,Gewestweg,buiten bebouwde kom,Tss. 2 best.: langs opzij (voor-/achterkant-flank),Geen hindernis
49016,7,Evergem 1,Evergem,51.1089,3.70317,0.6237362815078827,51.11208270193499,3.7105272946997396,2024,8,14,44019,Evergem,Normaal,Droog,Dag,met lichtgewonden,9,personenauto,3,Fiets,Buiten Kruispunt,Gemeenteweg,binnen bebouwde kom,Tussen 2 bestuurders: Flank tegen flank,Geen hindernis
49016,6,Evergem 2,Evergem,51.10894,3.70298,0.6322337121218891,51.11208270193499,3.7105272946997396,2024,8,14,44019,Evergem,Normaal,Droog,Dag,met lichtgewonden,9,personenauto,3,Fiets,Buiten Kruispunt,Gemeenteweg,binnen bebouwde kom,Tussen 2 bestuurders: Flank tegen flank,Geen hindernis
49019,6,Evergem 2,Evergem,51.10894,3.70298,0.876488019655873,51.11664586108681,3.7003372106395758,2024,8,14,44019,Evergem,Normaal,Droog,Dag,met lichtgewonden,9,personenauto,3,Fiets,Op Kruispunt,Gemeenteweg,binnen bebouwde kom,Kettingbotsing (3 bestuurders of meer),Geen hindernis
49019,7,Evergem 1,Evergem,51.1089,3.70317,0.8837097760378174,51.11664586108681,3.7003372106395758,2024,8,14,44019,Evergem,Normaal,Droog,Dag,met lichtgewonden,9,personenauto,3,Fiets,Op Kruispunt,Gemeenteweg,binnen bebouwde kom,Kettingbotsing (3 bestuurders of meer),Geen hindernis
49066,141,Test site A support,Lokeren,51.08342085,3.9961071208376326,0.9189000275402178,51.08971467738689,4.004632691729346,2024,8,3,46014,Lokeren,Normaal,Droog,"Nacht, openbare verlichting aanwezig en ontstoken",met lichtgewonden,3,Fiets,11,een weggebruiker tegen een hindernis,Op Kruispunt,Gemeenteweg,binnen bebouwde kom,Weggebruiker tegen hindernis buiten rijbaan,Buiten de rijbaan: Omheining
49083,120,Zele teller 1,Zele,51.0607671,4.0547741,0.7602594754821549,51.067568935884616,4.055878853987258,2024,8,16,42028,Zele,Normaal,Droog,Dag,met lichtgewonden,3,Fiets,10,"één bestuurder, geen hindernis",Buiten Kruispunt,Gemeenteweg,binnen bebouwde kom,"Eén bestuurder, geen hindernis (incl. val)",Geen hindernis
49083,121,Zele teller 2,Zele,51.0604067,4.0556696,0.7965385275060164,51.067568935884616,4.055878853987258,2024,8,16,42028,Zele,Normaal,Droog,Dag,met lichtgewonden,3,Fiets,10,"één bestuurder, geen hindernis",Buiten Kruispunt,Gemeenteweg,binnen bebouwde kom,"Eén bestuurder, geen hindernis (incl. val)",Geen hindernis
49104,125,Dendermonde totem,Dendermonde,51.0372706,4.1025998,0.904088495893017,51.031107903562365,4.11103362245578,2024,8,14,42006,Dendermonde,Normaal,Droog,Dag,met lichtgewonden,5,Lichte vrachtauto,3,Fiets,Buiten Kruispunt,Gemeenteweg,binnen bebouwde kom,Tss. 2 best.: langs opzij (voor-/achterkant-flank),Geen hindernis
49104,122,Dendermonde teller 2,Dendermonde,51.0373918,4.1019222,0.9455990681979102,51.031107903562365,4.11103362245578,2024,8,14,42006,Dendermonde,Normaal,Droog,Dag,met lichtgewonden,5,Lichte vrachtauto,3,Fiets,Buiten Kruispunt,Gemeenteweg,binnen bebouwde kom,Tss. 2 best.: langs opzij (voor-/achterkant-flank),Geen hindernis
49162,15,Oostende 2,Oostende,51.21371,2.92743,0.4610148785486789,51.21729321425754,2.9241003773368117,2024,8,9,35013,Oostende,Normaal,Droog,Dag,met lichtgewonden,9,personenauto,3,Fiets,Op Kruispunt,Gewestweg,binnen bebouwde kom,Tss. 2 best.: langs opzij (voor-/achterkant-flank),Geen hindernis
49162,18,Oostende 1,Oostende,51.21378,2.92765,0.4623146860907285,51.21729321425754,2.9241003773368117,2024,8,9,35013,Oostende,Normaal,Droog,Dag,met lichtgewonden,9,personenauto,3,Fiets,Op Kruispunt,Gewestweg,binnen bebouwde kom,Tss. 2 best.: langs opzij (voor-/achterkant-flank),Geen hindernis
49169,15,Oostende 2,Oostende,51.21371,2.92743,0.19212728576588556,51.212170806723464,2.9286832366066444,2024,8,18,35013,Oostende,Normaal,Droog,Dag,met lichtgewonden,3,Fiets,3,Fiets,Buiten Kruispunt,Gemeenteweg,binnen bebouwde kom,Tss. 2 best.: langs opzij (voor-/achterkant-flank),Geen hindernis
49169,18,Oostende 1,Oostende,51.21378,2.92765,0.19286574865400186,51.212170806723464,2.9286832366066444,2024,8,18,35013,Oostende,Normaal,Droog,Dag,met lichtgewonden,3,Fiets,3,Fiets,Buiten Kruispunt,Gemeenteweg,binnen bebouwde kom,Tss. 2 best.: langs opzij (voor-/achterkant-flank),Geen hindernis
49193,61,Wervik teller 2,Wervik,50.80555,3.0921,0.7049529260636535,50.80260037221718,3.100979847317568,2024,8,7,34027,Menen,Normaal,Droog,Dag,met zwaargewonden,3,Fiets,6,Bromfiets,Buiten Kruispunt,Gewestweg,binnen bebouwde kom,Tussen 2 bestuurders: Frontale botsing,Geen hindernis
49193,62,Wervik teller 1,Wervik,50.8058,3.09154,0.7527451306632775,50.80260037221718,3.100979847317568,2024,8,7,34027,Menen,Normaal,Droog,Dag,met zwaargewonden,3,Fiets,6,Bromfiets,Buiten Kruispunt,Gewestweg,binnen bebouwde kom,Tussen 2 bestuurders: Frontale botsing,Geen hindernis
49199,16,Kortrijk 1,Kortrijk,50.83332,3.27777,0.34091760983414177,50.83069780018127,3.275254565745255,2024,8,12,34022,Kortrijk,Normaal,Droog,Dag,met lichtgewonden,3,Fiets,9,personenauto,Buiten Kruispunt,Gemeenteweg,binnen bebouwde kom,Tussen 2 bestuurders: Flank tegen flank,Geen hindernis
49199,17,Kortrijk 2,Kortrijk,50.83339,3.27773,0.3461787637196553,50.83069780018127,3.275254565745255,2024,8,12,34022,Kortrijk,Normaal,Droog,Dag,met lichtgewonden,3,Fiets,9,personenauto,Buiten Kruispunt,Gemeenteweg,binnen bebouwde kom,Tussen 2 bestuurders: Flank tegen flank,Geen hindernis
49199,143,Eco Display Classic Budastraat,Kortrijk,50.83066,3.26286,0.8705090358707782,50.83069780018127,3.275254565745255,2024,8,12,34022,Kortrijk,Normaal,Droog,Dag,met lichtgewonden,3,Fiets,9,personenauto,Buiten Kruispunt,Gemeenteweg,binnen bebouwde kom,Tussen 2 bestuurders: Flank tegen flank,Geen hindernis
49200,17,Kortrijk 2,Kortrijk,50.83339,3.27773,0.52358683503005,50.836854276891714,3.2827797458097083,2024,8,18,34022,Kortrijk,Normaal,Droog,Dag,met lichtgewonden,9,personenauto,3,Fiets,Buiten Kruispunt,Gewestweg,binnen bebouwde kom,Tss. 2 best.: langs opzij (voor-/achterkant-flank),Geen hindernis
49200,16,Kortrijk 1,Kortrijk,50.83332,3.27777,0.5274620649306808,50.836854276891714,3.2827797458097083,2024,8,18,34022,Kortrijk,Normaal,Droog,Dag,met lichtgewonden,9,personenauto,3,Fiets,Buiten Kruispunt,Gewestweg,binnen bebouwde kom,Tss. 2 best.: langs opzij (voor-/achterkant-flank),Geen hindernis
49204,75,Kortrijk teller 2,Kortrijk,50.81925,3.25731,0.6504605861300065,50.82362848333649,3.263450520523872,2024,8,9,34022,Kortrijk,Regenval,"Nat, plassen",Dag,met lichtgewonden,9,personenauto,3,Fiets,Op Kruispunt,Gewestweg,binnen bebouwde kom,Tss. 2 best.: langs opzij (voor-/achterkant-flank),Geen hindernis
49204,74,Kortrijk teller 1,Kortrijk,50.81909,3.25728,0.6652536647413179,50.82362848333649,3.263450520523872,2024,8,9,34022,Kortrijk,Regenval,"Nat, plassen",Dag,met lichtgewonden,9,personenauto,3,Fiets,Op Kruispunt,Gewestweg,binnen bebouwde kom,Tss. 2 best.: langs opzij (voor-/achterkant-flank),Geen hindernis
49204,143,Eco Display Classic Budastraat,Kortrijk,50.83066,3.26286,0.7829683407227486,50.82362848333649,3.263450520523872,2024,8,9,34022,Kortrijk,Regenval,"Nat, plassen",Dag,met lichtgewonden,9,personenauto,3,Fiets,Op Kruispunt,Gewestweg,binnen bebouwde kom,Tss. 2 best.: langs opzij (voor-/achterkant-flank),Geen hindernis
49251,32,Lummen,Lummen,50.97971,5.20961,0.5397215116978911,50.97490971921763,5.208468022800541,2024,8,7,71037,Lummen,Regenval,"Nat, plassen",Dag,met lichtgewonden,3,Fiets,11,een weggebruiker tegen een hindernis,Buiten Kruispunt,Gemeenteweg,buiten bebouwde kom,Weggebruiker tegen hindernis op de rijbaan,"Op de rijbaan: Werken (signal., aarde, toestel,…)"
49251,33,Lummen,Lummen,50.97978,5.20936,0.5451392331961485,50.97490971921763,5.208468022800541,2024,8,7,71037,Lummen,Regenval,"Nat, plassen",Dag,met lichtgewonden,3,Fiets,11,een weggebruiker tegen een hindernis,Buiten Kruispunt,Gemeenteweg,buiten bebouwde kom,Weggebruiker tegen hindernis op de rijbaan,"Op de rijbaan: Werken (signal., aarde, toestel,…)"
49258,30,Herk De Stad,Herk-de-Stad,50.94374,5.17691,0.894151552983782,50.93700834049252,5.16992960287674,2024,8,13,71024,Herk-de-Stad,Normaal,Droog,Dag,met lichtgewonden,7,Motorfiets,3,Fiets,Op Kruispunt,Gemeenteweg,binnen bebouwde kom,Tussen 2 bestuurders: Frontale botsing,Geen hindernis
49258,31,Herk De Stad,Herk-de-Stad,50.94366,5.1775,0.9101738868144663,50.93700834049252,5.16992960287674,2024,8,13,71024,Herk-de-Stad,Normaal,Droog,Dag,met lichtgewonden,7,Motorfiets,3,Fiets,Op Kruispunt,Gemeenteweg,binnen bebouwde kom,Tussen 2 bestuurders: Frontale botsing,Geen hindernis
49267,25,Bree,Bree,51.13679500160176,5.597669323604317,0.7568482132282669,51.139351196410836,5.607723216522402,2024,8,11,72004,Bree,Normaal,Droog,Dag,met lichtgewonden,9,personenauto,3,Fiets,Op Kruispunt,Gewestweg,buiten bebouwde kom,Tss. 2 best.: langs opzij (voor-/achterkant-flank),Geen hindernis
49273,14,Genk,Genk,50.97172,5.48927,0.8339003029939575,50.96433124345938,5.491308461657703,2024,8,13,71016,Genk,Normaal,Droog,Dag,met lichtgewonden,3,Fiets,9,personenauto,Buiten Kruispunt,Gemeenteweg,binnen bebouwde kom,Tss. 2 best.: langs opzij (voor-/achterkant-flank),Geen hindernis
49275,14,Genk,Genk,50.97172,5.48927,0.8464504814869894,50.96440847157692,5.492634316478089,2024,8,16,71016,Genk,Normaal,Droog,Dag,met lichtgewonden,3,Fiets,3,Fiets,Buiten Kruispunt,Gemeenteweg,binnen bebouwde kom,Tussen 2 bestuurders: Flank tegen flank,Geen hindernis
49279,25,Bree,Bree,51.13679500160176,5.597669323604317,0.9490340901155747,51.138623150641976,5.584382579528206,2024,8,11,72004,Bree,Normaal,Droog,Dag,met lichtgewonden,3,Fiets,10,"één bestuurder, geen hindernis",Buiten Kruispunt,Gemeenteweg,buiten bebouwde kom,"Eén bestuurder, geen hindernis (incl. val)",Geen hindernis
49287,25,Bree,Bree,51.13679500160176,5.597669323604317,0.22306724673797404,51.13859022208108,5.596242415801487,2024,8,12,72004,Bree,Normaal,Droog,Dag,met lichtgewonden,9,personenauto,3,Fiets,Buiten Kruispunt,Gemeenteweg,binnen bebouwde kom,Tussen 2 bestuurders: Frontale botsing,Geen hindernis
49294,14,Genk,Genk,50.97172,5.48927,0.8464504814869894,50.96440847157692,5.492634316478089,2024,8,18,71016,Genk,Onbekend,Onbekend,Onbekend,met lichtgewonden,9,personenauto,3,Fiets,Buiten Kruispunt,Gemeenteweg,binnen bebouwde kom,Tss. 2 best.: langs opzij (voor-/achterkant-flank),Geen hindernis
49317,99,Mechelen teller 1,Mechelen,51.04564,4.46882,0.7459202773126239,51.0417557954625,4.477518993059863,2024,8,16,12025,Mechelen,Normaal,Droog,Dag,met lichtgewonden,3,Fiets,9,personenauto,Buiten Kruispunt,Gemeenteweg,binnen bebouwde kom,Tussen 2 bestuurders: Flank tegen flank,Geen hindernis
49317,100,Mechelen teller 2,Mechelen,51.0457,4.46883,0.7492358119443296,51.0417557954625,4.477518993059863,2024,8,16,12025,Mechelen,Normaal,Droog,Dag,met lichtgewonden,3,Fiets,9,personenauto,Buiten Kruispunt,Gemeenteweg,binnen bebouwde kom,Tussen 2 bestuurders: Flank tegen flank,Geen hindernis
49318,99,Mechelen teller 1,Mechelen,51.04564,4.46882,0.6420965953397554,51.04503636693521,4.477954450155013,2024,8,17,12025,Mechelen,Normaal,"Nat, plassen",Dag,met lichtgewonden,3,Fiets,10,"één bestuurder, geen hindernis",Buiten Kruispunt,Gewestweg,binnen bebouwde kom,"Eén bestuurder, geen hindernis (incl. val)",Geen hindernis
49318,100,Mechelen teller 2,Mechelen,51.0457,4.46883,0.6421333864090202,51.04503636693521,4.477954450155013,2024,8,17,12025,Mechelen,Normaal,"Nat, plassen",Dag,met lichtgewonden,3,Fiets,10,"één bestuurder, geen hindernis",Buiten Kruispunt,Gewestweg,binnen bebouwde kom,"Eén bestuurder, geen hindernis (incl. val)",Geen hindernis
49328,115,Aalter,Aalter,51.1058367,3.4350591,0.7173251220646145,51.10283575543595,3.444153737638317,2024,8,14,44084,Aalter,Normaal,Droog,Dag,met zwaargewonden,3,Fiets,11,een weggebruiker tegen een hindernis,Buiten Kruispunt,Gemeenteweg,buiten bebouwde kom,Weggebruiker tegen hindernis buiten rijbaan,Andere hindernis
49685,96,Lier teller 2,Lier,51.11705,4.58444,0.7201064592319906,51.12224932834731,4.578289102582426,2024,10,7,12021,Lier,Normaal,Droog,"Nacht, openbare verlichting aanwezig en ontstoken",Met doden,4,Vrachtwagen,3,Fiets,Op Kruispunt,Gewestweg,buiten bebouwde kom,Tss. 2 best.: langs opzij (voor-/achterkant-flank),Geen hindernis
49685,95,Lier teller 1,Lier,51.11687,4.58437,0.733434699193798,51.12224932834731,4.578289102582426,2024,10,7,12021,Lier,Normaal,Droog,"Nacht, openbare verlichting aanwezig en ontstoken",Met doden,4,Vrachtwagen,3,Fiets,Op Kruispunt,Gewestweg,buiten bebouwde kom,Tss. 2 best.: langs opzij (voor-/achterkant-flank),Geen hindernis
49702,9,Heist op den Berg 2,Heist-op-den-Berg,51.06904,4.69524,0.17871367765313784,51.06840262771816,4.6975879550140895,2024,10,7,12014,Heist-op-den-Berg,Normaal,Droog,Dageraad - schemering,met lichtgewonden,9,personenauto,3,Fiets,Buiten Kruispunt,Gewestweg,buiten bebouwde kom,Tss. 2 best.: langs opzij (voor-/achterkant-flank),Geen hindernis
49702,8,Heist op den Berg 1,Heist-op-den-Berg,51.06759,4.68823,0.6600975594823677,51.06840262771816,4.6975879550140895,2024,10,7,12014,Heist-op-den-Berg,Normaal,Droog,Dageraad - schemering,met lichtgewonden,9,personenauto,3,Fiets,Buiten Kruispunt,Gewestweg,buiten bebouwde kom,Tss. 2 best.: langs opzij (voor-/achterkant-flank),Geen hindernis
49728,133,Gierde Lille Totem,Lille,51.2453915,4.8297416,0.9457208587957271,51.23791718167213,4.823258876359251,2024,9,14,13019,Lille,Normaal,Droog,Dag,met lichtgewonden,9,personenauto,3,Fiets,Buiten Kruispunt,Gemeenteweg,binnen bebouwde kom,Tss. 2 best.: langs opzij (voor-/achterkant-flank),Geen hindernis
49728,132,Gierde lille,Lille,51.245445,4.8298851,0.9557338348325336,51.23791718167213,4.823258876359251,2024,9,14,13019,Lille,Normaal,Droog,Dag,met lichtgewonden,9,personenauto,3,Fiets,Buiten Kruispunt,Gemeenteweg,binnen bebouwde kom,Tss. 2 best.: langs opzij (voor-/achterkant-flank),Geen hindernis
49739,88,Westerlo teller 1,Westerlo,51.082,4.91325,0.6726093307581702,51.08483742819448,4.904745958776082,2024,10,16,13049,Westerlo,"Andere (dikke rook,...)",Droog,Dag,met lichtgewonden,3,Fiets,3,Fiets,Buiten Kruispunt,Gemeenteweg,buiten bebouwde kom,Tussen 2 bestuurders: Frontale botsing,Geen hindernis
49739,89,Westerlo teller 2,Westerlo,51.08191,4.91334,0.6828816437241392,51.08483742819448,4.904745958776082,2024,10,16,13049,Westerlo,"Andere (dikke rook,...)",Droog,Dag,met lichtgewonden,3,Fiets,3,Fiets,Buiten Kruispunt,Gemeenteweg,buiten bebouwde kom,Tussen 2 bestuurders: Frontale botsing,Geen hindernis
49741,88,Westerlo teller 1,Westerlo,51.082,4.91325,0.8877697127535352,51.089952960105364,4.914367967080464,2024,10,18,13049,Westerlo,Normaal,Droog,Dag,met lichtgewonden,9,personenauto,3,Fiets,Op Kruispunt,Gewestweg,binnen bebouwde kom,Tss. 2 best.: langs opzij (voor-/achterkant-flank),Geen hindernis
49741,89,Westerlo teller 2,Westerlo,51.08191,4.91334,0.8972139679145523,51.089952960105364,4.914367967080464,2024,10,18,13049,Westerlo,Normaal,Droog,Dag,met lichtgewonden,9,personenauto,3,Fiets,Op Kruispunt,Gewestweg,binnen bebouwde kom,Tss. 2 best.: langs opzij (voor-/achterkant-flank),Geen hindernis
49742,127,Geel totem,Westerlo,51.1342966,4.9400421,0.8891077081980502,51.12635160081319,4.938606177310102,2024,10,7,13049,Westerlo,Onbekend,Onbekend,"Nacht, openbare verlichting aanwezig en ontstoken",met lichtgewonden,9,personenauto,3,Fiets,Op Kruispunt,Gemeenteweg,buiten bebouwde kom,Tss. 2 best.: langs opzij (voor-/achterkant-flank),Geen hindernis
49753,98,Geel teller 2,Geel,51.1481,4.99643,0.891243842725632,51.155950869880755,4.993856172147298,2024,7,20,13008,Geel,Normaal,Proper,Dag,met lichtgewonden,3,Fiets,3,Fiets,Buiten Kruispunt,Gewestweg,binnen bebouwde kom,Tss. 2 best.: langs opzij (voor-/achterkant-flank),Geen hindernis
49753,97,Geel teller 1,Geel,51.14813,4.99698,0.896519459315258,51.155950869880755,4.993856172147298,2024,7,20,13008,Geel,Normaal,Proper,Dag,met lichtgewonden,3,Fiets,3,Fiets,Buiten Kruispunt,Gewestweg,binnen bebouwde kom,Tss. 2 best.: langs opzij (voor-/achterkant-flank),Geen hindernis
49762,98,Geel teller 2,Geel,51.1481,4.99643,0.7165895097564141,51.154333053046344,4.993820197015631,2024,10,12,13008,Geel,Normaal,Droog,Dag,met lichtgewonden,9,personenauto,3,Fiets,Op Kruispunt,Gewestweg,binnen bebouwde kom,Tussen 2 bestuurders: Langs achteren,Geen hindernis
49762,97,Geel teller 1,Geel,51.14813,4.99698,0.7241031155609243,51.154333053046344,4.993820197015631,2024,10,12,13008,Geel,Normaal,Droog,Dag,met lichtgewonden,9,personenauto,3,Fiets,Op Kruispunt,Gewestweg,binnen bebouwde kom,Tussen 2 bestuurders: Langs achteren,Geen hindernis
49793,110,Herentals totem,Herentals,51.1739426,4.811783,0.5209387227268263,51.177494754462884,4.806910706247308,2024,10,9,13011,Herentals,Normaal,"Nat, plassen",Dag,dodelijk gewonden,3,Fiets,10,"één bestuurder, geen hindernis",Buiten Kruispunt,Gemeenteweg,buiten bebouwde kom,"Eén bestuurder, geen hindernis (incl. val)",Geen hindernis