crash_row_id,site_id,site_name,site_gemeente,site_lat,site_long,distance_km,crash_lat,crash_long,DT_YEAR_COLLISION,DT_MONTH_COLLISION,DT_TIME,CD_NIS,TX_MUNTY_COLLISION_NL,TX_WEATHER_NL,TX_ROAD_CONDITION_NL,TX_LIGHT_CONDITION_NL,TX_CLASS_ACCIDENTS_NL,CD_ROAD_USR_TYPE1,TX_ROAD_USR_TYPE1_NL,CD_ROAD_USR_TYPE2,TX_ROAD_USR_TYPE2_NL,TX_CROSSWAY_NL,CD_ROAD_TYPE_NL,TX_BUILD_UP_AREA_NL,TX_COLLISION_TYPE_NL,TX_OBSTACLES_NL
49793,94,Herentals teller 2,Herentals,51.17345,4.81283,0.6103756453300889,51.177494754462884,4.806910706247308,2024,10,9,13011,Herentals,Normaal,"Nat, plassen",Dag,dodelijk gewonden,3,Fiets,10,"één bestuurder, geen hindernis",Buiten Kruispunt,Gemeenteweg,buiten bebouwde kom,"Eén bestuurder, geen hindernis (incl. val)",Geen hindernis
49799,110,Herentals totem,Herentals,51.1739426,4.811783,0.2563254797196005,51.17189187416566,4.810103789249936,2024,9,12,13011,Herentals,Normaal,Droog,Dag,met lichtgewonden,9,personenauto,3,Fiets,Op Kruispunt,Gewestweg,buiten bebouwde kom,Tss. 2 best.: langs opzij (voor-/achterkant-flank),Geen hindernis
49799,94,Herentals teller 2,Herentals,51.17345,4.81283,0.2571790029827503,51.17189187416566,4.810103789249936,2024,9,12,13011,Herentals,Normaal,Droog,Dag,met lichtgewonden,9,personenauto,3,Fiets,Op Kruispunt,Gewestweg,buiten bebouwde kom,Tss. 2 best.: langs opzij (voor-/achterkant-flank),Geen hindernis
49810,46,Pelt teller 2,Pelt,51.231,5.44375,0.7609927300441224,51.230062143341314,5.432923855534408,2024,10,14,72043,Pelt,Normaal,Droog,Dag,met lichtgewonden,9,personenauto,3,Fiets,Buiten Kruispunt,Gemeenteweg,binnen bebouwde kom,Tussen 2 bestuurders: Langs achteren,Geen hindernis
49810,45,Pelt teller 1,Pelt,51.23127,5.44377,0.7670535774001503,51.230062143341314,5.432923855534408,2024,10,14,72043,Pelt,Normaal,Droog,Dag,met lichtgewonden,9,personenauto,3,Fiets,Buiten Kruispunt,Gemeenteweg,binnen bebouwde kom,Tussen 2 bestuurders: Langs achteren,Geen hindernis
49811,46,Pelt teller 2,Pelt,51.231,5.44375,0.8296914048785529,51.22465440450169,5.43748164041464,2024,10,11,72043,Pelt,Normaal,"Nat, plassen",Dag,met lichtgewonden,3,Fiets,3,Fiets,Op Kruispunt,Gewestweg,binnen bebouwde kom,Tss. 2 best.: langs opzij (voor-/achterkant-flank),Geen hindernis
49811,45,Pelt teller 1,Pelt,51.23127,5.44377,0.8560803521125526,51.22465440450169,5.43748164041464,2024,10,11,72043,Pelt,Normaal,"Nat, plassen",Dag,met lichtgewonden,3,Fiets,3,Fiets,Op Kruispunt,Gewestweg,binnen bebouwde kom,Tss. 2 best.: langs opzij (voor-/achterkant-flank),Geen hindernis
49861,44,Maaseik teller 2,Maaseik,51.09359,5.79726,0.3267714329923875,51.09544656422447,5.7936328293967065,2024,10,13,72021,Maaseik,Normaal,Droog,Dag,met zwaargewonden,9,personenauto,3,Fiets,Buiten Kruispunt,Gemeenteweg,binnen bebouwde kom,Tussen 2 bestuurders: Flank tegen flank,Geen hindernis
49861,43,Maaseik teller 1,Maaseik,51.09344,5.79715,0.3318311042847223,51.09544656422447,5.7936328293967065,2024,10,13,72021,Maaseik,Normaal,Droog,Dag,met zwaargewonden,9,personenauto,3,Fiets,Buiten Kruispunt,Gemeenteweg,binnen bebouwde kom,Tussen 2 bestuurders: Flank tegen flank,Geen hindernis
49866,69,Leuven teller 1,Leuven,50.87549,4.71526,0.17894265958495748,50.87708623900512,4.715583899326931,2024,10,15,24062,Leuven,Normaal,Onbekend,Dag,met lichtgewonden,3,Fiets,3,Fiets,Buiten Kruispunt,Gewestweg,binnen bebouwde kom,Tussen 2 bestuurders: Flank tegen flank,Geen hindernis
49868,151,Leuven,District Leuven,50.8690262,4.6854839,0.48824733293974354,50.87180805825627,4.690867181361226,2024,10,11,24062,Leuven,Normaal,Droog,Dag,met lichtgewonden,9,personenauto,3,Fiets,Buiten Kruispunt,Gewestweg,binnen bebouwde kom,Tss. 2 best.: langs opzij (voor-/achterkant-flank),Geen hindernis
49869,69,Leuven teller 1,Leuven,50.87549,4.71526,0.6261268724158637,50.88072860249036,4.711987353918927,2024,10,8,24062,Leuven,Normaal,Droog,Dag,met lichtgewonden,3,Fiets,3,Fiets,Buiten Kruispunt,Gemeenteweg,binnen bebouwde kom,Tss. 2 best.: langs opzij (voor-/achterkant-flank),Geen hindernis
49869,77,Leuven teller 2,Leuven,50.88672,4.70796,0.7236451366143355,50.88072860249036,4.711987353918927,2024,10,8,24062,Leuven,Normaal,Droog,Dag,met lichtgewonden,3,Fiets,3,Fiets,Buiten Kruispunt,Gemeenteweg,binnen bebouwde kom,Tss. 2 best.: langs opzij (voor-/achterkant-flank),Geen hindernis
49869,107,leuven totem,Leuven,50.8870744,4.7087919,0.7403726162273041,50.88072860249036,4.711987353918927,2024,10,8,24062,Leuven,Normaal,Droog,Dag,met lichtgewonden,3,Fiets,3,Fiets,Buiten Kruispunt,Gemeenteweg,binnen bebouwde kom,Tss. 2 best.: langs opzij (voor-/achterkant-flank),Geen hindernis
49870,69,Leuven teller 1,Leuven,50.87549,4.71526,0.7047546843540782,50.876935931482315,4.705480455355167,2024,10,12,24062,Leuven,Normaal,Droog,Dag,met lichtgewonden,8,Voetganger,3,Fiets,Buiten Kruispunt,Gemeenteweg,binnen bebouwde kom,Met een voetganger,Geen hindernis
49871,151,Leuven,District Leuven,50.8690262,4.6854839,0.9860411084905626,50.87770075453781,4.682567087144032,2024,9,19,24062,Leuven,Normaal,"Nat, plassen",Dag,met lichtgewonden,9,personenauto,3,Fiets,Buiten Kruispunt,Gemeenteweg,buiten bebouwde kom,Tss. 2 best.: langs opzij (voor-/achterkant-flank),Geen hindernis
49872,69,Leuven teller 1,Leuven,50.87549,4.71526,0.46601546879328276,50.87214899822338,4.719269661033242,2024,9,16,24062,Leuven,Onbekend,Onbekend,Dag,met lichtgewonden,3,Fiets,3,Fiets,Buiten Kruispunt,Gemeenteweg,binnen bebouwde kom,Tss. 2 best.: langs opzij (voor-/achterkant-flank),Geen hindernis
49873,151,Leuven,District Leuven,50.8690262,4.6854839,0.8914651767000428,50.876951930513435,4.683570884939015,2024,10,9,24062,Leuven,Normaal,Droog,Dag,met lichtgewonden,3,Fiets,9,personenauto,Op Kruispunt,Gewestweg,onbekend,Tss. 2 best.: langs opzij (voor-/achterkant-flank),Geen hindernis
49874,151,Leuven,District Leuven,50.8690262,4.6854839,0.6229226385957357,50.8673775874004,4.677000380505494,2024,10,10,24062,Leuven,Normaal,Droog,Dag,met lichtgewonden,3,Fiets,3,Fiets,Buiten Kruispunt,Gemeenteweg,buiten bebouwde kom,Tss. 2 best.: langs opzij (voor-/achterkant-flank),Geen hindernis
49875,107,leuven totem,Leuven,50.8870744,4.7087919,0.6255153418211596,50.885773515721915,4.717467223777204,2024,10,14,24062,Leuven,Normaal,Droog,Dag,met lichtgewonden,8,Voetganger,3,Fiets,Buiten Kruispunt,Gemeenteweg,binnen bebouwde kom,Met een voetganger,Geen vermelding van de aanwezigheid van een hindernis
49875,77,Leuven teller 2,Leuven,50.88672,4.70796,0.675172079290332,50.885773515721915,4.717467223777204,2024,10,14,24062,Leuven,Normaal,Droog,Dag,met lichtgewonden,8,Voetganger,3,Fiets,Buiten Kruispunt,Gemeenteweg,binnen bebouwde kom,Met een voetganger,Geen vermelding van de aanwezigheid van een hindernis
49876,151,Leuven,District Leuven,50.8690262,4.6854839,0.6229226385957357,50.8673775874004,4.677000380505494,2024,10,13,24062,Leuven,Normaal,Droog,Dag,met lichtgewonden,3,Fiets,8,Voetganger,Buiten Kruispunt,Gemeenteweg,binnen bebouwde kom,Met een voetganger,Geen hindernis
49878,69,Leuven teller 1,Leuven,50.87549,4.71526,0.7294852649657597,50.881898992924256,4.71748103336765,2024,9,16,24062,Leuven,Normaal,Droog,Dag,met lichtgewonden,3,Fiets,9,personenauto,Buiten Kruispunt,Gewestweg,binnen bebouwde kom,Tussen 2 bestuurders: Flank tegen flank,Geen hindernis
49878,107,leuven totem,Leuven,50.8870744,4.7087919,0.8382912959256579,50.881898992924256,4.71748103336765,2024,9,16,24062,Leuven,Normaal,Droog,Dag,met lichtgewonden,3,Fiets,9,personenauto,Buiten Kruispunt,Gewestweg,binnen bebouwde kom,Tussen 2 bestuurders: Flank tegen flank,Geen hindernis
49878,77,Leuven teller 2,Leuven,50.88672,4.70796,0.8564367029503083,50.881898992924256,4.71748103336765,2024,9,16,24062,Leuven,Normaal,Droog,Dag,met lichtgewonden,3,Fiets,9,personenauto,Buiten Kruispunt,Gewestweg,binnen bebouwde kom,Tussen 2 bestuurders: Flank tegen flank,Geen hindernis
49881,77,Leuven teller 2,Leuven,50.88672,4.70796,0.5483051260867328,50.890972791332636,4.704003678372205,2024,10,9,24062,Leuven,Regenval,"Nat, plassen",Dag,met lichtgewonden,3,Fiets,10,"één bestuurder, geen hindernis",Buiten Kruispunt,Gemeenteweg,binnen bebouwde kom,"Eén bestuurder, geen hindernis (incl. val)",Geen hindernis
49881,107,leuven totem,Leuven,50.8870744,4.7087919,0.5483729801195867,50.890972791332636,4.704003678372205,2024,10,9,24062,Leuven,Regenval,"Nat, plassen",Dag,met lichtgewonden,3,Fiets,10,"één bestuurder, geen hindernis",Buiten Kruispunt,Gemeenteweg,binnen bebouwde kom,"Eén bestuurder, geen hindernis (incl. val)",Geen hindernis
49883,77,Leuven teller 2,Leuven,50.88672,4.70796,0.9557258030526065,50.88118356798163,4.69753921234144,2024,9,16,24062,Leuven,Normaal,Droog,Dag,met lichtgewonden,5,Lichte vrachtauto,3,Fiets,Buiten Kruispunt,Gemeenteweg,binnen bebouwde kom,Tss. 2 best.: langs opzij (voor-/achterkant-flank),Geen hindernis
49884,69,Leuven teller 1,Leuven,50.87549,4.71526,0.7066729129040158,50.880127848458606,4.7083737196572475,2024,9,7,24062,Leuven,Normaal,Droog,Dag,met lichtgewonden,8,Voetganger,3,Fiets,Buiten Kruispunt,Gemeenteweg,binnen bebouwde kom,Met een voetganger,Geen hindernis
49884,77,Leuven teller 2,Leuven,50.88672,4.70796,0.73358817668119,50.880127848458606,4.7083737196572475,2024,9,7,24062,Leuven,Normaal,Droog,Dag,met lichtgewonden,8,Voetganger,3,Fiets,Buiten Kruispunt,Gemeenteweg,binnen bebouwde kom,Met een voetganger,Geen hindernis
49884,107,leuven totem,Leuven,50.8870744,4.7087919,0.7729781856833783,50.880127848458606,4.7083737196572475,2024,9,7,24062,Leuven,Normaal,Droog,Dag,met lichtgewonden,8,Voetganger,3,Fiets,Buiten Kruispunt,Gemeenteweg,binnen bebouwde kom,Met een voetganger,Geen hindernis
49886,107,leuven totem,Leuven,50.8870744,4.7087919,0.32324844225837407,50.884632090448214,4.711291177803898,2024,9,18,24062,Leuven,Normaal,Droog,Dag,met lichtgewonden,3,Fiets,9,personenauto,Op Kruispunt,Gewestweg,binnen bebouwde kom,Tussen 2 bestuurders: Flank tegen flank,Geen hindernis
49886,77,Leuven teller 2,Leuven,50.88672,4.70796,0.32940423899457555,50.884632090448214,4.711291177803898,2024,9,18,24062,Leuven,Normaal,Droog,Dag,met lichtgewonden,3,Fiets,9,personenauto,Op Kruispunt,Gewestweg,binnen bebouwde kom,Tussen 2 bestuurders: Flank tegen flank,Geen hindernis
49888,151,Leuven,District Leuven,50.8690262,4.6854839,0.48824733293974354,50.87180805825627,4.690867181361226,2024,10,12,24062,Leuven,Normaal,Droog+Proper,Dag,met lichtgewonden,3,Fiets,8,Voetganger,Buiten Kruispunt,Gewestweg,binnen bebouwde kom,Met een voetganger,Geen hindernis
49889,69,Leuven teller 1,Leuven,50.87549,4.71526,0.21051525343957667,50.873664534557896,4.714464600317724,2024,10,17,24062,Leuven,Normaal,Droog,Dag,met lichtgewonden,3,Fiets,3,Fiets,Op Kruispunt,Gewestweg,binnen bebouwde kom,Tussen 2 bestuurders: Flank tegen flank,Geen hindernis
49891,69,Leuven teller 1,Leuven,50.87549,4.71526,0.6923329288575397,50.87059651871616,4.721360650101604,2024,10,22,24062,Leuven,Normaal,Droog,"Nacht, openbare verlichting aanwezig en ontstoken",met zwaargewonden,3,Fiets,10,"één bestuurder, geen hindernis",Buiten Kruispunt,Gemeenteweg,binnen bebouwde kom,"Eén bestuurder, geen hindernis (incl. val)",Geen hindernis
49892,69,Leuven teller 1,Leuven,50.87549,4.71526,0.6695748653814756,50.87797558537701,4.70656780197827,2024,10,0,24062,Leuven,Normaal,Droog,"Nacht, openbare verlichting aanwezig en ontstoken",met lichtgewonden,3,Fiets,10,"één bestuurder, geen hindernis",Op Kruispunt,Gemeenteweg,binnen bebouwde kom,"Eén bestuurder, geen hindernis (incl. val)",Geen hindernis
49892,77,Leuven teller 2,Leuven,50.88672,4.70796,0.9772275560918715,50.87797558537701,4.70656780197827,2024,10,0,24062,Leuven,Normaal,Droog,"Nacht, openbare verlichting aanwezig en ontstoken",met lichtgewonden,3,Fiets,10,"één bestuurder, geen hindernis",Op Kruispunt,Gemeenteweg,binnen bebouwde kom,"Eén bestuurder, geen hindernis (incl. val)",Geen hindernis
49896,151,Leuven,District Leuven,50.8690262,4.6854839,0.48897094592577856,50.87207875467332,4.69049965565229,2024,10,12,24062,Leuven,Normaal,Droog,Dag,met zwaargewonden,9,personenauto,3,Fiets,Op Kruispunt,Gewestweg,binnen bebouwde kom,Tss. 2 best.: langs opzij (voor-/achterkant-flank),Geen hindernis
49897,69,Leuven teller 1,Leuven,50.87549,4.71526,0.5651974513683979,50.874845201863025,4.707269853751242,2024,10,8,24062,Leuven,Normaal,Droog,Dag,met lichtgewonden,3,Fiets,3,Fiets,Op Kruispunt,Gemeenteweg,binnen bebouwde kom,Tussen 2 bestuurders: Langs achteren,Geen hindernis
49899,108,Heverlee teller 1,Leuven,50.8471728,4.6954674,0.031025719849177923,50.84691175565392,4.6956234550996685,2024,9,9,24062,Leuven,Normaal,Droog,Dag,met lichtgewonden,3,Fiets,3,Fiets,Op Kruispunt,Gewestweg,buiten bebouwde kom,Tussen 2 bestuurders: Frontale botsing,Geen hindernis
49899,76,Heverlee teller 2,Leuven,50.84606,4.69597,0.0977861161812554,50.84691175565392,4.6956234550996685,2024,9,9,24062,Leuven,Normaal,Droog,Dag,met lichtgewonden,3,Fiets,3,Fiets,Op Kruispunt,Gewestweg,buiten bebouwde kom,Tussen 2 bestuurders: Frontale botsing,Geen hindernis
49900,77,Leuven teller 2,Leuven,50.88672,4.70796,0.12349614567249804,50.88603917694917,4.706569071839852,2024,9,15,24062,Leuven,Normaal,Droog,Dag,met lichtgewonden,3,Fiets,3,Fiets,Buiten Kruispunt,Gemeenteweg,binnen bebouwde kom,Tussen 2 bestuurders: Frontale botsing,Geen hindernis
49900,107,leuven totem,Leuven,50.8870744,4.7087919,0.19381439047765525,50.88603917694917,4.706569071839852,2024,9,15,24062,Leuven,Normaal,Droog,Dag,met lichtgewonden,3,Fiets,3,Fiets,Buiten Kruispunt,Gemeenteweg,binnen bebouwde kom,Tussen 2 bestuurders: Frontale botsing,Geen hindernis
49903,151,Leuven,District Leuven,50.8690262,4.6854839,0.48897094592577856,50.87207875467332,4.69049965565229,2024,9,9,24062,Leuven,Normaal,Droog,Dag,met lichtgewonden,9,personenauto,3,Fiets,Op Kruispunt,Gewestweg,binnen bebouwde kom,Tss. 2 best.: langs opzij (voor-/achterkant-flank),Geen hindernis
49905,107,leuven totem,Leuven,50.8870744,4.7087919,0.8685765049318663,50.883788182008416,4.720024592730536,2024,9,15,24062,Leuven,Normaal,Droog,Dag,met lichtgewonden,99,onbekend,3,Fiets,Op Kruispunt,Gewestweg,binnen bebouwde kom,Tussen 2 bestuurders: Frontale botsing,Geen hindernis
49905,77,Leuven teller 2,Leuven,50.88672,4.70796,0.9069497237529798,50.883788182008416,4.720024592730536,2024,9,15,24062,Leuven,Normaal,Droog,Dag,met lichtgewonden,99,onbekend,3,Fiets,Op Kruispunt,Gewestweg,binnen bebouwde kom,Tussen 2 bestuurders: Frontale botsing,Geen hindernis
49905,69,Leuven teller 1,Leuven,50.87549,4.71526,0.9813998099595834,50.883788182008416,4.720024592730536,2024,9,15,24062,Leuven,Normaal,Droog,Dag,met lichtgewonden,99,onbekend,3,Fiets,Op Kruispunt,Gewestweg,binnen bebouwde kom,Tussen 2 bestuurders: Frontale botsing,Geen hindernis
49906,77,Leuven teller 2,Leuven,50.88672,4.70796,0.34621155169482926,50.88719084985359,4.703081288760635,2024,9,18,24062,Leuven,Normaal,Droog,Dag,met lichtgewonden,3,Fiets,8,Voetganger,Op Kruispunt,Gemeenteweg,buiten bebouwde kom,Met een voetganger,Geen hindernis
49906,107,leuven totem,Leuven,50.8870744,4.7087919,0.40079334184111026,50.88719084985359,4.703081288760635,2024,9,18,24062,Leuven,Normaal,Droog,Dag,met lichtgewonden,3,Fiets,8,Voetganger,Op Kruispunt,Gemeenteweg,buiten bebouwde kom,Met een voetganger,Geen hindernis
49908,69,Leuven teller 1,Leuven,50.87549,4.71526,0.46601546879328276,50.87214899822338,4.719269661033242,2024,10,7,24062,Leuven,Normaal,Droog,Dag,met lichtgewonden,3,Fiets,3,Fiets,Buiten Kruispunt,Gemeenteweg,binnen bebouwde kom,Tussen 2 bestuurders: Flank tegen flank,Geen hindernis
49909,77,Leuven teller 2,Leuven,50.88672,4.70796,0.8135933990887398,50.887209762554896,4.696387702025097,2024,10,8,24062,Leuven,Normaal,Droog,Dag,met lichtgewonden,9,personenauto,3,Fiets,Op Kruispunt,Gemeenteweg,binnen bebouwde kom,Tss. 2 best.: langs opzij (voor-/achterkant-flank),Geen hindernis
49909,107,leuven totem,Leuven,50.8870744,4.7087919,0.8702513374660675,50.887209762554896,4.696387702025097,2024,10,8,24062,Leuven,Normaal,Droog,Dag,met lichtgewonden,9,personenauto,3,Fiets,Op Kruispunt,Gemeenteweg,binnen bebouwde kom,Tss. 2 best.: langs opzij (voor-/achterkant-flank),Geen hindernis
49910,69,Leuven teller 1,Leuven,50.87549,4.71526,0.3911663659512068,50.87815865226626,4.711627522686473,2024,10,16,24062,Leuven,Onbekend,Droog,Dag,met lichtgewonden,3,Fiets,9,personenauto,Buiten Kruispunt,Gemeenteweg,binnen bebouwde kom,Tussen 2 bestuurders: Flank tegen flank,Geen hindernis
49910,77,Leuven teller 2,Leuven,50.88672,4.70796,0.986135152616439,50.87815865226626,4.711627522686473,2024,10,16,24062,Leuven,Onbekend,Droog,Dag,met lichtgewonden,3,Fiets,9,personenauto,Buiten Kruispunt,Gemeenteweg,binnen bebouwde kom,Tussen 2 bestuurders: Flank tegen flank,Geen hindernis
49911,107,leuven totem,Leuven,50.8870744,4.7087919,0.09426275243810685,50.88632755228312,4.709427654370787,2024,10,15,24062,Leuven,Normaal,Droog,Dag,met lichtgewonden,3,Fiets,1,Autobus,Op Kruispunt,Gewestweg,binnen bebouwde kom,Tss. 2 best.: langs opzij (voor-/achterkant-flank),Geen hindernis
49911,77,Leuven teller 2,Leuven,50.88672,4.70796,0.11181990010249385,50.88632755228312,4.709427654370787,2024,10,15,24062,Leuven,Normaal,Droog,Dag,met lichtgewonden,3,Fiets,1,Autobus,Op Kruispunt,Gewestweg,binnen bebouwde kom,Tss. 2 best.: langs opzij (voor-/achterkant-flank),Geen hindernis
49913,69,Leuven teller 1,Leuven,50.87549,4.71526,0.4292352226869365,50.87348479015463,4.720487291890661,2024,10,12,24062,Leuven,Regenval,"Nat, plassen",Dag,met lichtgewonden,3,Fiets,3,Fiets,Buiten Kruispunt,Gemeenteweg,binnen bebouwde kom,Tussen 2 bestuurders: Flank tegen flank,Geen hindernis
49914,151,Leuven,District Leuven,50.8690262,4.6854839,0.966477092765115,50.87258815594821,4.698047225690127,2024,10,15,24062,Leuven,Onbekend,Onbekend,Dag,met lichtgewonden,3,Fiets,9,personenauto,Buiten Kruispunt,Gemeenteweg,binnen bebouwde kom,Tss. 2 best.: langs opzij (voor-/achterkant-flank),Geen hindernis
49922,69,Leuven teller 1,Leuven,50.87549,4.71526,0.6737115209595164,50.88153024501798,4.7145083963445975,2024,8,7,24062,Leuven,Onbekend,Onbekend,Onbekend,met lichtgewonden,3,Fiets,11,een weggebruiker tegen een hindernis,Buiten Kruispunt,Gewestweg,binnen bebouwde kom,Weggebruiker tegen hindernis buiten rijbaan,Buiten de rijbaan: Omheining
49922,107,leuven totem,Leuven,50.8870744,4.7087919,0.7354373037069816,50.88153024501798,4.7145083963445975,2024,8,7,24062,Leuven,Onbekend,Onbekend,Onbekend,met lichtgewonden,3,Fiets,11,een weggebruiker tegen een hindernis,Buiten Kruispunt,Gewestweg,binnen bebouwde kom,Weggebruiker tegen hindernis buiten rijbaan,Buiten de rijbaan: Omheining
49922,77,Leuven teller 2,Leuven,50.88672,4.70796,0.7375953222674865,50.88153024501798,4.7145083963445975,2024,8,7,24062,Leuven,Onbekend,Onbekend,Onbekend,met lichtgewonden,3,Fiets,11,een weggebruiker tegen een hindernis,Buiten Kruispunt,Gewestweg,binnen bebouwde kom,Weggebruiker tegen hindernis buiten rijbaan,Buiten de rijbaan: Omheining
49977,145,Overijse,District Vilvoorde-gewestwegen,50.7885856,4.4908759,0.4337076619281262,50.79160938889597,4.486978579142015,2024,10,18,23062,Overijse,Regenval,"Nat, plassen",Dageraad - schemering,met lichtgewonden,9,personenauto,3,Fiets,Buiten Kruispunt,Gewestweg,binnen bebouwde kom,Tss. 2 best.: langs opzij (voor-/achterkant-flank),Geen hindernis
49977,146,Overijse 2,District Vilvoorde-gewestwegen,50.7881478,4.4902818,0.44952345361726254,50.79160938889597,4.486978579142015,2024,10,18,23062,Overijse,Regenval,"Nat, plassen",Dageraad - schemering,met lichtgewonden,9,personenauto,3,Fiets,Buiten Kruispunt,Gewestweg,binnen bebouwde kom,Tss. 2 best.: langs opzij (voor-/achterkant-flank),Geen hindernis
49978,147,Overijse,District Vilvoorde-gewestwegen,50.7797555,4.4975769,0.6912150327323562,50.78539964307146,4.501696808041199,2024,10,10,23062,Overijse,Normaal,Droog,Dag,met lichtgewonden,3,Fiets,9,personenauto,Op Kruispunt,Gewestweg,buiten bebouwde kom,Tussen 2 bestuurders: Langs achteren,Geen hindernis
49978,145,Overijse,District Vilvoorde-gewestwegen,50.7885856,4.4908759,0.8391355505935281,50.78539964307146,4.501696808041199,2024,10,10,23062,Overijse,Normaal,Droog,Dag,met lichtgewonden,3,Fiets,9,personenauto,Op Kruispunt,Gewestweg,buiten bebouwde kom,Tussen 2 bestuurders: Langs achteren,Geen hindernis
49978,146,Overijse 2,District Vilvoorde-gewestwegen,50.7881478,4.4902818,0.8586708693017241,50.78539964307146,4.501696808041199,2024,10,10,23062,Overijse,Normaal,Droog,Dag,met lichtgewonden,3,Fiets,9,personenauto,Op Kruispunt,Gewestweg,buiten bebouwde kom,Tussen 2 bestuurders: Langs achteren,Geen hindernis
49981,145,Overijse,District Vilvoorde-gewestwegen,50.7885856,4.4908759,0.4919411997295963,50.78719328030108,4.497518385859434,2024,9,7,23062,Overijse,Normaal,Droog,Dag,met lichtgewonden,9,personenauto,3,Fiets,Buiten Kruispunt,Gewestweg,buiten bebouwde kom,Tss. 2 best.: langs opzij (voor-/achterkant-flank),Geen hindernis
49981,146,Overijse 2,District Vilvoorde-gewestwegen,50.7881478,4.4902818,0.5196646189895351,50.78719328030108,4.497518385859434,2024,9,7,23062,Overijse,Normaal,Droog,Dag,met lichtgewonden,9,personenauto,3,Fiets,Buiten Kruispunt,Gewestweg,buiten bebouwde kom,Tss. 2 best.: langs opzij (voor-/achterkant-flank),Geen hindernis
49981,147,Overijse,District Vilvoorde-gewestwegen,50.7797555,4.4975769,0.8270536658365109,50.78719328030108,4.497518385859434,2024,9,7,23062,Overijse,Normaal,Droog,Dag,met lichtgewonden,9,personenauto,3,Fiets,Buiten Kruispunt,Gewestweg,buiten bebouwde kom,Tss. 2 best.: langs opzij (voor-/achterkant-flank),Geen hindernis
50026,27,Grimbergen,Meise,50.92127,4.34013,0.36866154566795817,50.92366706489358,4.336496456443462,2024,9,7,23050,Meise,Normaal,Proper,Dag,met lichtgewonden,9,personenauto,3,Fiets,Op Kruispunt,Gewestweg,buiten bebouwde kom,Tss. 2 best.: langs opzij (voor-/achterkant-flank),Geen hindernis
50033,111,Zaventem totem,Zaventem,50.8871216,4.4597084,0.9596458599305432,50.889251850368225,4.446450968703996,2024,10,7,23047,Machelen,Onbekend,Onbekend,Dageraad - schemering,met lichtgewonden,3,Fiets,9,personenauto,Buiten Kruispunt,Gemeenteweg,buiten bebouwde kom,Tss. 2 best.: langs opzij (voor-/achterkant-flank),Geen hindernis
50036,47,Vilvoorde,Vilvoorde,50.91372,4.41497,0.8162705489951201,50.918147410814974,4.424257653716803,2024,10,16,23088,Vilvoorde,Normaal,Droog,Dag,met lichtgewonden,3,Fiets,3,Fiets,Buiten Kruispunt,Gewestweg,buiten bebouwde kom,Tussen 2 bestuurders: Frontale botsing,Geen hindernis
50057,109,Zemst,Zemst,50.9903936,4.4707023,0.4590916401427571,50.98632539240666,4.4718210472822175,2024,9,17,23096,Zemst,Regenval,"Nat, plassen",Dag,met lichtgewonden,9,personenauto,3,Fiets,Buiten Kruispunt,Gemeenteweg,binnen bebouwde kom,Tss. 2 best.: langs opzij (voor-/achterkant-flank),Geen hindernis
50058,109,Zemst,Zemst,50.9903936,4.4707023,0.34835619819701874,50.987261174000736,4.470783457850311,2024,9,12,23096,Zemst,Normaal,Droog,Dag,met lichtgewonden,9,personenauto,3,Fiets,Op Kruispunt,Gewestweg,buiten bebouwde kom,Tss. 2 best.: langs opzij (voor-/achterkant-flank),Geen hindernis
50063,1,Machelen,Machelen,50.91618331151478,4.456121776137429,0.7678079595463272,50.91003359554972,4.461102289479468,2024,9,13,23081,Steenokkerzeel,Normaal,Droog,Dag,met lichtgewonden,3,Fiets,11,een weggebruiker tegen een hindernis,Op Kruispunt,Gewestweg,buiten bebouwde kom,Weggebruiker tegen hindernis op de rijbaan,"Op de rijbaan: Werken (signal., aarde, toestel,…)"
50093,13,Gent,Gent,51.03018,3.70146,0.9787668922361791,51.03211304947949,3.7151146543132056,2024,9,8,44021,Gent,Regenval,"Nat, plassen",Dag,met lichtgewonden,3,Fiets,3,Fiets,Op Kruispunt,Gemeenteweg,binnen bebouwde kom,Tussen 2 bestuurders: Frontale botsing,Geen hindernis
50104,13,Gent,Gent,51.03018,3.70146,0.9293098079621748,51.033693623650294,3.6894021818721474,2024,9,18,44021,Gent,Normaal,"Nat, plassen",Dag,met lichtgewonden,3,Fiets,11,een weggebruiker tegen een hindernis,Buiten Kruispunt,Autosnelweg,buiten bebouwde kom,Weggebruiker tegen hindernis buiten rijbaan,Buiten de rijbaan: Boom
50122,119,Gent teller 2,Gent,51.0281795,3.7683918,0.3036441589862045,51.026091156683734,3.7711892686666086,2024,10,9,44021,Gent,Normaal,Droog,Dag,met lichtgewonden,3,Fiets,9,personenauto,Buiten Kruispunt,Gewestweg,buiten bebouwde kom,Tss. 2 best.: langs opzij (voor-/achterkant-flank),Geen hindernis
50122,118,Gent teller 1,Gent,51.028049,3.7681359,0.3049496454213877,51.026091156683734,3.7711892686666086,2024,10,9,44021,Gent,Normaal,Droog,Dag,met lichtgewonden,3,Fiets,9,personenauto,Buiten Kruispunt,Gewestweg,buiten bebouwde kom,Tss. 2 best.: langs opzij (voor-/achterkant-flank),Geen hindernis