crash_row_id,site_id,site_name,site_gemeente,site_lat,site_long,distance_km,crash_lat,crash_long,DT_YEAR_COLLISION,DT_MONTH_COLLISION,DT_TIME,CD_NIS,TX_MUNTY_COLLISION_NL,TX_WEATHER_NL,TX_ROAD_CONDITION_NL,TX_LIGHT_CONDITION_NL,TX_CLASS_ACCIDENTS_NL,CD_ROAD_USR_TYPE1,TX_ROAD_USR_TYPE1_NL,CD_ROAD_USR_TYPE2,TX_ROAD_USR_TYPE2_NL,TX_CROSSWAY_NL,CD_ROAD_TYPE_NL,TX_BUILD_UP_AREA_NL,TX_COLLISION_TYPE_NL,TX_OBSTACLES_NL
50157,136,Gent R4,Gent,51.0876313,3.7587918,0.8263607963911611,51.085342317734785,3.770047691957391,2024,10,15,44021,Gent,Normaal,Droog,Dag,met lichtgewonden,3,Fiets,99,onbekend,Op Kruispunt,Gemeenteweg,binnen bebouwde kom,Tss. 2 best.: langs opzij (voor-/achterkant-flank),Geen hindernis
50175,13,Gent,Gent,51.03018,3.70146,0.8293519839807526,51.02651215031132,3.711785951191391,2024,10,9,44021,Gent,Normaal,Droog,Dag,met lichtgewonden,3,Fiets,9,personenauto,Op Kruispunt,Gewestweg,binnen bebouwde kom,Tss. 2 best.: langs opzij (voor-/achterkant-flank),Geen hindernis
50205,118,Gent teller 1,Gent,51.028049,3.7681359,0.9043473427086599,51.01998013446953,3.7697564069737757,2024,10,8,44040,Melle,Normaal,Proper,Dag,met lichtgewonden,3,Fiets,8,Voetganger,Buiten Kruispunt,Gemeenteweg,binnen bebouwde kom,Met een voetganger,Geen hindernis
50205,119,Gent teller 2,Gent,51.0281795,3.7683918,0.916709778296877,51.01998013446953,3.7697564069737757,2024,10,8,44040,Melle,Normaal,Proper,Dag,met lichtgewonden,3,Fiets,8,Voetganger,Buiten Kruispunt,Gemeenteweg,binnen bebouwde kom,Met een voetganger,Geen hindernis
50208,116,Melle teller 2,Melle,50.9986113,3.8040599,0.6075434403449484,51.00357367880875,3.8004267069780266,2024,9,17,44040,Melle,Normaal,Droog,Dag,met lichtgewonden,9,personenauto,3,Fiets,Op Kruispunt,Gewestweg,binnen bebouwde kom,Tss. 2 best.: langs opzij (voor-/achterkant-flank),Geen hindernis
50208,117,Melle teller 1,Melle,50.9986113,3.8040599,0.6075434403449484,51.00357367880875,3.8004267069780266,2024,9,17,44040,Melle,Normaal,Droog,Dag,met lichtgewonden,9,personenauto,3,Fiets,Op Kruispunt,Gewestweg,binnen bebouwde kom,Tss. 2 best.: langs opzij (voor-/achterkant-flank),Geen hindernis
50220,118,Gent teller 1,Gent,51.028049,3.7681359,0.7334659394584934,51.02152598130076,3.7696938986336996,2024,10,12,44040,Melle,Normaal,Droog,Dag,met lichtgewonden,3,Fiets,9,personenauto,Buiten Kruispunt,Gemeenteweg,binnen bebouwde kom,Tussen 2 bestuurders: Langs achteren,Geen hindernis
50220,119,Gent teller 2,Gent,51.0281795,3.7683918,0.7454213729640167,51.02152598130076,3.7696938986336996,2024,10,12,44040,Melle,Normaal,Droog,Dag,met lichtgewonden,3,Fiets,9,personenauto,Buiten Kruispunt,Gemeenteweg,binnen bebouwde kom,Tussen 2 bestuurders: Langs achteren,Geen hindernis
50322,128,Lokeren teller 1,Lokeren,51.09644,3.97023,0.7441171917301621,51.10249991936921,3.9747510296463586,2024,9,8,46014,Lokeren,Normaal,Droog,Dag,met lichtgewonden,9,personenauto,3,Fiets,Op Kruispunt,Gemeenteweg,binnen bebouwde kom,Tussen 2 bestuurders: Frontale botsing,Geen hindernis
50322,129,Lokeren teller 2,Lokeren,51.09612,3.97025,0.7759191279329866,51.10249991936921,3.9747510296463586,2024,9,8,46014,Lokeren,Normaal,Droog,Dag,met lichtgewonden,9,personenauto,3,Fiets,Op Kruispunt,Gemeenteweg,binnen bebouwde kom,Tussen 2 bestuurders: Frontale botsing,Geen hindernis
50324,141,Test site A support,Lokeren,51.08342085,3.9961071208376326,0.5550558127444558,51.08291218209844,3.988202285010317,2024,9,8,46014,Lokeren,"Andere (dikke rook,...)",Droog,Dag,met lichtgewonden,9,personenauto,3,Fiets,Op Kruispunt,Gemeenteweg,buiten bebouwde kom,Tss. 2 best.: langs opzij (voor-/achterkant-flank),Geen hindernis
50327,141,Test site A support,Lokeren,51.08342085,3.9961071208376326,0.6869567941576853,51.08113210960115,4.005241668605855,2024,9,6,46014,Lokeren,Normaal,"Nat, plassen","Nacht, geen openbare verlichting aanwezig",met zwaargewonden,3,Fiets,5,Lichte vrachtauto,Buiten Kruispunt,Gemeenteweg,buiten bebouwde kom,Tussen 2 bestuurders: Flank tegen flank,Geen hindernis
50333,128,Lokeren teller 1,Lokeren,51.09644,3.97023,0.3391671226462834,51.09893453935001,3.973025058816635,2024,10,11,46014,Lokeren,Normaal,Droog,Dag,met lichtgewonden,9,personenauto,3,Fiets,Op Kruispunt,Gewestweg,buiten bebouwde kom,Tss. 2 best.: langs opzij (voor-/achterkant-flank),Geen hindernis
50333,129,Lokeren teller 2,Lokeren,51.09612,3.97025,0.36809940232088456,51.09893453935001,3.973025058816635,2024,10,11,46014,Lokeren,Normaal,Droog,Dag,met lichtgewonden,9,personenauto,3,Fiets,Op Kruispunt,Gewestweg,buiten bebouwde kom,Tss. 2 best.: langs opzij (voor-/achterkant-flank),Geen hindernis
50341,126,Hamme totem,Hamme,51.1017709,4.1469307,0.05251729009160452,51.10130329229942,4.146824948885599,2024,10,18,42008,Hamme,Normaal,"Nat, plassen","Nacht, openbare verlichting aanwezig en ontstoken",met lichtgewonden,3,Fiets,9,personenauto,Op Kruispunt,Gewestweg,binnen bebouwde kom,Tss. 2 best.: langs opzij (voor-/achterkant-flank),Geen hindernis
50349,120,Zele teller 1,Zele,51.0607671,4.0547741,0.9610571848762272,51.06834828016806,4.048169616415205,2024,9,8,42028,Zele,Normaal,Droog,Dag,met zwaargewonden,3,Fiets,9,personenauto,Buiten Kruispunt,Gemeenteweg,binnen bebouwde kom,Tss. 2 best.: langs opzij (voor-/achterkant-flank),Geen hindernis
50350,120,Zele teller 1,Zele,51.0607671,4.0547741,0.0993503329867308,51.061650691978635,4.054563194888066,2024,9,17,42028,Zele,Normaal,Droog,Dag,dodelijk gewonden,9,personenauto,3,Fiets,Buiten Kruispunt,Gewestweg,buiten bebouwde kom,Tss. 2 best.: langs opzij (voor-/achterkant-flank),Geen hindernis
50350,121,Zele teller 2,Zele,51.0604067,4.0556696,0.15846940473326088,51.061650691978635,4.054563194888066,2024,9,17,42028,Zele,Normaal,Droog,Dag,dodelijk gewonden,9,personenauto,3,Fiets,Buiten Kruispunt,Gewestweg,buiten bebouwde kom,Tss. 2 best.: langs opzij (voor-/achterkant-flank),Geen hindernis
50387,10,Aalst 2,Aalst,50.93549,4.01571,0.47264086394850224,50.939736424030784,4.015412463757547,2024,10,8,41002,Aalst,Normaal,Droog,Dag,met lichtgewonden,9,personenauto,3,Fiets,Op Kruispunt,Gewestweg,binnen bebouwde kom,Tss. 2 best.: langs opzij (voor-/achterkant-flank),Geen hindernis
50387,19,Aalst 1,Aalst,50.93433,4.01471,0.6031787369480341,50.939736424030784,4.015412463757547,2024,10,8,41002,Aalst,Normaal,Droog,Dag,met lichtgewonden,9,personenauto,3,Fiets,Op Kruispunt,Gewestweg,binnen bebouwde kom,Tss. 2 best.: langs opzij (voor-/achterkant-flank),Geen hindernis
50387,11,Aalst 3,Aalst,50.93385,4.01647,0.6587220111163884,50.939736424030784,4.015412463757547,2024,10,8,41002,Aalst,Normaal,Droog,Dag,met lichtgewonden,9,personenauto,3,Fiets,Op Kruispunt,Gewestweg,binnen bebouwde kom,Tss. 2 best.: langs opzij (voor-/achterkant-flank),Geen hindernis
50418,125,Dendermonde totem,Dendermonde,51.0372706,4.1025998,0.7657322304001091,51.03040807357981,4.103510753710843,2024,9,11,42006,Dendermonde,Normaal,Droog,Dag,met zwaargewonden,9,personenauto,3,Fiets,Buiten Kruispunt,Gemeenteweg,binnen bebouwde kom,Tss. 2 best.: langs opzij (voor-/achterkant-flank),Geen hindernis
50418,122,Dendermonde teller 2,Dendermonde,51.0373918,4.1019222,0.7844594656555381,51.03040807357981,4.103510753710843,2024,9,11,42006,Dendermonde,Normaal,Droog,Dag,met zwaargewonden,9,personenauto,3,Fiets,Buiten Kruispunt,Gemeenteweg,binnen bebouwde kom,Tss. 2 best.: langs opzij (voor-/achterkant-flank),Geen hindernis
50421,122,Dendermonde teller 2,Dendermonde,51.0373918,4.1019222,0.998363904645987,51.03006196222796,4.093676735801955,2024,10,8,42006,Dendermonde,Normaal,Droog,Dag,met lichtgewonden,3,Fiets,99,onbekend,Op Kruispunt,Gemeenteweg,binnen bebouwde kom,Tussen 2 bestuurders: Flank tegen flank,Geen hindernis
50423,125,Dendermonde totem,Dendermonde,51.0372706,4.1025998,0.8047717110116567,51.03003846876685,4.103042426240915,2024,9,17,42006,Dendermonde,Normaal,"Nat, plassen",Dag,met lichtgewonden,9,personenauto,3,Fiets,Buiten Kruispunt,Gemeenteweg,binnen bebouwde kom,Tussen 2 bestuurders: Flank tegen flank,Geen hindernis
50423,122,Dendermonde teller 2,Dendermonde,51.0373918,4.1019222,0.8213968292329695,51.03003846876685,4.103042426240915,2024,9,17,42006,Dendermonde,Normaal,"Nat, plassen",Dag,met lichtgewonden,9,personenauto,3,Fiets,Buiten Kruispunt,Gemeenteweg,binnen bebouwde kom,Tussen 2 bestuurders: Flank tegen flank,Geen hindernis
50425,125,Dendermonde totem,Dendermonde,51.0372706,4.1025998,0.016533188250177907,51.037238225097234,4.102830581874966,2024,10,6,42006,Dendermonde,Normaal,"Vuil (zand, grint, bladeren,...)","Nacht, openbare verlichting aanwezig en ontstoken",met lichtgewonden,3,Fiets,10,"één bestuurder, geen hindernis",Buiten Kruispunt,Gewestweg,buiten bebouwde kom,"Eén bestuurder, geen hindernis (incl. val)",Geen hindernis
50425,122,Dendermonde teller 2,Dendermonde,51.0373918,4.1019222,0.06577050885762219,51.037238225097234,4.102830581874966,2024,10,6,42006,Dendermonde,Normaal,"Vuil (zand, grint, bladeren,...)","Nacht, openbare verlichting aanwezig en ontstoken",met lichtgewonden,3,Fiets,10,"één bestuurder, geen hindernis",Buiten Kruispunt,Gewestweg,buiten bebouwde kom,"Eén bestuurder, geen hindernis (incl. val)",Geen hindernis
50441,142,TEST Validatie BRUGGE Y2H22022134,Brugge,51.22632,3.24095,0.8421543415633221,51.230444500127575,3.2510935837742934,2024,10,15,31005,Brugge,Normaal,Droog,Dag,met lichtgewonden,8,Voetganger,3,Fiets,Buiten Kruispunt,Gewestweg,binnen bebouwde kom,Met een voetganger,Geen hindernis
50441,52,Brugge,Brugge,51.22632,3.24095,0.8421543415633221,51.230444500127575,3.2510935837742934,2024,10,15,31005,Brugge,Normaal,Droog,Dag,met lichtgewonden,8,Voetganger,3,Fiets,Buiten Kruispunt,Gewestweg,binnen bebouwde kom,Met een voetganger,Geen hindernis
50457,142,TEST Validatie BRUGGE Y2H22022134,Brugge,51.22632,3.24095,0.3495900964470501,51.2293559716457,3.2396456101248554,2024,9,16,31005,Brugge,Normaal,Droog,Dag,met lichtgewonden,9,personenauto,3,Fiets,Op Kruispunt,Gewestweg,binnen bebouwde kom,Tss. 2 best.: langs opzij (voor-/achterkant-flank),Geen hindernis
50457,52,Brugge,Brugge,51.22632,3.24095,0.3495900964470501,51.2293559716457,3.2396456101248554,2024,9,16,31005,Brugge,Normaal,Droog,Dag,met lichtgewonden,9,personenauto,3,Fiets,Op Kruispunt,Gewestweg,binnen bebouwde kom,Tss. 2 best.: langs opzij (voor-/achterkant-flank),Geen hindernis
50457,54,Brugge teller 2,Brugge,51.23015,3.22818,0.8032195904473481,51.2293559716457,3.2396456101248554,2024,9,16,31005,Brugge,Normaal,Droog,Dag,met lichtgewonden,9,personenauto,3,Fiets,Op Kruispunt,Gewestweg,binnen bebouwde kom,Tss. 2 best.: langs opzij (voor-/achterkant-flank),Geen hindernis
50457,53,Brugge teller 1,Brugge,51.23023,3.228,0.8166883025778949,51.2293559716457,3.2396456101248554,2024,9,16,31005,Brugge,Normaal,Droog,Dag,met lichtgewonden,9,personenauto,3,Fiets,Op Kruispunt,Gewestweg,binnen bebouwde kom,Tss. 2 best.: langs opzij (voor-/achterkant-flank),Geen hindernis
50494,15,Oostende 2,Oostende,51.21371,2.92743,0.9447054896685851,51.21966994424804,2.9177636835100675,2024,9,18,35013,Oostende,Normaal,"Nat, plassen",Dag,met lichtgewonden,3,Fiets,8,Voetganger,Buiten Kruispunt,Gemeenteweg,binnen bebouwde kom,Met een voetganger,Geen hindernis
50494,18,Oostende 1,Oostende,51.21378,2.92765,0.9503047302554031,51.21966994424804,2.9177636835100675,2024,9,18,35013,Oostende,Normaal,"Nat, plassen",Dag,met lichtgewonden,3,Fiets,8,Voetganger,Buiten Kruispunt,Gemeenteweg,binnen bebouwde kom,Met een voetganger,Geen hindernis
50496,18,Oostende 1,Oostende,51.21378,2.92765,0.2565277534758387,51.21578542172968,2.9294705991346848,2024,9,18,35013,Oostende,Normaal,Droog,Dag,met lichtgewonden,9,personenauto,3,Fiets,Op Kruispunt,Gewestweg,binnen bebouwde kom,Tss. 2 best.: langs opzij (voor-/achterkant-flank),Geen hindernis
50496,15,Oostende 2,Oostende,51.21371,2.92743,0.27103446337983095,51.21578542172968,2.9294705991346848,2024,9,18,35013,Oostende,Normaal,Droog,Dag,met lichtgewonden,9,personenauto,3,Fiets,Op Kruispunt,Gewestweg,binnen bebouwde kom,Tss. 2 best.: langs opzij (voor-/achterkant-flank),Geen hindernis
50497,15,Oostende 2,Oostende,51.21371,2.92743,0.9598182510679518,51.220456205693644,2.91883295803382,2024,9,13,35013,Oostende,Normaal,Droog,Dag,met lichtgewonden,6,Bromfiets,3,Fiets,Op Kruispunt,Gemeenteweg,binnen bebouwde kom,Tussen 2 bestuurders: Frontale botsing,Geen hindernis
50497,18,Oostende 1,Oostende,51.21378,2.92765,0.9634407855630303,51.220456205693644,2.91883295803382,2024,9,13,35013,Oostende,Normaal,Droog,Dag,met lichtgewonden,6,Bromfiets,3,Fiets,Op Kruispunt,Gemeenteweg,binnen bebouwde kom,Tussen 2 bestuurders: Frontale botsing,Geen hindernis
50539,59,Ardooie teller 1,Ardooie,50.96784,3.18479,0.586530801207695,50.970957575336776,3.1915466562947885,2024,8,16,37020,Ardooie,Onbekend,Onbekend,Onbekend,met lichtgewonden,9,personenauto,3,Fiets,Op Kruispunt,Gewestweg,buiten bebouwde kom,Tss. 2 best.: langs opzij (voor-/achterkant-flank),Geen hindernis
50539,60,Ardooie teller 2,Ardooie,50.96783,3.18411,0.6261903227637895,50.970957575336776,3.1915466562947885,2024,8,16,37020,Ardooie,Onbekend,Onbekend,Onbekend,met lichtgewonden,9,personenauto,3,Fiets,Op Kruispunt,Gewestweg,buiten bebouwde kom,Tss. 2 best.: langs opzij (voor-/achterkant-flank),Geen hindernis
50569,143,Eco Display Classic Budastraat,Kortrijk,50.83066,3.26286,0.3049838928749179,50.82827320597196,3.2649994287278803,2024,10,17,34022,Kortrijk,Normaal,Droog,Dag,met lichtgewonden,5,Lichte vrachtauto,3,Fiets,Buiten Kruispunt,Gemeenteweg,binnen bebouwde kom,Tussen 2 bestuurders: Flank tegen flank,Geen hindernis
50571,16,Kortrijk 1,Kortrijk,50.83332,3.27777,0.21992986884967486,50.83196761046923,3.275484848061427,2024,9,14,34022,Kortrijk,Normaal,Droog,Dag,met zwaargewonden,9,personenauto,3,Fiets,Op Kruispunt,Gewestweg,binnen bebouwde kom,Tss. 2 best.: langs opzij (voor-/achterkant-flank),Geen hindernis
50571,17,Kortrijk 2,Kortrijk,50.83339,3.27773,0.22333141006946597,50.83196761046923,3.275484848061427,2024,9,14,34022,Kortrijk,Normaal,Droog,Dag,met zwaargewonden,9,personenauto,3,Fiets,Op Kruispunt,Gewestweg,binnen bebouwde kom,Tss. 2 best.: langs opzij (voor-/achterkant-flank),Geen hindernis
50571,143,Eco Display Classic Budastraat,Kortrijk,50.83066,3.26286,0.8985027350749698,50.83196761046923,3.275484848061427,2024,9,14,34022,Kortrijk,Normaal,Droog,Dag,met zwaargewonden,9,personenauto,3,Fiets,Op Kruispunt,Gewestweg,binnen bebouwde kom,Tss. 2 best.: langs opzij (voor-/achterkant-flank),Geen hindernis
50572,75,Kortrijk teller 2,Kortrijk,50.81925,3.25731,0.6886442167665336,50.82368012390946,3.2641604247754223,2024,10,7,34022,Kortrijk,Normaal,Droog,Dageraad - schemering,met lichtgewonden,3,Fiets,8,Voetganger,Buiten Kruispunt,Gewestweg,binnen bebouwde kom,Met een voetganger,Geen hindernis
50572,74,Kortrijk teller 1,Kortrijk,50.81909,3.25728,0.7029288574697342,50.82368012390946,3.2641604247754223,2024,10,7,34022,Kortrijk,Normaal,Droog,Dageraad - schemering,met lichtgewonden,3,Fiets,8,Voetganger,Buiten Kruispunt,Gewestweg,binnen bebouwde kom,Met een voetganger,Geen hindernis
50572,143,Eco Display Classic Budastraat,Kortrijk,50.83066,3.26286,0.7814829374289175,50.82368012390946,3.2641604247754223,2024,10,7,34022,Kortrijk,Normaal,Droog,Dageraad - schemering,met lichtgewonden,3,Fiets,8,Voetganger,Buiten Kruispunt,Gewestweg,binnen bebouwde kom,Met een voetganger,Geen hindernis
50574,143,Eco Display Classic Budastraat,Kortrijk,50.83066,3.26286,0.5990105226072937,50.83511303763763,3.2676599816805108,2024,9,16,34022,Kortrijk,Onbekend,Onbekend,Dag,met lichtgewonden,9,personenauto,3,Fiets,Op Kruispunt,Gewestweg,onbekend,Tussen 2 bestuurders: Flank tegen flank,Geen hindernis
50574,17,Kortrijk 2,Kortrijk,50.83339,3.27773,0.7326803904622652,50.83511303763763,3.2676599816805108,2024,9,16,34022,Kortrijk,Onbekend,Onbekend,Dag,met lichtgewonden,9,personenauto,3,Fiets,Op Kruispunt,Gewestweg,onbekend,Tussen 2 bestuurders: Flank tegen flank,Geen hindernis
50574,16,Kortrijk 1,Kortrijk,50.83332,3.27777,0.7374587808703305,50.83511303763763,3.2676599816805108,2024,9,16,34022,Kortrijk,Onbekend,Onbekend,Dag,met lichtgewonden,9,personenauto,3,Fiets,Op Kruispunt,Gewestweg,onbekend,Tussen 2 bestuurders: Flank tegen flank,Geen hindernis
50576,143,Eco Display Classic Budastraat,Kortrijk,50.83066,3.26286,0.33366636359150065,50.82795784491663,3.264925913446927,2024,9,12,34022,Kortrijk,Regenval,"Nat, plassen",Dag,met lichtgewonden,9,personenauto,3,Fiets,Buiten Kruispunt,Gemeenteweg,binnen bebouwde kom,Tussen 2 bestuurders: Langs achteren,Geen hindernis
50578,143,Eco Display Classic Budastraat,Kortrijk,50.83066,3.26286,0.4709127805722722,50.826943733050655,3.2660753615853895,2024,9,18,34022,Kortrijk,Normaal,Droog,Dag,met lichtgewonden,3,Fiets,11,een weggebruiker tegen een hindernis,Buiten Kruispunt,Gewestweg,binnen bebouwde kom,Weggebruiker tegen hindernis buiten rijbaan,Andere hindernis
50581,143,Eco Display Classic Budastraat,Kortrijk,50.83066,3.26286,0.524929653504162,50.83085260884412,3.2553920199633444,2024,9,9,34022,Kortrijk,Normaal,"Nat, plassen",Dag,met lichtgewonden,6,Bromfiets,3,Fiets,Op Kruispunt,Gewestweg,binnen bebouwde kom,Tss. 2 best.: langs opzij (voor-/achterkant-flank),Geen hindernis
50582,143,Eco Display Classic Budastraat,Kortrijk,50.83066,3.26286,0.7415954655984284,50.83269807116517,3.252805718262376,2024,9,10,34022,Kortrijk,Normaal,Droog,Dag,met lichtgewonden,3,Fiets,5,Lichte vrachtauto,Buiten Kruispunt,Gemeenteweg,binnen bebouwde kom,Tss. 2 best.: langs opzij (voor-/achterkant-flank),Geen hindernis
50593,17,Kortrijk 2,Kortrijk,50.83339,3.27773,0.3390101494854034,50.83249393244534,3.2731159845674225,2024,10,19,34022,Kortrijk,Normaal,Droog,"Nacht, openbare verlichting aanwezig en ontstoken",met lichtgewonden,9,personenauto,3,Fiets,Buiten Kruispunt,Gewestweg,binnen bebouwde kom,Tss. 2 best.: langs opzij (voor-/achterkant-flank),Geen hindernis
50593,16,Kortrijk 1,Kortrijk,50.83332,3.27777,0.33950841530970166,50.83249393244534,3.2731159845674225,2024,10,19,34022,Kortrijk,Normaal,Droog,"Nacht, openbare verlichting aanwezig en ontstoken",met lichtgewonden,9,personenauto,3,Fiets,Buiten Kruispunt,Gewestweg,binnen bebouwde kom,Tss. 2 best.: langs opzij (voor-/achterkant-flank),Geen hindernis
50593,143,Eco Display Classic Budastraat,Kortrijk,50.83066,3.26286,0.7485981207473362,50.83249393244534,3.2731159845674225,2024,10,19,34022,Kortrijk,Normaal,Droog,"Nacht, openbare verlichting aanwezig en ontstoken",met lichtgewonden,9,personenauto,3,Fiets,Buiten Kruispunt,Gewestweg,binnen bebouwde kom,Tss. 2 best.: langs opzij (voor-/achterkant-flank),Geen hindernis
50594,143,Eco Display Classic Budastraat,Kortrijk,50.83066,3.26286,0.7851402820251794,50.8262947093293,3.27164638840381,2024,10,7,34022,Kortrijk,Normaal,"Nat, plassen","Nacht, geen openbare verlichting aanwezig",met lichtgewonden,9,personenauto,3,Fiets,Op Kruispunt,Gemeenteweg,binnen bebouwde kom,Tss. 2 best.: langs opzij (voor-/achterkant-flank),Geen hindernis
50594,16,Kortrijk 1,Kortrijk,50.83332,3.27777,0.8917447569600272,50.8262947093293,3.27164638840381,2024,10,7,34022,Kortrijk,Normaal,"Nat, plassen","Nacht, geen openbare verlichting aanwezig",met lichtgewonden,9,personenauto,3,Fiets,Op Kruispunt,Gemeenteweg,binnen bebouwde kom,Tss. 2 best.: langs opzij (voor-/achterkant-flank),Geen hindernis
50594,17,Kortrijk 2,Kortrijk,50.83339,3.27773,0.8972297444388404,50.8262947093293,3.27164638840381,2024,10,7,34022,Kortrijk,Normaal,"Nat, plassen","Nacht, geen openbare verlichting aanwezig",met lichtgewonden,9,personenauto,3,Fiets,Op Kruispunt,Gemeenteweg,binnen bebouwde kom,Tss. 2 best.: langs opzij (voor-/achterkant-flank),Geen hindernis
50595,74,Kortrijk teller 1,Kortrijk,50.81909,3.25728,0.878874488409592,50.814056222732276,3.2476351382673427,2024,10,7,34022,Kortrijk,Normaal,Droog,Dageraad - schemering,met lichtgewonden,9,personenauto,3,Fiets,Op Kruispunt,Gemeenteweg,binnen bebouwde kom,Tss. 2 best.: langs opzij (voor-/achterkant-flank),Geen hindernis
50595,75,Kortrijk teller 2,Kortrijk,50.81925,3.25731,0.8919150516297462,50.814056222732276,3.2476351382673427,2024,10,7,34022,Kortrijk,Normaal,Droog,Dageraad - schemering,met lichtgewonden,9,personenauto,3,Fiets,Op Kruispunt,Gemeenteweg,binnen bebouwde kom,Tss. 2 best.: langs opzij (voor-/achterkant-flank),Geen hindernis
50660,67,Ieper totem,Ieper,50.85018,2.85624,0.75366600191161,50.84893554419306,2.866792886210609,2024,10,7,33011,Ieper,Normaal,Droog,Dageraad - schemering,met lichtgewonden,9,personenauto,3,Fiets,Op Kruispunt,Gewestweg,binnen bebouwde kom,Tss. 2 best.: langs opzij (voor-/achterkant-flank),Geen hindernis
50660,68,Ieper,Ieper,50.85032,2.85608,0.7676789905874863,50.84893554419306,2.866792886210609,2024,10,7,33011,Ieper,Normaal,Droog,Dageraad - schemering,met lichtgewonden,9,personenauto,3,Fiets,Op Kruispunt,Gewestweg,binnen bebouwde kom,Tss. 2 best.: langs opzij (voor-/achterkant-flank),Geen hindernis
50662,41,Maasmechelen teller 1,Maasmechelen,50.97025,5.69799,0.9089866689095679,50.971884147534624,5.685270370233091,2024,10,11,73107,Maasmechelen,Normaal,Droog,Dag,met lichtgewonden,3,Fiets,9,personenauto,Op Kruispunt,Gemeenteweg,binnen bebouwde kom,Tss. 2 best.: langs opzij (voor-/achterkant-flank),Geen hindernis
50662,42,Maasmechelen teller 2,Maasmechelen,50.97043,5.6981,0.9127758003734562,50.971884147534624,5.685270370233091,2024,10,11,73107,Maasmechelen,Normaal,Droog,Dag,met lichtgewonden,3,Fiets,9,personenauto,Op Kruispunt,Gemeenteweg,binnen bebouwde kom,Tss. 2 best.: langs opzij (voor-/achterkant-flank),Geen hindernis
50680,124,Beveren teller 2,Beveren,51.1964712,4.2361077,0.8765215987643151,51.203795655903676,4.240757815065815,2024,9,16,46003,Beveren,Regenval,"Nat, plassen",Dag,met lichtgewonden,8,Voetganger,3,Fiets,Buiten Kruispunt,Gewestweg,binnen bebouwde kom,Met een voetganger,Geen hindernis
50684,124,Beveren teller 2,Beveren,51.1964712,4.2361077,0.07930366067578058,51.19718398622332,4.236069174084404,2024,9,16,46003,Beveren,Normaal,Droog,Dag,met lichtgewonden,3,Fiets,8,Voetganger,Buiten Kruispunt,Gemeenteweg,buiten bebouwde kom,Met een voetganger,Geen hindernis
50700,140,Hasselt ring,Hasselt,50.9300038,5.3438616,0.9937445167885169,50.92687511593857,5.3305797660342105,2024,10,7,71022,Hasselt,Normaal,Droog,Dag,met lichtgewonden,9,personenauto,3,Fiets,Op Kruispunt,Gemeenteweg,binnen bebouwde kom,Tussen 2 bestuurders: Langs achteren,Geen hindernis
50711,137,Hasselt-Kempische brug,Hasselt,50.9411605,5.3417576,0.5134661198342412,50.944596580526266,5.346653530633295,2024,10,9,71022,Hasselt,Normaal,Droog,Dag,met lichtgewonden,9,personenauto,3,Fiets,Op Kruispunt,Gemeenteweg,binnen bebouwde kom,Tss. 2 best.: langs opzij (voor-/achterkant-flank),Geen hindernis
50711,138,Hasselt-Kempische brug,Hasselt,50.9405318,5.3422472,0.5473566936695452,50.944596580526266,5.346653530633295,2024,10,9,71022,Hasselt,Normaal,Droog,Dag,met lichtgewonden,9,personenauto,3,Fiets,Op Kruispunt,Gemeenteweg,binnen bebouwde kom,Tss. 2 best.: langs opzij (voor-/achterkant-flank),Geen hindernis
50714,140,Hasselt ring,Hasselt,50.9300038,5.3438616,0.5462279831937555,50.93408347898421,5.3395199242924365,2024,10,8,71022,Hasselt,Normaal,Droog,Dag,met lichtgewonden,3,Fiets,99,onbekend,Op Kruispunt,Gewestweg,binnen bebouwde kom,Tussen 2 bestuurders: Frontale botsing,Geen hindernis
50714,138,Hasselt-Kempische brug,Hasselt,50.9405318,5.3422472,0.7420509590596059,50.93408347898421,5.3395199242924365,2024,10,8,71022,Hasselt,Normaal,Droog,Dag,met lichtgewonden,3,Fiets,99,onbekend,Op Kruispunt,Gewestweg,binnen bebouwde kom,Tussen 2 bestuurders: Frontale botsing,Geen hindernis
50714,137,Hasselt-Kempische brug,Hasselt,50.9411605,5.3417576,0.8023977938145469,50.93408347898421,5.3395199242924365,2024,10,8,71022,Hasselt,Normaal,Droog,Dag,met lichtgewonden,3,Fiets,99,onbekend,Op Kruispunt,Gewestweg,binnen bebouwde kom,Tussen 2 bestuurders: Frontale botsing,Geen hindernis
50715,140,Hasselt ring,Hasselt,50.9300038,5.3438616,0.7831784003056148,50.92367770297473,5.33894891550248,2024,10,8,71022,Hasselt,Normaal,Droog,Dag,met lichtgewonden,3,Fiets,3,Fiets,Buiten Kruispunt,Gemeenteweg,binnen bebouwde kom,Tussen 2 bestuurders: Frontale botsing,Geen hindernis
50718,137,Hasselt-Kempische brug,Hasselt,50.9411605,5.3417576,0.4997210118342649,50.94089323607312,5.334638090660114,2024,9,16,71022,Hasselt,Regenval,"Nat, plassen",Dageraad - schemering,met lichtgewonden,5,Lichte vrachtauto,3,Fiets,Buiten Kruispunt,Gemeenteweg,buiten bebouwde kom,Tss. 2 best.: langs opzij (voor-/achterkant-flank),Geen hindernis