crash_row_id,site_id,site_name,site_gemeente,site_lat,site_long,distance_km,crash_lat,crash_long,DT_YEAR_COLLISION,DT_MONTH_COLLISION,DT_TIME,CD_NIS,TX_MUNTY_COLLISION_NL,TX_WEATHER_NL,TX_ROAD_CONDITION_NL,TX_LIGHT_CONDITION_NL,TX_CLASS_ACCIDENTS_NL,CD_ROAD_USR_TYPE1,TX_ROAD_USR_TYPE1_NL,CD_ROAD_USR_TYPE2,TX_ROAD_USR_TYPE2_NL,TX_CROSSWAY_NL,CD_ROAD_TYPE_NL,TX_BUILD_UP_AREA_NL,TX_COLLISION_TYPE_NL,TX_OBSTACLES_NL
50718,138,Hasselt-Kempische brug,Hasselt,50.9405318,5.3422472,0.53465720430861,50.94089323607312,5.334638090660114,2024,9,16,71022,Hasselt,Regenval,"Nat, plassen",Dageraad - schemering,met lichtgewonden,5,Lichte vrachtauto,3,Fiets,Buiten Kruispunt,Gemeenteweg,buiten bebouwde kom,Tss. 2 best.: langs opzij (voor-/achterkant-flank),Geen hindernis
50722,140,Hasselt ring,Hasselt,50.9300038,5.3438616,0.48260347305488716,50.92730466659942,5.33846918723866,2024,9,7,71022,Hasselt,Normaal,Droog,Dageraad - schemering,met lichtgewonden,3,Fiets,5,Lichte vrachtauto,Op Kruispunt,Gewestweg,binnen bebouwde kom,Tss. 2 best.: langs opzij (voor-/achterkant-flank),Geen hindernis
50724,140,Hasselt ring,Hasselt,50.9300038,5.3438616,0.8010059782931624,50.9298805696687,5.332433856635653,2024,10,13,71022,Hasselt,Normaal,Droog,Dag,met lichtgewonden,3,Fiets,8,Voetganger,Op Kruispunt,Gewestweg,binnen bebouwde kom,Met een voetganger,Geen hindernis
50725,30,Herk De Stad,Herk-de-Stad,50.94374,5.17691,0.9338978441846724,50.939484257565255,5.165418886309512,2024,9,17,71024,Herk-de-Stad,Normaal,Droog,Dag,met lichtgewonden,9,personenauto,3,Fiets,Buiten Kruispunt,Gemeenteweg,binnen bebouwde kom,Tss. 2 best.: langs opzij (voor-/achterkant-flank),Geen hindernis
50725,31,Herk De Stad,Herk-de-Stad,50.94366,5.1775,0.9654537222024772,50.939484257565255,5.165418886309512,2024,9,17,71024,Herk-de-Stad,Normaal,Droog,Dag,met lichtgewonden,9,personenauto,3,Fiets,Buiten Kruispunt,Gemeenteweg,binnen bebouwde kom,Tss. 2 best.: langs opzij (voor-/achterkant-flank),Geen hindernis
50731,137,Hasselt-Kempische brug,Hasselt,50.9411605,5.3417576,0.7029750060421494,50.94427771945617,5.333028683907759,2024,10,8,71022,Hasselt,Normaal,"Nat, plassen",Dag,met lichtgewonden,3,Fiets,9,personenauto,Buiten Kruispunt,Gemeenteweg,buiten bebouwde kom,Tussen 2 bestuurders: Frontale botsing,Geen hindernis
50731,138,Hasselt-Kempische brug,Hasselt,50.9405318,5.3422472,0.7685470648197308,50.94427771945617,5.333028683907759,2024,10,8,71022,Hasselt,Normaal,"Nat, plassen",Dag,met lichtgewonden,3,Fiets,9,personenauto,Buiten Kruispunt,Gemeenteweg,buiten bebouwde kom,Tussen 2 bestuurders: Frontale botsing,Geen hindernis
50733,140,Hasselt ring,Hasselt,50.9300038,5.3438616,0.5799257684442094,50.92730964592366,5.336776522680311,2024,9,9,71022,Hasselt,Normaal,Droog,Dag,met lichtgewonden,3,Fiets,3,Fiets,Buiten Kruispunt,Gewestweg,binnen bebouwde kom,Tussen 2 bestuurders: Frontale botsing,Geen hindernis
50735,140,Hasselt ring,Hasselt,50.9300038,5.3438616,0.6783372812443715,50.934080117529916,5.336660229485836,2024,9,9,71022,Hasselt,Normaal,Droog,Dag,met lichtgewonden,8,Voetganger,3,Fiets,Buiten Kruispunt,Gewestweg,binnen bebouwde kom,Met een voetganger,Geen hindernis
50735,138,Hasselt-Kempische brug,Hasselt,50.9405318,5.3422472,0.8172625915477855,50.934080117529916,5.336660229485836,2024,9,9,71022,Hasselt,Normaal,Droog,Dag,met lichtgewonden,8,Voetganger,3,Fiets,Buiten Kruispunt,Gewestweg,binnen bebouwde kom,Met een voetganger,Geen hindernis
50735,137,Hasselt-Kempische brug,Hasselt,50.9411605,5.3417576,0.8645359548777498,50.934080117529916,5.336660229485836,2024,9,9,71022,Hasselt,Normaal,Droog,Dag,met lichtgewonden,8,Voetganger,3,Fiets,Buiten Kruispunt,Gewestweg,binnen bebouwde kom,Met een voetganger,Geen hindernis
50739,140,Hasselt ring,Hasselt,50.9300038,5.3438616,0.9540226642495084,50.92446911076457,5.333460573124303,2024,10,17,71022,Hasselt,Normaal,Droog,Dag,met lichtgewonden,3,Fiets,8,Voetganger,Buiten Kruispunt,Gewestweg,binnen bebouwde kom,Met een voetganger,Geen hindernis
50744,14,Genk,Genk,50.97172,5.48927,0.9622026327520107,50.96439752252345,5.496591832379939,2024,10,8,71016,Genk,Regenval,"Nat, plassen",Dag,met lichtgewonden,9,personenauto,3,Fiets,Op Kruispunt,Gemeenteweg,binnen bebouwde kom,Tss. 2 best.: langs opzij (voor-/achterkant-flank),Geen hindernis
50752,14,Genk,Genk,50.97172,5.48927,0.202922220805461,50.97334634943339,5.490584685871915,2024,10,17,71016,Genk,Normaal,Droog,Dag,met lichtgewonden,3,Fiets,10,"één bestuurder, geen hindernis",Buiten Kruispunt,Gewestweg,binnen bebouwde kom,"Eén bestuurder, geen hindernis (incl. val)",Geen hindernis
50774,48,As,As,51.00509,5.60389,0.3665003405194214,51.00542128857216,5.598678510196334,2024,9,16,71002,As,Normaal,Droog,Dag,met lichtgewonden,3,Fiets,9,personenauto,Buiten Kruispunt,Gewestweg,buiten bebouwde kom,Tss. 2 best.: langs opzij (voor-/achterkant-flank),Geen hindernis
50776,25,Bree,Bree,51.13679500160176,5.597669323604317,0.19957500441771062,51.13561321421115,5.599822151295424,2024,9,12,72004,Bree,Normaal,Droog,Dag,met lichtgewonden,3,Fiets,3,Fiets,Buiten Kruispunt,Gemeenteweg,buiten bebouwde kom,Tussen 2 bestuurders: Frontale botsing,Geen hindernis
50784,14,Genk,Genk,50.97172,5.48927,0.9950020553213841,50.962879244655596,5.487074016475812,2024,9,5,71016,Genk,Normaal,Droog,"Nacht, openb. verlicht. aanw., maar niet ontstoken",met lichtgewonden,3,Fiets,10,"één bestuurder, geen hindernis",Op Kruispunt,Gewestweg,binnen bebouwde kom,"Eén bestuurder, geen hindernis (incl. val)",Geen hindernis
50786,14,Genk,Genk,50.97172,5.48927,0.937014828412176,50.975011862300605,5.5015892483138975,2024,10,8,71016,Genk,Onbekend,"Nat, plassen",Dag,met lichtgewonden,9,personenauto,3,Fiets,Op Kruispunt,Gemeenteweg,buiten bebouwde kom,Tss. 2 best.: langs opzij (voor-/achterkant-flank),Geen hindernis
50797,23,Tienen 3,Tienen,50.81324,4.93447,0.44602157249306246,50.812337363147435,4.928284593086481,2024,9,12,24107,Tienen,Onbekend,Onbekend,Dag,met lichtgewonden,3,Fiets,5,Lichte vrachtauto,Op Kruispunt,Gewestweg,binnen bebouwde kom,Tss. 2 best.: langs opzij (voor-/achterkant-flank),Geen hindernis
50797,24,Tienen 1,Tienen,50.8133795491886,4.935044252605416,0.4888617529073353,50.812337363147435,4.928284593086481,2024,9,12,24107,Tienen,Onbekend,Onbekend,Dag,met lichtgewonden,3,Fiets,5,Lichte vrachtauto,Op Kruispunt,Gewestweg,binnen bebouwde kom,Tss. 2 best.: langs opzij (voor-/achterkant-flank),Geen hindernis
50797,22,Tienen 2,Tienen,50.81330800184882,4.935984252796022,0.5516332563614829,50.812337363147435,4.928284593086481,2024,9,12,24107,Tienen,Onbekend,Onbekend,Dag,met lichtgewonden,3,Fiets,5,Lichte vrachtauto,Op Kruispunt,Gewestweg,binnen bebouwde kom,Tss. 2 best.: langs opzij (voor-/achterkant-flank),Geen hindernis
50818,99,Mechelen teller 1,Mechelen,51.04564,4.46882,0.268167008068551,51.04394551370871,4.471549516205571,2024,9,14,12025,Mechelen,Regenval,"Nat, plassen",Dag,met lichtgewonden,9,personenauto,3,Fiets,Op Kruispunt,Gemeenteweg,buiten bebouwde kom,Tss. 2 best.: langs opzij (voor-/achterkant-flank),Geen hindernis
50818,100,Mechelen teller 2,Mechelen,51.0457,4.46883,0.27240747767488727,51.04394551370871,4.471549516205571,2024,9,14,12025,Mechelen,Regenval,"Nat, plassen",Dag,met lichtgewonden,9,personenauto,3,Fiets,Op Kruispunt,Gemeenteweg,buiten bebouwde kom,Tss. 2 best.: langs opzij (voor-/achterkant-flank),Geen hindernis
50826,99,Mechelen teller 1,Mechelen,51.04564,4.46882,0.8674019360302475,51.03829017985844,4.472977017620377,2024,9,12,12025,Mechelen,Normaal,Droog,Dag,met zwaargewonden,3,Fiets,2,Andere weggebruiker,Buiten Kruispunt,Gewestweg,binnen bebouwde kom,Tussen 2 bestuurders: Frontale botsing,Geen hindernis
50826,100,Mechelen teller 2,Mechelen,51.0457,4.46883,0.8734584590578255,51.03829017985844,4.472977017620377,2024,9,12,12025,Mechelen,Normaal,Droog,Dag,met zwaargewonden,3,Fiets,2,Andere weggebruiker,Buiten Kruispunt,Gewestweg,binnen bebouwde kom,Tussen 2 bestuurders: Frontale botsing,Geen hindernis
50834,99,Mechelen teller 1,Mechelen,51.04564,4.46882,0.2687810507177256,51.04336248795078,4.470108067822588,2024,10,19,12025,Mechelen,Normaal,"Nat, plassen","Nacht, openbare verlichting aanwezig en ontstoken",met lichtgewonden,9,personenauto,3,Fiets,Op Kruispunt,Gewestweg,binnen bebouwde kom,Tss. 2 best.: langs opzij (voor-/achterkant-flank),Geen hindernis
50834,100,Mechelen teller 2,Mechelen,51.0457,4.46883,0.27484817774449327,51.04336248795078,4.470108067822588,2024,10,19,12025,Mechelen,Normaal,"Nat, plassen","Nacht, openbare verlichting aanwezig en ontstoken",met lichtgewonden,9,personenauto,3,Fiets,Op Kruispunt,Gewestweg,binnen bebouwde kom,Tss. 2 best.: langs opzij (voor-/achterkant-flank),Geen hindernis
51006,88,Westerlo teller 1,Westerlo,51.082,4.91325,0.09000094064025192,51.08277093069886,4.9128575182116005,2024,11,16,13049,Westerlo,Normaal,Droog,Dageraad - schemering,met lichtgewonden,9,personenauto,3,Fiets,Op Kruispunt,Gewestweg,binnen bebouwde kom,Tss. 2 best.: langs opzij (voor-/achterkant-flank),Geen hindernis
51006,89,Westerlo teller 2,Westerlo,51.08191,4.91334,0.10149052371023531,51.08277093069886,4.9128575182116005,2024,11,16,13049,Westerlo,Normaal,Droog,Dageraad - schemering,met lichtgewonden,9,personenauto,3,Fiets,Op Kruispunt,Gewestweg,binnen bebouwde kom,Tss. 2 best.: langs opzij (voor-/achterkant-flank),Geen hindernis
51024,134,Retie,Dessel,51.2548405,5.1037658,0.46835670283421343,51.25786293694697,5.099078293562668,2024,11,12,13036,Retie,Normaal,Droog,Dag,met lichtgewonden,9,personenauto,3,Fiets,Op Kruispunt,Gewestweg,buiten bebouwde kom,Tss. 2 best.: langs opzij (voor-/achterkant-flank),Geen hindernis
51024,135,Retie 2,Dessel,51.2544998,5.1040064,0.5074071623799312,51.25786293694697,5.099078293562668,2024,11,12,13036,Retie,Normaal,Droog,Dag,met lichtgewonden,9,personenauto,3,Fiets,Op Kruispunt,Gewestweg,buiten bebouwde kom,Tss. 2 best.: langs opzij (voor-/achterkant-flank),Geen hindernis
51036,94,Herentals teller 2,Herentals,51.17345,4.81283,0.7698869321649982,51.175280749806106,4.823480464936756,2024,11,15,13011,Herentals,Normaal,Droog,Dag,met lichtgewonden,9,personenauto,3,Fiets,Buiten Kruispunt,Gewestweg,binnen bebouwde kom,Tss. 2 best.: langs opzij (voor-/achterkant-flank),Geen hindernis
51036,110,Herentals totem,Herentals,51.1739426,4.811783,0.8289357605880566,51.175280749806106,4.823480464936756,2024,11,15,13011,Herentals,Normaal,Droog,Dag,met lichtgewonden,9,personenauto,3,Fiets,Buiten Kruispunt,Gewestweg,binnen bebouwde kom,Tss. 2 best.: langs opzij (voor-/achterkant-flank),Geen hindernis
51063,77,Leuven teller 2,Leuven,50.88672,4.70796,0.8794764224634328,50.87933177220923,4.703484882945329,2024,11,2,24062,Leuven,Normaal,Droog,"Nacht, openbare verlichting aanwezig en ontstoken",met lichtgewonden,3,Fiets,10,"één bestuurder, geen hindernis",Buiten Kruispunt,Gemeenteweg,binnen bebouwde kom,"Eén bestuurder, geen hindernis (incl. val)",Geen hindernis
51063,69,Leuven teller 1,Leuven,50.87549,4.71526,0.9300735021639485,50.87933177220923,4.703484882945329,2024,11,2,24062,Leuven,Normaal,Droog,"Nacht, openbare verlichting aanwezig en ontstoken",met lichtgewonden,3,Fiets,10,"één bestuurder, geen hindernis",Buiten Kruispunt,Gemeenteweg,binnen bebouwde kom,"Eén bestuurder, geen hindernis (incl. val)",Geen hindernis
51063,107,leuven totem,Leuven,50.8870744,4.7087919,0.9379924829200361,50.87933177220923,4.703484882945329,2024,11,2,24062,Leuven,Normaal,Droog,"Nacht, openbare verlichting aanwezig en ontstoken",met lichtgewonden,3,Fiets,10,"één bestuurder, geen hindernis",Buiten Kruispunt,Gemeenteweg,binnen bebouwde kom,"Eén bestuurder, geen hindernis (incl. val)",Geen hindernis
51066,69,Leuven teller 1,Leuven,50.87549,4.71526,0.19948084505591107,50.87726725514898,4.715647248820389,2024,11,12,24062,Leuven,Normaal,Droog,Dag,met lichtgewonden,3,Fiets,3,Fiets,Buiten Kruispunt,Gewestweg,binnen bebouwde kom,Tussen 2 bestuurders: Langs achteren,Geen hindernis
51068,151,Leuven,District Leuven,50.8690262,4.6854839,0.8598149931787987,50.86811993260229,4.697651850064575,2024,11,16,24062,Leuven,Normaal,Onbekend,Dag,met lichtgewonden,3,Fiets,3,Fiets,Buiten Kruispunt,Gemeenteweg,binnen bebouwde kom,Tussen 2 bestuurders: Frontale botsing,Geen hindernis
51069,77,Leuven teller 2,Leuven,50.88672,4.70796,0.20345243427332027,50.88807207981566,4.706005892939751,2024,11,12,24062,Leuven,Normaal,Droog,Dag,met lichtgewonden,5,Lichte vrachtauto,3,Fiets,Op Kruispunt,Gemeenteweg,binnen bebouwde kom,Tss. 2 best.: langs opzij (voor-/achterkant-flank),Geen hindernis
51069,107,leuven totem,Leuven,50.8870744,4.7087919,0.22472102076858988,50.88807207981566,4.706005892939751,2024,11,12,24062,Leuven,Normaal,Droog,Dag,met lichtgewonden,5,Lichte vrachtauto,3,Fiets,Op Kruispunt,Gemeenteweg,binnen bebouwde kom,Tss. 2 best.: langs opzij (voor-/achterkant-flank),Geen hindernis
51071,77,Leuven teller 2,Leuven,50.88672,4.70796,0.5182334179243021,50.88924075141286,4.701745955002479,2024,11,6,24062,Leuven,Regenval,Proper,"Nacht, geen openbare verlichting aanwezig",met lichtgewonden,3,Fiets,6,Bromfiets,Op Kruispunt,Gewestweg,binnen bebouwde kom,Tussen 2 bestuurders: Frontale botsing,Geen hindernis
51071,107,leuven totem,Leuven,50.8870744,4.7087919,0.5498210272660923,50.88924075141286,4.701745955002479,2024,11,6,24062,Leuven,Regenval,Proper,"Nacht, geen openbare verlichting aanwezig",met lichtgewonden,3,Fiets,6,Bromfiets,Op Kruispunt,Gewestweg,binnen bebouwde kom,Tussen 2 bestuurders: Frontale botsing,Geen hindernis
51072,77,Leuven teller 2,Leuven,50.88672,4.70796,0.9070603636049444,50.879531654709744,4.701847734518773,2024,11,12,24062,Leuven,Onbekend,Onbekend,Dag,met lichtgewonden,3,Fiets,8,Voetganger,Op Kruispunt,Gemeenteweg,binnen bebouwde kom,Met een voetganger,Geen hindernis
51072,107,leuven totem,Leuven,50.8870744,4.7087919,0.9699291531125329,50.879531654709744,4.701847734518773,2024,11,12,24062,Leuven,Onbekend,Onbekend,Dag,met lichtgewonden,3,Fiets,8,Voetganger,Op Kruispunt,Gemeenteweg,binnen bebouwde kom,Met een voetganger,Geen hindernis
51073,151,Leuven,District Leuven,50.8690262,4.6854839,0.39845821615996524,50.86668130027175,4.681190397544983,2024,11,11,24062,Leuven,Onbekend,"Nat, plassen",Dag,met lichtgewonden,3,Fiets,3,Fiets,Buiten Kruispunt,Gemeenteweg,binnen bebouwde kom,Tussen 2 bestuurders: Flank tegen flank,Geen hindernis
51074,69,Leuven teller 1,Leuven,50.87549,4.71526,0.6479611507747065,50.87409129003562,4.706295269570558,2024,11,16,24062,Leuven,Normaal,Droog,Dag,met lichtgewonden,3,Fiets,8,Voetganger,Buiten Kruispunt,Gemeenteweg,binnen bebouwde kom,Met een voetganger,Geen hindernis
51076,151,Leuven,District Leuven,50.8690262,4.6854839,0.9007676043346731,50.877066192707076,4.6839139908593905,2024,11,15,24062,Leuven,Normaal,Droog,Dag,met lichtgewonden,9,personenauto,3,Fiets,Op Kruispunt,Gewestweg,binnen bebouwde kom,Tss. 2 best.: langs opzij (voor-/achterkant-flank),Geen hindernis
51077,107,leuven totem,Leuven,50.8870744,4.7087919,0.7644459353930922,50.88581589609751,4.719505310005399,2024,11,18,24062,Leuven,Normaal,Droog,"Nacht, openbare verlichting aanwezig en ontstoken",met lichtgewonden,3,Fiets,9,personenauto,Op Kruispunt,Gemeenteweg,binnen bebouwde kom,Tussen 2 bestuurders: Frontale botsing,Geen hindernis
51077,77,Leuven teller 2,Leuven,50.88672,4.70796,0.8161033542498423,50.88581589609751,4.719505310005399,2024,11,18,24062,Leuven,Normaal,Droog,"Nacht, openbare verlichting aanwezig en ontstoken",met lichtgewonden,3,Fiets,9,personenauto,Op Kruispunt,Gemeenteweg,binnen bebouwde kom,Tussen 2 bestuurders: Frontale botsing,Geen hindernis
51078,107,leuven totem,Leuven,50.8870744,4.7087919,0.3247359927188866,50.889739625893164,4.706899301098839,2024,11,0,24062,Leuven,Mist (zichtbaarheid minder dan 100m),Proper,"Nacht, openbare verlichting aanwezig en ontstoken",met lichtgewonden,8,Voetganger,3,Fiets,Buiten Kruispunt,Gewestweg,binnen bebouwde kom,Met een voetganger,Geen hindernis
51078,77,Leuven teller 2,Leuven,50.88672,4.70796,0.3439119128906049,50.889739625893164,4.706899301098839,2024,11,0,24062,Leuven,Mist (zichtbaarheid minder dan 100m),Proper,"Nacht, openbare verlichting aanwezig en ontstoken",met lichtgewonden,8,Voetganger,3,Fiets,Buiten Kruispunt,Gewestweg,binnen bebouwde kom,Met een voetganger,Geen hindernis
51102,102,Diest teller 2,Diest,50.9779,5.04474,0.03570501181061949,50.9776529281271,5.044414262265492,2024,11,13,24020,Diest,Onbekend,Droog,Dag,met lichtgewonden,9,personenauto,3,Fiets,Buiten Kruispunt,Gewestweg,binnen bebouwde kom,Tss. 2 best.: langs opzij (voor-/achterkant-flank),Geen hindernis
51102,101,Diest teller 1,Diest,50.97799,5.04481,0.046609190551570354,50.9776529281271,5.044414262265492,2024,11,13,24020,Diest,Onbekend,Droog,Dag,met lichtgewonden,9,personenauto,3,Fiets,Buiten Kruispunt,Gewestweg,binnen bebouwde kom,Tss. 2 best.: langs opzij (voor-/achterkant-flank),Geen hindernis
51105,111,Zaventem totem,Zaventem,50.8871216,4.4597084,0.18138236560655402,50.88729234745807,4.4622799337513595,2024,11,9,23094,Zaventem,Normaal,"Nat, plassen",Dag,met lichtgewonden,9,personenauto,3,Fiets,Buiten Kruispunt,Gemeenteweg,binnen bebouwde kom,Tussen 2 bestuurders: Frontale botsing,Geen hindernis
51146,13,Gent,Gent,51.03018,3.70146,0.4144424359848435,51.03245946407412,3.696771031048829,2024,11,15,44021,Gent,Normaal,Droog,Dag,met lichtgewonden,3,Fiets,3,Fiets,Op Kruispunt,Gemeenteweg,buiten bebouwde kom,Tussen 2 bestuurders: Flank tegen flank,Geen hindernis
51172,119,Gent teller 2,Gent,51.0281795,3.7683918,0.8961626215727317,51.02187973062171,3.776383437899275,2024,11,16,44040,Melle,Normaal,"Nat, plassen",Dageraad - schemering,met lichtgewonden,3,Fiets,9,personenauto,Buiten Kruispunt,Gewestweg,binnen bebouwde kom,Tss. 2 best.: langs opzij (voor-/achterkant-flank),Geen hindernis
51172,118,Gent teller 1,Gent,51.028049,3.7681359,0.896279155186396,51.02187973062171,3.776383437899275,2024,11,16,44040,Melle,Normaal,"Nat, plassen",Dageraad - schemering,met lichtgewonden,3,Fiets,9,personenauto,Buiten Kruispunt,Gewestweg,binnen bebouwde kom,Tss. 2 best.: langs opzij (voor-/achterkant-flank),Geen hindernis
51176,116,Melle teller 2,Melle,50.9986113,3.8040599,0.6451592077306118,51.000149052822806,3.795170164944126,2024,11,8,44040,Melle,Normaal,Droog,Dag,met lichtgewonden,3,Fiets,9,personenauto,Buiten Kruispunt,Gemeenteweg,binnen bebouwde kom,Tussen 2 bestuurders: Langs achteren,Geen hindernis
51176,117,Melle teller 1,Melle,50.9986113,3.8040599,0.6451592077306118,51.000149052822806,3.795170164944126,2024,11,8,44040,Melle,Normaal,Droog,Dag,met lichtgewonden,3,Fiets,9,personenauto,Buiten Kruispunt,Gemeenteweg,binnen bebouwde kom,Tussen 2 bestuurders: Langs achteren,Geen hindernis
51180,7,Evergem 1,Evergem,51.1089,3.70317,0.39538359851538113,51.10800390246855,3.7086506305217735,2024,11,12,44019,Evergem,Onbekend,Onbekend,Dag,met lichtgewonden,3,Fiets,5,Lichte vrachtauto,Buiten Kruispunt,Gemeenteweg,binnen bebouwde kom,Tss. 2 best.: langs opzij (voor-/achterkant-flank),Geen hindernis
51180,6,Evergem 2,Evergem,51.10894,3.70298,0.40934190698509937,51.10800390246855,3.7086506305217735,2024,11,12,44019,Evergem,Onbekend,Onbekend,Dag,met lichtgewonden,3,Fiets,5,Lichte vrachtauto,Buiten Kruispunt,Gemeenteweg,binnen bebouwde kom,Tss. 2 best.: langs opzij (voor-/achterkant-flank),Geen hindernis
51182,7,Evergem 1,Evergem,51.1089,3.70317,0.7870564468209655,51.110856471516065,3.714004804874284,2024,11,17,44019,Evergem,Normaal,Droog,"Nacht, openbare verlichting aanwezig en ontstoken",met lichtgewonden,99,onbekend,3,Fiets,Buiten Kruispunt,Gemeenteweg,binnen bebouwde kom,Tussen 2 bestuurders: Frontale botsing,Geen hindernis
51182,6,Evergem 2,Evergem,51.10894,3.70298,0.7986135850931758,51.110856471516065,3.714004804874284,2024,11,17,44019,Evergem,Normaal,Droog,"Nacht, openbare verlichting aanwezig en ontstoken",met lichtgewonden,99,onbekend,3,Fiets,Buiten Kruispunt,Gemeenteweg,binnen bebouwde kom,Tussen 2 bestuurders: Frontale botsing,Geen hindernis
51218,126,Hamme totem,Hamme,51.1017709,4.1469307,0.6241913156588774,51.09615905704646,4.147147051973852,2024,11,10,42008,Hamme,Normaal,"Nat, plassen",Dag,dodelijk gewonden,9,personenauto,3,Fiets,Op Kruispunt,Gemeenteweg,binnen bebouwde kom,Tss. 2 best.: langs opzij (voor-/achterkant-flank),Geen hindernis
51221,126,Hamme totem,Hamme,51.1017709,4.1469307,0.772403999985253,51.09520889691947,4.143302080879712,2024,11,16,42008,Hamme,Normaal,Droog,Dag,met lichtgewonden,3,Fiets,9,personenauto,Op Kruispunt,Gewestweg,binnen bebouwde kom,Tss. 2 best.: langs opzij (voor-/achterkant-flank),Geen hindernis
51243,122,Dendermonde teller 2,Dendermonde,51.0373918,4.1019222,0.17021670808405298,51.03890568313719,4.102283077754509,2024,11,8,42006,Dendermonde,Onbekend,Onbekend,Dageraad - schemering,met lichtgewonden,3,Fiets,3,Fiets,Buiten Kruispunt,Gewestweg,buiten bebouwde kom,Tss. 2 best.: langs opzij (voor-/achterkant-flank),Geen hindernis
51243,125,Dendermonde totem,Dendermonde,51.0372706,4.1025998,0.18315664382173333,51.03890568313719,4.102283077754509,2024,11,8,42006,Dendermonde,Onbekend,Onbekend,Dageraad - schemering,met lichtgewonden,3,Fiets,3,Fiets,Buiten Kruispunt,Gewestweg,buiten bebouwde kom,Tss. 2 best.: langs opzij (voor-/achterkant-flank),Geen hindernis
51252,50,"Brugge, Sint-Andries",Brugge,51.19291,3.16252,0.657339188392043,51.19511537981838,3.1712721107097983,2024,11,8,31005,Brugge,Normaal,"Nat, plassen+Vuil (zand, grint, bladeren,...)",Dag,met zwaargewonden,3,Fiets,3,Fiets,Buiten Kruispunt,Gewestweg,buiten bebouwde kom,Tussen 2 bestuurders: Langs achteren,Geen hindernis
51252,51,"Brugge, Sint-Andries",Brugge,51.19281,3.16252,0.6615684844741305,51.19511537981838,3.1712721107097983,2024,11,8,31005,Brugge,Normaal,"Nat, plassen+Vuil (zand, grint, bladeren,...)",Dag,met zwaargewonden,3,Fiets,3,Fiets,Buiten Kruispunt,Gewestweg,buiten bebouwde kom,Tussen 2 bestuurders: Langs achteren,Geen hindernis
51265,59,Ardooie teller 1,Ardooie,50.96784,3.18479,0.594345792288169,50.97092102951663,3.1917258287533694,2024,11,21,37020,Ardooie,Normaal,Droog,"Nacht, openbare verlichting aanwezig en ontstoken",met lichtgewonden,3,Fiets,3,Fiets,Buiten Kruispunt,Gewestweg,buiten bebouwde kom,Tussen 2 bestuurders: Frontale botsing,Geen hindernis
51265,60,Ardooie teller 2,Ardooie,50.96783,3.18411,0.6344514694087563,50.97092102951663,3.1917258287533694,2024,11,21,37020,Ardooie,Normaal,Droog,"Nacht, openbare verlichting aanwezig en ontstoken",met lichtgewonden,3,Fiets,3,Fiets,Buiten Kruispunt,Gewestweg,buiten bebouwde kom,Tussen 2 bestuurders: Frontale botsing,Geen hindernis
51269,15,Oostende 2,Oostende,51.21371,2.92743,0.8571584875384063,51.21620965608177,2.9157887563074976,2024,11,17,35013,Oostende,Normaal,Droog,"Nacht, openbare verlichting aanwezig en ontstoken",met lichtgewonden,9,personenauto,3,Fiets,Op Kruispunt,Gemeenteweg,binnen bebouwde kom,Tss. 2 best.: langs opzij (voor-/achterkant-flank),Geen hindernis
51269,18,Oostende 1,Oostende,51.21378,2.92765,0.8692169412558703,51.21620965608177,2.9157887563074976,2024,11,17,35013,Oostende,Normaal,Droog,"Nacht, openbare verlichting aanwezig en ontstoken",met lichtgewonden,9,personenauto,3,Fiets,Op Kruispunt,Gemeenteweg,binnen bebouwde kom,Tss. 2 best.: langs opzij (voor-/achterkant-flank),Geen hindernis
51271,15,Oostende 2,Oostende,51.21371,2.92743,0.9446023628932955,51.219668668439816,2.9177637564512513,2024,11,9,35013,Oostende,Normaal,"Nat, plassen",Dag,met lichtgewonden,9,personenauto,3,Fiets,Op Kruispunt,Gemeenteweg,binnen bebouwde kom,Tss. 2 best.: langs opzij (voor-/achterkant-flank),Geen hindernis
51271,18,Oostende 1,Oostende,51.21378,2.92765,0.950203291640732,51.219668668439816,2.9177637564512513,2024,11,9,35013,Oostende,Normaal,"Nat, plassen",Dag,met lichtgewonden,9,personenauto,3,Fiets,Op Kruispunt,Gemeenteweg,binnen bebouwde kom,Tss. 2 best.: langs opzij (voor-/achterkant-flank),Geen hindernis
51291,143,Eco Display Classic Budastraat,Kortrijk,50.83066,3.26286,0.788412685888514,50.82653860147605,3.271994155257331,2024,11,8,34022,Kortrijk,Normaal,Droog,Dag,met lichtgewonden,3,Fiets,1,Autobus,Op Kruispunt,Gewestweg,binnen bebouwde kom,Tss. 2 best.: langs opzij (voor-/achterkant-flank),Geen hindernis