crash_row_id,site_id,site_name,site_gemeente,site_lat,site_long,distance_km,crash_lat,crash_long,DT_YEAR_COLLISION,DT_MONTH_COLLISION,DT_TIME,CD_NIS,TX_MUNTY_COLLISION_NL,TX_WEATHER_NL,TX_ROAD_CONDITION_NL,TX_LIGHT_CONDITION_NL,TX_CLASS_ACCIDENTS_NL,CD_ROAD_USR_TYPE1,TX_ROAD_USR_TYPE1_NL,CD_ROAD_USR_TYPE2,TX_ROAD_USR_TYPE2_NL,TX_CROSSWAY_NL,CD_ROAD_TYPE_NL,TX_BUILD_UP_AREA_NL,TX_COLLISION_TYPE_NL,TX_OBSTACLES_NL
51291,16,Kortrijk 1,Kortrijk,50.83332,3.27777,0.8562476529719717,50.82653860147605,3.271994155257331,2024,11,8,34022,Kortrijk,Normaal,Droog,Dag,met lichtgewonden,3,Fiets,1,Autobus,Op Kruispunt,Gewestweg,binnen bebouwde kom,Tss. 2 best.: langs opzij (voor-/achterkant-flank),Geen hindernis
51291,17,Kortrijk 2,Kortrijk,50.83339,3.27773,0.8617932734061173,50.82653860147605,3.271994155257331,2024,11,8,34022,Kortrijk,Normaal,Droog,Dag,met lichtgewonden,3,Fiets,1,Autobus,Op Kruispunt,Gewestweg,binnen bebouwde kom,Tss. 2 best.: langs opzij (voor-/achterkant-flank),Geen hindernis
51295,16,Kortrijk 1,Kortrijk,50.83332,3.27777,0.820388440387706,50.82991635654101,3.288134002401152,2024,11,10,34022,Kortrijk,Normaal,Droog,Dag,met lichtgewonden,9,personenauto,3,Fiets,Op Kruispunt,Gemeenteweg,binnen bebouwde kom,Tss. 2 best.: langs opzij (voor-/achterkant-flank),Geen hindernis
51295,17,Kortrijk 2,Kortrijk,50.83339,3.27773,0.8264902434751203,50.82991635654101,3.288134002401152,2024,11,10,34022,Kortrijk,Normaal,Droog,Dag,met lichtgewonden,9,personenauto,3,Fiets,Op Kruispunt,Gemeenteweg,binnen bebouwde kom,Tss. 2 best.: langs opzij (voor-/achterkant-flank),Geen hindernis
51297,16,Kortrijk 1,Kortrijk,50.83332,3.27777,0.5479844246387603,50.82864163113417,3.275317512120146,2024,11,8,34022,Kortrijk,Normaal,"Nat, plassen",Dag,met zwaargewonden,3,Fiets,3,Fiets,Buiten Kruispunt,Gemeenteweg,binnen bebouwde kom,Tussen 2 bestuurders: Frontale botsing,Geen hindernis
51297,17,Kortrijk 2,Kortrijk,50.83339,3.27773,0.5545140964022487,50.82864163113417,3.275317512120146,2024,11,8,34022,Kortrijk,Normaal,"Nat, plassen",Dag,met zwaargewonden,3,Fiets,3,Fiets,Buiten Kruispunt,Gemeenteweg,binnen bebouwde kom,Tussen 2 bestuurders: Frontale botsing,Geen hindernis
51297,143,Eco Display Classic Budastraat,Kortrijk,50.83066,3.26286,0.9032652949493879,50.82864163113417,3.275317512120146,2024,11,8,34022,Kortrijk,Normaal,"Nat, plassen",Dag,met zwaargewonden,3,Fiets,3,Fiets,Buiten Kruispunt,Gemeenteweg,binnen bebouwde kom,Tussen 2 bestuurders: Frontale botsing,Geen hindernis
51298,143,Eco Display Classic Budastraat,Kortrijk,50.83066,3.26286,0.5078857787824135,50.82612028399075,3.262063244850042,2024,11,16,34022,Kortrijk,Normaal,Droog,Dageraad - schemering,met lichtgewonden,9,personenauto,3,Fiets,Buiten Kruispunt,Gemeenteweg,binnen bebouwde kom,Tussen 2 bestuurders: Langs achteren,Geen hindernis
51298,75,Kortrijk teller 2,Kortrijk,50.81925,3.25731,0.833718751871381,50.82612028399075,3.262063244850042,2024,11,16,34022,Kortrijk,Normaal,Droog,Dageraad - schemering,met lichtgewonden,9,personenauto,3,Fiets,Buiten Kruispunt,Gemeenteweg,binnen bebouwde kom,Tussen 2 bestuurders: Langs achteren,Geen hindernis
51298,74,Kortrijk teller 1,Kortrijk,50.81909,3.25728,0.8508809341816823,50.82612028399075,3.262063244850042,2024,11,16,34022,Kortrijk,Normaal,Droog,Dageraad - schemering,met lichtgewonden,9,personenauto,3,Fiets,Buiten Kruispunt,Gemeenteweg,binnen bebouwde kom,Tussen 2 bestuurders: Langs achteren,Geen hindernis
51319,62,Wervik teller 1,Wervik,50.8058,3.09154,0.9931281285261204,50.80996845357492,3.0790400543279968,2024,11,12,33029,Wervik,Normaal,Droog,Dag,met lichtgewonden,3,Fiets,9,personenauto,Buiten Kruispunt,Gewestweg,binnen bebouwde kom,Tss. 2 best.: langs opzij (voor-/achterkant-flank),Geen hindernis
51324,62,Wervik teller 1,Wervik,50.8058,3.09154,0.6602197454301991,50.80857364150311,3.08323240076635,2024,11,10,33029,Wervik,Normaal,Droog,Dag,met lichtgewonden,9,personenauto,3,Fiets,Op Kruispunt,Gewestweg,binnen bebouwde kom,Tussen 2 bestuurders: Flank tegen flank,Geen hindernis
51324,61,Wervik teller 2,Wervik,50.80555,3.0921,0.7080267419853398,50.80857364150311,3.08323240076635,2024,11,10,33029,Wervik,Normaal,Droog,Dag,met lichtgewonden,9,personenauto,3,Fiets,Op Kruispunt,Gewestweg,binnen bebouwde kom,Tussen 2 bestuurders: Flank tegen flank,Geen hindernis
51342,140,Hasselt ring,Hasselt,50.9300038,5.3438616,0.9127599754327821,50.92197091655749,5.346542095332658,2024,11,16,71022,Hasselt,Normaal,Droog,Dag,met lichtgewonden,5,Lichte vrachtauto,3,Fiets,Buiten Kruispunt,Gemeenteweg,binnen bebouwde kom,Tussen 2 bestuurders: Frontale botsing,Geen hindernis
51343,140,Hasselt ring,Hasselt,50.9300038,5.3438616,0.7295164143235618,50.93272307216104,5.334388195203842,2024,11,17,71022,Hasselt,Regenval,Onbekend,"Nacht, openbare verlichting aanwezig en ontstoken",met lichtgewonden,3,Fiets,9,personenauto,Op Kruispunt,Gewestweg,binnen bebouwde kom,Tss. 2 best.: langs opzij (voor-/achterkant-flank),Geen hindernis
51344,137,Hasselt-Kempische brug,Hasselt,50.9411605,5.3417576,0.8932268914870837,50.948724457669314,5.346050303877951,2024,11,12,71022,Hasselt,Normaal,Droog,Dag,met lichtgewonden,9,personenauto,3,Fiets,Buiten Kruispunt,Gewestweg,buiten bebouwde kom,Tussen 2 bestuurders: Frontale botsing,Geen hindernis
51344,138,Hasselt-Kempische brug,Hasselt,50.9405318,5.3422472,0.9491484485645953,50.948724457669314,5.346050303877951,2024,11,12,71022,Hasselt,Normaal,Droog,Dag,met lichtgewonden,9,personenauto,3,Fiets,Buiten Kruispunt,Gewestweg,buiten bebouwde kom,Tussen 2 bestuurders: Frontale botsing,Geen hindernis
51345,140,Hasselt ring,Hasselt,50.9300038,5.3438616,0.48245015688412396,50.92730663199287,5.338469504729665,2024,11,16,71022,Hasselt,Normaal,Droog,Dageraad - schemering,met lichtgewonden,5,Lichte vrachtauto,3,Fiets,Op Kruispunt,Gewestweg,binnen bebouwde kom,Tss. 2 best.: langs opzij (voor-/achterkant-flank),Geen hindernis
51348,140,Hasselt ring,Hasselt,50.9300038,5.3438616,0.6325536241889302,50.92727802694425,5.3359396119632185,2024,11,16,71022,Hasselt,Normaal,Droog,Dag,met lichtgewonden,3,Fiets,9,personenauto,Op Kruispunt,Gewestweg,binnen bebouwde kom,Tss. 2 best.: langs opzij (voor-/achterkant-flank),Geen hindernis
51349,140,Hasselt ring,Hasselt,50.9300038,5.3438616,0.6803648445094101,50.92476105572831,5.338856662391198,2024,11,9,71022,Hasselt,Normaal,Droog,Dag,met lichtgewonden,9,personenauto,3,Fiets,Op Kruispunt,Gewestweg,binnen bebouwde kom,Tss. 2 best.: langs opzij (voor-/achterkant-flank),Geen hindernis
51350,140,Hasselt ring,Hasselt,50.9300038,5.3438616,0.7657434172973464,50.923612826458026,5.347931027521066,2024,11,12,71022,Hasselt,Normaal,Droog,Dag,met lichtgewonden,9,personenauto,3,Fiets,Op Kruispunt,Gemeenteweg,binnen bebouwde kom,Tussen 2 bestuurders: Frontale botsing,Geen hindernis
51360,14,Genk,Genk,50.97172,5.48927,0.9598894444258111,50.96411432302428,5.482786000676591,2024,11,18,71016,Genk,Normaal,"Nat, plassen","Nacht, openbare verlichting aanwezig en ontstoken",met lichtgewonden,3,Fiets,6,Bromfiets,Op Kruispunt,Gewestweg,buiten bebouwde kom,Tussen 2 bestuurders: Frontale botsing,Geen hindernis
51361,21,Bilzen,Bilzen,50.86015,5.50161,0.9798578767988547,50.85314188106133,5.493147309297943,2024,11,8,73032,Hoeselt,Regenval,"Nat, plassen",Dag,met lichtgewonden,5,Lichte vrachtauto,3,Fiets,Buiten Kruispunt,Gemeenteweg,binnen bebouwde kom,Tss. 2 best.: langs opzij (voor-/achterkant-flank),Geen hindernis
51362,14,Genk,Genk,50.97172,5.48927,0.9533952636711247,50.97984700773189,5.4936097793708525,2024,11,7,71016,Genk,Regenval,"Nat, plassen","Nacht, openbare verlichting aanwezig en ontstoken",met lichtgewonden,3,Fiets,3,Fiets,Op Kruispunt,Gewestweg,buiten bebouwde kom,Tussen 2 bestuurders: Frontale botsing,Geen hindernis
51377,99,Mechelen teller 1,Mechelen,51.04564,4.46882,0.9754486990672572,51.03715614306742,4.472369037613502,2024,11,17,12025,Mechelen,Normaal,Droog,"Nacht, openbare verlichting aanwezig en ontstoken",met lichtgewonden,9,personenauto,3,Fiets,Buiten Kruispunt,Gemeenteweg,binnen bebouwde kom,Tss. 2 best.: langs opzij (voor-/achterkant-flank),Geen hindernis
51377,100,Mechelen teller 2,Mechelen,51.0457,4.46883,0.9817259151155735,51.03715614306742,4.472369037613502,2024,11,17,12025,Mechelen,Normaal,Droog,"Nacht, openbare verlichting aanwezig en ontstoken",met lichtgewonden,9,personenauto,3,Fiets,Buiten Kruispunt,Gemeenteweg,binnen bebouwde kom,Tss. 2 best.: langs opzij (voor-/achterkant-flank),Geen hindernis
51518,133,Gierde Lille Totem,Lille,51.2453915,4.8297416,0.8018247170602816,51.24770058364671,4.818828495132617,2024,12,18,13019,Lille,Normaal,Droog,"Nacht, openb. verlicht. aanw., maar niet ontstoken",met lichtgewonden,9,personenauto,3,Fiets,Buiten Kruispunt,Gewestweg,buiten bebouwde kom,Tss. 2 best.: langs opzij (voor-/achterkant-flank),Geen hindernis
51518,132,Gierde lille,Lille,51.245445,4.8298851,0.8094298866451777,51.24770058364671,4.818828495132617,2024,12,18,13019,Lille,Normaal,Droog,"Nacht, openb. verlicht. aanw., maar niet ontstoken",met lichtgewonden,9,personenauto,3,Fiets,Buiten Kruispunt,Gewestweg,buiten bebouwde kom,Tss. 2 best.: langs opzij (voor-/achterkant-flank),Geen hindernis
51544,107,leuven totem,Leuven,50.8870744,4.7087919,0.8586306904848028,50.892075141677076,4.718119232270492,2024,12,16,24062,Leuven,Normaal,Droog,Dageraad - schemering,met lichtgewonden,3,Fiets,8,Voetganger,Op Kruispunt,Gemeenteweg,binnen bebouwde kom,Met een voetganger,Geen hindernis
51544,77,Leuven teller 2,Leuven,50.88672,4.70796,0.9286488710238262,50.892075141677076,4.718119232270492,2024,12,16,24062,Leuven,Normaal,Droog,Dageraad - schemering,met lichtgewonden,3,Fiets,8,Voetganger,Op Kruispunt,Gemeenteweg,binnen bebouwde kom,Met een voetganger,Geen hindernis
51545,107,leuven totem,Leuven,50.8870744,4.7087919,0.8554554394281072,50.8920341122893,4.718114981178063,2024,11,7,24062,Leuven,Normaal,Droog,Dageraad - schemering,met lichtgewonden,3,Fiets,3,Fiets,Buiten Kruispunt,Gemeenteweg,binnen bebouwde kom,Tussen 2 bestuurders: Langs achteren,Geen hindernis
51545,77,Leuven teller 2,Leuven,50.88672,4.70796,0.9255008182529432,50.8920341122893,4.718114981178063,2024,11,7,24062,Leuven,Normaal,Droog,Dageraad - schemering,met lichtgewonden,3,Fiets,3,Fiets,Buiten Kruispunt,Gemeenteweg,binnen bebouwde kom,Tussen 2 bestuurders: Langs achteren,Geen hindernis
51548,107,leuven totem,Leuven,50.8870744,4.7087919,0.6151902362893164,50.88282674798705,4.714410907074366,2024,12,17,24062,Leuven,Normaal,Onbekend,"Nacht, openbare verlichting aanwezig en ontstoken",met lichtgewonden,3,Fiets,10,"één bestuurder, geen hindernis",Buiten Kruispunt,Gemeenteweg,binnen bebouwde kom,"Eén bestuurder, geen hindernis (incl. val)",Geen hindernis
51548,77,Leuven teller 2,Leuven,50.88672,4.70796,0.6262591484681335,50.88282674798705,4.714410907074366,2024,12,17,24062,Leuven,Normaal,Onbekend,"Nacht, openbare verlichting aanwezig en ontstoken",met lichtgewonden,3,Fiets,10,"één bestuurder, geen hindernis",Buiten Kruispunt,Gemeenteweg,binnen bebouwde kom,"Eén bestuurder, geen hindernis (incl. val)",Geen hindernis
51548,69,Leuven teller 1,Leuven,50.87549,4.71526,0.8179812802506363,50.88282674798705,4.714410907074366,2024,12,17,24062,Leuven,Normaal,Onbekend,"Nacht, openbare verlichting aanwezig en ontstoken",met lichtgewonden,3,Fiets,10,"één bestuurder, geen hindernis",Buiten Kruispunt,Gemeenteweg,binnen bebouwde kom,"Eén bestuurder, geen hindernis (incl. val)",Geen hindernis
51551,69,Leuven teller 1,Leuven,50.87549,4.71526,0.6255778910890276,50.88072503730329,4.71199435956401,2024,12,14,24062,Leuven,Normaal,Droog,Dag,met lichtgewonden,3,Fiets,8,Voetganger,Buiten Kruispunt,Gemeenteweg,binnen bebouwde kom,Met een voetganger,Geen hindernis
51551,77,Leuven teller 2,Leuven,50.88672,4.70796,0.7242020492817661,50.88072503730329,4.71199435956401,2024,12,14,24062,Leuven,Normaal,Droog,Dag,met lichtgewonden,3,Fiets,8,Voetganger,Buiten Kruispunt,Gemeenteweg,binnen bebouwde kom,Met een voetganger,Geen hindernis
51551,107,leuven totem,Leuven,50.8870744,4.7087919,0.7408993269008264,50.88072503730329,4.71199435956401,2024,12,14,24062,Leuven,Normaal,Droog,Dag,met lichtgewonden,3,Fiets,8,Voetganger,Buiten Kruispunt,Gemeenteweg,binnen bebouwde kom,Met een voetganger,Geen hindernis
51553,69,Leuven teller 1,Leuven,50.87549,4.71526,0.859432292158825,50.87115173028735,4.725396807262024,2024,12,22,24062,Leuven,Onbekend,Onbekend,Onbekend,met lichtgewonden,3,Fiets,9,personenauto,Buiten Kruispunt,Gewestweg,onbekend,Tss. 2 best.: langs opzij (voor-/achterkant-flank),Geen hindernis
51554,69,Leuven teller 1,Leuven,50.87549,4.71526,0.7308853172589648,50.869861214867186,4.709881160648892,2024,12,12,24062,Leuven,Normaal,"Nat, plassen",Dag,met lichtgewonden,5,Lichte vrachtauto,3,Fiets,Op Kruispunt,Gewestweg,binnen bebouwde kom,Tss. 2 best.: langs opzij (voor-/achterkant-flank),Geen hindernis
51564,101,Diest teller 1,Diest,50.97799,5.04481,0.8087815954647914,50.979788595674506,5.056003754418409,2024,12,9,24020,Diest,Normaal,Onbekend,Dag,met zwaargewonden,9,personenauto,3,Fiets,Buiten Kruispunt,Gewestweg,binnen bebouwde kom,Tss. 2 best.: langs opzij (voor-/achterkant-flank),Geen hindernis
51564,102,Diest teller 2,Diest,50.9779,5.04474,0.81604954421848,50.979788595674506,5.056003754418409,2024,12,9,24020,Diest,Normaal,Onbekend,Dag,met zwaargewonden,9,personenauto,3,Fiets,Buiten Kruispunt,Gewestweg,binnen bebouwde kom,Tss. 2 best.: langs opzij (voor-/achterkant-flank),Geen hindernis
51567,12,Tervuren,Kraainem,50.81896,4.47803,0.9520218494305072,50.82166265291711,4.4908893908054255,2024,12,8,23099,Kraainem,Regenval,"Nat, plassen",Dageraad - schemering,met lichtgewonden,3,Fiets,5,Lichte vrachtauto,Buiten Kruispunt,Gemeenteweg,binnen bebouwde kom,Tussen 2 bestuurders: Langs achteren,Geen hindernis
51568,26,Zaventem,Zaventem,50.86995,4.45444,0.6288637872053785,50.864612258285256,4.457401459032068,2024,12,14,23099,Kraainem,Normaal,Droog,Dag,met lichtgewonden,9,personenauto,3,Fiets,Op Kruispunt,Gemeenteweg,binnen bebouwde kom,Tss. 2 best.: langs opzij (voor-/achterkant-flank),Geen hindernis
51617,136,Gent R4,Gent,51.0876313,3.7587918,0.20741498980610706,51.08948482447936,3.7584582466340843,2024,12,12,44021,Gent,Normaal,Droog,Dag,met lichtgewonden,3,Fiets,9,personenauto,Op Kruispunt,Gemeenteweg,buiten bebouwde kom,Tss. 2 best.: langs opzij (voor-/achterkant-flank),Geen hindernis
51635,118,Gent teller 1,Gent,51.028049,3.7681359,0.4912179326500553,51.024669454522225,3.7726592461091286,2024,12,8,44040,Melle,Normaal,Droog,Dageraad - schemering,met lichtgewonden,4,Vrachtwagen,3,Fiets,Op Kruispunt,Gewestweg,buiten bebouwde kom,Tss. 2 best.: langs opzij (voor-/achterkant-flank),Geen hindernis
51635,119,Gent teller 2,Gent,51.0281795,3.7683918,0.4913331630814672,51.024669454522225,3.7726592461091286,2024,12,8,44040,Melle,Normaal,Droog,Dageraad - schemering,met lichtgewonden,4,Vrachtwagen,3,Fiets,Op Kruispunt,Gewestweg,buiten bebouwde kom,Tss. 2 best.: langs opzij (voor-/achterkant-flank),Geen hindernis
51641,6,Evergem 2,Evergem,51.10894,3.70298,0.2962236408985413,51.11159610571524,3.702653512047151,2024,12,15,44019,Evergem,Regenval,"Nat, plassen",Dag,met lichtgewonden,3,Fiets,8,Voetganger,Op Kruispunt,Gemeenteweg,binnen bebouwde kom,Met een voetganger,Geen hindernis
51641,7,Evergem 1,Evergem,51.1089,3.70317,0.3019537658905868,51.11159610571524,3.702653512047151,2024,12,15,44019,Evergem,Regenval,"Nat, plassen",Dag,met lichtgewonden,3,Fiets,8,Voetganger,Op Kruispunt,Gemeenteweg,binnen bebouwde kom,Met een voetganger,Geen hindernis
51664,120,Zele teller 1,Zele,51.0607671,4.0547741,0.4549773318868732,51.06485719824791,4.054591409429678,2024,12,15,42028,Zele,Onbekend,Onbekend,Dag,met lichtgewonden,3,Fiets,3,Fiets,Buiten Kruispunt,Gemeenteweg,onbekend,Tussen 2 bestuurders: Flank tegen flank,Geen hindernis
51664,121,Zele teller 2,Zele,51.0604067,4.0556696,0.5005759378344201,51.06485719824791,4.054591409429678,2024,12,15,42028,Zele,Onbekend,Onbekend,Dag,met lichtgewonden,3,Fiets,3,Fiets,Buiten Kruispunt,Gemeenteweg,onbekend,Tussen 2 bestuurders: Flank tegen flank,Geen hindernis
51673,152,Opwijk,District Vilvoorde-gewestwegen,50.968901168564656,4.149169474840164,0.8356885785660109,50.976020445765144,4.145345200270101,2024,12,16,42011,Lebbeke,Normaal,Droog,Dageraad - schemering,met lichtgewonden,3,Fiets,9,personenauto,Op Kruispunt,Gewestweg,binnen bebouwde kom,Tss. 2 best.: langs opzij (voor-/achterkant-flank),Geen hindernis
51689,125,Dendermonde totem,Dendermonde,51.0372706,4.1025998,0.8051932966703761,51.03426158676322,4.113073922745243,2024,12,11,42006,Dendermonde,Normaal,"Nat, plassen",Dag,met lichtgewonden,3,Fiets,8,Voetganger,Buiten Kruispunt,Gewestweg,binnen bebouwde kom,Met een voetganger,Geen vermelding van de aanwezigheid van een hindernis
51689,122,Dendermonde teller 2,Dendermonde,51.0373918,4.1019222,0.8539205508936735,51.03426158676322,4.113073922745243,2024,12,11,42006,Dendermonde,Normaal,"Nat, plassen",Dag,met lichtgewonden,3,Fiets,8,Voetganger,Buiten Kruispunt,Gewestweg,binnen bebouwde kom,Met een voetganger,Geen vermelding van de aanwezigheid van een hindernis
51691,125,Dendermonde totem,Dendermonde,51.0372706,4.1025998,0.7872147988538672,51.03067166066185,4.106677188969503,2024,12,18,42006,Dendermonde,Normaal,Droog,"Nacht, openbare verlichting aanwezig en ontstoken",met lichtgewonden,3,Fiets,3,Fiets,Buiten Kruispunt,Gewestweg,binnen bebouwde kom,Tussen 2 bestuurders: Flank tegen flank,Geen hindernis
51691,122,Dendermonde teller 2,Dendermonde,51.0373918,4.1019222,0.8178813176425482,51.03067166066185,4.106677188969503,2024,12,18,42006,Dendermonde,Normaal,Droog,"Nacht, openbare verlichting aanwezig en ontstoken",met lichtgewonden,3,Fiets,3,Fiets,Buiten Kruispunt,Gewestweg,binnen bebouwde kom,Tussen 2 bestuurders: Flank tegen flank,Geen hindernis
51693,125,Dendermonde totem,Dendermonde,51.0372706,4.1025998,0.9883387042776031,51.02849050325445,4.100400711459327,2024,12,14,42006,Dendermonde,Normaal,"Nat, plassen",Dag,met lichtgewonden,9,personenauto,3,Fiets,Buiten Kruispunt,Gemeenteweg,binnen bebouwde kom,Tss. 2 best.: langs opzij (voor-/achterkant-flank),Geen hindernis
51693,122,Dendermonde teller 2,Dendermonde,51.0373918,4.1019222,0.9954808979657284,51.02849050325445,4.100400711459327,2024,12,14,42006,Dendermonde,Normaal,"Nat, plassen",Dag,met lichtgewonden,9,personenauto,3,Fiets,Buiten Kruispunt,Gemeenteweg,binnen bebouwde kom,Tss. 2 best.: langs opzij (voor-/achterkant-flank),Geen hindernis
51694,54,Brugge teller 2,Brugge,51.23015,3.22818,0.7129972187383699,51.22376869233547,3.2271771305413597,2024,12,19,31005,Brugge,Normaal,Droog+Proper,"Nacht, openbare verlichting aanwezig en ontstoken",met lichtgewonden,9,personenauto,3,Fiets,Op Kruispunt,Gewestweg,binnen bebouwde kom,Tss. 2 best.: langs opzij (voor-/achterkant-flank),Geen hindernis
51694,53,Brugge teller 1,Brugge,51.23023,3.228,0.7207459414337841,51.22376869233547,3.2271771305413597,2024,12,19,31005,Brugge,Normaal,Droog+Proper,"Nacht, openbare verlichting aanwezig en ontstoken",met lichtgewonden,9,personenauto,3,Fiets,Op Kruispunt,Gewestweg,binnen bebouwde kom,Tss. 2 best.: langs opzij (voor-/achterkant-flank),Geen hindernis
51712,15,Oostende 2,Oostende,51.21371,2.92743,0.8616316526112133,51.213515168178,2.915063845099617,2024,12,17,35013,Oostende,Normaal,Droog,"Nacht, openbare verlichting aanwezig en ontstoken",met lichtgewonden,3,Fiets,3,Fiets,Op Kruispunt,Gemeenteweg,binnen bebouwde kom,Tussen 2 bestuurders: Frontale botsing,Geen hindernis
51712,18,Oostende 1,Oostende,51.21378,2.92765,0.8771770348133096,51.213515168178,2.915063845099617,2024,12,17,35013,Oostende,Normaal,Droog,"Nacht, openbare verlichting aanwezig en ontstoken",met lichtgewonden,3,Fiets,3,Fiets,Op Kruispunt,Gemeenteweg,binnen bebouwde kom,Tussen 2 bestuurders: Frontale botsing,Geen hindernis
51715,66,Nieuwpoort totem,Nieuwpoort,51.1347,2.74369,0.36934195764616734,51.13362776622027,2.748699966747125,2024,12,7,38016,Nieuwpoort,Onbekend,Onbekend,Onbekend,met lichtgewonden,3,Fiets,3,Fiets,Buiten Kruispunt,Gemeenteweg,onbekend,Tussen 2 bestuurders: Frontale botsing,Geen hindernis
51715,63,Nieuwpoort teller 3,Nieuwpoort,51.13529,2.74289,0.44553419077216905,51.13362776622027,2.748699966747125,2024,12,7,38016,Nieuwpoort,Onbekend,Onbekend,Onbekend,met lichtgewonden,3,Fiets,3,Fiets,Buiten Kruispunt,Gemeenteweg,onbekend,Tussen 2 bestuurders: Frontale botsing,Geen hindernis
51715,65,Nieuwpoort teller 2,Nieuwpoort,51.13435,2.75511,0.4544126165813724,51.13362776622027,2.748699966747125,2024,12,7,38016,Nieuwpoort,Onbekend,Onbekend,Onbekend,met lichtgewonden,3,Fiets,3,Fiets,Buiten Kruispunt,Gemeenteweg,onbekend,Tussen 2 bestuurders: Frontale botsing,Geen hindernis
51715,64,Nieuwpoort teller 1,Nieuwpoort,51.13359,2.75737,0.6049707657767777,51.13362776622027,2.748699966747125,2024,12,7,38016,Nieuwpoort,Onbekend,Onbekend,Onbekend,met lichtgewonden,3,Fiets,3,Fiets,Buiten Kruispunt,Gemeenteweg,onbekend,Tussen 2 bestuurders: Frontale botsing,Geen hindernis
51718,84,Roeselare totem,Izegem,50.91717,3.18772,0.7139440068830906,50.921143415044064,3.195720247276939,2024,11,14,36008,Izegem,Regenval,"Nat, plassen",Dag,met lichtgewonden,3,Fiets,9,personenauto,Op Kruispunt,Gemeenteweg,binnen bebouwde kom,Tss. 2 best.: langs opzij (voor-/achterkant-flank),Geen hindernis
51728,143,Eco Display Classic Budastraat,Kortrijk,50.83066,3.26286,0.9290672965803493,50.82481261050074,3.272308487731311,2024,12,8,34022,Kortrijk,Normaal,Droog,Dag,met lichtgewonden,9,personenauto,3,Fiets,Op Kruispunt,Gewestweg,binnen bebouwde kom,Tussen 2 bestuurders: Flank tegen flank,Geen hindernis
51732,143,Eco Display Classic Budastraat,Kortrijk,50.83066,3.26286,0.3900712883949907,50.8334209558231,3.266286336226116,2024,12,16,34022,Kortrijk,Onbekend,Onbekend,Onbekend,met lichtgewonden,3,Fiets,6,Bromfiets,Buiten Kruispunt,Gemeenteweg,onbekend,Tussen 2 bestuurders: Flank tegen flank,Geen hindernis
51732,17,Kortrijk 2,Kortrijk,50.83339,3.27773,0.8036752775180056,50.8334209558231,3.266286336226116,2024,12,16,34022,Kortrijk,Onbekend,Onbekend,Onbekend,met lichtgewonden,3,Fiets,6,Bromfiets,Buiten Kruispunt,Gemeenteweg,onbekend,Tussen 2 bestuurders: Flank tegen flank,Geen hindernis
51732,16,Kortrijk 1,Kortrijk,50.83332,3.27777,0.8065557638123196,50.8334209558231,3.266286336226116,2024,12,16,34022,Kortrijk,Onbekend,Onbekend,Onbekend,met lichtgewonden,3,Fiets,6,Bromfiets,Buiten Kruispunt,Gemeenteweg,onbekend,Tussen 2 bestuurders: Flank tegen flank,Geen hindernis
51765,22,Tienen 2,Tienen,50.81330800184882,4.935984252796022,0.5659702550551003,50.80837292525852,4.937955827693303,2024,12,10,24107,Tienen,Normaal,Droog,Dag,met lichtgewonden,99,onbekend,3,Fiets,Op Kruispunt,Gemeenteweg,binnen bebouwde kom,Tussen 2 bestuurders: Flank tegen flank,Geen hindernis
51765,24,Tienen 1,Tienen,50.8133795491886,4.935044252605416,0.5931084204545332,50.80837292525852,4.937955827693303,2024,12,10,24107,Tienen,Normaal,Droog,Dag,met lichtgewonden,99,onbekend,3,Fiets,Op Kruispunt,Gemeenteweg,binnen bebouwde kom,Tussen 2 bestuurders: Flank tegen flank,Geen hindernis
51765,23,Tienen 3,Tienen,50.81324,4.93447,0.5940351093462294,50.80837292525852,4.937955827693303,2024,12,10,24107,Tienen,Normaal,Droog,Dag,met lichtgewonden,99,onbekend,3,Fiets,Op Kruispunt,Gemeenteweg,binnen bebouwde kom,Tussen 2 bestuurders: Flank tegen flank,Geen hindernis
51766,113,Deinze teller 2,Deinze,50.96018,3.55578,0.9305250047702605,50.96607486258445,3.5463490977417886,2024,12,13,44083,Deinze,Normaal,"Vuil (zand, grint, bladeren,...)",Dag,met lichtgewonden,8,Voetganger,3,Fiets,Buiten Kruispunt,Gewestweg,buiten bebouwde kom,Met een voetganger,Geen hindernis
51766,114,Deinze teller 1,Nazareth,50.9598305,3.555502,0.9449861508371707,50.96607486258445,3.5463490977417886,2024,12,13,44083,Deinze,Normaal,"Vuil (zand, grint, bladeren,...)",Dag,met lichtgewonden,8,Voetganger,3,Fiets,Buiten Kruispunt,Gewestweg,buiten bebouwde kom,Met een voetganger,Geen hindernis
51769,99,Mechelen teller 1,Mechelen,51.04564,4.46882,0.6073960222167558,51.04032136716562,4.470800421697685,2024,12,8,12025,Mechelen,Onbekend,Onbekend,Onbekend,met lichtgewonden,9,personenauto,3,Fiets,Buiten Kruispunt,Gemeenteweg,binnen bebouwde kom,Tss. 2 best.: langs opzij (voor-/achterkant-flank),Geen hindernis
51769,100,Mechelen teller 2,Mechelen,51.0457,4.46883,0.613736633915969,51.04032136716562,4.470800421697685,2024,12,8,12025,Mechelen,Onbekend,Onbekend,Onbekend,met lichtgewonden,9,personenauto,3,Fiets,Buiten Kruispunt,Gemeenteweg,binnen bebouwde kom,Tss. 2 best.: langs opzij (voor-/achterkant-flank),Geen hindernis